College Code,College Name,City,Institute Type,Status,University,Home University,Branch Code,Branch Name,Seat Category,Closing Rank,Closing Percentile,Stage,Academic Year,CAP Round,PDF Page Number
03012,"Veermata Jijabai Technological Institute(Vjti), Matunga, Mumbai",Mumbai,Government-Aided,Autonomous,Mumbai University,Autonomous Institute,0301219110,Civil Engineering,GOPENS,5245,98.4709161,Stage I,2025-26,1,1
03012,"Veermata Jijabai Technological Institute(Vjti), Matunga, Mumbai",Mumbai,Government-Aided,Autonomous,Mumbai University,Autonomous Institute,0301219110,Civil Engineering,GSCS,16503,95.2509653,Stage I,2025-26,1,1
03012,"Veermata Jijabai Technological Institute(Vjti), Matunga, Mumbai",Mumbai,Government-Aided,Autonomous,Mumbai University,Autonomous Institute,0301219110,Civil Engineering,GSTS,41581,87.6831328,Stage I,2025-26,1,1
03012,"Veermata Jijabai Technological Institute(Vjti), Matunga, Mumbai",Mumbai,Government-Aided,Autonomous,Mumbai University,Autonomous Institute,0301219110,Civil Engineering,GVJS,7082,97.9640927,Stage I,2025-26,1,1
03012,"Veermata Jijabai Technological Institute(Vjti), Matunga, Mumbai",Mumbai,Government-Aided,Autonomous,Mumbai University,Autonomous Institute,0301219110,Civil Engineering,GNT2S,6625,98.0868006,Stage I,2025-26,1,1
03012,"Veermata Jijabai Technological Institute(Vjti), Matunga, Mumbai",Mumbai,Government-Aided,Autonomous,Mumbai University,Autonomous Institute,0301219110,Civil Engineering,GOBCS,6294,98.1869508,Stage I,2025-26,1,1
03012,"Veermata Jijabai Technological Institute(Vjti), Matunga, Mumbai",Mumbai,Government-Aided,Autonomous,Mumbai University,Autonomous Institute,0301219110,Civil Engineering,GSEBCS,7043,97.9718787,Stage I,2025-26,1,1
03012,"Veermata Jijabai Technological Institute(Vjti), Matunga, Mumbai",Mumbai,Government-Aided,Autonomous,Mumbai University,Autonomous Institute,0301219110,Civil Engineering,LOPENS,8000,97.7150819,Stage I,2025-26,1,1
03012,"Veermata Jijabai Technological Institute(Vjti), Matunga, Mumbai",Mumbai,Government-Aided,Autonomous,Mumbai University,Autonomous Institute,0301219110,Civil Engineering,LSCS,23694,93.1048951,Stage I,2025-26,1,1
03012,"Veermata Jijabai Technological Institute(Vjti), Matunga, Mumbai",Mumbai,Government-Aided,Autonomous,Mumbai University,Autonomous Institute,0301219110,Civil Engineering,LSTS,12982,96.308175,Stage I,2025-26,1,1
03012,"Veermata Jijabai Technological Institute(Vjti), Matunga, Mumbai",Mumbai,Government-Aided,Autonomous,Mumbai University,Autonomous Institute,0301219110,Civil Engineering,LVJS,34231,89.9712654,Stage I,2025-26,1,1
03012,"Veermata Jijabai Technological Institute(Vjti), Matunga, Mumbai",Mumbai,Government-Aided,Autonomous,Mumbai University,Autonomous Institute,0301219110,Civil Engineering,LNT1S,15920,95.4087502,Stage I,2025-26,1,1
03012,"Veermata Jijabai Technological Institute(Vjti), Matunga, Mumbai",Mumbai,Government-Aided,Autonomous,Mumbai University,Autonomous Institute,0301219110,Civil Engineering,LNT2S,13545,96.139486,Stage I,2025-26,1,1
03012,"Veermata Jijabai Technological Institute(Vjti), Matunga, Mumbai",Mumbai,Government-Aided,Autonomous,Mumbai University,Autonomous Institute,0301219110,Civil Engineering,LNT3S,20579,94.0166833,Stage I,2025-26,1,1
03012,"Veermata Jijabai Technological Institute(Vjti), Matunga, Mumbai",Mumbai,Government-Aided,Autonomous,Mumbai University,Autonomous Institute,0301219110,Civil Engineering,LOBCS,11502,96.684051,Stage I,2025-26,1,1
03012,"Veermata Jijabai Technological Institute(Vjti), Matunga, Mumbai",Mumbai,Government-Aided,Autonomous,Mumbai University,Autonomous Institute,0301219110,Civil Engineering,LSEBCS,9812,97.1954276,Stage I,2025-26,1,1
03012,"Veermata Jijabai Technological Institute(Vjti), Matunga, Mumbai",Mumbai,Government-Aided,Autonomous,Mumbai University,Autonomous Institute,0301219110,Civil Engineering,PWDOPENS,60252,81.7705077,Stage I,2025-26,1,1
03012,"Veermata Jijabai Technological Institute(Vjti), Matunga, Mumbai",Mumbai,Government-Aided,Autonomous,Mumbai University,Autonomous Institute,0301219110,Civil Engineering,PWDOBCS,85659,73.1347962,Stage I,2025-26,1,1
03012,"Veermata Jijabai Technological Institute(Vjti), Matunga, Mumbai",Mumbai,Government-Aided,Autonomous,Mumbai University,Autonomous Institute,0301219110,Civil Engineering,DEFOPENS,8957,97.4161284,Stage I,2025-26,1,1
03012,"Veermata Jijabai Technological Institute(Vjti), Matunga, Mumbai",Mumbai,Government-Aided,Autonomous,Mumbai University,Autonomous Institute,0301219110,Civil Engineering,DEFOBCS,30889,90.9306237,Stage I,2025-26,1,1
03012,"Veermata Jijabai Technological Institute(Vjti), Matunga, Mumbai",Mumbai,Government-Aided,Autonomous,Mumbai University,Autonomous Institute,0301219110,Civil Engineering,TFWS,5136,98.4934988,Stage I,2025-26,1,1
03012,"Veermata Jijabai Technological Institute(Vjti), Matunga, Mumbai",Mumbai,Government-Aided,Autonomous,Mumbai University,Autonomous Institute,0301219110,Civil Engineering,PWDROBCS,79612,75.210728,Stage I,2025-26,1,1
03012,"Veermata Jijabai Technological Institute(Vjti), Matunga, Mumbai",Mumbai,Government-Aided,Autonomous,Mumbai University,Autonomous Institute,0301219110,Civil Engineering,DEFROBCS,31655,90.668828,Stage I,2025-26,1,1
03012,"Veermata Jijabai Technological Institute(Vjti), Matunga, Mumbai",Mumbai,Government-Aided,Autonomous,Mumbai University,Autonomous Institute,0301219110,Civil Engineering,EWS,14775,95.7536628,Stage I,2025-26,1,1
03012,"Veermata Jijabai Technological Institute(Vjti), Matunga, Mumbai",Mumbai,Government-Aided,Autonomous,Mumbai University,Autonomous Institute,0301224510,Computer Engineering,GOPENS,103,99.9522882,Stage I,2025-26,1,1
03012,"Veermata Jijabai Technological Institute(Vjti), Matunga, Mumbai",Mumbai,Government-Aided,Autonomous,Mumbai University,Autonomous Institute,0301224510,Computer Engineering,GSCS,3385,98.9825175,Stage I,2025-26,1,1
03012,"Veermata Jijabai Technological Institute(Vjti), Matunga, Mumbai",Mumbai,Government-Aided,Autonomous,Mumbai University,Autonomous Institute,0301224510,Computer Engineering,GSTS,8902,97.4543824,Stage I,2025-26,1,1
03012,"Veermata Jijabai Technological Institute(Vjti), Matunga, Mumbai",Mumbai,Government-Aided,Autonomous,Mumbai University,Autonomous Institute,0301224510,Computer Engineering,GVJS,2334,99.265671,Stage I,2025-26,1,1
03012,"Veermata Jijabai Technological Institute(Vjti), Matunga, Mumbai",Mumbai,Government-Aided,Autonomous,Mumbai University,Autonomous Institute,0301224510,Computer Engineering,GNT1S,1096,99.6203413,Stage I,2025-26,1,1
03012,"Veermata Jijabai Technological Institute(Vjti), Matunga, Mumbai",Mumbai,Government-Aided,Autonomous,Mumbai University,Autonomous Institute,0301224510,Computer Engineering,GNT2S,1906,99.3934112,Stage I,2025-26,1,1
03012,"Veermata Jijabai Technological Institute(Vjti), Matunga, Mumbai",Mumbai,Government-Aided,Autonomous,Mumbai University,Autonomous Institute,0301224510,Computer Engineering,GNT3S,690,99.7472797,Stage I,2025-26,1,1
03012,"Veermata Jijabai Technological Institute(Vjti), Matunga, Mumbai",Mumbai,Government-Aided,Autonomous,Mumbai University,Autonomous Institute,0301224510,Computer Engineering,GOBCS,468,99.8171846,Stage I,2025-26,1,1
03012,"Veermata Jijabai Technological Institute(Vjti), Matunga, Mumbai",Mumbai,Government-Aided,Autonomous,Mumbai University,Autonomous Institute,0301224510,Computer Engineering,GSEBCS,643,99.7555098,Stage I,2025-26,1,1
03012,"Veermata Jijabai Technological Institute(Vjti), Matunga, Mumbai",Mumbai,Government-Aided,Autonomous,Mumbai University,Autonomous Institute,0301224510,Computer Engineering,LOPENS,102,99.95437,Stage I,2025-26,1,1
03012,"Veermata Jijabai Technological Institute(Vjti), Matunga, Mumbai",Mumbai,Government-Aided,Autonomous,Mumbai University,Autonomous Institute,0301224510,Computer Engineering,LSCS,2620,99.184953,Stage I,2025-26,1,1
03012,"Veermata Jijabai Technological Institute(Vjti), Matunga, Mumbai",Mumbai,Government-Aided,Autonomous,Mumbai University,Autonomous Institute,0301224510,Computer Engineering,LSTS,19055,94.4932607,Stage I,2025-26,1,1
03012,"Veermata Jijabai Technological Institute(Vjti), Matunga, Mumbai",Mumbai,Government-Aided,Autonomous,Mumbai University,Autonomous Institute,0301224510,Computer Engineering,LOBCS,702,99.7447552,Stage I,2025-26,1,1
03012,"Veermata Jijabai Technological Institute(Vjti), Matunga, Mumbai",Mumbai,Government-Aided,Autonomous,Mumbai University,Autonomous Institute,0301224510,Computer Engineering,LSEBCS,724,99.7347969,Stage I,2025-26,1,1
03012,"Veermata Jijabai Technological Institute(Vjti), Matunga, Mumbai",Mumbai,Government-Aided,Autonomous,Mumbai University,Autonomous Institute,0301224510,Computer Engineering,PWDOPENS,1609,99.4760923,Stage I,2025-26,1,1
03012,"Veermata Jijabai Technological Institute(Vjti), Matunga, Mumbai",Mumbai,Government-Aided,Autonomous,Mumbai University,Autonomous Institute,0301224510,Computer Engineering,PWDOBCS,16324,95.3022947,Stage I,2025-26,1,1
03012,"Veermata Jijabai Technological Institute(Vjti), Matunga, Mumbai",Mumbai,Government-Aided,Autonomous,Mumbai University,Autonomous Institute,0301224510,Computer Engineering,DEFOPENS,266,99.8930703,Stage I,2025-26,1,1
03012,"Veermata Jijabai Technological Institute(Vjti), Matunga, Mumbai",Mumbai,Government-Aided,Autonomous,Mumbai University,Autonomous Institute,0301224510,Computer Engineering,DEFOBCS,3342,98.9992248,Stage I,2025-26,1,1
03012,"Veermata Jijabai Technological Institute(Vjti), Matunga, Mumbai",Mumbai,Government-Aided,Autonomous,Mumbai University,Autonomous Institute,0301224510,Computer Engineering,TFWS,123,99.9442217,Stage I,2025-26,1,1
03012,"Veermata Jijabai Technological Institute(Vjti), Matunga, Mumbai",Mumbai,Government-Aided,Autonomous,Mumbai University,Autonomous Institute,0301224510,Computer Engineering,PWDROBCS,13964,95.9989694,Stage I,2025-26,1,1
03012,"Veermata Jijabai Technological Institute(Vjti), Matunga, Mumbai",Mumbai,Government-Aided,Autonomous,Mumbai University,Autonomous Institute,0301224510,Computer Engineering,DEFROBCS,1628,99.4740509,Stage I,2025-26,1,1
03012,"Veermata Jijabai Technological Institute(Vjti), Matunga, Mumbai",Mumbai,Government-Aided,Autonomous,Mumbai University,Autonomous Institute,0301224510,Computer Engineering,ORPHAN,26524,92.2439918,Stage I,2025-26,1,1
03012,"Veermata Jijabai Technological Institute(Vjti), Matunga, Mumbai",Mumbai,Government-Aided,Autonomous,Mumbai University,Autonomous Institute,0301224510,Computer Engineering,EWS,882,99.6931987,Stage I,2025-26,1,1
03012,"Veermata Jijabai Technological Institute(Vjti), Matunga, Mumbai",Mumbai,Government-Aided,Autonomous,Mumbai University,Autonomous Institute,0301224610,Information Technology,GOPENS,242,99.8985029,Stage I,2025-26,1,1
03012,"Veermata Jijabai Technological Institute(Vjti), Matunga, Mumbai",Mumbai,Government-Aided,Autonomous,Mumbai University,Autonomous Institute,0301224610,Information Technology,GSCS,4557,98.6520376,Stage I,2025-26,1,1
03012,"Veermata Jijabai Technological Institute(Vjti), Matunga, Mumbai",Mumbai,Government-Aided,Autonomous,Mumbai University,Autonomous Institute,0301224610,Information Technology,GSTS,13606,96.0898561,Stage I,2025-26,1,1
03012,"Veermata Jijabai Technological Institute(Vjti), Matunga, Mumbai",Mumbai,Government-Aided,Autonomous,Mumbai University,Autonomous Institute,0301224610,Information Technology,GVJS,2355,99.2574516,Stage I,2025-26,1,1
03012,"Veermata Jijabai Technological Institute(Vjti), Matunga, Mumbai",Mumbai,Government-Aided,Autonomous,Mumbai University,Autonomous Institute,0301224610,Information Technology,GNT1S,1223,99.585149,Stage I,2025-26,1,1
03012,"Veermata Jijabai Technological Institute(Vjti), Matunga, Mumbai",Mumbai,Government-Aided,Autonomous,Mumbai University,Autonomous Institute,0301224610,Information Technology,GNT2S,1976,99.3730408,Stage I,2025-26,1,1
03012,"Veermata Jijabai Technological Institute(Vjti), Matunga, Mumbai",Mumbai,Government-Aided,Autonomous,Mumbai University,Autonomous Institute,0301224610,Information Technology,GNT3S,769,99.7173291,Stage I,2025-26,1,1
03012,"Veermata Jijabai Technological Institute(Vjti), Matunga, Mumbai",Mumbai,Government-Aided,Autonomous,Mumbai University,Autonomous Institute,0301224610,Information Technology,GOBCS,731,99.733609,Stage I,2025-26,1,1
03012,"Veermata Jijabai Technological Institute(Vjti), Matunga, Mumbai",Mumbai,Government-Aided,Autonomous,Mumbai University,Autonomous Institute,0301224610,Information Technology,GSEBCS,733,99.7297297,Stage I,2025-26,1,1
03012,"Veermata Jijabai Technological Institute(Vjti), Matunga, Mumbai",Mumbai,Government-Aided,Autonomous,Mumbai University,Autonomous Institute,0301224610,Information Technology,LOPENS,275,99.8864805,Stage I,2025-26,1,1
03012,"Veermata Jijabai Technological Institute(Vjti), Matunga, Mumbai",Mumbai,Government-Aided,Autonomous,Mumbai University,Autonomous Institute,0301224610,Information Technology,LSCS,6905,98.0091509,Stage I,2025-26,1,1
03012,"Veermata Jijabai Technological Institute(Vjti), Matunga, Mumbai",Mumbai,Government-Aided,Autonomous,Mumbai University,Autonomous Institute,0301224610,Information Technology,LSTS,21710,93.6950602,Stage I,2025-26,1,1
03012,"Veermata Jijabai Technological Institute(Vjti), Matunga, Mumbai",Mumbai,Government-Aided,Autonomous,Mumbai University,Autonomous Institute,0301224610,Information Technology,LVJS,9070,97.4020979,Stage I,2025-26,1,1
03012,"Veermata Jijabai Technological Institute(Vjti), Matunga, Mumbai",Mumbai,Government-Aided,Autonomous,Mumbai University,Autonomous Institute,0301224610,Information Technology,LNT2S,2617,99.184953,Stage I,2025-26,1,1
03012,"Veermata Jijabai Technological Institute(Vjti), Matunga, Mumbai",Mumbai,Government-Aided,Autonomous,Mumbai University,Autonomous Institute,0301224610,Information Technology,LOBCS,877,99.6942797,Stage I,2025-26,1,1
03012,"Veermata Jijabai Technological Institute(Vjti), Matunga, Mumbai",Mumbai,Government-Aided,Autonomous,Mumbai University,Autonomous Institute,0301224610,Information Technology,LSEBCS,1106,99.615761,Stage I,2025-26,1,1
03012,"Veermata Jijabai Technological Institute(Vjti), Matunga, Mumbai",Mumbai,Government-Aided,Autonomous,Mumbai University,Autonomous Institute,0301224610,Information Technology,PWDOPENS,7959,97.7179034,Stage I,2025-26,1,1
03012,"Veermata Jijabai Technological Institute(Vjti), Matunga, Mumbai",Mumbai,Government-Aided,Autonomous,Mumbai University,Autonomous Institute,0301224610,Information Technology,PWDOBCS,26950,92.0891128,Stage I,2025-26,1,1
03012,"Veermata Jijabai Technological Institute(Vjti), Matunga, Mumbai",Mumbai,Government-Aided,Autonomous,Mumbai University,Autonomous Institute,0301224610,Information Technology,DEFOPENS,851,99.6967056,Stage I,2025-26,1,1
03012,"Veermata Jijabai Technological Institute(Vjti), Matunga, Mumbai",Mumbai,Government-Aided,Autonomous,Mumbai University,Autonomous Institute,0301224610,Information Technology,DEFOBCS,3454,98.9622679,Stage I,2025-26,1,1
03012,"Veermata Jijabai Technological Institute(Vjti), Matunga, Mumbai",Mumbai,Government-Aided,Autonomous,Mumbai University,Autonomous Institute,0301224610,Information Technology,TFWS,310,99.8748528,Stage I,2025-26,1,1
03012,"Veermata Jijabai Technological Institute(Vjti), Matunga, Mumbai",Mumbai,Government-Aided,Autonomous,Mumbai University,Autonomous Institute,0301224610,Information Technology,PWDRSEBCS,22143,93.5688239,Stage I,2025-26,1,1
03012,"Veermata Jijabai Technological Institute(Vjti), Matunga, Mumbai",Mumbai,Government-Aided,Autonomous,Mumbai University,Autonomous Institute,0301224610,Information Technology,DEFRSEBCS,2477,99.2238971,Stage I,2025-26,1,1
03012,"Veermata Jijabai Technological Institute(Vjti), Matunga, Mumbai",Mumbai,Government-Aided,Autonomous,Mumbai University,Autonomous Institute,0301224610,Information Technology,ORPHAN,67092,79.6925092,Stage I,2025-26,1,1
03012,"Veermata Jijabai Technological Institute(Vjti), Matunga, Mumbai",Mumbai,Government-Aided,Autonomous,Mumbai University,Autonomous Institute,0301224610,Information Technology,EWS,1243,99.5791797,Stage I,2025-26,1,1
03012,"Veermata Jijabai Technological Institute(Vjti), Matunga, Mumbai",Mumbai,Government-Aided,Autonomous,Mumbai University,Autonomous Institute,0301229310,Electrical Engineering,GOPENS,1437,99.5244755,Stage I,2025-26,1,1
03012,"Veermata Jijabai Technological Institute(Vjti), Matunga, Mumbai",Mumbai,Government-Aided,Autonomous,Mumbai University,Autonomous Institute,0301229310,Electrical Engineering,GSCS,11718,96.6549667,Stage I,2025-26,1,1
03012,"Veermata Jijabai Technological Institute(Vjti), Matunga, Mumbai",Mumbai,Government-Aided,Autonomous,Mumbai University,Autonomous Institute,0301229310,Electrical Engineering,GSTS,38078,88.7615737,Stage I,2025-26,1,1
03012,"Veermata Jijabai Technological Institute(Vjti), Matunga, Mumbai",Mumbai,Government-Aided,Autonomous,Mumbai University,Autonomous Institute,0301229310,Electrical Engineering,GVJS,9429,97.2912672,Stage I,2025-26,1,1
03012,"Veermata Jijabai Technological Institute(Vjti), Matunga, Mumbai",Mumbai,Government-Aided,Autonomous,Mumbai University,Autonomous Institute,0301229310,Electrical Engineering,GNT1S,3804,98.861374,Stage I,2025-26,1,1
03012,"Veermata Jijabai Technological Institute(Vjti), Matunga, Mumbai",Mumbai,Government-Aided,Autonomous,Mumbai University,Autonomous Institute,0301229310,Electrical Engineering,GNT2S,4320,98.7251829,Stage I,2025-26,1,1
03012,"Veermata Jijabai Technological Institute(Vjti), Matunga, Mumbai",Mumbai,Government-Aided,Autonomous,Mumbai University,Autonomous Institute,0301229310,Electrical Engineering,GNT3S,3176,99.0376324,Stage I,2025-26,1,1
03012,"Veermata Jijabai Technological Institute(Vjti), Matunga, Mumbai",Mumbai,Government-Aided,Autonomous,Mumbai University,Autonomous Institute,0301229310,Electrical Engineering,GOBCS,2375,99.2554035,Stage I,2025-26,1,1
03012,"Veermata Jijabai Technological Institute(Vjti), Matunga, Mumbai",Mumbai,Government-Aided,Autonomous,Mumbai University,Autonomous Institute,0301229310,Electrical Engineering,GSEBCS,3450,98.9747774,Stage I,2025-26,1,1
03012,"Veermata Jijabai Technological Institute(Vjti), Matunga, Mumbai",Mumbai,Government-Aided,Autonomous,Mumbai University,Autonomous Institute,0301229310,Electrical Engineering,LOPENS,2459,99.2350948,Stage I,2025-26,1,1
03012,"Veermata Jijabai Technological Institute(Vjti), Matunga, Mumbai",Mumbai,Government-Aided,Autonomous,Mumbai University,Autonomous Institute,0301229310,Electrical Engineering,LSCS,11806,96.6434983,Stage I,2025-26,1,1
03012,"Veermata Jijabai Technological Institute(Vjti), Matunga, Mumbai",Mumbai,Government-Aided,Autonomous,Mumbai University,Autonomous Institute,0301229310,Electrical Engineering,LSTS,64420,80.3575863,Stage I,2025-26,1,1
03012,"Veermata Jijabai Technological Institute(Vjti), Matunga, Mumbai",Mumbai,Government-Aided,Autonomous,Mumbai University,Autonomous Institute,0301229310,Electrical Engineering,LNT1S,9965,97.1468531,Stage I,2025-26,1,1
03012,"Veermata Jijabai Technological Institute(Vjti), Matunga, Mumbai",Mumbai,Government-Aided,Autonomous,Mumbai University,Autonomous Institute,0301229310,Electrical Engineering,LNT2S,11694,96.6549667,Stage I,2025-26,1,1
03012,"Veermata Jijabai Technological Institute(Vjti), Matunga, Mumbai",Mumbai,Government-Aided,Autonomous,Mumbai University,Autonomous Institute,0301229310,Electrical Engineering,LNT3S,12134,96.5212532,Stage I,2025-26,1,1
03012,"Veermata Jijabai Technological Institute(Vjti), Matunga, Mumbai",Mumbai,Government-Aided,Autonomous,Mumbai University,Autonomous Institute,0301229310,Electrical Engineering,LOBCS,4400,98.7167869,Stage I,2025-26,1,1
03012,"Veermata Jijabai Technological Institute(Vjti), Matunga, Mumbai",Mumbai,Government-Aided,Autonomous,Mumbai University,Autonomous Institute,0301229310,Electrical Engineering,LSEBCS,5661,98.3620436,Stage I,2025-26,1,1
03012,"Veermata Jijabai Technological Institute(Vjti), Matunga, Mumbai",Mumbai,Government-Aided,Autonomous,Mumbai University,Autonomous Institute,0301229310,Electrical Engineering,PWDOPENS,52766,84.1131441,Stage I,2025-26,1,1
03012,"Veermata Jijabai Technological Institute(Vjti), Matunga, Mumbai",Mumbai,Government-Aided,Autonomous,Mumbai University,Autonomous Institute,0301229310,Electrical Engineering,PWDOBCS,128643,54.5739657,Stage I,2025-26,1,1
03012,"Veermata Jijabai Technological Institute(Vjti), Matunga, Mumbai",Mumbai,Government-Aided,Autonomous,Mumbai University,Autonomous Institute,0301229310,Electrical Engineering,DEFOPENS,3475,98.9620141,Stage I,2025-26,1,1
03012,"Veermata Jijabai Technological Institute(Vjti), Matunga, Mumbai",Mumbai,Government-Aided,Autonomous,Mumbai University,Autonomous Institute,0301229310,Electrical Engineering,DEFOBCS,8660,97.513986,Stage I,2025-26,1,1
03012,"Veermata Jijabai Technological Institute(Vjti), Matunga, Mumbai",Mumbai,Government-Aided,Autonomous,Mumbai University,Autonomous Institute,0301229310,Electrical Engineering,TFWS,2388,99.2498437,Stage I,2025-26,1,1
03012,"Veermata Jijabai Technological Institute(Vjti), Matunga, Mumbai",Mumbai,Government-Aided,Autonomous,Mumbai University,Autonomous Institute,0301229310,Electrical Engineering,PWDROBCS,97224,68.4887011,Stage I,2025-26,1,1
03012,"Veermata Jijabai Technological Institute(Vjti), Matunga, Mumbai",Mumbai,Government-Aided,Autonomous,Mumbai University,Autonomous Institute,0301229310,Electrical Engineering,DEFROBCS,8099,97.664739,Stage I,2025-26,1,1
03012,"Veermata Jijabai Technological Institute(Vjti), Matunga, Mumbai",Mumbai,Government-Aided,Autonomous,Mumbai University,Autonomous Institute,0301229310,Electrical Engineering,ORPHAN,179369,23.4132019,Stage I,2025-26,1,1
03012,"Veermata Jijabai Technological Institute(Vjti), Matunga, Mumbai",Mumbai,Government-Aided,Autonomous,Mumbai University,Autonomous Institute,0301229310,Electrical Engineering,EWS,4373,98.7173162,Stage I,2025-26,1,1
03012,"Veermata Jijabai Technological Institute(Vjti), Matunga, Mumbai",Mumbai,Government-Aided,Autonomous,Mumbai University,Autonomous Institute,0301237210,Electronics And Telecommunication Engg,GOPENS,742,99.7268438,Stage I,2025-26,1,2
03012,"Veermata Jijabai Technological Institute(Vjti), Matunga, Mumbai",Mumbai,Government-Aided,Autonomous,Mumbai University,Autonomous Institute,0301237210,Electronics And Telecommunication Engg,GSCS,6735,98.0675795,Stage I,2025-26,1,2
03012,"Veermata Jijabai Technological Institute(Vjti), Matunga, Mumbai",Mumbai,Government-Aided,Autonomous,Mumbai University,Autonomous Institute,0301237210,Electronics And Telecommunication Engg,GSTS,19629,94.3106153,Stage I,2025-26,1,2
03012,"Veermata Jijabai Technological Institute(Vjti), Matunga, Mumbai",Mumbai,Government-Aided,Autonomous,Mumbai University,Autonomous Institute,0301237210,Electronics And Telecommunication Engg,GNT1S,2637,99.1769119,Stage I,2025-26,1,2
03012,"Veermata Jijabai Technological Institute(Vjti), Matunga, Mumbai",Mumbai,Government-Aided,Autonomous,Mumbai University,Autonomous Institute,0301237210,Electronics And Telecommunication Engg,GNT2S,2828,99.1386926,Stage I,2025-26,1,2
03012,"Veermata Jijabai Technological Institute(Vjti), Matunga, Mumbai",Mumbai,Government-Aided,Autonomous,Mumbai University,Autonomous Institute,0301237210,Electronics And Telecommunication Engg,GNT3S,1325,99.5546231,Stage I,2025-26,1,2
03012,"Veermata Jijabai Technological Institute(Vjti), Matunga, Mumbai",Mumbai,Government-Aided,Autonomous,Mumbai University,Autonomous Institute,0301237210,Electronics And Telecommunication Engg,GOBCS,1445,99.5226395,Stage I,2025-26,1,2
03012,"Veermata Jijabai Technological Institute(Vjti), Matunga, Mumbai",Mumbai,Government-Aided,Autonomous,Mumbai University,Autonomous Institute,0301237210,Electronics And Telecommunication Engg,GSEBCS,1687,99.4545455,Stage I,2025-26,1,2
03012,"Veermata Jijabai Technological Institute(Vjti), Matunga, Mumbai",Mumbai,Government-Aided,Autonomous,Mumbai University,Autonomous Institute,0301237210,Electronics And Telecommunication Engg,LOPENS,1027,99.6375104,Stage I,2025-26,1,2
03012,"Veermata Jijabai Technological Institute(Vjti), Matunga, Mumbai",Mumbai,Government-Aided,Autonomous,Mumbai University,Autonomous Institute,0301237210,Electronics And Telecommunication Engg,LSCS,10124,97.0975309,Stage I,2025-26,1,2
03012,"Veermata Jijabai Technological Institute(Vjti), Matunga, Mumbai",Mumbai,Government-Aided,Autonomous,Mumbai University,Autonomous Institute,0301237210,Electronics And Telecommunication Engg,LSTS,50958,84.7618697,Stage I,2025-26,1,2
03012,"Veermata Jijabai Technological Institute(Vjti), Matunga, Mumbai",Mumbai,Government-Aided,Autonomous,Mumbai University,Autonomous Institute,0301237210,Electronics And Telecommunication Engg,LVJS,20682,93.9899228,Stage I,2025-26,1,2
03012,"Veermata Jijabai Technological Institute(Vjti), Matunga, Mumbai",Mumbai,Government-Aided,Autonomous,Mumbai University,Autonomous Institute,0301237210,Electronics And Telecommunication Engg,LNT1S,5682,98.3580268,Stage I,2025-26,1,2
03012,"Veermata Jijabai Technological Institute(Vjti), Matunga, Mumbai",Mumbai,Government-Aided,Autonomous,Mumbai University,Autonomous Institute,0301237210,Electronics And Telecommunication Engg,LOBCS,1872,99.3963644,Stage I,2025-26,1,2
03012,"Veermata Jijabai Technological Institute(Vjti), Matunga, Mumbai",Mumbai,Government-Aided,Autonomous,Mumbai University,Autonomous Institute,0301237210,Electronics And Telecommunication Engg,LSEBCS,1842,99.407391,Stage I,2025-26,1,2
03012,"Veermata Jijabai Technological Institute(Vjti), Matunga, Mumbai",Mumbai,Government-Aided,Autonomous,Mumbai University,Autonomous Institute,0301237210,Electronics And Telecommunication Engg,PWDOPENS,22086,93.5806832,Stage I,2025-26,1,2
03012,"Veermata Jijabai Technological Institute(Vjti), Matunga, Mumbai",Mumbai,Government-Aided,Autonomous,Mumbai University,Autonomous Institute,0301237210,Electronics And Telecommunication Engg,PWDOBCS,38388,88.6328671,Stage I,2025-26,1,2
03012,"Veermata Jijabai Technological Institute(Vjti), Matunga, Mumbai",Mumbai,Government-Aided,Autonomous,Mumbai University,Autonomous Institute,0301237210,Electronics And Telecommunication Engg,DEFOPENS,2599,99.1933405,Stage I,2025-26,1,2
03012,"Veermata Jijabai Technological Institute(Vjti), Matunga, Mumbai",Mumbai,Government-Aided,Autonomous,Mumbai University,Autonomous Institute,0301237210,Electronics And Telecommunication Engg,DEFOBCS,6415,98.1588563,Stage I,2025-26,1,2
03012,"Veermata Jijabai Technological Institute(Vjti), Matunga, Mumbai",Mumbai,Government-Aided,Autonomous,Mumbai University,Autonomous Institute,0301237210,Electronics And Telecommunication Engg,TFWS,1134,99.6068796,Stage I,2025-26,1,2
03012,"Veermata Jijabai Technological Institute(Vjti), Matunga, Mumbai",Mumbai,Government-Aided,Autonomous,Mumbai University,Autonomous Institute,0301237210,Electronics And Telecommunication Engg,PWDRNT2S,29833,91.3015715,Stage I,2025-26,1,2
03012,"Veermata Jijabai Technological Institute(Vjti), Matunga, Mumbai",Mumbai,Government-Aided,Autonomous,Mumbai University,Autonomous Institute,0301237210,Electronics And Telecommunication Engg,DEFRSEBCS,5925,98.2765883,Stage I,2025-26,1,2
03012,"Veermata Jijabai Technological Institute(Vjti), Matunga, Mumbai",Mumbai,Government-Aided,Autonomous,Mumbai University,Autonomous Institute,0301237210,Electronics And Telecommunication Engg,ORPHAN,58922,82.135869,Stage I,2025-26,1,2
03012,"Veermata Jijabai Technological Institute(Vjti), Matunga, Mumbai",Mumbai,Government-Aided,Autonomous,Mumbai University,Autonomous Institute,0301237210,Electronics And Telecommunication Engg,EWS,1924,99.3933804,Stage I,2025-26,1,2
03012,"Veermata Jijabai Technological Institute(Vjti), Matunga, Mumbai",Mumbai,Government-Aided,Autonomous,Mumbai University,Autonomous Institute,0301237610,Electronics Engineering,GOPENS,932,99.6681918,Stage I,2025-26,1,2
03012,"Veermata Jijabai Technological Institute(Vjti), Matunga, Mumbai",Mumbai,Government-Aided,Autonomous,Mumbai University,Autonomous Institute,0301237610,Electronics Engineering,GSCS,9819,97.1954276,Stage I,2025-26,1,2
03012,"Veermata Jijabai Technological Institute(Vjti), Matunga, Mumbai",Mumbai,Government-Aided,Autonomous,Mumbai University,Autonomous Institute,0301237610,Electronics Engineering,GSTS,22649,93.4220965,Stage I,2025-26,1,2
03012,"Veermata Jijabai Technological Institute(Vjti), Matunga, Mumbai",Mumbai,Government-Aided,Autonomous,Mumbai University,Autonomous Institute,0301237610,Electronics Engineering,GVJS,6502,98.1193591,Stage I,2025-26,1,2
03012,"Veermata Jijabai Technological Institute(Vjti), Matunga, Mumbai",Mumbai,Government-Aided,Autonomous,Mumbai University,Autonomous Institute,0301237610,Electronics Engineering,GNT1S,3702,98.8958551,Stage I,2025-26,1,2
03012,"Veermata Jijabai Technological Institute(Vjti), Matunga, Mumbai",Mumbai,Government-Aided,Autonomous,Mumbai University,Autonomous Institute,0301237610,Electronics Engineering,GNT2S,2956,99.1054034,Stage I,2025-26,1,2
03012,"Veermata Jijabai Technological Institute(Vjti), Matunga, Mumbai",Mumbai,Government-Aided,Autonomous,Mumbai University,Autonomous Institute,0301237610,Electronics Engineering,GNT3S,2908,99.1109128,Stage I,2025-26,1,2
03012,"Veermata Jijabai Technological Institute(Vjti), Matunga, Mumbai",Mumbai,Government-Aided,Autonomous,Mumbai University,Autonomous Institute,0301237610,Electronics Engineering,GOBCS,1765,99.4348894,Stage I,2025-26,1,2
03012,"Veermata Jijabai Technological Institute(Vjti), Matunga, Mumbai",Mumbai,Government-Aided,Autonomous,Mumbai University,Autonomous Institute,0301237610,Electronics Engineering,GSEBCS,2505,99.2173286,Stage I,2025-26,1,2
03012,"Veermata Jijabai Technological Institute(Vjti), Matunga, Mumbai",Mumbai,Government-Aided,Autonomous,Mumbai University,Autonomous Institute,0301237610,Electronics Engineering,LOPENS,1516,99.4990259,Stage I,2025-26,1,2
03012,"Veermata Jijabai Technological Institute(Vjti), Matunga, Mumbai",Mumbai,Government-Aided,Autonomous,Mumbai University,Autonomous Institute,0301237610,Electronics Engineering,LSCS,12252,96.4892052,Stage I,2025-26,1,2
03012,"Veermata Jijabai Technological Institute(Vjti), Matunga, Mumbai",Mumbai,Government-Aided,Autonomous,Mumbai University,Autonomous Institute,0301237610,Electronics Engineering,LSTS,22175,93.5688239,Stage I,2025-26,1,2
03012,"Veermata Jijabai Technological Institute(Vjti), Matunga, Mumbai",Mumbai,Government-Aided,Autonomous,Mumbai University,Autonomous Institute,0301237610,Electronics Engineering,LNT2S,4629,98.6343474,Stage I,2025-26,1,2
03012,"Veermata Jijabai Technological Institute(Vjti), Matunga, Mumbai",Mumbai,Government-Aided,Autonomous,Mumbai University,Autonomous Institute,0301237610,Electronics Engineering,LOBCS,3436,98.9760212,Stage I,2025-26,1,2
03012,"Veermata Jijabai Technological Institute(Vjti), Matunga, Mumbai",Mumbai,Government-Aided,Autonomous,Mumbai University,Autonomous Institute,0301237610,Electronics Engineering,LSEBCS,4317,98.7251829,Stage I,2025-26,1,2
03012,"Veermata Jijabai Technological Institute(Vjti), Matunga, Mumbai",Mumbai,Government-Aided,Autonomous,Mumbai University,Autonomous Institute,0301237610,Electronics Engineering,PWDOPENS,6093,98.2430292,Stage I,2025-26,1,2
03012,"Veermata Jijabai Technological Institute(Vjti), Matunga, Mumbai",Mumbai,Government-Aided,Autonomous,Mumbai University,Autonomous Institute,0301237610,Electronics Engineering,PWDOBCS,90132,71.4755245,Stage I,2025-26,1,2
03012,"Veermata Jijabai Technological Institute(Vjti), Matunga, Mumbai",Mumbai,Government-Aided,Autonomous,Mumbai University,Autonomous Institute,0301237610,Electronics Engineering,DEFOPENS,2444,99.2447552,Stage I,2025-26,1,2
03012,"Veermata Jijabai Technological Institute(Vjti), Matunga, Mumbai",Mumbai,Government-Aided,Autonomous,Mumbai University,Autonomous Institute,0301237610,Electronics Engineering,DEFOBCS,8195,97.6554186,Stage I,2025-26,1,2
03012,"Veermata Jijabai Technological Institute(Vjti), Matunga, Mumbai",Mumbai,Government-Aided,Autonomous,Mumbai University,Autonomous Institute,0301237610,Electronics Engineering,TFWS,1519,99.4980695,Stage I,2025-26,1,2
03012,"Veermata Jijabai Technological Institute(Vjti), Matunga, Mumbai",Mumbai,Government-Aided,Autonomous,Mumbai University,Autonomous Institute,0301237610,Electronics Engineering,PWDROBCS,84292,73.5570613,Stage I,2025-26,1,2
03012,"Veermata Jijabai Technological Institute(Vjti), Matunga, Mumbai",Mumbai,Government-Aided,Autonomous,Mumbai University,Autonomous Institute,0301237610,Electronics Engineering,DEFROBCS,6894,98.016848,Stage I,2025-26,1,2
03012,"Veermata Jijabai Technological Institute(Vjti), Matunga, Mumbai",Mumbai,Government-Aided,Autonomous,Mumbai University,Autonomous Institute,0301237610,Electronics Engineering,EWS,3359,98.9927909,Stage I,2025-26,1,2
03012,"Veermata Jijabai Technological Institute(Vjti), Matunga, Mumbai",Mumbai,Government-Aided,Autonomous,Mumbai University,Autonomous Institute,0301261210,Mechanical Engineering,GOPENS,1864,99.3963644,Stage I,2025-26,1,2
03012,"Veermata Jijabai Technological Institute(Vjti), Matunga, Mumbai",Mumbai,Government-Aided,Autonomous,Mumbai University,Autonomous Institute,0301261210,Mechanical Engineering,GSCS,12002,96.5695839,Stage I,2025-26,1,2
03012,"Veermata Jijabai Technological Institute(Vjti), Matunga, Mumbai",Mumbai,Government-Aided,Autonomous,Mumbai University,Autonomous Institute,0301261210,Mechanical Engineering,GSTS,50706,84.8736599,Stage I,2025-26,1,2
03012,"Veermata Jijabai Technological Institute(Vjti), Matunga, Mumbai",Mumbai,Government-Aided,Autonomous,Mumbai University,Autonomous Institute,0301261210,Mechanical Engineering,GVJS,8418,97.5766142,Stage I,2025-26,1,2
03012,"Veermata Jijabai Technological Institute(Vjti), Matunga, Mumbai",Mumbai,Government-Aided,Autonomous,Mumbai University,Autonomous Institute,0301261210,Mechanical Engineering,GNT1S,10668,96.9438791,Stage I,2025-26,1,2
03012,"Veermata Jijabai Technological Institute(Vjti), Matunga, Mumbai",Mumbai,Government-Aided,Autonomous,Mumbai University,Autonomous Institute,0301261210,Mechanical Engineering,GNT2S,6239,98.1984268,Stage I,2025-26,1,2
03012,"Veermata Jijabai Technological Institute(Vjti), Matunga, Mumbai",Mumbai,Government-Aided,Autonomous,Mumbai University,Autonomous Institute,0301261210,Mechanical Engineering,GOBCS,3254,99.0185463,Stage I,2025-26,1,2
03012,"Veermata Jijabai Technological Institute(Vjti), Matunga, Mumbai",Mumbai,Government-Aided,Autonomous,Mumbai University,Autonomous Institute,0301261210,Mechanical Engineering,GSEBCS,4576,98.6520376,Stage I,2025-26,1,2
03012,"Veermata Jijabai Technological Institute(Vjti), Matunga, Mumbai",Mumbai,Government-Aided,Autonomous,Mumbai University,Autonomous Institute,0301261210,Mechanical Engineering,LOPENS,3278,99.006669,Stage I,2025-26,1,2
03012,"Veermata Jijabai Technological Institute(Vjti), Matunga, Mumbai",Mumbai,Government-Aided,Autonomous,Mumbai University,Autonomous Institute,0301261210,Mechanical Engineering,LSCS,13381,96.1658679,Stage I,2025-26,1,2
03012,"Veermata Jijabai Technological Institute(Vjti), Matunga, Mumbai",Mumbai,Government-Aided,Autonomous,Mumbai University,Autonomous Institute,0301261210,Mechanical Engineering,LSTS,62476,81.0403668,Stage I,2025-26,1,2
03012,"Veermata Jijabai Technological Institute(Vjti), Matunga, Mumbai",Mumbai,Government-Aided,Autonomous,Mumbai University,Autonomous Institute,0301261210,Mechanical Engineering,LVJS,25408,92.5853623,Stage I,2025-26,1,2
03012,"Veermata Jijabai Technological Institute(Vjti), Matunga, Mumbai",Mumbai,Government-Aided,Autonomous,Mumbai University,Autonomous Institute,0301261210,Mechanical Engineering,LNT3S,5881,98.2843648,Stage I,2025-26,1,2
03012,"Veermata Jijabai Technological Institute(Vjti), Matunga, Mumbai",Mumbai,Government-Aided,Autonomous,Mumbai University,Autonomous Institute,0301261210,Mechanical Engineering,LOBCS,6092,98.2430292,Stage I,2025-26,1,2
03012,"Veermata Jijabai Technological Institute(Vjti), Matunga, Mumbai",Mumbai,Government-Aided,Autonomous,Mumbai University,Autonomous Institute,0301261210,Mechanical Engineering,LSEBCS,8340,97.610433,Stage I,2025-26,1,2
03012,"Veermata Jijabai Technological Institute(Vjti), Matunga, Mumbai",Mumbai,Government-Aided,Autonomous,Mumbai University,Autonomous Institute,0301261210,Mechanical Engineering,PWDOPENS,12585,96.3986014,Stage I,2025-26,1,2
03012,"Veermata Jijabai Technological Institute(Vjti), Matunga, Mumbai",Mumbai,Government-Aided,Autonomous,Mumbai University,Autonomous Institute,0301261210,Mechanical Engineering,PWDOBCS,177302,25.0722391,Stage I,2025-26,1,2
03012,"Veermata Jijabai Technological Institute(Vjti), Matunga, Mumbai",Mumbai,Government-Aided,Autonomous,Mumbai University,Autonomous Institute,0301261210,Mechanical Engineering,DEFOPENS,4725,98.612338,Stage I,2025-26,1,2
03012,"Veermata Jijabai Technological Institute(Vjti), Matunga, Mumbai",Mumbai,Government-Aided,Autonomous,Mumbai University,Autonomous Institute,0301261210,Mechanical Engineering,DEFOBCS,12705,96.3441008,Stage I,2025-26,1,2
03012,"Veermata Jijabai Technological Institute(Vjti), Matunga, Mumbai",Mumbai,Government-Aided,Autonomous,Mumbai University,Autonomous Institute,0301261210,Mechanical Engineering,TFWS,3008,99.0864904,Stage I,2025-26,1,2
03012,"Veermata Jijabai Technological Institute(Vjti), Matunga, Mumbai",Mumbai,Government-Aided,Autonomous,Mumbai University,Autonomous Institute,0301261210,Mechanical Engineering,PWDROBCS,170907,29.4125763,Stage I,2025-26,1,2
03012,"Veermata Jijabai Technological Institute(Vjti), Matunga, Mumbai",Mumbai,Government-Aided,Autonomous,Mumbai University,Autonomous Institute,0301261210,Mechanical Engineering,DEFRSEBCS,9265,97.3440033,Stage I,2025-26,1,2
03012,"Veermata Jijabai Technological Institute(Vjti), Matunga, Mumbai",Mumbai,Government-Aided,Autonomous,Mumbai University,Autonomous Institute,0301261210,Mechanical Engineering,EWS,5402,98.4160839,Stage I,2025-26,1,2
03012,"Veermata Jijabai Technological Institute(Vjti), Matunga, Mumbai",Mumbai,Government-Aided,Autonomous,Mumbai University,Autonomous Institute,0301262610,Production Engineering[Sandwich],GOPENS,4669,98.6334143,Stage I,2025-26,1,2
03012,"Veermata Jijabai Technological Institute(Vjti), Matunga, Mumbai",Mumbai,Government-Aided,Autonomous,Mumbai University,Autonomous Institute,0301262610,Production Engineering[Sandwich],GSCS,20322,94.111278,Stage I,2025-26,1,2
03012,"Veermata Jijabai Technological Institute(Vjti), Matunga, Mumbai",Mumbai,Government-Aided,Autonomous,Mumbai University,Autonomous Institute,0301262610,Production Engineering[Sandwich],GSTS,54343,83.7239356,Stage I,2025-26,1,2
03012,"Veermata Jijabai Technological Institute(Vjti), Matunga, Mumbai",Mumbai,Government-Aided,Autonomous,Mumbai University,Autonomous Institute,0301262610,Production Engineering[Sandwich],GVJS,21188,93.8708608,Stage I,2025-26,1,2
03012,"Veermata Jijabai Technological Institute(Vjti), Matunga, Mumbai",Mumbai,Government-Aided,Autonomous,Mumbai University,Autonomous Institute,0301262610,Production Engineering[Sandwich],GNT1S,16234,95.3167947,Stage I,2025-26,1,2
03012,"Veermata Jijabai Technological Institute(Vjti), Matunga, Mumbai",Mumbai,Government-Aided,Autonomous,Mumbai University,Autonomous Institute,0301262610,Production Engineering[Sandwich],GNT2S,10384,97.0236617,Stage I,2025-26,1,2
03012,"Veermata Jijabai Technological Institute(Vjti), Matunga, Mumbai",Mumbai,Government-Aided,Autonomous,Mumbai University,Autonomous Institute,0301262610,Production Engineering[Sandwich],GNT3S,9847,97.1938598,Stage I,2025-26,1,2
03012,"Veermata Jijabai Technological Institute(Vjti), Matunga, Mumbai",Mumbai,Government-Aided,Autonomous,Mumbai University,Autonomous Institute,0301262610,Production Engineering[Sandwich],GOBCS,6871,98.0192922,Stage I,2025-26,1,2
03012,"Veermata Jijabai Technological Institute(Vjti), Matunga, Mumbai",Mumbai,Government-Aided,Autonomous,Mumbai University,Autonomous Institute,0301262610,Production Engineering[Sandwich],GSEBCS,10103,97.1042471,Stage I,2025-26,1,2
03012,"Veermata Jijabai Technological Institute(Vjti), Matunga, Mumbai",Mumbai,Government-Aided,Autonomous,Mumbai University,Autonomous Institute,0301262610,Production Engineering[Sandwich],LOPENS,9017,97.4069026,Stage I,2025-26,1,2
03012,"Veermata Jijabai Technological Institute(Vjti), Matunga, Mumbai",Mumbai,Government-Aided,Autonomous,Mumbai University,Autonomous Institute,0301262610,Production Engineering[Sandwich],LSCS,36594,89.2727273,Stage I,2025-26,1,2
03012,"Veermata Jijabai Technological Institute(Vjti), Matunga, Mumbai",Mumbai,Government-Aided,Autonomous,Mumbai University,Autonomous Institute,0301262610,Production Engineering[Sandwich],LSTS,83476,73.6328536,Stage I,2025-26,1,2
03012,"Veermata Jijabai Technological Institute(Vjti), Matunga, Mumbai",Mumbai,Government-Aided,Autonomous,Mumbai University,Autonomous Institute,0301262610,Production Engineering[Sandwich],LNT1S,58606,82.3322294,Stage I,2025-26,1,2
03012,"Veermata Jijabai Technological Institute(Vjti), Matunga, Mumbai",Mumbai,Government-Aided,Autonomous,Mumbai University,Autonomous Institute,0301262610,Production Engineering[Sandwich],LNT2S,35368,89.5868952,Stage I,2025-26,1,2
03012,"Veermata Jijabai Technological Institute(Vjti), Matunga, Mumbai",Mumbai,Government-Aided,Autonomous,Mumbai University,Autonomous Institute,0301262610,Production Engineering[Sandwich],LOBCS,11759,96.649817,Stage I,2025-26,1,2
03012,"Veermata Jijabai Technological Institute(Vjti), Matunga, Mumbai",Mumbai,Government-Aided,Autonomous,Mumbai University,Autonomous Institute,0301262610,Production Engineering[Sandwich],LSEBCS,16280,95.3083376,Stage I,2025-26,1,2
03012,"Veermata Jijabai Technological Institute(Vjti), Matunga, Mumbai",Mumbai,Government-Aided,Autonomous,Mumbai University,Autonomous Institute,0301262610,Production Engineering[Sandwich],PWDOPENS,80209,75.1716925,Stage I,2025-26,1,2
03012,"Veermata Jijabai Technological Institute(Vjti), Matunga, Mumbai",Mumbai,Government-Aided,Autonomous,Mumbai University,Autonomous Institute,0301262610,Production Engineering[Sandwich],PWDOBCS,201154,3.493007,Stage I,2025-26,1,2
03012,"Veermata Jijabai Technological Institute(Vjti), Matunga, Mumbai",Mumbai,Government-Aided,Autonomous,Mumbai University,Autonomous Institute,0301262610,Production Engineering[Sandwich],DEFOPENS,8741,97.4991292,Stage I,2025-26,1,2
03012,"Veermata Jijabai Technological Institute(Vjti), Matunga, Mumbai",Mumbai,Government-Aided,Autonomous,Mumbai University,Autonomous Institute,0301262610,Production Engineering[Sandwich],DEFOBCS,22636,93.4570631,Stage I,2025-26,1,2
03012,"Veermata Jijabai Technological Institute(Vjti), Matunga, Mumbai",Mumbai,Government-Aided,Autonomous,Mumbai University,Autonomous Institute,0301262610,Production Engineering[Sandwich],TFWS,8695,97.5051096,Stage I,2025-26,1,2
03012,"Veermata Jijabai Technological Institute(Vjti), Matunga, Mumbai",Mumbai,Government-Aided,Autonomous,Mumbai University,Autonomous Institute,0301262610,Production Engineering[Sandwich],PWDRSEBCS,182975,20.6428039,Stage I,2025-26,1,2
03012,"Veermata Jijabai Technological Institute(Vjti), Matunga, Mumbai",Mumbai,Government-Aided,Autonomous,Mumbai University,Autonomous Institute,0301262610,Production Engineering[Sandwich],DEFROBCS,17634,94.9067632,Stage I,2025-26,1,2
03012,"Veermata Jijabai Technological Institute(Vjti), Matunga, Mumbai",Mumbai,Government-Aided,Autonomous,Mumbai University,Autonomous Institute,0301262610,Production Engineering[Sandwich],EWS,13666,96.0671999,Stage I,2025-26,1,2
03012,"Veermata Jijabai Technological Institute(Vjti), Matunga, Mumbai",Mumbai,Government-Aided,Autonomous,Mumbai University,Autonomous Institute,0301289610,Textile Technology,GOPENS,9368,97.3318625,Stage I,2025-26,1,3
03012,"Veermata Jijabai Technological Institute(Vjti), Matunga, Mumbai",Mumbai,Government-Aided,Autonomous,Mumbai University,Autonomous Institute,0301289610,Textile Technology,GSCS,26879,92.1231015,Stage I,2025-26,1,3
03012,"Veermata Jijabai Technological Institute(Vjti), Matunga, Mumbai",Mumbai,Government-Aided,Autonomous,Mumbai University,Autonomous Institute,0301289610,Textile Technology,GSTS,77580,75.652265,Stage I,2025-26,1,3
03012,"Veermata Jijabai Technological Institute(Vjti), Matunga, Mumbai",Mumbai,Government-Aided,Autonomous,Mumbai University,Autonomous Institute,0301289610,Textile Technology,GVJS,29448,91.3593874,Stage I,2025-26,1,3
03012,"Veermata Jijabai Technological Institute(Vjti), Matunga, Mumbai",Mumbai,Government-Aided,Autonomous,Mumbai University,Autonomous Institute,0301289610,Textile Technology,GNT1S,37710,88.8689717,Stage I,2025-26,1,3
03012,"Veermata Jijabai Technological Institute(Vjti), Matunga, Mumbai",Mumbai,Government-Aided,Autonomous,Mumbai University,Autonomous Institute,0301289610,Textile Technology,GNT2S,19518,94.3452901,Stage I,2025-26,1,3
03012,"Veermata Jijabai Technological Institute(Vjti), Matunga, Mumbai",Mumbai,Government-Aided,Autonomous,Mumbai University,Autonomous Institute,0301289610,Textile Technology,GNT3S,10933,96.8499656,Stage I,2025-26,1,3
03012,"Veermata Jijabai Technological Institute(Vjti), Matunga, Mumbai",Mumbai,Government-Aided,Autonomous,Mumbai University,Autonomous Institute,0301289610,Textile Technology,GOBCS,13227,96.2208795,Stage I,2025-26,1,3
03012,"Veermata Jijabai Technological Institute(Vjti), Matunga, Mumbai",Mumbai,Government-Aided,Autonomous,Mumbai University,Autonomous Institute,0301289610,Textile Technology,GSEBCS,16932,95.1095384,Stage I,2025-26,1,3
03012,"Veermata Jijabai Technological Institute(Vjti), Matunga, Mumbai",Mumbai,Government-Aided,Autonomous,Mumbai University,Autonomous Institute,0301289610,Textile Technology,LOPENS,10576,96.972028,Stage I,2025-26,1,3
03012,"Veermata Jijabai Technological Institute(Vjti), Matunga, Mumbai",Mumbai,Government-Aided,Autonomous,Mumbai University,Autonomous Institute,0301289610,Textile Technology,LSCS,32224,90.5159705,Stage I,2025-26,1,3
03012,"Veermata Jijabai Technological Institute(Vjti), Matunga, Mumbai",Mumbai,Government-Aided,Autonomous,Mumbai University,Autonomous Institute,0301289610,Textile Technology,LSTS,152530,42.2674623,Stage I,2025-26,1,3
03012,"Veermata Jijabai Technological Institute(Vjti), Matunga, Mumbai",Mumbai,Government-Aided,Autonomous,Mumbai University,Autonomous Institute,0301289610,Textile Technology,LVJS,80761,75.1620214,Stage I,2025-26,1,3
03012,"Veermata Jijabai Technological Institute(Vjti), Matunga, Mumbai",Mumbai,Government-Aided,Autonomous,Mumbai University,Autonomous Institute,0301289610,Textile Technology,LNT2S,39947,88.1719651,Stage I,2025-26,1,3
03012,"Veermata Jijabai Technological Institute(Vjti), Matunga, Mumbai",Mumbai,Government-Aided,Autonomous,Mumbai University,Autonomous Institute,0301289610,Textile Technology,LNT3S,58324,82.3736697,Stage I,2025-26,1,3
03012,"Veermata Jijabai Technological Institute(Vjti), Matunga, Mumbai",Mumbai,Government-Aided,Autonomous,Mumbai University,Autonomous Institute,0301289610,Textile Technology,LOBCS,13782,96.025775,Stage I,2025-26,1,3
03012,"Veermata Jijabai Technological Institute(Vjti), Matunga, Mumbai",Mumbai,Government-Aided,Autonomous,Mumbai University,Autonomous Institute,0301289610,Textile Technology,LSEBCS,22172,93.5688239,Stage I,2025-26,1,3
03012,"Veermata Jijabai Technological Institute(Vjti), Matunga, Mumbai",Mumbai,Government-Aided,Autonomous,Mumbai University,Autonomous Institute,0301289610,Textile Technology,PWDOPENS,129975,54.0903901,Stage I,2025-26,1,3
03012,"Veermata Jijabai Technological Institute(Vjti), Matunga, Mumbai",Mumbai,Government-Aided,Autonomous,Mumbai University,Autonomous Institute,0301289610,Textile Technology,DEFOPENS,22836,93.3751306,Stage I,2025-26,1,3
03012,"Veermata Jijabai Technological Institute(Vjti), Matunga, Mumbai",Mumbai,Government-Aided,Autonomous,Mumbai University,Autonomous Institute,0301289610,Textile Technology,DEFOBCS,55451,83.3397246,Stage I,2025-26,1,3
03012,"Veermata Jijabai Technological Institute(Vjti), Matunga, Mumbai",Mumbai,Government-Aided,Autonomous,Mumbai University,Autonomous Institute,0301289610,Textile Technology,TFWS,12484,96.4091902,Stage I,2025-26,1,3
03012,"Veermata Jijabai Technological Institute(Vjti), Matunga, Mumbai",Mumbai,Government-Aided,Autonomous,Mumbai University,Autonomous Institute,0301289610,Textile Technology,PWDRSCS,165759,32.6791073,Stage I,2025-26,1,3
03012,"Veermata Jijabai Technological Institute(Vjti), Matunga, Mumbai",Mumbai,Government-Aided,Autonomous,Mumbai University,Autonomous Institute,0301289610,Textile Technology,DEFROBCS,33110,90.249489,Stage I,2025-26,1,3
03012,"Veermata Jijabai Technological Institute(Vjti), Matunga, Mumbai",Mumbai,Government-Aided,Autonomous,Mumbai University,Autonomous Institute,0301289610,Textile Technology,EWS,22580,93.4570631,Stage I,2025-26,1,3
03014,"Sardar Patel College Of Engineering, Andheri",Mumbai,Government-Aided,Autonomous,Autonomous Institute,Autonomous Institute,0301419110,Civil Engineering,GOPENS,7111,97.9613808,Stage I,2025-26,1,4
03014,"Sardar Patel College Of Engineering, Andheri",Mumbai,Government-Aided,Autonomous,Autonomous Institute,Autonomous Institute,0301419110,Civil Engineering,GSCS,23699,93.1048951,Stage I,2025-26,1,4
03014,"Sardar Patel College Of Engineering, Andheri",Mumbai,Government-Aided,Autonomous,Autonomous Institute,Autonomous Institute,0301419110,Civil Engineering,GSTS,56805,82.8437868,Stage I,2025-26,1,4
03014,"Sardar Patel College Of Engineering, Andheri",Mumbai,Government-Aided,Autonomous,Autonomous Institute,Autonomous Institute,0301419110,Civil Engineering,GVJS,19493,94.3452901,Stage I,2025-26,1,4
03014,"Sardar Patel College Of Engineering, Andheri",Mumbai,Government-Aided,Autonomous,Autonomous Institute,Autonomous Institute,0301419110,Civil Engineering,GNT2S,13925,95.9991665,Stage I,2025-26,1,4
03014,"Sardar Patel College Of Engineering, Andheri",Mumbai,Government-Aided,Autonomous,Autonomous Institute,Autonomous Institute,0301419110,Civil Engineering,GNT3S,15509,95.5703402,Stage I,2025-26,1,4
03014,"Sardar Patel College Of Engineering, Andheri",Mumbai,Government-Aided,Autonomous,Autonomous Institute,Autonomous Institute,0301419110,Civil Engineering,GOBCS,9824,97.1954276,Stage I,2025-26,1,4
03014,"Sardar Patel College Of Engineering, Andheri",Mumbai,Government-Aided,Autonomous,Autonomous Institute,Autonomous Institute,0301419110,Civil Engineering,GSEBCS,11872,96.5851471,Stage I,2025-26,1,4
03014,"Sardar Patel College Of Engineering, Andheri",Mumbai,Government-Aided,Autonomous,Autonomous Institute,Autonomous Institute,0301419110,Civil Engineering,LOPENS,11678,96.6641485,Stage I,2025-26,1,4
03014,"Sardar Patel College Of Engineering, Andheri",Mumbai,Government-Aided,Autonomous,Autonomous Institute,Autonomous Institute,0301419110,Civil Engineering,LSCS,37197,89.0414266,Stage I,2025-26,1,4
03014,"Sardar Patel College Of Engineering, Andheri",Mumbai,Government-Aided,Autonomous,Autonomous Institute,Autonomous Institute,0301419110,Civil Engineering,LSTS,59460,82.1124479,Stage I,2025-26,1,4
03014,"Sardar Patel College Of Engineering, Andheri",Mumbai,Government-Aided,Autonomous,Autonomous Institute,Autonomous Institute,0301419110,Civil Engineering,LNT1S,18113,94.7771148,Stage I,2025-26,1,4
03014,"Sardar Patel College Of Engineering, Andheri",Mumbai,Government-Aided,Autonomous,Autonomous Institute,Autonomous Institute,0301419110,Civil Engineering,LOBCS,13478,96.1512986,Stage I,2025-26,1,4
03014,"Sardar Patel College Of Engineering, Andheri",Mumbai,Government-Aided,Autonomous,Autonomous Institute,Autonomous Institute,0301419110,Civil Engineering,LSEBCS,35469,89.5355262,Stage I,2025-26,1,4
03014,"Sardar Patel College Of Engineering, Andheri",Mumbai,Government-Aided,Autonomous,Autonomous Institute,Autonomous Institute,0301419110,Civil Engineering,PWDOPENS,105361,65.5190641,Stage I,2025-26,1,4
03014,"Sardar Patel College Of Engineering, Andheri",Mumbai,Government-Aided,Autonomous,Autonomous Institute,Autonomous Institute,0301419110,Civil Engineering,PWDOBCS,149187,43.658874,Stage I,2025-26,1,4
03014,"Sardar Patel College Of Engineering, Andheri",Mumbai,Government-Aided,Autonomous,Autonomous Institute,Autonomous Institute,0301419110,Civil Engineering,DEFOPENS,16927,95.1095384,Stage I,2025-26,1,4
03014,"Sardar Patel College Of Engineering, Andheri",Mumbai,Government-Aided,Autonomous,Autonomous Institute,Autonomous Institute,0301419110,Civil Engineering,DEFOBCS,37846,88.7823852,Stage I,2025-26,1,4
03014,"Sardar Patel College Of Engineering, Andheri",Mumbai,Government-Aided,Autonomous,Autonomous Institute,Autonomous Institute,0301419110,Civil Engineering,TFWS,10986,96.8396626,Stage I,2025-26,1,4
03014,"Sardar Patel College Of Engineering, Andheri",Mumbai,Government-Aided,Autonomous,Autonomous Institute,Autonomous Institute,0301419110,Civil Engineering,PWDROBCS,125706,56.2929777,Stage I,2025-26,1,4
03014,"Sardar Patel College Of Engineering, Andheri",Mumbai,Government-Aided,Autonomous,Autonomous Institute,Autonomous Institute,0301419110,Civil Engineering,DEFRVJS,39949,88.1719651,Stage I,2025-26,1,4
03014,"Sardar Patel College Of Engineering, Andheri",Mumbai,Government-Aided,Autonomous,Autonomous Institute,Autonomous Institute,0301419110,Civil Engineering,EWS,22188,93.5688239,Stage I,2025-26,1,4
03014,"Sardar Patel College Of Engineering, Andheri",Mumbai,Government-Aided,Autonomous,Autonomous Institute,Autonomous Institute,0301429310,Electrical Engineering,GOPENS,3121,99.0517692,Stage I,2025-26,1,4
03014,"Sardar Patel College Of Engineering, Andheri",Mumbai,Government-Aided,Autonomous,Autonomous Institute,Autonomous Institute,0301429310,Electrical Engineering,GSCS,14198,95.9261851,Stage I,2025-26,1,4
03014,"Sardar Patel College Of Engineering, Andheri",Mumbai,Government-Aided,Autonomous,Autonomous Institute,Autonomous Institute,0301429310,Electrical Engineering,GSTS,46002,86.3462208,Stage I,2025-26,1,4
03014,"Sardar Patel College Of Engineering, Andheri",Mumbai,Government-Aided,Autonomous,Autonomous Institute,Autonomous Institute,0301429310,Electrical Engineering,GVJS,10062,97.1070362,Stage I,2025-26,1,4
03014,"Sardar Patel College Of Engineering, Andheri",Mumbai,Government-Aided,Autonomous,Autonomous Institute,Autonomous Institute,0301429310,Electrical Engineering,GNT1S,17241,95.0406335,Stage I,2025-26,1,4
03014,"Sardar Patel College Of Engineering, Andheri",Mumbai,Government-Aided,Autonomous,Autonomous Institute,Autonomous Institute,0301429310,Electrical Engineering,GNT2S,5739,98.3419725,Stage I,2025-26,1,4
03014,"Sardar Patel College Of Engineering, Andheri",Mumbai,Government-Aided,Autonomous,Autonomous Institute,Autonomous Institute,0301429310,Electrical Engineering,GNT3S,8788,97.488382,Stage I,2025-26,1,4
03014,"Sardar Patel College Of Engineering, Andheri",Mumbai,Government-Aided,Autonomous,Autonomous Institute,Autonomous Institute,0301429310,Electrical Engineering,GOBCS,5950,98.2727273,Stage I,2025-26,1,4
03014,"Sardar Patel College Of Engineering, Andheri",Mumbai,Government-Aided,Autonomous,Autonomous Institute,Autonomous Institute,0301429310,Electrical Engineering,GSEBCS,8185,97.6554186,Stage I,2025-26,1,4
03014,"Sardar Patel College Of Engineering, Andheri",Mumbai,Government-Aided,Autonomous,Autonomous Institute,Autonomous Institute,0301429310,Electrical Engineering,LOPENS,4712,98.6123812,Stage I,2025-26,1,4
03014,"Sardar Patel College Of Engineering, Andheri",Mumbai,Government-Aided,Autonomous,Autonomous Institute,Autonomous Institute,0301429310,Electrical Engineering,LSCS,27522,91.972622,Stage I,2025-26,1,4
03014,"Sardar Patel College Of Engineering, Andheri",Mumbai,Government-Aided,Autonomous,Autonomous Institute,Autonomous Institute,0301429310,Electrical Engineering,LSTS,87747,72.102802,Stage I,2025-26,1,4
03014,"Sardar Patel College Of Engineering, Andheri",Mumbai,Government-Aided,Autonomous,Autonomous Institute,Autonomous Institute,0301429310,Electrical Engineering,LVJS,34812,89.8231024,Stage I,2025-26,1,4
03014,"Sardar Patel College Of Engineering, Andheri",Mumbai,Government-Aided,Autonomous,Autonomous Institute,Autonomous Institute,0301429310,Electrical Engineering,LNT2S,19552,94.3275746,Stage I,2025-26,1,4
03014,"Sardar Patel College Of Engineering, Andheri",Mumbai,Government-Aided,Autonomous,Autonomous Institute,Autonomous Institute,0301429310,Electrical Engineering,LNT3S,19452,94.3738279,Stage I,2025-26,1,4
03014,"Sardar Patel College Of Engineering, Andheri",Mumbai,Government-Aided,Autonomous,Autonomous Institute,Autonomous Institute,0301429310,Electrical Engineering,LOBCS,8136,97.6601593,Stage I,2025-26,1,4
03014,"Sardar Patel College Of Engineering, Andheri",Mumbai,Government-Aided,Autonomous,Autonomous Institute,Autonomous Institute,0301429310,Electrical Engineering,LSEBCS,12255,96.4892052,Stage I,2025-26,1,4
03014,"Sardar Patel College Of Engineering, Andheri",Mumbai,Government-Aided,Autonomous,Autonomous Institute,Autonomous Institute,0301429310,Electrical Engineering,PWDOPENS,76636,76.5279741,Stage I,2025-26,1,4
03014,"Sardar Patel College Of Engineering, Andheri",Mumbai,Government-Aided,Autonomous,Autonomous Institute,Autonomous Institute,0301429310,Electrical Engineering,DEFOPENS,14397,95.868115,Stage I,2025-26,1,4
03014,"Sardar Patel College Of Engineering, Andheri",Mumbai,Government-Aided,Autonomous,Autonomous Institute,Autonomous Institute,0301429310,Electrical Engineering,DEFOBCS,26778,92.2299976,Stage I,2025-26,1,4
03014,"Sardar Patel College Of Engineering, Andheri",Mumbai,Government-Aided,Autonomous,Autonomous Institute,Autonomous Institute,0301429310,Electrical Engineering,TFWS,4912,98.5609164,Stage I,2025-26,1,4
03014,"Sardar Patel College Of Engineering, Andheri",Mumbai,Government-Aided,Autonomous,Autonomous Institute,Autonomous Institute,0301429310,Electrical Engineering,PWDRSTS,203669,0.1268714,Stage I,2025-26,1,4
03014,"Sardar Patel College Of Engineering, Andheri",Mumbai,Government-Aided,Autonomous,Autonomous Institute,Autonomous Institute,0301429310,Electrical Engineering,DEFROBCS,23249,93.2557369,Stage I,2025-26,1,4
03014,"Sardar Patel College Of Engineering, Andheri",Mumbai,Government-Aided,Autonomous,Autonomous Institute,Autonomous Institute,0301429310,Electrical Engineering,EWS,9076,97.4020979,Stage I,2025-26,1,4
03014,"Sardar Patel College Of Engineering, Andheri",Mumbai,Government-Aided,Autonomous,Autonomous Institute,Autonomous Institute,0301461210,Mechanical Engineering,GOPENS,3122,99.0517692,Stage I,2025-26,1,4
03014,"Sardar Patel College Of Engineering, Andheri",Mumbai,Government-Aided,Autonomous,Autonomous Institute,Autonomous Institute,0301461210,Mechanical Engineering,GSCS,18548,94.6848871,Stage I,2025-26,1,4
03014,"Sardar Patel College Of Engineering, Andheri",Mumbai,Government-Aided,Autonomous,Autonomous Institute,Autonomous Institute,0301461210,Mechanical Engineering,GSTS,66956,79.6986029,Stage I,2025-26,1,4
03014,"Sardar Patel College Of Engineering, Andheri",Mumbai,Government-Aided,Autonomous,Autonomous Institute,Autonomous Institute,0301461210,Mechanical Engineering,GVJS,17368,94.9773598,Stage I,2025-26,1,4
03014,"Sardar Patel College Of Engineering, Andheri",Mumbai,Government-Aided,Autonomous,Autonomous Institute,Autonomous Institute,0301461210,Mechanical Engineering,GNT1S,13259,96.1861934,Stage I,2025-26,1,4
03014,"Sardar Patel College Of Engineering, Andheri",Mumbai,Government-Aided,Autonomous,Autonomous Institute,Autonomous Institute,0301461210,Mechanical Engineering,GNT2S,10928,96.8499656,Stage I,2025-26,1,4
03014,"Sardar Patel College Of Engineering, Andheri",Mumbai,Government-Aided,Autonomous,Autonomous Institute,Autonomous Institute,0301461210,Mechanical Engineering,GNT3S,6861,98.0215953,Stage I,2025-26,1,4
03014,"Sardar Patel College Of Engineering, Andheri",Mumbai,Government-Aided,Autonomous,Autonomous Institute,Autonomous Institute,0301461210,Mechanical Engineering,GOBCS,6233,98.1984268,Stage I,2025-26,1,4
03014,"Sardar Patel College Of Engineering, Andheri",Mumbai,Government-Aided,Autonomous,Autonomous Institute,Autonomous Institute,0301461210,Mechanical Engineering,GSEBCS,7337,97.8951049,Stage I,2025-26,1,4
03014,"Sardar Patel College Of Engineering, Andheri",Mumbai,Government-Aided,Autonomous,Autonomous Institute,Autonomous Institute,0301461210,Mechanical Engineering,LOPENS,6496,98.1193591,Stage I,2025-26,1,4
03014,"Sardar Patel College Of Engineering, Andheri",Mumbai,Government-Aided,Autonomous,Autonomous Institute,Autonomous Institute,0301461210,Mechanical Engineering,LSCS,21753,93.6851271,Stage I,2025-26,1,4
03014,"Sardar Patel College Of Engineering, Andheri",Mumbai,Government-Aided,Autonomous,Autonomous Institute,Autonomous Institute,0301461210,Mechanical Engineering,LSTS,77422,75.6538462,Stage I,2025-26,1,4
03014,"Sardar Patel College Of Engineering, Andheri",Mumbai,Government-Aided,Autonomous,Autonomous Institute,Autonomous Institute,0301461210,Mechanical Engineering,LNT1S,22744,93.4192837,Stage I,2025-26,1,4
03014,"Sardar Patel College Of Engineering, Andheri",Mumbai,Government-Aided,Autonomous,Autonomous Institute,Autonomous Institute,0301461210,Mechanical Engineering,LOBCS,11598,96.6783217,Stage I,2025-26,1,4
03014,"Sardar Patel College Of Engineering, Andheri",Mumbai,Government-Aided,Autonomous,Autonomous Institute,Autonomous Institute,0301461210,Mechanical Engineering,LSEBCS,15182,95.635667,Stage I,2025-26,1,4
03014,"Sardar Patel College Of Engineering, Andheri",Mumbai,Government-Aided,Autonomous,Autonomous Institute,Autonomous Institute,0301461210,Mechanical Engineering,PWDOPENS,58813,82.2162613,Stage I,2025-26,1,4
03014,"Sardar Patel College Of Engineering, Andheri",Mumbai,Government-Aided,Autonomous,Autonomous Institute,Autonomous Institute,0301461210,Mechanical Engineering,DEFOPENS,12012,96.5454743,Stage I,2025-26,1,4
03014,"Sardar Patel College Of Engineering, Andheri",Mumbai,Government-Aided,Autonomous,Autonomous Institute,Autonomous Institute,0301461210,Mechanical Engineering,DEFOBCS,31646,90.668828,Stage I,2025-26,1,4
03014,"Sardar Patel College Of Engineering, Andheri",Mumbai,Government-Aided,Autonomous,Autonomous Institute,Autonomous Institute,0301461210,Mechanical Engineering,TFWS,4914,98.5609164,Stage I,2025-26,1,4
03014,"Sardar Patel College Of Engineering, Andheri",Mumbai,Government-Aided,Autonomous,Autonomous Institute,Autonomous Institute,0301461210,Mechanical Engineering,DEFRSEBCS,17404,94.958042,Stage I,2025-26,1,4
03014,"Sardar Patel College Of Engineering, Andheri",Mumbai,Government-Aided,Autonomous,Autonomous Institute,Autonomous Institute,0301461210,Mechanical Engineering,EWS,10528,96.9753065,Stage I,2025-26,1,4
03035,"Usha Mittal Institute Of Technology Sndt Women'S University, Mumbai",Mumbai,University Managed (Un-Aided),Non-Autonomous,Sndt Women'S University,Sndt Women'S University,0303390510,Computer Science And Engineering,LOPENS,20823,93.9467062,Stage I,2025-26,1,15
03035,"Usha Mittal Institute Of Technology Sndt Women'S University, Mumbai",Mumbai,University Managed (Un-Aided),Non-Autonomous,Sndt Women'S University,Sndt Women'S University,0303390510,Computer Science And Engineering,LSCS,53731,83.880237,Stage I,2025-26,1,15
03035,"Usha Mittal Institute Of Technology Sndt Women'S University, Mumbai",Mumbai,University Managed (Un-Aided),Non-Autonomous,Sndt Women'S University,Sndt Women'S University,0303390510,Computer Science And Engineering,LSTS,165502,33.0802795,Stage I,2025-26,1,15
03035,"Usha Mittal Institute Of Technology Sndt Women'S University, Mumbai",Mumbai,University Managed (Un-Aided),Non-Autonomous,Sndt Women'S University,Sndt Women'S University,0303390510,Computer Science And Engineering,LVJS,94817,69.4561708,Stage I,2025-26,1,15
03035,"Usha Mittal Institute Of Technology Sndt Women'S University, Mumbai",Mumbai,University Managed (Un-Aided),Non-Autonomous,Sndt Women'S University,Sndt Women'S University,0303390510,Computer Science And Engineering,LNT1S,36224,89.2945239,Stage I,2025-26,1,15
03035,"Usha Mittal Institute Of Technology Sndt Women'S University, Mumbai",Mumbai,University Managed (Un-Aided),Non-Autonomous,Sndt Women'S University,Sndt Women'S University,0303390510,Computer Science And Engineering,LNT2S,27697,91.8738016,Stage I,2025-26,1,15
03035,"Usha Mittal Institute Of Technology Sndt Women'S University, Mumbai",Mumbai,University Managed (Un-Aided),Non-Autonomous,Sndt Women'S University,Sndt Women'S University,0303390510,Computer Science And Engineering,LNT3S,23820,93.0581679,Stage I,2025-26,1,15
03035,"Usha Mittal Institute Of Technology Sndt Women'S University, Mumbai",Mumbai,University Managed (Un-Aided),Non-Autonomous,Sndt Women'S University,Sndt Women'S University,0303390510,Computer Science And Engineering,LOBCS,29013,91.5026371,Stage I,2025-26,1,15
03035,"Usha Mittal Institute Of Technology Sndt Women'S University, Mumbai",Mumbai,University Managed (Un-Aided),Non-Autonomous,Sndt Women'S University,Sndt Women'S University,0303390510,Computer Science And Engineering,LSEBCS,43620,87.0316109,Stage I,2025-26,1,15
03035,"Usha Mittal Institute Of Technology Sndt Women'S University, Mumbai",Mumbai,University Managed (Un-Aided),Non-Autonomous,Sndt Women'S University,Sndt Women'S University,0303390510,Computer Science And Engineering,PWDOPENS,143563,47.0502678,Stage I,2025-26,1,15
03035,"Usha Mittal Institute Of Technology Sndt Women'S University, Mumbai",Mumbai,University Managed (Un-Aided),Non-Autonomous,Sndt Women'S University,Sndt Women'S University,0303390510,Computer Science And Engineering,DEFOPENS,40039,88.1387307,Stage I,2025-26,1,15
03035,"Usha Mittal Institute Of Technology Sndt Women'S University, Mumbai",Mumbai,University Managed (Un-Aided),Non-Autonomous,Sndt Women'S University,Sndt Women'S University,0303390510,Computer Science And Engineering,DEFOBCS,93109,70.2628092,Stage I,2025-26,1,15
03035,"Usha Mittal Institute Of Technology Sndt Women'S University, Mumbai",Mumbai,University Managed (Un-Aided),Non-Autonomous,Sndt Women'S University,Sndt Women'S University,0303390510,Computer Science And Engineering,DEFRNT2S,88233,71.8498844,Stage I,2025-26,1,15
03035,"Usha Mittal Institute Of Technology Sndt Women'S University, Mumbai",Mumbai,University Managed (Un-Aided),Non-Autonomous,Sndt Women'S University,Sndt Women'S University,0303390510,Computer Science And Engineering,EWS,33968,90.0175917,Stage I,2025-26,1,15
03035,"Usha Mittal Institute Of Technology Sndt Women'S University, Mumbai",Mumbai,University Managed (Un-Aided),Non-Autonomous,Sndt Women'S University,Sndt Women'S University,0303390510,Computer Science And Engineering,LOPENS,34550,89.8520525,Stage I,2025-26,1,15
03035,"Usha Mittal Institute Of Technology Sndt Women'S University, Mumbai",Mumbai,University Managed (Un-Aided),Non-Autonomous,Sndt Women'S University,Sndt Women'S University,0303390510,Computer Science And Engineering,LSCS,74791,76.9213781,Stage I,2025-26,1,15
03035,"Usha Mittal Institute Of Technology Sndt Women'S University, Mumbai",Mumbai,University Managed (Un-Aided),Non-Autonomous,Sndt Women'S University,Sndt Women'S University,0303390510,Computer Science And Engineering,LSTS,112071,62.1412608,Stage I,2025-26,1,15
03035,"Usha Mittal Institute Of Technology Sndt Women'S University, Mumbai",Mumbai,University Managed (Un-Aided),Non-Autonomous,Sndt Women'S University,Sndt Women'S University,0303390510,Computer Science And Engineering,LVJS,138467,49.6043895,Stage I,2025-26,1,15
03035,"Usha Mittal Institute Of Technology Sndt Women'S University, Mumbai",Mumbai,University Managed (Un-Aided),Non-Autonomous,Sndt Women'S University,Sndt Women'S University,0303390510,Computer Science And Engineering,LNT1S,61576,81.2846613,Stage I,2025-26,1,15
03035,"Usha Mittal Institute Of Technology Sndt Women'S University, Mumbai",Mumbai,University Managed (Un-Aided),Non-Autonomous,Sndt Women'S University,Sndt Women'S University,0303390510,Computer Science And Engineering,LNT2S,52901,84.1131441,Stage I,2025-26,1,15
03035,"Usha Mittal Institute Of Technology Sndt Women'S University, Mumbai",Mumbai,University Managed (Un-Aided),Non-Autonomous,Sndt Women'S University,Sndt Women'S University,0303390510,Computer Science And Engineering,LNT3S,38194,88.727183,Stage I,2025-26,1,15
03035,"Usha Mittal Institute Of Technology Sndt Women'S University, Mumbai",Mumbai,University Managed (Un-Aided),Non-Autonomous,Sndt Women'S University,Sndt Women'S University,0303390510,Computer Science And Engineering,LOBCS,40171,88.0840044,Stage I,2025-26,1,15
03035,"Usha Mittal Institute Of Technology Sndt Women'S University, Mumbai",Mumbai,University Managed (Un-Aided),Non-Autonomous,Sndt Women'S University,Sndt Women'S University,0303390510,Computer Science And Engineering,LSEBCS,65808,79.9072027,Stage I,2025-26,1,15
03035,"Usha Mittal Institute Of Technology Sndt Women'S University, Mumbai",Mumbai,University Managed (Un-Aided),Non-Autonomous,Sndt Women'S University,Sndt Women'S University,0303390510,Computer Science And Engineering,DEFOPENS,71610,78.2396759,Stage I,2025-26,1,15
03035,"Usha Mittal Institute Of Technology Sndt Women'S University, Mumbai",Mumbai,University Managed (Un-Aided),Non-Autonomous,Sndt Women'S University,Sndt Women'S University,0303390510,Computer Science And Engineering,EWS,78630,75.4048881,Stage I,2025-26,1,15
03035,"Usha Mittal Institute Of Technology Sndt Women'S University, Mumbai",Mumbai,University Managed (Un-Aided),Non-Autonomous,Sndt Women'S University,Sndt Women'S University,0303390510,Computer Science And Engineering,LOPENS,29825,91.3015715,Stage I,2025-26,1,15
03035,"Usha Mittal Institute Of Technology Sndt Women'S University, Mumbai",Mumbai,University Managed (Un-Aided),Non-Autonomous,Sndt Women'S University,Sndt Women'S University,0303390510,Computer Science And Engineering,LSCS,68588,78.8357161,Stage I,2025-26,1,15
03035,"Usha Mittal Institute Of Technology Sndt Women'S University, Mumbai",Mumbai,University Managed (Un-Aided),Non-Autonomous,Sndt Women'S University,Sndt Women'S University,0303390510,Computer Science And Engineering,LVJS,150902,43.031473,Stage I,2025-26,1,15
03035,"Usha Mittal Institute Of Technology Sndt Women'S University, Mumbai",Mumbai,University Managed (Un-Aided),Non-Autonomous,Sndt Women'S University,Sndt Women'S University,0303390510,Computer Science And Engineering,LNT1S,53204,84.0359888,Stage I,2025-26,1,15
03035,"Usha Mittal Institute Of Technology Sndt Women'S University, Mumbai",Mumbai,University Managed (Un-Aided),Non-Autonomous,Sndt Women'S University,Sndt Women'S University,0303390510,Computer Science And Engineering,LNT2S,71898,78.1688442,Stage I,2025-26,1,15
03035,"Usha Mittal Institute Of Technology Sndt Women'S University, Mumbai",Mumbai,University Managed (Un-Aided),Non-Autonomous,Sndt Women'S University,Sndt Women'S University,0303390510,Computer Science And Engineering,LNT3S,34394,89.861767,Stage I,2025-26,1,15
03035,"Usha Mittal Institute Of Technology Sndt Women'S University, Mumbai",Mumbai,University Managed (Un-Aided),Non-Autonomous,Sndt Women'S University,Sndt Women'S University,0303390510,Computer Science And Engineering,LOBCS,39723,88.2484746,Stage I,2025-26,1,15
03035,"Usha Mittal Institute Of Technology Sndt Women'S University, Mumbai",Mumbai,University Managed (Un-Aided),Non-Autonomous,Sndt Women'S University,Sndt Women'S University,0303390510,Computer Science And Engineering,LSEBCS,66373,79.7946282,Stage I,2025-26,1,15
03035,"Usha Mittal Institute Of Technology Sndt Women'S University, Mumbai",Mumbai,University Managed (Un-Aided),Non-Autonomous,Sndt Women'S University,Sndt Women'S University,0303390510,Computer Science And Engineering,DEFOPENS,104892,65.630713,Stage I,2025-26,1,15
03035,"Usha Mittal Institute Of Technology Sndt Women'S University, Mumbai",Mumbai,University Managed (Un-Aided),Non-Autonomous,Sndt Women'S University,Sndt Women'S University,0303390510,Computer Science And Engineering,EWS,67739,79.4832155,Stage I,2025-26,1,15
03035,"Usha Mittal Institute Of Technology Sndt Women'S University, Mumbai",Mumbai,University Managed (Un-Aided),Non-Autonomous,Sndt Women'S University,Sndt Women'S University,0303390510,Computer Science And Engineering,LOPENS,60055,81.8021201,Stage I,2025-26,1,15
03035,"Usha Mittal Institute Of Technology Sndt Women'S University, Mumbai",Mumbai,University Managed (Un-Aided),Non-Autonomous,Sndt Women'S University,Sndt Women'S University,0303390510,Computer Science And Engineering,LSCS,104786,65.630713,Stage I,2025-26,1,15
03035,"Usha Mittal Institute Of Technology Sndt Women'S University, Mumbai",Mumbai,University Managed (Un-Aided),Non-Autonomous,Sndt Women'S University,Sndt Women'S University,0303390510,Computer Science And Engineering,LVJS,102631,66.3795642,Stage I,2025-26,1,15
03035,"Usha Mittal Institute Of Technology Sndt Women'S University, Mumbai",Mumbai,University Managed (Un-Aided),Non-Autonomous,Sndt Women'S University,Sndt Women'S University,0303390510,Computer Science And Engineering,LNT1S,139458,49.3416227,Stage I,2025-26,1,15
03035,"Usha Mittal Institute Of Technology Sndt Women'S University, Mumbai",Mumbai,University Managed (Un-Aided),Non-Autonomous,Sndt Women'S University,Sndt Women'S University,0303390510,Computer Science And Engineering,LNT2S,97998,68.3753318,Stage I,2025-26,1,15
03035,"Usha Mittal Institute Of Technology Sndt Women'S University, Mumbai",Mumbai,University Managed (Un-Aided),Non-Autonomous,Sndt Women'S University,Sndt Women'S University,0303390510,Computer Science And Engineering,LNT3S,87187,72.3760958,Stage I,2025-26,1,15
03035,"Usha Mittal Institute Of Technology Sndt Women'S University, Mumbai",Mumbai,University Managed (Un-Aided),Non-Autonomous,Sndt Women'S University,Sndt Women'S University,0303390510,Computer Science And Engineering,LOBCS,72263,77.9513058,Stage I,2025-26,1,15
03035,"Usha Mittal Institute Of Technology Sndt Women'S University, Mumbai",Mumbai,University Managed (Un-Aided),Non-Autonomous,Sndt Women'S University,Sndt Women'S University,0303390510,Computer Science And Engineering,LSEBCS,137470,50.4913264,Stage I,2025-26,1,15
03035,"Usha Mittal Institute Of Technology Sndt Women'S University, Mumbai",Mumbai,University Managed (Un-Aided),Non-Autonomous,Sndt Women'S University,Sndt Women'S University,0303390510,Computer Science And Engineering,DEFOPENS,150718,43.031473,Stage I,2025-26,1,15
03035,"Usha Mittal Institute Of Technology Sndt Women'S University, Mumbai",Mumbai,University Managed (Un-Aided),Non-Autonomous,Sndt Women'S University,Sndt Women'S University,0303390510,Computer Science And Engineering,EWS,180372,22.4248107,Stage I,2025-26,1,15
03035,"Usha Mittal Institute Of Technology Sndt Women'S University, Mumbai",Mumbai,University Managed (Un-Aided),Non-Autonomous,Sndt Women'S University,Sndt Women'S University,0303390510,Computer Science And Engineering,LOPENS,44717,86.675963,Stage I,2025-26,1,16
03035,"Usha Mittal Institute Of Technology Sndt Women'S University, Mumbai",Mumbai,University Managed (Un-Aided),Non-Autonomous,Sndt Women'S University,Sndt Women'S University,0303390510,Computer Science And Engineering,LSCS,93528,69.8941051,Stage I,2025-26,1,16
03035,"Usha Mittal Institute Of Technology Sndt Women'S University, Mumbai",Mumbai,University Managed (Un-Aided),Non-Autonomous,Sndt Women'S University,Sndt Women'S University,0303390510,Computer Science And Engineering,LVJS,160621,36.1811489,Stage I,2025-26,1,16
03035,"Usha Mittal Institute Of Technology Sndt Women'S University, Mumbai",Mumbai,University Managed (Un-Aided),Non-Autonomous,Sndt Women'S University,Sndt Women'S University,0303390510,Computer Science And Engineering,LNT1S,97102,68.4887011,Stage I,2025-26,1,16
03035,"Usha Mittal Institute Of Technology Sndt Women'S University, Mumbai",Mumbai,University Managed (Un-Aided),Non-Autonomous,Sndt Women'S University,Sndt Women'S University,0303390510,Computer Science And Engineering,LNT2S,56095,83.1060395,Stage I,2025-26,1,16
03035,"Usha Mittal Institute Of Technology Sndt Women'S University, Mumbai",Mumbai,University Managed (Un-Aided),Non-Autonomous,Sndt Women'S University,Sndt Women'S University,0303390510,Computer Science And Engineering,LNT3S,57435,82.777662,Stage I,2025-26,1,16
03035,"Usha Mittal Institute Of Technology Sndt Women'S University, Mumbai",Mumbai,University Managed (Un-Aided),Non-Autonomous,Sndt Women'S University,Sndt Women'S University,0303390510,Computer Science And Engineering,LOBCS,58047,82.3938224,Stage I,2025-26,1,16
03035,"Usha Mittal Institute Of Technology Sndt Women'S University, Mumbai",Mumbai,University Managed (Un-Aided),Non-Autonomous,Sndt Women'S University,Sndt Women'S University,0303390510,Computer Science And Engineering,LSEBCS,89087,71.5830116,Stage I,2025-26,1,16
03035,"Usha Mittal Institute Of Technology Sndt Women'S University, Mumbai",Mumbai,University Managed (Un-Aided),Non-Autonomous,Sndt Women'S University,Sndt Women'S University,0303390510,Computer Science And Engineering,DEFOPENS,105041,65.630713,Stage I,2025-26,1,16
03035,"Usha Mittal Institute Of Technology Sndt Women'S University, Mumbai",Mumbai,University Managed (Un-Aided),Non-Autonomous,Sndt Women'S University,Sndt Women'S University,0303390510,Computer Science And Engineering,EWS,123910,57.0133407,Stage I,2025-26,1,16
03035,"Usha Mittal Institute Of Technology Sndt Women'S University, Mumbai",Mumbai,University Managed (Un-Aided),Non-Autonomous,Sndt Women'S University,Sndt Women'S University,0303390510,Computer Science And Engineering,LOPENS,40258,88.0599617,Stage I,2025-26,1,16
03035,"Usha Mittal Institute Of Technology Sndt Women'S University, Mumbai",Mumbai,University Managed (Un-Aided),Non-Autonomous,Sndt Women'S University,Sndt Women'S University,0303390510,Computer Science And Engineering,LSCS,87197,72.3760958,Stage I,2025-26,1,16
03035,"Usha Mittal Institute Of Technology Sndt Women'S University, Mumbai",Mumbai,University Managed (Un-Aided),Non-Autonomous,Sndt Women'S University,Sndt Women'S University,0303390510,Computer Science And Engineering,LSTS,171567,29.0442453,Stage I,2025-26,1,16
03035,"Usha Mittal Institute Of Technology Sndt Women'S University, Mumbai",Mumbai,University Managed (Un-Aided),Non-Autonomous,Sndt Women'S University,Sndt Women'S University,0303390510,Computer Science And Engineering,LVJS,56025,83.1060395,Stage I,2025-26,1,16
03035,"Usha Mittal Institute Of Technology Sndt Women'S University, Mumbai",Mumbai,University Managed (Un-Aided),Non-Autonomous,Sndt Women'S University,Sndt Women'S University,0303390510,Computer Science And Engineering,LNT1S,85755,73.1347962,Stage I,2025-26,1,16
03035,"Usha Mittal Institute Of Technology Sndt Women'S University, Mumbai",Mumbai,University Managed (Un-Aided),Non-Autonomous,Sndt Women'S University,Sndt Women'S University,0303390510,Computer Science And Engineering,LNT2S,86348,72.7429418,Stage I,2025-26,1,16
03035,"Usha Mittal Institute Of Technology Sndt Women'S University, Mumbai",Mumbai,University Managed (Un-Aided),Non-Autonomous,Sndt Women'S University,Sndt Women'S University,0303390510,Computer Science And Engineering,LNT3S,68838,78.8357161,Stage I,2025-26,1,16
03035,"Usha Mittal Institute Of Technology Sndt Women'S University, Mumbai",Mumbai,University Managed (Un-Aided),Non-Autonomous,Sndt Women'S University,Sndt Women'S University,0303390510,Computer Science And Engineering,LOBCS,49074,85.2260888,Stage I,2025-26,1,16
03035,"Usha Mittal Institute Of Technology Sndt Women'S University, Mumbai",Mumbai,University Managed (Un-Aided),Non-Autonomous,Sndt Women'S University,Sndt Women'S University,0303390510,Computer Science And Engineering,LSEBCS,81607,74.5404987,Stage I,2025-26,1,16
03035,"Usha Mittal Institute Of Technology Sndt Women'S University, Mumbai",Mumbai,University Managed (Un-Aided),Non-Autonomous,Sndt Women'S University,Sndt Women'S University,0303390510,Computer Science And Engineering,DEFOPENS,84698,73.4722277,Stage I,2025-26,1,16
03035,"Usha Mittal Institute Of Technology Sndt Women'S University, Mumbai",Mumbai,University Managed (Un-Aided),Non-Autonomous,Sndt Women'S University,Sndt Women'S University,0303390510,Computer Science And Engineering,DEFOBCS,167712,32.1281783,Stage I,2025-26,1,16
03035,"Usha Mittal Institute Of Technology Sndt Women'S University, Mumbai",Mumbai,University Managed (Un-Aided),Non-Autonomous,Sndt Women'S University,Sndt Women'S University,0303390510,Computer Science And Engineering,EWS,115519,60.634478,Stage I,2025-26,1,16
03036,"Institute Of Chemical Technology, Matunga, Mumbai",Mumbai,Deemed University,Autonomous,Deemed To Be University,Deemed To Be University,0303650710,Chemical Engineering,GOPENS,1645,99.4662839,Stage I,2025-26,1,17
03036,"Institute Of Chemical Technology, Matunga, Mumbai",Mumbai,Deemed University,Autonomous,Deemed To Be University,Deemed To Be University,0303650710,Chemical Engineering,GSCS,12214,96.5118421,Stage I,2025-26,1,17
03036,"Institute Of Chemical Technology, Matunga, Mumbai",Mumbai,Deemed University,Autonomous,Deemed To Be University,Deemed To Be University,0303650710,Chemical Engineering,GSTS,55627,83.2103258,Stage I,2025-26,1,17
03036,"Institute Of Chemical Technology, Matunga, Mumbai",Mumbai,Deemed University,Autonomous,Deemed To Be University,Deemed To Be University,0303650710,Chemical Engineering,GVJS,17571,94.9084767,Stage I,2025-26,1,17
03036,"Institute Of Chemical Technology, Matunga, Mumbai",Mumbai,Deemed University,Autonomous,Deemed To Be University,Deemed To Be University,0303650710,Chemical Engineering,GNT1S,12742,96.3424067,Stage I,2025-26,1,17
03036,"Institute Of Chemical Technology, Matunga, Mumbai",Mumbai,Deemed University,Autonomous,Deemed To Be University,Deemed To Be University,0303650710,Chemical Engineering,GNT2S,6178,98.204487,Stage I,2025-26,1,17
03036,"Institute Of Chemical Technology, Matunga, Mumbai",Mumbai,Deemed University,Autonomous,Deemed To Be University,Deemed To Be University,0303650710,Chemical Engineering,GOBCS,3671,98.9025491,Stage I,2025-26,1,17
03036,"Institute Of Chemical Technology, Matunga, Mumbai",Mumbai,Deemed University,Autonomous,Deemed To Be University,Deemed To Be University,0303650710,Chemical Engineering,GSEBCS,5343,98.4352625,Stage I,2025-26,1,17
03036,"Institute Of Chemical Technology, Matunga, Mumbai",Mumbai,Deemed University,Autonomous,Deemed To Be University,Deemed To Be University,0303650710,Chemical Engineering,LOPENS,2655,99.1755006,Stage I,2025-26,1,17
03036,"Institute Of Chemical Technology, Matunga, Mumbai",Mumbai,Deemed University,Autonomous,Deemed To Be University,Deemed To Be University,0303650710,Chemical Engineering,LSCS,18866,94.5454545,Stage I,2025-26,1,17
03036,"Institute Of Chemical Technology, Matunga, Mumbai",Mumbai,Deemed University,Autonomous,Deemed To Be University,Deemed To Be University,0303650710,Chemical Engineering,LSTS,43448,87.1376478,Stage I,2025-26,1,17
03036,"Institute Of Chemical Technology, Matunga, Mumbai",Mumbai,Deemed University,Autonomous,Deemed To Be University,Deemed To Be University,0303650710,Chemical Engineering,LNT2S,14887,95.7272828,Stage I,2025-26,1,17
03036,"Institute Of Chemical Technology, Matunga, Mumbai",Mumbai,Deemed University,Autonomous,Deemed To Be University,Deemed To Be University,0303650710,Chemical Engineering,LOBCS,7230,97.9220779,Stage I,2025-26,1,17
03036,"Institute Of Chemical Technology, Matunga, Mumbai",Mumbai,Deemed University,Autonomous,Deemed To Be University,Deemed To Be University,0303650710,Chemical Engineering,LSEBCS,8235,97.6503399,Stage I,2025-26,1,17
03036,"Institute Of Chemical Technology, Matunga, Mumbai",Mumbai,Deemed University,Autonomous,Deemed To Be University,Deemed To Be University,0303650710,Chemical Engineering,PWDOPENS,8964,97.4161284,Stage I,2025-26,1,17
03036,"Institute Of Chemical Technology, Matunga, Mumbai",Mumbai,Deemed University,Autonomous,Deemed To Be University,Deemed To Be University,0303650710,Chemical Engineering,DEFOPENS,5113,98.5,Stage I,2025-26,1,17
03036,"Institute Of Chemical Technology, Matunga, Mumbai",Mumbai,Deemed University,Autonomous,Deemed To Be University,Deemed To Be University,0303650710,Chemical Engineering,DEFOBCS,14369,95.868115,Stage I,2025-26,1,17
03036,"Institute Of Chemical Technology, Matunga, Mumbai",Mumbai,Deemed University,Autonomous,Deemed To Be University,Deemed To Be University,0303650710,Chemical Engineering,TFWS,4180,98.776364,Stage I,2025-26,1,17
03036,"Institute Of Chemical Technology, Matunga, Mumbai",Mumbai,Deemed University,Autonomous,Deemed To Be University,Deemed To Be University,0303650710,Chemical Engineering,DEFRSEBCS,18386,94.7364547,Stage I,2025-26,1,17
03036,"Institute Of Chemical Technology, Matunga, Mumbai",Mumbai,Deemed University,Autonomous,Deemed To Be University,Deemed To Be University,0303650710,Chemical Engineering,EWS,5970,98.2727273,Stage I,2025-26,1,17
03036,"Institute Of Chemical Technology, Matunga, Mumbai",Mumbai,Deemed University,Autonomous,Deemed To Be University,Deemed To Be University,0303651110,Dyestuff Technology,GOPENS,5623,98.3671329,Stage I,2025-26,1,17
03036,"Institute Of Chemical Technology, Matunga, Mumbai",Mumbai,Deemed University,Autonomous,Deemed To Be University,Deemed To Be University,0303651110,Dyestuff Technology,GSCS,34797,89.8231024,Stage I,2025-26,1,17
03036,"Institute Of Chemical Technology, Matunga, Mumbai",Mumbai,Deemed University,Autonomous,Deemed To Be University,Deemed To Be University,0303651110,Dyestuff Technology,GNT3S,36077,89.3412389,Stage I,2025-26,1,17
03036,"Institute Of Chemical Technology, Matunga, Mumbai",Mumbai,Deemed University,Autonomous,Deemed To Be University,Deemed To Be University,0303651110,Dyestuff Technology,GOBCS,12791,96.3339223,Stage I,2025-26,1,17
03036,"Institute Of Chemical Technology, Matunga, Mumbai",Mumbai,Deemed University,Autonomous,Deemed To Be University,Deemed To Be University,0303651110,Dyestuff Technology,GSEBCS,18387,94.7364547,Stage I,2025-26,1,17
03036,"Institute Of Chemical Technology, Matunga, Mumbai",Mumbai,Deemed University,Autonomous,Deemed To Be University,Deemed To Be University,0303651110,Dyestuff Technology,LOPENS,7743,97.765875,Stage I,2025-26,1,17
03036,"Institute Of Chemical Technology, Matunga, Mumbai",Mumbai,Deemed University,Autonomous,Deemed To Be University,Deemed To Be University,0303651110,Dyestuff Technology,LOBCS,10633,96.9557645,Stage I,2025-26,1,17
03036,"Institute Of Chemical Technology, Matunga, Mumbai",Mumbai,Deemed University,Autonomous,Deemed To Be University,Deemed To Be University,0303651110,Dyestuff Technology,LSEBCS,22727,93.4192837,Stage I,2025-26,1,17
03036,"Institute Of Chemical Technology, Matunga, Mumbai",Mumbai,Deemed University,Autonomous,Deemed To Be University,Deemed To Be University,0303651110,Dyestuff Technology,TFWS,12988,96.308175,Stage I,2025-26,1,17
03036,"Institute Of Chemical Technology, Matunga, Mumbai",Mumbai,Deemed University,Autonomous,Deemed To Be University,Deemed To Be University,0303651110,Dyestuff Technology,EWS,27161,92.0737359,Stage I,2025-26,1,17
03036,"Institute Of Chemical Technology, Matunga, Mumbai",Mumbai,Deemed University,Autonomous,Deemed To Be University,Deemed To Be University,0303651110,Dyestuff Technology,LSTS,151751,42.7403863,Stage II,2025-26,1,17
03036,"Institute Of Chemical Technology, Matunga, Mumbai",Mumbai,Deemed University,Autonomous,Deemed To Be University,Deemed To Be University,0303651210,"Oil,Oleochemicals And Surfactants Technology",GOPENS,4812,98.5804196,Stage I,2025-26,1,17
03036,"Institute Of Chemical Technology, Matunga, Mumbai",Mumbai,Deemed University,Autonomous,Deemed To Be University,Deemed To Be University,0303651210,"Oil,Oleochemicals And Surfactants Technology",GSCS,13623,96.0898561,Stage I,2025-26,1,17
03036,"Institute Of Chemical Technology, Matunga, Mumbai",Mumbai,Deemed University,Autonomous,Deemed To Be University,Deemed To Be University,0303651210,"Oil,Oleochemicals And Surfactants Technology",GSTS,116926,60.3213757,Stage I,2025-26,1,17
03036,"Institute Of Chemical Technology, Matunga, Mumbai",Mumbai,Deemed University,Autonomous,Deemed To Be University,Deemed To Be University,0303651210,"Oil,Oleochemicals And Surfactants Technology",GNT2S,11518,96.684051,Stage I,2025-26,1,17
03036,"Institute Of Chemical Technology, Matunga, Mumbai",Mumbai,Deemed University,Autonomous,Deemed To Be University,Deemed To Be University,0303651210,"Oil,Oleochemicals And Surfactants Technology",GOBCS,8282,97.6223776,Stage I,2025-26,1,17
03036,"Institute Of Chemical Technology, Matunga, Mumbai",Mumbai,Deemed University,Autonomous,Deemed To Be University,Deemed To Be University,0303651210,"Oil,Oleochemicals And Surfactants Technology",GSEBCS,9583,97.2518286,Stage I,2025-26,1,17
03036,"Institute Of Chemical Technology, Matunga, Mumbai",Mumbai,Deemed University,Autonomous,Deemed To Be University,Deemed To Be University,0303651210,"Oil,Oleochemicals And Surfactants Technology",LOPENS,4176,98.776364,Stage I,2025-26,1,17
03036,"Institute Of Chemical Technology, Matunga, Mumbai",Mumbai,Deemed University,Autonomous,Deemed To Be University,Deemed To Be University,0303651210,"Oil,Oleochemicals And Surfactants Technology",TFWS,8484,97.5585191,Stage I,2025-26,1,17
03036,"Institute Of Chemical Technology, Matunga, Mumbai",Mumbai,Deemed University,Autonomous,Deemed To Be University,Deemed To Be University,0303651210,"Oil,Oleochemicals And Surfactants Technology",EWS,32918,90.3099038,Stage I,2025-26,1,17
03036,"Institute Of Chemical Technology, Matunga, Mumbai",Mumbai,Deemed University,Autonomous,Deemed To Be University,Deemed To Be University,0303651210,"Oil,Oleochemicals And Surfactants Technology",LNT1S,53858,83.880237,Stage II,2025-26,1,17
03036,"Institute Of Chemical Technology, Matunga, Mumbai",Mumbai,Deemed University,Autonomous,Deemed To Be University,Deemed To Be University,0303651310,Pharmaceuticals Chemistry And Technology,GOPENS,778,99.730746,Stage I,2025-26,1,17
03036,"Institute Of Chemical Technology, Matunga, Mumbai",Mumbai,Deemed University,Autonomous,Deemed To Be University,Deemed To Be University,0303651310,Pharmaceuticals Chemistry And Technology,GSTS,39801,89.0897323,Stage I,2025-26,1,17
03036,"Institute Of Chemical Technology, Matunga, Mumbai",Mumbai,Deemed University,Autonomous,Deemed To Be University,Deemed To Be University,0303651310,Pharmaceuticals Chemistry And Technology,GNT1S,7952,97.8626166,Stage I,2025-26,1,17
03036,"Institute Of Chemical Technology, Matunga, Mumbai",Mumbai,Deemed University,Autonomous,Deemed To Be University,Deemed To Be University,0303651310,Pharmaceuticals Chemistry And Technology,GNT2S,3660,98.966961,Stage I,2025-26,1,17
03036,"Institute Of Chemical Technology, Matunga, Mumbai",Mumbai,Deemed University,Autonomous,Deemed To Be University,Deemed To Be University,0303651310,Pharmaceuticals Chemistry And Technology,GSEBCS,6176,98.3040144,Stage I,2025-26,1,17
03036,"Institute Of Chemical Technology, Matunga, Mumbai",Mumbai,Deemed University,Autonomous,Deemed To Be University,Deemed To Be University,0303651310,Pharmaceuticals Chemistry And Technology,LOPENS,356,99.8680258,Stage I,2025-26,1,17
03036,"Institute Of Chemical Technology, Matunga, Mumbai",Mumbai,Deemed University,Autonomous,Deemed To Be University,Deemed To Be University,0303651310,Pharmaceuticals Chemistry And Technology,LSCS,4473,98.7615247,Stage I,2025-26,1,17
03036,"Institute Of Chemical Technology, Matunga, Mumbai",Mumbai,Deemed University,Autonomous,Deemed To Be University,Deemed To Be University,0303651310,Pharmaceuticals Chemistry And Technology,LOBCS,832,99.7137845,Stage I,2025-26,1,17
03036,"Institute Of Chemical Technology, Matunga, Mumbai",Mumbai,Deemed University,Autonomous,Deemed To Be University,Deemed To Be University,0303651310,Pharmaceuticals Chemistry And Technology,TFWS,1845,0.0,Stage I,2025-26,1,17
03036,"Institute Of Chemical Technology, Matunga, Mumbai",Mumbai,Deemed University,Autonomous,Deemed To Be University,Deemed To Be University,0303651310,Pharmaceuticals Chemistry And Technology,PWDROBCS,106011,68.1117918,Stage I,2025-26,1,17
03036,"Institute Of Chemical Technology, Matunga, Mumbai",Mumbai,Deemed University,Autonomous,Deemed To Be University,Deemed To Be University,0303651310,Pharmaceuticals Chemistry And Technology,DEFROBCS,32165,91.2937063,Stage I,2025-26,1,17
03036,"Institute Of Chemical Technology, Matunga, Mumbai",Mumbai,Deemed University,Autonomous,Deemed To Be University,Deemed To Be University,0303651310,Pharmaceuticals Chemistry And Technology,EWS,8067,97.8318665,Stage I,2025-26,1,17
03036,"Institute Of Chemical Technology, Matunga, Mumbai",Mumbai,Deemed University,Autonomous,Deemed To Be University,Deemed To Be University,0303651410,Fibres And Textile Processing Technology,GOPENS,10691,96.9438791,Stage I,2025-26,1,18
03036,"Institute Of Chemical Technology, Matunga, Mumbai",Mumbai,Deemed University,Autonomous,Deemed To Be University,Deemed To Be University,0303651410,Fibres And Textile Processing Technology,GSCS,37332,88.9773781,Stage I,2025-26,1,18
03036,"Institute Of Chemical Technology, Matunga, Mumbai",Mumbai,Deemed University,Autonomous,Deemed To Be University,Deemed To Be University,0303651410,Fibres And Textile Processing Technology,GNT3S,56344,82.9717485,Stage I,2025-26,1,18
03036,"Institute Of Chemical Technology, Matunga, Mumbai",Mumbai,Deemed University,Autonomous,Deemed To Be University,Deemed To Be University,0303651410,Fibres And Textile Processing Technology,GOBCS,15500,95.5725809,Stage I,2025-26,1,18
03036,"Institute Of Chemical Technology, Matunga, Mumbai",Mumbai,Deemed University,Autonomous,Deemed To Be University,Deemed To Be University,0303651410,Fibres And Textile Processing Technology,GSEBCS,20729,93.9883008,Stage I,2025-26,1,18
03036,"Institute Of Chemical Technology, Matunga, Mumbai",Mumbai,Deemed University,Autonomous,Deemed To Be University,Deemed To Be University,0303651410,Fibres And Textile Processing Technology,LOPENS,12230,96.5118421,Stage I,2025-26,1,18
03036,"Institute Of Chemical Technology, Matunga, Mumbai",Mumbai,Deemed University,Autonomous,Deemed To Be University,Deemed To Be University,0303651410,Fibres And Textile Processing Technology,LSCS,43554,87.0323929,Stage I,2025-26,1,18
03036,"Institute Of Chemical Technology, Matunga, Mumbai",Mumbai,Deemed University,Autonomous,Deemed To Be University,Deemed To Be University,0303651410,Fibres And Textile Processing Technology,LVJS,56978,82.837277,Stage I,2025-26,1,18
03036,"Institute Of Chemical Technology, Matunga, Mumbai",Mumbai,Deemed University,Autonomous,Deemed To Be University,Deemed To Be University,0303651410,Fibres And Textile Processing Technology,LOBCS,17438,94.958042,Stage I,2025-26,1,18
03036,"Institute Of Chemical Technology, Matunga, Mumbai",Mumbai,Deemed University,Autonomous,Deemed To Be University,Deemed To Be University,0303651410,Fibres And Textile Processing Technology,LSEBCS,22946,93.3531469,Stage I,2025-26,1,18
03036,"Institute Of Chemical Technology, Matunga, Mumbai",Mumbai,Deemed University,Autonomous,Deemed To Be University,Deemed To Be University,0303651410,Fibres And Textile Processing Technology,TFWS,14122,95.9560746,Stage I,2025-26,1,18
03036,"Institute Of Chemical Technology, Matunga, Mumbai",Mumbai,Deemed University,Autonomous,Deemed To Be University,Deemed To Be University,0303651410,Fibres And Textile Processing Technology,DEFRSCS,48178,85.6182564,Stage I,2025-26,1,18
03036,"Institute Of Chemical Technology, Matunga, Mumbai",Mumbai,Deemed University,Autonomous,Deemed To Be University,Deemed To Be University,0303651410,Fibres And Textile Processing Technology,EWS,28631,91.6544074,Stage I,2025-26,1,18
03036,"Institute Of Chemical Technology, Matunga, Mumbai",Mumbai,Deemed University,Autonomous,Deemed To Be University,Deemed To Be University,0303651410,Fibres And Textile Processing Technology,LSTS,89509,71.5562808,Stage II,2025-26,1,18
03036,"Institute Of Chemical Technology, Matunga, Mumbai",Mumbai,Deemed University,Autonomous,Deemed To Be University,Deemed To Be University,0303651910,Polymer Engineering And Technology,GOPENS,3262,99.0185463,Stage I,2025-26,1,18
03036,"Institute Of Chemical Technology, Matunga, Mumbai",Mumbai,Deemed University,Autonomous,Deemed To Be University,Deemed To Be University,0303651910,Polymer Engineering And Technology,GSCS,20551,94.0544184,Stage I,2025-26,1,18
03036,"Institute Of Chemical Technology, Matunga, Mumbai",Mumbai,Deemed University,Autonomous,Deemed To Be University,Deemed To Be University,0303651910,Polymer Engineering And Technology,GSTS,71525,78.2396759,Stage I,2025-26,1,18
03036,"Institute Of Chemical Technology, Matunga, Mumbai",Mumbai,Deemed University,Autonomous,Deemed To Be University,Deemed To Be University,0303651910,Polymer Engineering And Technology,GNT1S,16024,95.3983854,Stage I,2025-26,1,18
03036,"Institute Of Chemical Technology, Matunga, Mumbai",Mumbai,Deemed University,Autonomous,Deemed To Be University,Deemed To Be University,0303651910,Polymer Engineering And Technology,GOBCS,4582,98.650363,Stage I,2025-26,1,18
03036,"Institute Of Chemical Technology, Matunga, Mumbai",Mumbai,Deemed University,Autonomous,Deemed To Be University,Deemed To Be University,0303651910,Polymer Engineering And Technology,LOPENS,3683,98.9025491,Stage I,2025-26,1,18
03036,"Institute Of Chemical Technology, Matunga, Mumbai",Mumbai,Deemed University,Autonomous,Deemed To Be University,Deemed To Be University,0303651910,Polymer Engineering And Technology,LSEBCS,10598,96.9659622,Stage I,2025-26,1,18
03036,"Institute Of Chemical Technology, Matunga, Mumbai",Mumbai,Deemed University,Autonomous,Deemed To Be University,Deemed To Be University,0303651910,Polymer Engineering And Technology,TFWS,10260,97.0577076,Stage I,2025-26,1,18
03036,"Institute Of Chemical Technology, Matunga, Mumbai",Mumbai,Deemed University,Autonomous,Deemed To Be University,Deemed To Be University,0303651910,Polymer Engineering And Technology,DEFROBCS,38664,88.5573886,Stage I,2025-26,1,18
03036,"Institute Of Chemical Technology, Matunga, Mumbai",Mumbai,Deemed University,Autonomous,Deemed To Be University,Deemed To Be University,0303651910,Polymer Engineering And Technology,EWS,12487,96.4091902,Stage I,2025-26,1,18
03036,"Institute Of Chemical Technology, Matunga, Mumbai",Mumbai,Deemed University,Autonomous,Deemed To Be University,Deemed To Be University,0303653410,Food Engineering And Technology,GOPENS,1513,99.5293708,Stage I,2025-26,1,18
03036,"Institute Of Chemical Technology, Matunga, Mumbai",Mumbai,Deemed University,Autonomous,Deemed To Be University,Deemed To Be University,0303653410,Food Engineering And Technology,GSCS,6440,98.2477868,Stage I,2025-26,1,18
03036,"Institute Of Chemical Technology, Matunga, Mumbai",Mumbai,Deemed University,Autonomous,Deemed To Be University,Deemed To Be University,0303653410,Food Engineering And Technology,GSTS,29377,92.0400779,Stage I,2025-26,1,18
03036,"Institute Of Chemical Technology, Matunga, Mumbai",Mumbai,Deemed University,Autonomous,Deemed To Be University,Deemed To Be University,0303653410,Food Engineering And Technology,GOBCS,3492,99.0060561,Stage I,2025-26,1,18
03036,"Institute Of Chemical Technology, Matunga, Mumbai",Mumbai,Deemed University,Autonomous,Deemed To Be University,Deemed To Be University,0303653410,Food Engineering And Technology,GSEBCS,5151,98.5720227,Stage I,2025-26,1,18
03036,"Institute Of Chemical Technology, Matunga, Mumbai",Mumbai,Deemed University,Autonomous,Deemed To Be University,Deemed To Be University,0303653410,Food Engineering And Technology,LOPENS,326,99.8751791,Stage I,2025-26,1,18
03036,"Institute Of Chemical Technology, Matunga, Mumbai",Mumbai,Deemed University,Autonomous,Deemed To Be University,Deemed To Be University,0303653410,Food Engineering And Technology,LSCS,5883,98.4050668,Stage I,2025-26,1,18
03036,"Institute Of Chemical Technology, Matunga, Mumbai",Mumbai,Deemed University,Autonomous,Deemed To Be University,Deemed To Be University,0303653410,Food Engineering And Technology,LOBCS,3257,99.0579776,Stage I,2025-26,1,18
03036,"Institute Of Chemical Technology, Matunga, Mumbai",Mumbai,Deemed University,Autonomous,Deemed To Be University,Deemed To Be University,0303653410,Food Engineering And Technology,TFWS,1574,0.0,Stage I,2025-26,1,18
03036,"Institute Of Chemical Technology, Matunga, Mumbai",Mumbai,Deemed University,Autonomous,Deemed To Be University,Deemed To Be University,0303653410,Food Engineering And Technology,DEFRSEBCS,42207,88.42129,Stage I,2025-26,1,18
03036,"Institute Of Chemical Technology, Matunga, Mumbai",Mumbai,Deemed University,Autonomous,Deemed To Be University,Deemed To Be University,0303653410,Food Engineering And Technology,EWS,4773,98.6862263,Stage I,2025-26,1,18
03036,"Institute Of Chemical Technology, Matunga, Mumbai",Mumbai,Deemed University,Autonomous,Deemed To Be University,Deemed To Be University,0303672910,Surface Coating Technology,GOPENS,5943,98.2737044,Stage I,2025-26,1,18
03036,"Institute Of Chemical Technology, Matunga, Mumbai",Mumbai,Deemed University,Autonomous,Deemed To Be University,Deemed To Be University,0303672910,Surface Coating Technology,GSCS,24338,92.9187706,Stage I,2025-26,1,18
03036,"Institute Of Chemical Technology, Matunga, Mumbai",Mumbai,Deemed University,Autonomous,Deemed To Be University,Deemed To Be University,0303672910,Surface Coating Technology,GVJS,17319,94.998245,Stage I,2025-26,1,18
03036,"Institute Of Chemical Technology, Matunga, Mumbai",Mumbai,Deemed University,Autonomous,Deemed To Be University,Deemed To Be University,0303672910,Surface Coating Technology,GOBCS,7804,97.7549689,Stage I,2025-26,1,18
03036,"Institute Of Chemical Technology, Matunga, Mumbai",Mumbai,Deemed University,Autonomous,Deemed To Be University,Deemed To Be University,0303672910,Surface Coating Technology,GSEBCS,11152,96.807386,Stage I,2025-26,1,18
03036,"Institute Of Chemical Technology, Matunga, Mumbai",Mumbai,Deemed University,Autonomous,Deemed To Be University,Deemed To Be University,0303672910,Surface Coating Technology,LOPENS,6928,98.0091509,Stage I,2025-26,1,18
03036,"Institute Of Chemical Technology, Matunga, Mumbai",Mumbai,Deemed University,Autonomous,Deemed To Be University,Deemed To Be University,0303672910,Surface Coating Technology,LNT3S,38894,88.5563899,Stage I,2025-26,1,18
03036,"Institute Of Chemical Technology, Matunga, Mumbai",Mumbai,Deemed University,Autonomous,Deemed To Be University,Deemed To Be University,0303672910,Surface Coating Technology,LOBCS,9668,97.2306072,Stage I,2025-26,1,18
03036,"Institute Of Chemical Technology, Matunga, Mumbai",Mumbai,Deemed University,Autonomous,Deemed To Be University,Deemed To Be University,0303672910,Surface Coating Technology,TFWS,9122,97.3888223,Stage I,2025-26,1,18
03036,"Institute Of Chemical Technology, Matunga, Mumbai",Mumbai,Deemed University,Autonomous,Deemed To Be University,Deemed To Be University,0303672910,Surface Coating Technology,EWS,22621,93.4570631,Stage I,2025-26,1,18
03135,"Manjara Charitable Trust'S Rajiv Gandhi Institute Of Technology, Mumbai",Mumbai,Un-Aided,Non-Autonomous,Mumbai University,Mumbai University,0313524510,Computer Engineering,GOPENH,14852,95.7427005,Stage I,2025-26,1,24
03135,"Manjara Charitable Trust'S Rajiv Gandhi Institute Of Technology, Mumbai",Mumbai,Un-Aided,Non-Autonomous,Mumbai University,Mumbai University,0313524510,Computer Engineering,GSCH,24114,92.9765542,Stage I,2025-26,1,24
03135,"Manjara Charitable Trust'S Rajiv Gandhi Institute Of Technology, Mumbai",Mumbai,Un-Aided,Non-Autonomous,Mumbai University,Mumbai University,0313524510,Computer Engineering,GSTH,100695,67.1459332,Stage I,2025-26,1,24
03135,"Manjara Charitable Trust'S Rajiv Gandhi Institute Of Technology, Mumbai",Mumbai,Un-Aided,Non-Autonomous,Mumbai University,Mumbai University,0313524510,Computer Engineering,GVJH,24896,92.7307558,Stage I,2025-26,1,24
03135,"Manjara Charitable Trust'S Rajiv Gandhi Institute Of Technology, Mumbai",Mumbai,Un-Aided,Non-Autonomous,Mumbai University,Mumbai University,0313524510,Computer Engineering,GNT1H,22947,93.3531469,Stage I,2025-26,1,24
03135,"Manjara Charitable Trust'S Rajiv Gandhi Institute Of Technology, Mumbai",Mumbai,Un-Aided,Non-Autonomous,Mumbai University,Mumbai University,0313524510,Computer Engineering,GNT2H,24425,92.9168662,Stage I,2025-26,1,24
03135,"Manjara Charitable Trust'S Rajiv Gandhi Institute Of Technology, Mumbai",Mumbai,Un-Aided,Non-Autonomous,Mumbai University,Mumbai University,0313524510,Computer Engineering,GOBCH,18394,94.7159159,Stage I,2025-26,1,24
03135,"Manjara Charitable Trust'S Rajiv Gandhi Institute Of Technology, Mumbai",Mumbai,Un-Aided,Non-Autonomous,Mumbai University,Mumbai University,0313524510,Computer Engineering,GSEBCH,25021,92.7137598,Stage I,2025-26,1,24
03135,"Manjara Charitable Trust'S Rajiv Gandhi Institute Of Technology, Mumbai",Mumbai,Un-Aided,Non-Autonomous,Mumbai University,Mumbai University,0313524510,Computer Engineering,LOPENH,10092,97.1042471,Stage I,2025-26,1,24
03135,"Manjara Charitable Trust'S Rajiv Gandhi Institute Of Technology, Mumbai",Mumbai,Un-Aided,Non-Autonomous,Mumbai University,Mumbai University,0313524510,Computer Engineering,LSCH,24872,92.7307558,Stage I,2025-26,1,24
03135,"Manjara Charitable Trust'S Rajiv Gandhi Institute Of Technology, Mumbai",Mumbai,Un-Aided,Non-Autonomous,Mumbai University,Mumbai University,0313524510,Computer Engineering,LNT3H,20269,94.1411405,Stage I,2025-26,1,24
03135,"Manjara Charitable Trust'S Rajiv Gandhi Institute Of Technology, Mumbai",Mumbai,Un-Aided,Non-Autonomous,Mumbai University,Mumbai University,0313524510,Computer Engineering,LOBCH,18135,94.7771148,Stage I,2025-26,1,24
03135,"Manjara Charitable Trust'S Rajiv Gandhi Institute Of Technology, Mumbai",Mumbai,Un-Aided,Non-Autonomous,Mumbai University,Mumbai University,0313524510,Computer Engineering,LSEBCH,26354,92.3341523,Stage I,2025-26,1,24
03135,"Manjara Charitable Trust'S Rajiv Gandhi Institute Of Technology, Mumbai",Mumbai,Un-Aided,Non-Autonomous,Mumbai University,Mumbai University,0313524510,Computer Engineering,PWDOPENH,103553,65.8992965,Stage I,2025-26,1,24
03135,"Manjara Charitable Trust'S Rajiv Gandhi Institute Of Technology, Mumbai",Mumbai,Un-Aided,Non-Autonomous,Mumbai University,Mumbai University,0313524510,Computer Engineering,GOPENO,19051,94.4932607,Stage I,2025-26,1,24
03135,"Manjara Charitable Trust'S Rajiv Gandhi Institute Of Technology, Mumbai",Mumbai,Un-Aided,Non-Autonomous,Mumbai University,Mumbai University,0313524510,Computer Engineering,GSCO,29757,91.3082283,Stage I,2025-26,1,24
03135,"Manjara Charitable Trust'S Rajiv Gandhi Institute Of Technology, Mumbai",Mumbai,Un-Aided,Non-Autonomous,Mumbai University,Mumbai University,0313524510,Computer Engineering,GSTO,141704,47.8015007,Stage I,2025-26,1,24
03135,"Manjara Charitable Trust'S Rajiv Gandhi Institute Of Technology, Mumbai",Mumbai,Un-Aided,Non-Autonomous,Mumbai University,Mumbai University,0313524510,Computer Engineering,GNT1O,27847,91.8508049,Stage I,2025-26,1,24
03135,"Manjara Charitable Trust'S Rajiv Gandhi Institute Of Technology, Mumbai",Mumbai,Un-Aided,Non-Autonomous,Mumbai University,Mumbai University,0313524510,Computer Engineering,GNT2O,23832,93.0581679,Stage I,2025-26,1,24
03135,"Manjara Charitable Trust'S Rajiv Gandhi Institute Of Technology, Mumbai",Mumbai,Un-Aided,Non-Autonomous,Mumbai University,Mumbai University,0313524510,Computer Engineering,GNT3O,23970,92.997543,Stage I,2025-26,1,24
03135,"Manjara Charitable Trust'S Rajiv Gandhi Institute Of Technology, Mumbai",Mumbai,Un-Aided,Non-Autonomous,Mumbai University,Mumbai University,0313524510,Computer Engineering,GOBCO,20137,94.1659305,Stage I,2025-26,1,24
03135,"Manjara Charitable Trust'S Rajiv Gandhi Institute Of Technology, Mumbai",Mumbai,Un-Aided,Non-Autonomous,Mumbai University,Mumbai University,0313524510,Computer Engineering,GSEBCO,28575,91.6927138,Stage I,2025-26,1,24
03135,"Manjara Charitable Trust'S Rajiv Gandhi Institute Of Technology, Mumbai",Mumbai,Un-Aided,Non-Autonomous,Mumbai University,Mumbai University,0313524510,Computer Engineering,LOPENO,21061,93.8910884,Stage I,2025-26,1,24
03135,"Manjara Charitable Trust'S Rajiv Gandhi Institute Of Technology, Mumbai",Mumbai,Un-Aided,Non-Autonomous,Mumbai University,Mumbai University,0313524510,Computer Engineering,LSCO,37455,88.9609194,Stage I,2025-26,1,24
03135,"Manjara Charitable Trust'S Rajiv Gandhi Institute Of Technology, Mumbai",Mumbai,Un-Aided,Non-Autonomous,Mumbai University,Mumbai University,0313524510,Computer Engineering,LSTO,156995,39.3601986,Stage I,2025-26,1,24
03135,"Manjara Charitable Trust'S Rajiv Gandhi Institute Of Technology, Mumbai",Mumbai,Un-Aided,Non-Autonomous,Mumbai University,Mumbai University,0313524510,Computer Engineering,LVJO,73732,77.1296846,Stage I,2025-26,1,24
03135,"Manjara Charitable Trust'S Rajiv Gandhi Institute Of Technology, Mumbai",Mumbai,Un-Aided,Non-Autonomous,Mumbai University,Mumbai University,0313524510,Computer Engineering,LOBCO,23010,93.2783433,Stage I,2025-26,1,24
03135,"Manjara Charitable Trust'S Rajiv Gandhi Institute Of Technology, Mumbai",Mumbai,Un-Aided,Non-Autonomous,Mumbai University,Mumbai University,0313524510,Computer Engineering,DEFOPENS,27767,91.8528438,Stage I,2025-26,1,24
03135,"Manjara Charitable Trust'S Rajiv Gandhi Institute Of Technology, Mumbai",Mumbai,Un-Aided,Non-Autonomous,Mumbai University,Mumbai University,0313524510,Computer Engineering,DEFOBCS,48419,85.5729148,Stage I,2025-26,1,24
03135,"Manjara Charitable Trust'S Rajiv Gandhi Institute Of Technology, Mumbai",Mumbai,Un-Aided,Non-Autonomous,Mumbai University,Mumbai University,0313524510,Computer Engineering,TFWS,12555,96.3986014,Stage I,2025-26,1,24
03135,"Manjara Charitable Trust'S Rajiv Gandhi Institute Of Technology, Mumbai",Mumbai,Un-Aided,Non-Autonomous,Mumbai University,Mumbai University,0313524510,Computer Engineering,EWS,31903,90.6536517,Stage I,2025-26,1,24
03135,"Manjara Charitable Trust'S Rajiv Gandhi Institute Of Technology, Mumbai",Mumbai,Un-Aided,Non-Autonomous,Mumbai University,Mumbai University,0313524610,Information Technology,GOPENH,19556,94.3275746,Stage I,2025-26,1,25
03135,"Manjara Charitable Trust'S Rajiv Gandhi Institute Of Technology, Mumbai",Mumbai,Un-Aided,Non-Autonomous,Mumbai University,Mumbai University,0313524610,Information Technology,GSCH,29453,91.3523651,Stage I,2025-26,1,25
03135,"Manjara Charitable Trust'S Rajiv Gandhi Institute Of Technology, Mumbai",Mumbai,Un-Aided,Non-Autonomous,Mumbai University,Mumbai University,0313524610,Information Technology,GSTH,130999,53.6771201,Stage I,2025-26,1,25
03135,"Manjara Charitable Trust'S Rajiv Gandhi Institute Of Technology, Mumbai",Mumbai,Un-Aided,Non-Autonomous,Mumbai University,Mumbai University,0313524610,Information Technology,GNT1H,34786,89.8231024,Stage I,2025-26,1,25
03135,"Manjara Charitable Trust'S Rajiv Gandhi Institute Of Technology, Mumbai",Mumbai,Un-Aided,Non-Autonomous,Mumbai University,Mumbai University,0313524610,Information Technology,GNT2H,27362,92.0354593,Stage I,2025-26,1,25
03135,"Manjara Charitable Trust'S Rajiv Gandhi Institute Of Technology, Mumbai",Mumbai,Un-Aided,Non-Autonomous,Mumbai University,Mumbai University,0313524610,Information Technology,GNT3H,27215,92.0411007,Stage I,2025-26,1,25
03135,"Manjara Charitable Trust'S Rajiv Gandhi Institute Of Technology, Mumbai",Mumbai,Un-Aided,Non-Autonomous,Mumbai University,Mumbai University,0313524610,Information Technology,GOBCH,22549,93.4619887,Stage I,2025-26,1,25
03135,"Manjara Charitable Trust'S Rajiv Gandhi Institute Of Technology, Mumbai",Mumbai,Un-Aided,Non-Autonomous,Mumbai University,Mumbai University,0313524610,Information Technology,GSEBCH,32567,90.4253432,Stage I,2025-26,1,25
03135,"Manjara Charitable Trust'S Rajiv Gandhi Institute Of Technology, Mumbai",Mumbai,Un-Aided,Non-Autonomous,Mumbai University,Mumbai University,0313524610,Information Technology,LOPENH,18281,94.7397468,Stage I,2025-26,1,25
03135,"Manjara Charitable Trust'S Rajiv Gandhi Institute Of Technology, Mumbai",Mumbai,Un-Aided,Non-Autonomous,Mumbai University,Mumbai University,0313524610,Information Technology,LSCH,40578,87.9466479,Stage I,2025-26,1,25
03135,"Manjara Charitable Trust'S Rajiv Gandhi Institute Of Technology, Mumbai",Mumbai,Un-Aided,Non-Autonomous,Mumbai University,Mumbai University,0313524610,Information Technology,LSTH,192565,12.3781915,Stage I,2025-26,1,25
03135,"Manjara Charitable Trust'S Rajiv Gandhi Institute Of Technology, Mumbai",Mumbai,Un-Aided,Non-Autonomous,Mumbai University,Mumbai University,0313524610,Information Technology,LVJH,68853,78.8357161,Stage I,2025-26,1,25
03135,"Manjara Charitable Trust'S Rajiv Gandhi Institute Of Technology, Mumbai",Mumbai,Un-Aided,Non-Autonomous,Mumbai University,Mumbai University,0313524610,Information Technology,LNT1H,47825,85.8461538,Stage I,2025-26,1,25
03135,"Manjara Charitable Trust'S Rajiv Gandhi Institute Of Technology, Mumbai",Mumbai,Un-Aided,Non-Autonomous,Mumbai University,Mumbai University,0313524610,Information Technology,LNT2H,34200,89.9860676,Stage I,2025-26,1,25
03135,"Manjara Charitable Trust'S Rajiv Gandhi Institute Of Technology, Mumbai",Mumbai,Un-Aided,Non-Autonomous,Mumbai University,Mumbai University,0313524610,Information Technology,LOBCH,21194,93.8708608,Stage I,2025-26,1,25
03135,"Manjara Charitable Trust'S Rajiv Gandhi Institute Of Technology, Mumbai",Mumbai,Un-Aided,Non-Autonomous,Mumbai University,Mumbai University,0313524610,Information Technology,LSEBCH,31458,90.7235685,Stage I,2025-26,1,25
03135,"Manjara Charitable Trust'S Rajiv Gandhi Institute Of Technology, Mumbai",Mumbai,Un-Aided,Non-Autonomous,Mumbai University,Mumbai University,0313524610,Information Technology,PWDOPENH,120102,58.8525307,Stage I,2025-26,1,25
03135,"Manjara Charitable Trust'S Rajiv Gandhi Institute Of Technology, Mumbai",Mumbai,Un-Aided,Non-Autonomous,Mumbai University,Mumbai University,0313524610,Information Technology,GOPENO,24036,92.9807126,Stage I,2025-26,1,25
03135,"Manjara Charitable Trust'S Rajiv Gandhi Institute Of Technology, Mumbai",Mumbai,Un-Aided,Non-Autonomous,Mumbai University,Mumbai University,0313524610,Information Technology,GSCO,36292,89.2894353,Stage I,2025-26,1,25
03135,"Manjara Charitable Trust'S Rajiv Gandhi Institute Of Technology, Mumbai",Mumbai,Un-Aided,Non-Autonomous,Mumbai University,Mumbai University,0313524610,Information Technology,GSTO,161472,36.0836122,Stage I,2025-26,1,25
03135,"Manjara Charitable Trust'S Rajiv Gandhi Institute Of Technology, Mumbai",Mumbai,Un-Aided,Non-Autonomous,Mumbai University,Mumbai University,0313524610,Information Technology,GVJO,52423,84.3018999,Stage I,2025-26,1,25
03135,"Manjara Charitable Trust'S Rajiv Gandhi Institute Of Technology, Mumbai",Mumbai,Un-Aided,Non-Autonomous,Mumbai University,Mumbai University,0313524610,Information Technology,GNT2O,29999,91.2776413,Stage I,2025-26,1,25
03135,"Manjara Charitable Trust'S Rajiv Gandhi Institute Of Technology, Mumbai",Mumbai,Un-Aided,Non-Autonomous,Mumbai University,Mumbai University,0313524610,Information Technology,GNT3O,28097,91.7521019,Stage I,2025-26,1,25
03135,"Manjara Charitable Trust'S Rajiv Gandhi Institute Of Technology, Mumbai",Mumbai,Un-Aided,Non-Autonomous,Mumbai University,Mumbai University,0313524610,Information Technology,GOBCO,24895,92.7307558,Stage I,2025-26,1,25
03135,"Manjara Charitable Trust'S Rajiv Gandhi Institute Of Technology, Mumbai",Mumbai,Un-Aided,Non-Autonomous,Mumbai University,Mumbai University,0313524610,Information Technology,GSEBCO,36291,89.2894353,Stage I,2025-26,1,25
03135,"Manjara Charitable Trust'S Rajiv Gandhi Institute Of Technology, Mumbai",Mumbai,Un-Aided,Non-Autonomous,Mumbai University,Mumbai University,0313524610,Information Technology,LOPENO,24069,92.9807126,Stage I,2025-26,1,25
03135,"Manjara Charitable Trust'S Rajiv Gandhi Institute Of Technology, Mumbai",Mumbai,Un-Aided,Non-Autonomous,Mumbai University,Mumbai University,0313524610,Information Technology,LOBCO,25246,92.6563556,Stage I,2025-26,1,25
03135,"Manjara Charitable Trust'S Rajiv Gandhi Institute Of Technology, Mumbai",Mumbai,Un-Aided,Non-Autonomous,Mumbai University,Mumbai University,0313524610,Information Technology,LSEBCO,37146,89.0680212,Stage I,2025-26,1,25
03135,"Manjara Charitable Trust'S Rajiv Gandhi Institute Of Technology, Mumbai",Mumbai,Un-Aided,Non-Autonomous,Mumbai University,Mumbai University,0313524610,Information Technology,DEFOPENS,38410,88.6328671,Stage I,2025-26,1,25
03135,"Manjara Charitable Trust'S Rajiv Gandhi Institute Of Technology, Mumbai",Mumbai,Un-Aided,Non-Autonomous,Mumbai University,Mumbai University,0313524610,Information Technology,DEFSCS,201176,3.4408227,Stage I,2025-26,1,25
03135,"Manjara Charitable Trust'S Rajiv Gandhi Institute Of Technology, Mumbai",Mumbai,Un-Aided,Non-Autonomous,Mumbai University,Mumbai University,0313524610,Information Technology,DEFOBCS,50136,85.0571556,Stage I,2025-26,1,25
03135,"Manjara Charitable Trust'S Rajiv Gandhi Institute Of Technology, Mumbai",Mumbai,Un-Aided,Non-Autonomous,Mumbai University,Mumbai University,0313524610,Information Technology,TFWS,17901,94.8202997,Stage I,2025-26,1,25
03135,"Manjara Charitable Trust'S Rajiv Gandhi Institute Of Technology, Mumbai",Mumbai,Un-Aided,Non-Autonomous,Mumbai University,Mumbai University,0313524610,Information Technology,EWS,45073,86.6718198,Stage I,2025-26,1,25
03135,"Manjara Charitable Trust'S Rajiv Gandhi Institute Of Technology, Mumbai",Mumbai,Un-Aided,Non-Autonomous,Mumbai University,Mumbai University,0313537210,Electronics And Telecommunication Engg,GOPENH,32255,90.5159705,Stage I,2025-26,1,26
03135,"Manjara Charitable Trust'S Rajiv Gandhi Institute Of Technology, Mumbai",Mumbai,Un-Aided,Non-Autonomous,Mumbai University,Mumbai University,0313537210,Electronics And Telecommunication Engg,GSCH,47047,85.9124978,Stage I,2025-26,1,26
03135,"Manjara Charitable Trust'S Rajiv Gandhi Institute Of Technology, Mumbai",Mumbai,Un-Aided,Non-Autonomous,Mumbai University,Mumbai University,0313537210,Electronics And Telecommunication Engg,GVJH,89983,71.4842352,Stage I,2025-26,1,26
03135,"Manjara Charitable Trust'S Rajiv Gandhi Institute Of Technology, Mumbai",Mumbai,Un-Aided,Non-Autonomous,Mumbai University,Mumbai University,0313537210,Electronics And Telecommunication Engg,GNT1H,38520,88.6282029,Stage I,2025-26,1,26
03135,"Manjara Charitable Trust'S Rajiv Gandhi Institute Of Technology, Mumbai",Mumbai,Un-Aided,Non-Autonomous,Mumbai University,Mumbai University,0313537210,Electronics And Telecommunication Engg,GNT2H,38052,88.7615737,Stage I,2025-26,1,26
03135,"Manjara Charitable Trust'S Rajiv Gandhi Institute Of Technology, Mumbai",Mumbai,Un-Aided,Non-Autonomous,Mumbai University,Mumbai University,0313537210,Electronics And Telecommunication Engg,GNT3H,33627,90.1133687,Stage I,2025-26,1,26
03135,"Manjara Charitable Trust'S Rajiv Gandhi Institute Of Technology, Mumbai",Mumbai,Un-Aided,Non-Autonomous,Mumbai University,Mumbai University,0313537210,Electronics And Telecommunication Engg,GOBCH,43253,87.1431548,Stage I,2025-26,1,26
03135,"Manjara Charitable Trust'S Rajiv Gandhi Institute Of Technology, Mumbai",Mumbai,Un-Aided,Non-Autonomous,Mumbai University,Mumbai University,0313537210,Electronics And Telecommunication Engg,GSEBCH,74627,76.9213781,Stage I,2025-26,1,26
03135,"Manjara Charitable Trust'S Rajiv Gandhi Institute Of Technology, Mumbai",Mumbai,Un-Aided,Non-Autonomous,Mumbai University,Mumbai University,0313537210,Electronics And Telecommunication Engg,LOPENH,30703,91.0114841,Stage I,2025-26,1,26
03135,"Manjara Charitable Trust'S Rajiv Gandhi Institute Of Technology, Mumbai",Mumbai,Un-Aided,Non-Autonomous,Mumbai University,Mumbai University,0313537210,Electronics And Telecommunication Engg,LSCH,54144,83.7674516,Stage I,2025-26,1,26
03135,"Manjara Charitable Trust'S Rajiv Gandhi Institute Of Technology, Mumbai",Mumbai,Un-Aided,Non-Autonomous,Mumbai University,Mumbai University,0313537210,Electronics And Telecommunication Engg,LNT1H,57955,82.4521073,Stage I,2025-26,1,26
03135,"Manjara Charitable Trust'S Rajiv Gandhi Institute Of Technology, Mumbai",Mumbai,Un-Aided,Non-Autonomous,Mumbai University,Mumbai University,0313537210,Electronics And Telecommunication Engg,LNT2H,102060,66.3866132,Stage I,2025-26,1,26
03135,"Manjara Charitable Trust'S Rajiv Gandhi Institute Of Technology, Mumbai",Mumbai,Un-Aided,Non-Autonomous,Mumbai University,Mumbai University,0313537210,Electronics And Telecommunication Engg,LOBCH,39140,88.4967904,Stage I,2025-26,1,26
03135,"Manjara Charitable Trust'S Rajiv Gandhi Institute Of Technology, Mumbai",Mumbai,Un-Aided,Non-Autonomous,Mumbai University,Mumbai University,0313537210,Electronics And Telecommunication Engg,LSEBCH,59119,82.135869,Stage I,2025-26,1,26
03135,"Manjara Charitable Trust'S Rajiv Gandhi Institute Of Technology, Mumbai",Mumbai,Un-Aided,Non-Autonomous,Mumbai University,Mumbai University,0313537210,Electronics And Telecommunication Engg,PWDOPENH,159437,37.6293706,Stage I,2025-26,1,26
03135,"Manjara Charitable Trust'S Rajiv Gandhi Institute Of Technology, Mumbai",Mumbai,Un-Aided,Non-Autonomous,Mumbai University,Mumbai University,0313537210,Electronics And Telecommunication Engg,GOPENO,33793,90.0449693,Stage I,2025-26,1,26
03135,"Manjara Charitable Trust'S Rajiv Gandhi Institute Of Technology, Mumbai",Mumbai,Un-Aided,Non-Autonomous,Mumbai University,Mumbai University,0313537210,Electronics And Telecommunication Engg,GSCO,49714,85.113912,Stage I,2025-26,1,26
03135,"Manjara Charitable Trust'S Rajiv Gandhi Institute Of Technology, Mumbai",Mumbai,Un-Aided,Non-Autonomous,Mumbai University,Mumbai University,0313537210,Electronics And Telecommunication Engg,GVJO,66024,79.8919296,Stage I,2025-26,1,26
03135,"Manjara Charitable Trust'S Rajiv Gandhi Institute Of Technology, Mumbai",Mumbai,Un-Aided,Non-Autonomous,Mumbai University,Mumbai University,0313537210,Electronics And Telecommunication Engg,GNT1O,42218,87.4135301,Stage I,2025-26,1,26
03135,"Manjara Charitable Trust'S Rajiv Gandhi Institute Of Technology, Mumbai",Mumbai,Un-Aided,Non-Autonomous,Mumbai University,Mumbai University,0313537210,Electronics And Telecommunication Engg,GOBCO,40768,87.9289094,Stage I,2025-26,1,26
03135,"Manjara Charitable Trust'S Rajiv Gandhi Institute Of Technology, Mumbai",Mumbai,Un-Aided,Non-Autonomous,Mumbai University,Mumbai University,0313537210,Electronics And Telecommunication Engg,GSEBCO,42879,87.3181818,Stage I,2025-26,1,26
03135,"Manjara Charitable Trust'S Rajiv Gandhi Institute Of Technology, Mumbai",Mumbai,Un-Aided,Non-Autonomous,Mumbai University,Mumbai University,0313537210,Electronics And Telecommunication Engg,LOPENO,36746,89.1725752,Stage I,2025-26,1,26
03135,"Manjara Charitable Trust'S Rajiv Gandhi Institute Of Technology, Mumbai",Mumbai,Un-Aided,Non-Autonomous,Mumbai University,Mumbai University,0313537210,Electronics And Telecommunication Engg,LSCO,48944,85.4112341,Stage I,2025-26,1,26
03135,"Manjara Charitable Trust'S Rajiv Gandhi Institute Of Technology, Mumbai",Mumbai,Un-Aided,Non-Autonomous,Mumbai University,Mumbai University,0313537210,Electronics And Telecommunication Engg,LNT2O,45972,86.3462208,Stage I,2025-26,1,26
03135,"Manjara Charitable Trust'S Rajiv Gandhi Institute Of Technology, Mumbai",Mumbai,Un-Aided,Non-Autonomous,Mumbai University,Mumbai University,0313537210,Electronics And Telecommunication Engg,LOBCO,43709,87.0316109,Stage I,2025-26,1,26
03135,"Manjara Charitable Trust'S Rajiv Gandhi Institute Of Technology, Mumbai",Mumbai,Un-Aided,Non-Autonomous,Mumbai University,Mumbai University,0313537210,Electronics And Telecommunication Engg,LSEBCO,45047,86.6718198,Stage I,2025-26,1,26
03135,"Manjara Charitable Trust'S Rajiv Gandhi Institute Of Technology, Mumbai",Mumbai,Un-Aided,Non-Autonomous,Mumbai University,Mumbai University,0313537210,Electronics And Telecommunication Engg,DEFOPENS,48163,85.6182564,Stage I,2025-26,1,26
03135,"Manjara Charitable Trust'S Rajiv Gandhi Institute Of Technology, Mumbai",Mumbai,Un-Aided,Non-Autonomous,Mumbai University,Mumbai University,0313537210,Electronics And Telecommunication Engg,DEFOBCS,54327,83.7239356,Stage I,2025-26,1,26
03135,"Manjara Charitable Trust'S Rajiv Gandhi Institute Of Technology, Mumbai",Mumbai,Un-Aided,Non-Autonomous,Mumbai University,Mumbai University,0313537210,Electronics And Telecommunication Engg,DEFSEBCS,90487,71.4755245,Stage I,2025-26,1,26
03135,"Manjara Charitable Trust'S Rajiv Gandhi Institute Of Technology, Mumbai",Mumbai,Un-Aided,Non-Autonomous,Mumbai University,Mumbai University,0313537210,Electronics And Telecommunication Engg,TFWS,37366,88.9773781,Stage I,2025-26,1,26
03135,"Manjara Charitable Trust'S Rajiv Gandhi Institute Of Technology, Mumbai",Mumbai,Un-Aided,Non-Autonomous,Mumbai University,Mumbai University,0313537210,Electronics And Telecommunication Engg,EWS,79214,75.2405919,Stage I,2025-26,1,26
03135,"Manjara Charitable Trust'S Rajiv Gandhi Institute Of Technology, Mumbai",Mumbai,Un-Aided,Non-Autonomous,Mumbai University,Mumbai University,0313561210,Mechanical Engineering,GOPENH,31958,90.6332693,Stage I,2025-26,1,27
03135,"Manjara Charitable Trust'S Rajiv Gandhi Institute Of Technology, Mumbai",Mumbai,Un-Aided,Non-Autonomous,Mumbai University,Mumbai University,0313561210,Mechanical Engineering,GSCH,43247,87.1431548,Stage I,2025-26,1,27
03135,"Manjara Charitable Trust'S Rajiv Gandhi Institute Of Technology, Mumbai",Mumbai,Un-Aided,Non-Autonomous,Mumbai University,Mumbai University,0313561210,Mechanical Engineering,GSTH,195625,9.4338928,Stage I,2025-26,1,27
03135,"Manjara Charitable Trust'S Rajiv Gandhi Institute Of Technology, Mumbai",Mumbai,Un-Aided,Non-Autonomous,Mumbai University,Mumbai University,0313561210,Mechanical Engineering,GVJH,102529,66.3795642,Stage I,2025-26,1,27
03135,"Manjara Charitable Trust'S Rajiv Gandhi Institute Of Technology, Mumbai",Mumbai,Un-Aided,Non-Autonomous,Mumbai University,Mumbai University,0313561210,Mechanical Engineering,GNT2H,80609,75.1620214,Stage I,2025-26,1,27
03135,"Manjara Charitable Trust'S Rajiv Gandhi Institute Of Technology, Mumbai",Mumbai,Un-Aided,Non-Autonomous,Mumbai University,Mumbai University,0313561210,Mechanical Engineering,GNT3H,61259,81.3270637,Stage I,2025-26,1,27
03135,"Manjara Charitable Trust'S Rajiv Gandhi Institute Of Technology, Mumbai",Mumbai,Un-Aided,Non-Autonomous,Mumbai University,Mumbai University,0313561210,Mechanical Engineering,GOBCH,45096,86.6718198,Stage I,2025-26,1,27
03135,"Manjara Charitable Trust'S Rajiv Gandhi Institute Of Technology, Mumbai",Mumbai,Un-Aided,Non-Autonomous,Mumbai University,Mumbai University,0313561210,Mechanical Engineering,GSEBCH,65840,79.9072027,Stage I,2025-26,1,27
03135,"Manjara Charitable Trust'S Rajiv Gandhi Institute Of Technology, Mumbai",Mumbai,Un-Aided,Non-Autonomous,Mumbai University,Mumbai University,0313561210,Mechanical Engineering,LOPENH,43301,87.1431548,Stage I,2025-26,1,27
03135,"Manjara Charitable Trust'S Rajiv Gandhi Institute Of Technology, Mumbai",Mumbai,Un-Aided,Non-Autonomous,Mumbai University,Mumbai University,0313561210,Mechanical Engineering,LSCH,69924,78.5819586,Stage I,2025-26,1,27
03135,"Manjara Charitable Trust'S Rajiv Gandhi Institute Of Technology, Mumbai",Mumbai,Un-Aided,Non-Autonomous,Mumbai University,Mumbai University,0313561210,Mechanical Engineering,LVJH,186895,17.6786167,Stage I,2025-26,1,27
03135,"Manjara Charitable Trust'S Rajiv Gandhi Institute Of Technology, Mumbai",Mumbai,Un-Aided,Non-Autonomous,Mumbai University,Mumbai University,0313561210,Mechanical Engineering,LOBCH,68831,78.8357161,Stage I,2025-26,1,27
03135,"Manjara Charitable Trust'S Rajiv Gandhi Institute Of Technology, Mumbai",Mumbai,Un-Aided,Non-Autonomous,Mumbai University,Mumbai University,0313561210,Mechanical Engineering,LSEBCH,155823,39.6653303,Stage I,2025-26,1,27
03135,"Manjara Charitable Trust'S Rajiv Gandhi Institute Of Technology, Mumbai",Mumbai,Un-Aided,Non-Autonomous,Mumbai University,Mumbai University,0313561210,Mechanical Engineering,PWDOPENH,152016,42.6339209,Stage I,2025-26,1,27
03135,"Manjara Charitable Trust'S Rajiv Gandhi Institute Of Technology, Mumbai",Mumbai,Un-Aided,Non-Autonomous,Mumbai University,Mumbai University,0313561210,Mechanical Engineering,GOPENO,32499,90.4894438,Stage I,2025-26,1,27
03135,"Manjara Charitable Trust'S Rajiv Gandhi Institute Of Technology, Mumbai",Mumbai,Un-Aided,Non-Autonomous,Mumbai University,Mumbai University,0313561210,Mechanical Engineering,GSCO,34706,89.8231024,Stage I,2025-26,1,27
03135,"Manjara Charitable Trust'S Rajiv Gandhi Institute Of Technology, Mumbai",Mumbai,Un-Aided,Non-Autonomous,Mumbai University,Mumbai University,0313561210,Mechanical Engineering,GSTO,185266,18.9335664,Stage I,2025-26,1,27
03135,"Manjara Charitable Trust'S Rajiv Gandhi Institute Of Technology, Mumbai",Mumbai,Un-Aided,Non-Autonomous,Mumbai University,Mumbai University,0313561210,Mechanical Engineering,GNT1O,51204,84.6429815,Stage I,2025-26,1,27
03135,"Manjara Charitable Trust'S Rajiv Gandhi Institute Of Technology, Mumbai",Mumbai,Un-Aided,Non-Autonomous,Mumbai University,Mumbai University,0313561210,Mechanical Engineering,GNT3O,116129,60.4378874,Stage I,2025-26,1,27
03135,"Manjara Charitable Trust'S Rajiv Gandhi Institute Of Technology, Mumbai",Mumbai,Un-Aided,Non-Autonomous,Mumbai University,Mumbai University,0313561210,Mechanical Engineering,GOBCO,45244,86.6223776,Stage I,2025-26,1,27
03135,"Manjara Charitable Trust'S Rajiv Gandhi Institute Of Technology, Mumbai",Mumbai,Un-Aided,Non-Autonomous,Mumbai University,Mumbai University,0313561210,Mechanical Engineering,GSEBCO,120314,58.6907687,Stage I,2025-26,1,27
03135,"Manjara Charitable Trust'S Rajiv Gandhi Institute Of Technology, Mumbai",Mumbai,Un-Aided,Non-Autonomous,Mumbai University,Mumbai University,0313561210,Mechanical Engineering,LOPENO,50472,84.8811189,Stage I,2025-26,1,27
03135,"Manjara Charitable Trust'S Rajiv Gandhi Institute Of Technology, Mumbai",Mumbai,Un-Aided,Non-Autonomous,Mumbai University,Mumbai University,0313561210,Mechanical Engineering,LSCO,170528,29.5314685,Stage I,2025-26,1,27
03135,"Manjara Charitable Trust'S Rajiv Gandhi Institute Of Technology, Mumbai",Mumbai,Un-Aided,Non-Autonomous,Mumbai University,Mumbai University,0313561210,Mechanical Engineering,DEFOPENS,61933,81.1967017,Stage I,2025-26,1,27
03135,"Manjara Charitable Trust'S Rajiv Gandhi Institute Of Technology, Mumbai",Mumbai,Un-Aided,Non-Autonomous,Mumbai University,Mumbai University,0313561210,Mechanical Engineering,TFWS,36977,89.1256809,Stage I,2025-26,1,27
03135,"Manjara Charitable Trust'S Rajiv Gandhi Institute Of Technology, Mumbai",Mumbai,Un-Aided,Non-Autonomous,Mumbai University,Mumbai University,0313561210,Mechanical Engineering,EWS,164645,33.6209084,Stage I,2025-26,1,27
03135,"Manjara Charitable Trust'S Rajiv Gandhi Institute Of Technology, Mumbai",Mumbai,Un-Aided,Non-Autonomous,Mumbai University,Mumbai University,0313599510,Artificial Intelligence And Data Science,GOPENH,17417,94.958042,Stage I,2025-26,1,28
03135,"Manjara Charitable Trust'S Rajiv Gandhi Institute Of Technology, Mumbai",Mumbai,Un-Aided,Non-Autonomous,Mumbai University,Mumbai University,0313599510,Artificial Intelligence And Data Science,GSCH,27768,91.8528438,Stage I,2025-26,1,28
03135,"Manjara Charitable Trust'S Rajiv Gandhi Institute Of Technology, Mumbai",Mumbai,Un-Aided,Non-Autonomous,Mumbai University,Mumbai University,0313599510,Artificial Intelligence And Data Science,GSTH,58150,82.3938224,Stage I,2025-26,1,28
03135,"Manjara Charitable Trust'S Rajiv Gandhi Institute Of Technology, Mumbai",Mumbai,Un-Aided,Non-Autonomous,Mumbai University,Mumbai University,0313599510,Artificial Intelligence And Data Science,GVJH,40580,87.9466479,Stage I,2025-26,1,28
03135,"Manjara Charitable Trust'S Rajiv Gandhi Institute Of Technology, Mumbai",Mumbai,Un-Aided,Non-Autonomous,Mumbai University,Mumbai University,0313599510,Artificial Intelligence And Data Science,GNT1H,19643,94.2944615,Stage I,2025-26,1,28
03135,"Manjara Charitable Trust'S Rajiv Gandhi Institute Of Technology, Mumbai",Mumbai,Un-Aided,Non-Autonomous,Mumbai University,Mumbai University,0313599510,Artificial Intelligence And Data Science,GOBCH,20318,94.111278,Stage I,2025-26,1,28
03135,"Manjara Charitable Trust'S Rajiv Gandhi Institute Of Technology, Mumbai",Mumbai,Un-Aided,Non-Autonomous,Mumbai University,Mumbai University,0313599510,Artificial Intelligence And Data Science,GSEBCH,26177,92.3780367,Stage I,2025-26,1,28
03135,"Manjara Charitable Trust'S Rajiv Gandhi Institute Of Technology, Mumbai",Mumbai,Un-Aided,Non-Autonomous,Mumbai University,Mumbai University,0313599510,Artificial Intelligence And Data Science,LOPENH,16871,95.1229826,Stage I,2025-26,1,28
03135,"Manjara Charitable Trust'S Rajiv Gandhi Institute Of Technology, Mumbai",Mumbai,Un-Aided,Non-Autonomous,Mumbai University,Mumbai University,0313599510,Artificial Intelligence And Data Science,LSCH,28431,91.7067224,Stage I,2025-26,1,28
03135,"Manjara Charitable Trust'S Rajiv Gandhi Institute Of Technology, Mumbai",Mumbai,Un-Aided,Non-Autonomous,Mumbai University,Mumbai University,0313599510,Artificial Intelligence And Data Science,LSTH,102205,66.3866132,Stage I,2025-26,1,28
03135,"Manjara Charitable Trust'S Rajiv Gandhi Institute Of Technology, Mumbai",Mumbai,Un-Aided,Non-Autonomous,Mumbai University,Mumbai University,0313599510,Artificial Intelligence And Data Science,LNT2H,27462,92.0330624,Stage I,2025-26,1,28
03135,"Manjara Charitable Trust'S Rajiv Gandhi Institute Of Technology, Mumbai",Mumbai,Un-Aided,Non-Autonomous,Mumbai University,Mumbai University,0313599510,Artificial Intelligence And Data Science,LOBCH,23225,93.2612864,Stage I,2025-26,1,28
03135,"Manjara Charitable Trust'S Rajiv Gandhi Institute Of Technology, Mumbai",Mumbai,Un-Aided,Non-Autonomous,Mumbai University,Mumbai University,0313599510,Artificial Intelligence And Data Science,LSEBCH,35481,89.5355262,Stage I,2025-26,1,28
03135,"Manjara Charitable Trust'S Rajiv Gandhi Institute Of Technology, Mumbai",Mumbai,Un-Aided,Non-Autonomous,Mumbai University,Mumbai University,0313599510,Artificial Intelligence And Data Science,PWDOPENH,93227,70.2033567,Stage I,2025-26,1,28
03135,"Manjara Charitable Trust'S Rajiv Gandhi Institute Of Technology, Mumbai",Mumbai,Un-Aided,Non-Autonomous,Mumbai University,Mumbai University,0313599510,Artificial Intelligence And Data Science,GOPENO,21546,93.7635248,Stage I,2025-26,1,28
03135,"Manjara Charitable Trust'S Rajiv Gandhi Institute Of Technology, Mumbai",Mumbai,Un-Aided,Non-Autonomous,Mumbai University,Mumbai University,0313599510,Artificial Intelligence And Data Science,GSCO,35922,89.3717407,Stage I,2025-26,1,28
03135,"Manjara Charitable Trust'S Rajiv Gandhi Institute Of Technology, Mumbai",Mumbai,Un-Aided,Non-Autonomous,Mumbai University,Mumbai University,0313599510,Artificial Intelligence And Data Science,GSTO,91968,70.6189283,Stage I,2025-26,1,28
03135,"Manjara Charitable Trust'S Rajiv Gandhi Institute Of Technology, Mumbai",Mumbai,Un-Aided,Non-Autonomous,Mumbai University,Mumbai University,0313599510,Artificial Intelligence And Data Science,GNT2O,28552,91.6927138,Stage I,2025-26,1,28
03135,"Manjara Charitable Trust'S Rajiv Gandhi Institute Of Technology, Mumbai",Mumbai,Un-Aided,Non-Autonomous,Mumbai University,Mumbai University,0313599510,Artificial Intelligence And Data Science,GOBCO,22329,93.5191444,Stage I,2025-26,1,28
03135,"Manjara Charitable Trust'S Rajiv Gandhi Institute Of Technology, Mumbai",Mumbai,Un-Aided,Non-Autonomous,Mumbai University,Mumbai University,0313599510,Artificial Intelligence And Data Science,LOPENO,25733,92.4545035,Stage I,2025-26,1,28
03135,"Manjara Charitable Trust'S Rajiv Gandhi Institute Of Technology, Mumbai",Mumbai,Un-Aided,Non-Autonomous,Mumbai University,Mumbai University,0313599510,Artificial Intelligence And Data Science,LSCO,42159,87.4135301,Stage I,2025-26,1,28
03135,"Manjara Charitable Trust'S Rajiv Gandhi Institute Of Technology, Mumbai",Mumbai,Un-Aided,Non-Autonomous,Mumbai University,Mumbai University,0313599510,Artificial Intelligence And Data Science,LOBCO,27650,91.8738016,Stage I,2025-26,1,28
03135,"Manjara Charitable Trust'S Rajiv Gandhi Institute Of Technology, Mumbai",Mumbai,Un-Aided,Non-Autonomous,Mumbai University,Mumbai University,0313599510,Artificial Intelligence And Data Science,LSEBCO,29344,91.3979682,Stage I,2025-26,1,28
03135,"Manjara Charitable Trust'S Rajiv Gandhi Institute Of Technology, Mumbai",Mumbai,Un-Aided,Non-Autonomous,Mumbai University,Mumbai University,0313599510,Artificial Intelligence And Data Science,DEFOPENS,39333,88.3826292,Stage I,2025-26,1,28
03135,"Manjara Charitable Trust'S Rajiv Gandhi Institute Of Technology, Mumbai",Mumbai,Un-Aided,Non-Autonomous,Mumbai University,Mumbai University,0313599510,Artificial Intelligence And Data Science,TFWS,15737,95.45053,Stage I,2025-26,1,28
03135,"Manjara Charitable Trust'S Rajiv Gandhi Institute Of Technology, Mumbai",Mumbai,Un-Aided,Non-Autonomous,Mumbai University,Mumbai University,0313599510,Artificial Intelligence And Data Science,DEFROBCS,48795,85.4112341,Stage I,2025-26,1,28
03135,"Manjara Charitable Trust'S Rajiv Gandhi Institute Of Technology, Mumbai",Mumbai,Un-Aided,Non-Autonomous,Mumbai University,Mumbai University,0313599510,Artificial Intelligence And Data Science,EWS,39540,88.2544975,Stage I,2025-26,1,28
03139,"Vidyalankar Institute Of Technology,Wadala, Mumbai",Mumbai,Un-Aided,Autonomous,Mumbai University,Autonomous Institute,0313924510,Computer Engineering,GOPENS,8692,97.5051096,Stage I,2025-26,1,29
03139,"Vidyalankar Institute Of Technology,Wadala, Mumbai",Mumbai,Un-Aided,Autonomous,Mumbai University,Autonomous Institute,0313924510,Computer Engineering,GSCS,15713,95.4664524,Stage I,2025-26,1,29
03139,"Vidyalankar Institute Of Technology,Wadala, Mumbai",Mumbai,Un-Aided,Autonomous,Mumbai University,Autonomous Institute,0313924510,Computer Engineering,GSTS,49893,85.1002266,Stage I,2025-26,1,29
03139,"Vidyalankar Institute Of Technology,Wadala, Mumbai",Mumbai,Un-Aided,Autonomous,Mumbai University,Autonomous Institute,0313924510,Computer Engineering,GVJS,22790,93.3751306,Stage I,2025-26,1,29
03139,"Vidyalankar Institute Of Technology,Wadala, Mumbai",Mumbai,Un-Aided,Autonomous,Mumbai University,Autonomous Institute,0313924510,Computer Engineering,GNT1S,11538,96.6812774,Stage I,2025-26,1,29
03139,"Vidyalankar Institute Of Technology,Wadala, Mumbai",Mumbai,Un-Aided,Autonomous,Mumbai University,Autonomous Institute,0313924510,Computer Engineering,GNT2S,12777,96.3424067,Stage I,2025-26,1,29
03139,"Vidyalankar Institute Of Technology,Wadala, Mumbai",Mumbai,Un-Aided,Autonomous,Mumbai University,Autonomous Institute,0313924510,Computer Engineering,GNT3S,12629,96.3675736,Stage I,2025-26,1,29
03139,"Vidyalankar Institute Of Technology,Wadala, Mumbai",Mumbai,Un-Aided,Autonomous,Mumbai University,Autonomous Institute,0313924510,Computer Engineering,GOBCS,10438,97.0021073,Stage I,2025-26,1,29
03139,"Vidyalankar Institute Of Technology,Wadala, Mumbai",Mumbai,Un-Aided,Autonomous,Mumbai University,Autonomous Institute,0313924510,Computer Engineering,GSEBCS,11904,96.5830721,Stage I,2025-26,1,29
03139,"Vidyalankar Institute Of Technology,Wadala, Mumbai",Mumbai,Un-Aided,Autonomous,Mumbai University,Autonomous Institute,0313924510,Computer Engineering,LOPENS,9815,97.1954276,Stage I,2025-26,1,29
03139,"Vidyalankar Institute Of Technology,Wadala, Mumbai",Mumbai,Un-Aided,Autonomous,Mumbai University,Autonomous Institute,0313924510,Computer Engineering,LSCS,20959,93.8935512,Stage I,2025-26,1,29
03139,"Vidyalankar Institute Of Technology,Wadala, Mumbai",Mumbai,Un-Aided,Autonomous,Mumbai University,Autonomous Institute,0313924510,Computer Engineering,LSTS,59768,81.9705913,Stage I,2025-26,1,29
03139,"Vidyalankar Institute Of Technology,Wadala, Mumbai",Mumbai,Un-Aided,Autonomous,Mumbai University,Autonomous Institute,0313924510,Computer Engineering,LVJS,26351,92.3341523,Stage I,2025-26,1,29
03139,"Vidyalankar Institute Of Technology,Wadala, Mumbai",Mumbai,Un-Aided,Autonomous,Mumbai University,Autonomous Institute,0313924510,Computer Engineering,LNT1S,19741,94.294414,Stage I,2025-26,1,29
03139,"Vidyalankar Institute Of Technology,Wadala, Mumbai",Mumbai,Un-Aided,Autonomous,Mumbai University,Autonomous Institute,0313924510,Computer Engineering,LNT2S,18467,94.6981971,Stage I,2025-26,1,29
03139,"Vidyalankar Institute Of Technology,Wadala, Mumbai",Mumbai,Un-Aided,Autonomous,Mumbai University,Autonomous Institute,0313924510,Computer Engineering,LOBCS,12604,96.3815673,Stage I,2025-26,1,29
03139,"Vidyalankar Institute Of Technology,Wadala, Mumbai",Mumbai,Un-Aided,Autonomous,Mumbai University,Autonomous Institute,0313924510,Computer Engineering,LSEBCS,14556,95.8168703,Stage I,2025-26,1,29
03139,"Vidyalankar Institute Of Technology,Wadala, Mumbai",Mumbai,Un-Aided,Autonomous,Mumbai University,Autonomous Institute,0313924510,Computer Engineering,PWDOPENS,60297,81.7705077,Stage I,2025-26,1,29
03139,"Vidyalankar Institute Of Technology,Wadala, Mumbai",Mumbai,Un-Aided,Autonomous,Mumbai University,Autonomous Institute,0313924510,Computer Engineering,PWDOBCS,132553,52.8806012,Stage I,2025-26,1,29
03139,"Vidyalankar Institute Of Technology,Wadala, Mumbai",Mumbai,Un-Aided,Autonomous,Mumbai University,Autonomous Institute,0313924510,Computer Engineering,DEFOPENS,14217,95.9261851,Stage I,2025-26,1,29
03139,"Vidyalankar Institute Of Technology,Wadala, Mumbai",Mumbai,Un-Aided,Autonomous,Mumbai University,Autonomous Institute,0313924510,Computer Engineering,DEFSCS,59360,82.1124479,Stage I,2025-26,1,29
03139,"Vidyalankar Institute Of Technology,Wadala, Mumbai",Mumbai,Un-Aided,Autonomous,Mumbai University,Autonomous Institute,0313924510,Computer Engineering,DEFOBCS,28182,91.7513251,Stage I,2025-26,1,29
03139,"Vidyalankar Institute Of Technology,Wadala, Mumbai",Mumbai,Un-Aided,Autonomous,Mumbai University,Autonomous Institute,0313924510,Computer Engineering,DEFSEBCS,35022,89.682715,Stage I,2025-26,1,29
03139,"Vidyalankar Institute Of Technology,Wadala, Mumbai",Mumbai,Un-Aided,Autonomous,Mumbai University,Autonomous Institute,0313924510,Computer Engineering,TFWS,7719,97.7678736,Stage I,2025-26,1,29
03139,"Vidyalankar Institute Of Technology,Wadala, Mumbai",Mumbai,Un-Aided,Autonomous,Mumbai University,Autonomous Institute,0313924510,Computer Engineering,PWDROBCS,79215,75.2405919,Stage I,2025-26,1,29
03139,"Vidyalankar Institute Of Technology,Wadala, Mumbai",Mumbai,Un-Aided,Autonomous,Mumbai University,Autonomous Institute,0313924510,Computer Engineering,DEFRSEBCS,27529,91.972622,Stage I,2025-26,1,29
03139,"Vidyalankar Institute Of Technology,Wadala, Mumbai",Mumbai,Un-Aided,Autonomous,Mumbai University,Autonomous Institute,0313924510,Computer Engineering,EWS,16960,95.1080209,Stage I,2025-26,1,29
03139,"Vidyalankar Institute Of Technology,Wadala, Mumbai",Mumbai,Un-Aided,Autonomous,Mumbai University,Autonomous Institute,0313924610,Information Technology,GOPENS,10667,96.9438791,Stage I,2025-26,1,29
03139,"Vidyalankar Institute Of Technology,Wadala, Mumbai",Mumbai,Un-Aided,Autonomous,Mumbai University,Autonomous Institute,0313924610,Information Technology,GSCS,19753,94.2892243,Stage I,2025-26,1,29
03139,"Vidyalankar Institute Of Technology,Wadala, Mumbai",Mumbai,Un-Aided,Autonomous,Mumbai University,Autonomous Institute,0313924610,Information Technology,GSTS,68332,79.027972,Stage I,2025-26,1,29
03139,"Vidyalankar Institute Of Technology,Wadala, Mumbai",Mumbai,Un-Aided,Autonomous,Mumbai University,Autonomous Institute,0313924610,Information Technology,GVJS,32409,90.4894438,Stage I,2025-26,1,29
03139,"Vidyalankar Institute Of Technology,Wadala, Mumbai",Mumbai,Un-Aided,Autonomous,Mumbai University,Autonomous Institute,0313924610,Information Technology,GNT1S,18464,94.6981971,Stage I,2025-26,1,29
03139,"Vidyalankar Institute Of Technology,Wadala, Mumbai",Mumbai,Un-Aided,Autonomous,Mumbai University,Autonomous Institute,0313924610,Information Technology,GNT2S,16147,95.3359302,Stage I,2025-26,1,29
03139,"Vidyalankar Institute Of Technology,Wadala, Mumbai",Mumbai,Un-Aided,Autonomous,Mumbai University,Autonomous Institute,0313924610,Information Technology,GNT3S,12809,96.3339223,Stage I,2025-26,1,29
03139,"Vidyalankar Institute Of Technology,Wadala, Mumbai",Mumbai,Un-Aided,Autonomous,Mumbai University,Autonomous Institute,0313924610,Information Technology,GOBCS,12534,96.4057811,Stage I,2025-26,1,29
03139,"Vidyalankar Institute Of Technology,Wadala, Mumbai",Mumbai,Un-Aided,Autonomous,Mumbai University,Autonomous Institute,0313924610,Information Technology,GSEBCS,16480,95.2509653,Stage I,2025-26,1,29
03139,"Vidyalankar Institute Of Technology,Wadala, Mumbai",Mumbai,Un-Aided,Autonomous,Mumbai University,Autonomous Institute,0313924610,Information Technology,LOPENS,12018,96.5454743,Stage I,2025-26,1,29
03139,"Vidyalankar Institute Of Technology,Wadala, Mumbai",Mumbai,Un-Aided,Autonomous,Mumbai University,Autonomous Institute,0313924610,Information Technology,LSCS,27569,91.9353149,Stage I,2025-26,1,29
03139,"Vidyalankar Institute Of Technology,Wadala, Mumbai",Mumbai,Un-Aided,Autonomous,Mumbai University,Autonomous Institute,0313924610,Information Technology,LSTS,68667,78.8357161,Stage I,2025-26,1,29
03139,"Vidyalankar Institute Of Technology,Wadala, Mumbai",Mumbai,Un-Aided,Autonomous,Mumbai University,Autonomous Institute,0313924610,Information Technology,LVJS,31686,90.668828,Stage I,2025-26,1,29
03139,"Vidyalankar Institute Of Technology,Wadala, Mumbai",Mumbai,Un-Aided,Autonomous,Mumbai University,Autonomous Institute,0313924610,Information Technology,LNT1S,22209,93.5366917,Stage I,2025-26,1,29
03139,"Vidyalankar Institute Of Technology,Wadala, Mumbai",Mumbai,Un-Aided,Autonomous,Mumbai University,Autonomous Institute,0313924610,Information Technology,LNT2S,21258,93.8574939,Stage I,2025-26,1,29
03139,"Vidyalankar Institute Of Technology,Wadala, Mumbai",Mumbai,Un-Aided,Autonomous,Mumbai University,Autonomous Institute,0313924610,Information Technology,LNT3S,20371,94.0956622,Stage I,2025-26,1,29
03139,"Vidyalankar Institute Of Technology,Wadala, Mumbai",Mumbai,Un-Aided,Autonomous,Mumbai University,Autonomous Institute,0313924610,Information Technology,LOBCS,13657,96.0671999,Stage I,2025-26,1,29
03139,"Vidyalankar Institute Of Technology,Wadala, Mumbai",Mumbai,Un-Aided,Autonomous,Mumbai University,Autonomous Institute,0313924610,Information Technology,LSEBCS,16226,95.3167947,Stage I,2025-26,1,29
03139,"Vidyalankar Institute Of Technology,Wadala, Mumbai",Mumbai,Un-Aided,Autonomous,Mumbai University,Autonomous Institute,0313924610,Information Technology,PWDOPENS,91889,70.6189283,Stage I,2025-26,1,29
03139,"Vidyalankar Institute Of Technology,Wadala, Mumbai",Mumbai,Un-Aided,Autonomous,Mumbai University,Autonomous Institute,0313924610,Information Technology,DEFOPENS,20562,94.0166833,Stage I,2025-26,1,29
03139,"Vidyalankar Institute Of Technology,Wadala, Mumbai",Mumbai,Un-Aided,Autonomous,Mumbai University,Autonomous Institute,0313924610,Information Technology,DEFSCS,92772,70.5005064,Stage I,2025-26,1,29
03139,"Vidyalankar Institute Of Technology,Wadala, Mumbai",Mumbai,Un-Aided,Autonomous,Mumbai University,Autonomous Institute,0313924610,Information Technology,DEFOBCS,32383,90.5015276,Stage I,2025-26,1,29
03139,"Vidyalankar Institute Of Technology,Wadala, Mumbai",Mumbai,Un-Aided,Autonomous,Mumbai University,Autonomous Institute,0313924610,Information Technology,DEFSEBCS,44455,86.7181467,Stage I,2025-26,1,29
03139,"Vidyalankar Institute Of Technology,Wadala, Mumbai",Mumbai,Un-Aided,Autonomous,Mumbai University,Autonomous Institute,0313924610,Information Technology,TFWS,9966,97.1468531,Stage I,2025-26,1,29
03139,"Vidyalankar Institute Of Technology,Wadala, Mumbai",Mumbai,Un-Aided,Autonomous,Mumbai University,Autonomous Institute,0313924610,Information Technology,DEFRNT2S,36165,89.2945239,Stage I,2025-26,1,29
03139,"Vidyalankar Institute Of Technology,Wadala, Mumbai",Mumbai,Un-Aided,Autonomous,Mumbai University,Autonomous Institute,0313924610,Information Technology,EWS,22802,93.3751306,Stage I,2025-26,1,29
03139,"Vidyalankar Institute Of Technology,Wadala, Mumbai",Mumbai,Un-Aided,Autonomous,Mumbai University,Autonomous Institute,0313937210,Electronics And Telecommunication Engg,GOPENS,15074,95.6472486,Stage I,2025-26,1,29
03139,"Vidyalankar Institute Of Technology,Wadala, Mumbai",Mumbai,Un-Aided,Autonomous,Mumbai University,Autonomous Institute,0313937210,Electronics And Telecommunication Engg,GSCS,27110,92.0737359,Stage I,2025-26,1,29
03139,"Vidyalankar Institute Of Technology,Wadala, Mumbai",Mumbai,Un-Aided,Autonomous,Mumbai University,Autonomous Institute,0313937210,Electronics And Telecommunication Engg,GSTS,105518,65.3084343,Stage I,2025-26,1,29
03139,"Vidyalankar Institute Of Technology,Wadala, Mumbai",Mumbai,Un-Aided,Autonomous,Mumbai University,Autonomous Institute,0313937210,Electronics And Telecommunication Engg,GVJS,34018,90.0175917,Stage I,2025-26,1,29
03139,"Vidyalankar Institute Of Technology,Wadala, Mumbai",Mumbai,Un-Aided,Autonomous,Mumbai University,Autonomous Institute,0313937210,Electronics And Telecommunication Engg,GNT1S,19929,94.25259,Stage I,2025-26,1,29
03139,"Vidyalankar Institute Of Technology,Wadala, Mumbai",Mumbai,Un-Aided,Autonomous,Mumbai University,Autonomous Institute,0313937210,Electronics And Telecommunication Engg,GNT2S,19835,94.2598398,Stage I,2025-26,1,29
03139,"Vidyalankar Institute Of Technology,Wadala, Mumbai",Mumbai,Un-Aided,Autonomous,Mumbai University,Autonomous Institute,0313937210,Electronics And Telecommunication Engg,GNT3S,21124,93.884935,Stage I,2025-26,1,29
03139,"Vidyalankar Institute Of Technology,Wadala, Mumbai",Mumbai,Un-Aided,Autonomous,Mumbai University,Autonomous Institute,0313937210,Electronics And Telecommunication Engg,GOBCS,21427,93.8107171,Stage I,2025-26,1,29
03139,"Vidyalankar Institute Of Technology,Wadala, Mumbai",Mumbai,Un-Aided,Autonomous,Mumbai University,Autonomous Institute,0313937210,Electronics And Telecommunication Engg,GSEBCS,27842,91.8508049,Stage I,2025-26,1,29
03139,"Vidyalankar Institute Of Technology,Wadala, Mumbai",Mumbai,Un-Aided,Autonomous,Mumbai University,Autonomous Institute,0313937210,Electronics And Telecommunication Engg,LOPENS,18344,94.7364547,Stage I,2025-26,1,29
03139,"Vidyalankar Institute Of Technology,Wadala, Mumbai",Mumbai,Un-Aided,Autonomous,Mumbai University,Autonomous Institute,0313937210,Electronics And Telecommunication Engg,LSCS,29375,91.3593874,Stage I,2025-26,1,29
03139,"Vidyalankar Institute Of Technology,Wadala, Mumbai",Mumbai,Un-Aided,Autonomous,Mumbai University,Autonomous Institute,0313937210,Electronics And Telecommunication Engg,LSTS,154870,40.0432529,Stage I,2025-26,1,29
03139,"Vidyalankar Institute Of Technology,Wadala, Mumbai",Mumbai,Un-Aided,Autonomous,Mumbai University,Autonomous Institute,0313937210,Electronics And Telecommunication Engg,LVJS,84775,73.4354379,Stage I,2025-26,1,29
03139,"Vidyalankar Institute Of Technology,Wadala, Mumbai",Mumbai,Un-Aided,Autonomous,Mumbai University,Autonomous Institute,0313937210,Electronics And Telecommunication Engg,LNT1S,34626,89.8391608,Stage I,2025-26,1,29
03139,"Vidyalankar Institute Of Technology,Wadala, Mumbai",Mumbai,Un-Aided,Autonomous,Mumbai University,Autonomous Institute,0313937210,Electronics And Telecommunication Engg,LNT2S,36862,89.1476381,Stage I,2025-26,1,29
03139,"Vidyalankar Institute Of Technology,Wadala, Mumbai",Mumbai,Un-Aided,Autonomous,Mumbai University,Autonomous Institute,0313937210,Electronics And Telecommunication Engg,LOBCS,20882,93.9463602,Stage I,2025-26,1,29
03139,"Vidyalankar Institute Of Technology,Wadala, Mumbai",Mumbai,Un-Aided,Autonomous,Mumbai University,Autonomous Institute,0313937210,Electronics And Telecommunication Engg,LSEBCS,27238,92.0411007,Stage I,2025-26,1,29
03139,"Vidyalankar Institute Of Technology,Wadala, Mumbai",Mumbai,Un-Aided,Autonomous,Mumbai University,Autonomous Institute,0313937210,Electronics And Telecommunication Engg,PWDOPENS,126160,55.9381337,Stage I,2025-26,1,29
03139,"Vidyalankar Institute Of Technology,Wadala, Mumbai",Mumbai,Un-Aided,Autonomous,Mumbai University,Autonomous Institute,0313937210,Electronics And Telecommunication Engg,DEFOPENS,35085,89.682715,Stage I,2025-26,1,29
03139,"Vidyalankar Institute Of Technology,Wadala, Mumbai",Mumbai,Un-Aided,Autonomous,Mumbai University,Autonomous Institute,0313937210,Electronics And Telecommunication Engg,DEFOBCS,49047,85.2260888,Stage I,2025-26,1,29
03139,"Vidyalankar Institute Of Technology,Wadala, Mumbai",Mumbai,Un-Aided,Autonomous,Mumbai University,Autonomous Institute,0313937210,Electronics And Telecommunication Engg,TFWS,17942,94.816106,Stage I,2025-26,1,29
03139,"Vidyalankar Institute Of Technology,Wadala, Mumbai",Mumbai,Un-Aided,Autonomous,Mumbai University,Autonomous Institute,0313937210,Electronics And Telecommunication Engg,EWS,43628,87.0316109,Stage I,2025-26,1,29
03139,"Vidyalankar Institute Of Technology,Wadala, Mumbai",Mumbai,Un-Aided,Autonomous,Mumbai University,Autonomous Institute,0313946110,Bio Medical Engineering,GOPENS,28926,91.503982,Stage I,2025-26,1,29
03139,"Vidyalankar Institute Of Technology,Wadala, Mumbai",Mumbai,Un-Aided,Autonomous,Mumbai University,Autonomous Institute,0313946110,Bio Medical Engineering,GSCS,63339,80.8599071,Stage I,2025-26,1,29
03139,"Vidyalankar Institute Of Technology,Wadala, Mumbai",Mumbai,Un-Aided,Autonomous,Mumbai University,Autonomous Institute,0313946110,Bio Medical Engineering,GSTS,176182,25.7272727,Stage I,2025-26,1,29
03139,"Vidyalankar Institute Of Technology,Wadala, Mumbai",Mumbai,Un-Aided,Autonomous,Mumbai University,Autonomous Institute,0313946110,Bio Medical Engineering,GVJS,93794,69.8941051,Stage I,2025-26,1,29
03139,"Vidyalankar Institute Of Technology,Wadala, Mumbai",Mumbai,Un-Aided,Autonomous,Mumbai University,Autonomous Institute,0313946110,Bio Medical Engineering,GNT1S,79118,75.3562654,Stage I,2025-26,1,29
03139,"Vidyalankar Institute Of Technology,Wadala, Mumbai",Mumbai,Un-Aided,Autonomous,Mumbai University,Autonomous Institute,0313946110,Bio Medical Engineering,GNT2S,122858,57.4376852,Stage I,2025-26,1,29
03139,"Vidyalankar Institute Of Technology,Wadala, Mumbai",Mumbai,Un-Aided,Autonomous,Mumbai University,Autonomous Institute,0313946110,Bio Medical Engineering,GNT3S,54299,83.7239356,Stage I,2025-26,1,29
03139,"Vidyalankar Institute Of Technology,Wadala, Mumbai",Mumbai,Un-Aided,Autonomous,Mumbai University,Autonomous Institute,0313946110,Bio Medical Engineering,GOBCS,55010,83.4741816,Stage I,2025-26,1,29
03139,"Vidyalankar Institute Of Technology,Wadala, Mumbai",Mumbai,Un-Aided,Autonomous,Mumbai University,Autonomous Institute,0313946110,Bio Medical Engineering,GSEBCS,84328,73.5570613,Stage I,2025-26,1,29
03139,"Vidyalankar Institute Of Technology,Wadala, Mumbai",Mumbai,Un-Aided,Autonomous,Mumbai University,Autonomous Institute,0313946110,Bio Medical Engineering,LOPENS,26319,92.3341523,Stage I,2025-26,1,29
03139,"Vidyalankar Institute Of Technology,Wadala, Mumbai",Mumbai,Un-Aided,Autonomous,Mumbai University,Autonomous Institute,0313946110,Bio Medical Engineering,LSCS,53124,84.0359888,Stage I,2025-26,1,29
03139,"Vidyalankar Institute Of Technology,Wadala, Mumbai",Mumbai,Un-Aided,Autonomous,Mumbai University,Autonomous Institute,0313946110,Bio Medical Engineering,LSTS,93581,69.8941051,Stage I,2025-26,1,29
03139,"Vidyalankar Institute Of Technology,Wadala, Mumbai",Mumbai,Un-Aided,Autonomous,Mumbai University,Autonomous Institute,0313946110,Bio Medical Engineering,LOBCS,48328,85.5729148,Stage I,2025-26,1,29
03139,"Vidyalankar Institute Of Technology,Wadala, Mumbai",Mumbai,Un-Aided,Autonomous,Mumbai University,Autonomous Institute,0313946110,Bio Medical Engineering,LSEBCS,61735,81.1967017,Stage I,2025-26,1,29
03139,"Vidyalankar Institute Of Technology,Wadala, Mumbai",Mumbai,Un-Aided,Autonomous,Mumbai University,Autonomous Institute,0313946110,Bio Medical Engineering,DEFOPENS,53831,83.880237,Stage I,2025-26,1,29
03139,"Vidyalankar Institute Of Technology,Wadala, Mumbai",Mumbai,Un-Aided,Autonomous,Mumbai University,Autonomous Institute,0313946110,Bio Medical Engineering,TFWS,29674,91.3084967,Stage I,2025-26,1,29
03139,"Vidyalankar Institute Of Technology,Wadala, Mumbai",Mumbai,Un-Aided,Autonomous,Mumbai University,Autonomous Institute,0313946110,Bio Medical Engineering,EWS,160830,36.1811489,Stage I,2025-26,1,29
03139,"Vidyalankar Institute Of Technology,Wadala, Mumbai",Mumbai,Un-Aided,Autonomous,Mumbai University,Autonomous Institute,0313990010,Electronics And Computer Science,GOPENS,14724,95.7809758,Stage I,2025-26,1,30
03139,"Vidyalankar Institute Of Technology,Wadala, Mumbai",Mumbai,Un-Aided,Autonomous,Mumbai University,Autonomous Institute,0313990010,Electronics And Computer Science,GSCS,26032,92.3881037,Stage I,2025-26,1,30
03139,"Vidyalankar Institute Of Technology,Wadala, Mumbai",Mumbai,Un-Aided,Autonomous,Mumbai University,Autonomous Institute,0313990010,Electronics And Computer Science,GSTS,104545,65.6692751,Stage I,2025-26,1,30
03139,"Vidyalankar Institute Of Technology,Wadala, Mumbai",Mumbai,Un-Aided,Autonomous,Mumbai University,Autonomous Institute,0313990010,Electronics And Computer Science,GVJS,36963,89.1256809,Stage I,2025-26,1,30
03139,"Vidyalankar Institute Of Technology,Wadala, Mumbai",Mumbai,Un-Aided,Autonomous,Mumbai University,Autonomous Institute,0313990010,Electronics And Computer Science,GNT1S,16154,95.3359302,Stage I,2025-26,1,30
03139,"Vidyalankar Institute Of Technology,Wadala, Mumbai",Mumbai,Un-Aided,Autonomous,Mumbai University,Autonomous Institute,0313990010,Electronics And Computer Science,GNT2S,19631,94.3106153,Stage I,2025-26,1,30
03139,"Vidyalankar Institute Of Technology,Wadala, Mumbai",Mumbai,Un-Aided,Autonomous,Mumbai University,Autonomous Institute,0313990010,Electronics And Computer Science,GNT3S,17976,94.816106,Stage I,2025-26,1,30
03139,"Vidyalankar Institute Of Technology,Wadala, Mumbai",Mumbai,Un-Aided,Autonomous,Mumbai University,Autonomous Institute,0313990010,Electronics And Computer Science,GOBCS,17695,94.8874728,Stage I,2025-26,1,30
03139,"Vidyalankar Institute Of Technology,Wadala, Mumbai",Mumbai,Un-Aided,Autonomous,Mumbai University,Autonomous Institute,0313990010,Electronics And Computer Science,GSEBCS,24750,92.7867133,Stage I,2025-26,1,30
03139,"Vidyalankar Institute Of Technology,Wadala, Mumbai",Mumbai,Un-Aided,Autonomous,Mumbai University,Autonomous Institute,0313990010,Electronics And Computer Science,LOPENS,15291,95.6179188,Stage I,2025-26,1,30
03139,"Vidyalankar Institute Of Technology,Wadala, Mumbai",Mumbai,Un-Aided,Autonomous,Mumbai University,Autonomous Institute,0313990010,Electronics And Computer Science,LSCS,33856,90.0449693,Stage I,2025-26,1,30
03139,"Vidyalankar Institute Of Technology,Wadala, Mumbai",Mumbai,Un-Aided,Autonomous,Mumbai University,Autonomous Institute,0313990010,Electronics And Computer Science,LSTS,106633,64.713186,Stage I,2025-26,1,30
03139,"Vidyalankar Institute Of Technology,Wadala, Mumbai",Mumbai,Un-Aided,Autonomous,Mumbai University,Autonomous Institute,0313990010,Electronics And Computer Science,LVJS,62017,81.1324174,Stage I,2025-26,1,30
03139,"Vidyalankar Institute Of Technology,Wadala, Mumbai",Mumbai,Un-Aided,Autonomous,Mumbai University,Autonomous Institute,0313990010,Electronics And Computer Science,LNT1S,30236,91.0751777,Stage I,2025-26,1,30
03139,"Vidyalankar Institute Of Technology,Wadala, Mumbai",Mumbai,Un-Aided,Autonomous,Mumbai University,Autonomous Institute,0313990010,Electronics And Computer Science,LNT2S,25532,92.5540912,Stage I,2025-26,1,30
03139,"Vidyalankar Institute Of Technology,Wadala, Mumbai",Mumbai,Un-Aided,Autonomous,Mumbai University,Autonomous Institute,0313990010,Electronics And Computer Science,LNT3S,28737,91.6321516,Stage I,2025-26,1,30
03139,"Vidyalankar Institute Of Technology,Wadala, Mumbai",Mumbai,Un-Aided,Autonomous,Mumbai University,Autonomous Institute,0313990010,Electronics And Computer Science,LOBCS,19115,94.4922123,Stage I,2025-26,1,30
03139,"Vidyalankar Institute Of Technology,Wadala, Mumbai",Mumbai,Un-Aided,Autonomous,Mumbai University,Autonomous Institute,0313990010,Electronics And Computer Science,LSEBCS,24218,92.933589,Stage I,2025-26,1,30
03139,"Vidyalankar Institute Of Technology,Wadala, Mumbai",Mumbai,Un-Aided,Autonomous,Mumbai University,Autonomous Institute,0313990010,Electronics And Computer Science,PWDOPENS,112166,62.1365556,Stage I,2025-26,1,30
03139,"Vidyalankar Institute Of Technology,Wadala, Mumbai",Mumbai,Un-Aided,Autonomous,Mumbai University,Autonomous Institute,0313990010,Electronics And Computer Science,DEFOPENS,20859,93.9463602,Stage I,2025-26,1,30
03139,"Vidyalankar Institute Of Technology,Wadala, Mumbai",Mumbai,Un-Aided,Autonomous,Mumbai University,Autonomous Institute,0313990010,Electronics And Computer Science,DEFOBCS,46840,85.9646097,Stage I,2025-26,1,30
03139,"Vidyalankar Institute Of Technology,Wadala, Mumbai",Mumbai,Un-Aided,Autonomous,Mumbai University,Autonomous Institute,0313990010,Electronics And Computer Science,TFWS,13738,96.0454545,Stage I,2025-26,1,30
03139,"Vidyalankar Institute Of Technology,Wadala, Mumbai",Mumbai,Un-Aided,Autonomous,Mumbai University,Autonomous Institute,0313990010,Electronics And Computer Science,EWS,38115,88.7615737,Stage I,2025-26,1,30
03143,"Thakur Shyamnarayan Engineering College, Mumbai",Mumbai,Un-Aided Linguistic Minority - Hindi,Non-Autonomous,Mumbai University,Mumbai University,0314324510,Computer Engineering,GOPENH,19923,94.25259,Stage I,2025-26,1,31
03143,"Thakur Shyamnarayan Engineering College, Mumbai",Mumbai,Un-Aided Linguistic Minority - Hindi,Non-Autonomous,Mumbai University,Mumbai University,0314324510,Computer Engineering,LOPENH,21101,93.884935,Stage I,2025-26,1,31
03143,"Thakur Shyamnarayan Engineering College, Mumbai",Mumbai,Un-Aided Linguistic Minority - Hindi,Non-Autonomous,Mumbai University,Mumbai University,0314324510,Computer Engineering,GOPENO,21847,93.6842468,Stage I,2025-26,1,31
03143,"Thakur Shyamnarayan Engineering College, Mumbai",Mumbai,Un-Aided Linguistic Minority - Hindi,Non-Autonomous,Mumbai University,Mumbai University,0314324510,Computer Engineering,LOPENO,24979,92.7190965,Stage I,2025-26,1,31
03143,"Thakur Shyamnarayan Engineering College, Mumbai",Mumbai,Un-Aided Linguistic Minority - Hindi,Non-Autonomous,Mumbai University,Mumbai University,0314324510,Computer Engineering,MI,46733,85.977536,Stage I,2025-26,1,31
03143,"Thakur Shyamnarayan Engineering College, Mumbai",Mumbai,Un-Aided Linguistic Minority - Hindi,Non-Autonomous,Mumbai University,Mumbai University,0314324510,Computer Engineering,TFWS,19938,94.25259,Stage I,2025-26,1,31
03143,"Thakur Shyamnarayan Engineering College, Mumbai",Mumbai,Un-Aided Linguistic Minority - Hindi,Non-Autonomous,Mumbai University,Mumbai University,0314324610,Information Technology,GOPENH,21746,93.6851271,Stage I,2025-26,1,32
03143,"Thakur Shyamnarayan Engineering College, Mumbai",Mumbai,Un-Aided Linguistic Minority - Hindi,Non-Autonomous,Mumbai University,Mumbai University,0314324610,Information Technology,LOPENH,23648,93.1055879,Stage I,2025-26,1,32
03143,"Thakur Shyamnarayan Engineering College, Mumbai",Mumbai,Un-Aided Linguistic Minority - Hindi,Non-Autonomous,Mumbai University,Mumbai University,0314324610,Information Technology,GOPENO,24592,92.8376317,Stage I,2025-26,1,32
03143,"Thakur Shyamnarayan Engineering College, Mumbai",Mumbai,Un-Aided Linguistic Minority - Hindi,Non-Autonomous,Mumbai University,Mumbai University,0314324610,Information Technology,LOPENO,21893,93.6678322,Stage I,2025-26,1,32
03143,"Thakur Shyamnarayan Engineering College, Mumbai",Mumbai,Un-Aided Linguistic Minority - Hindi,Non-Autonomous,Mumbai University,Mumbai University,0314324610,Information Technology,MI,51639,84.5176078,Stage I,2025-26,1,32
03143,"Thakur Shyamnarayan Engineering College, Mumbai",Mumbai,Un-Aided Linguistic Minority - Hindi,Non-Autonomous,Mumbai University,Mumbai University,0314324610,Information Technology,TFWS,20856,93.9463602,Stage I,2025-26,1,32
03143,"Thakur Shyamnarayan Engineering College, Mumbai",Mumbai,Un-Aided Linguistic Minority - Hindi,Non-Autonomous,Mumbai University,Mumbai University,0314361210,Mechanical Engineering,GOPENH,43715,87.0316109,Stage I,2025-26,1,33
03143,"Thakur Shyamnarayan Engineering College, Mumbai",Mumbai,Un-Aided Linguistic Minority - Hindi,Non-Autonomous,Mumbai University,Mumbai University,0314361210,Mechanical Engineering,LOPENH,70481,78.4342571,Stage I,2025-26,1,33
03143,"Thakur Shyamnarayan Engineering College, Mumbai",Mumbai,Un-Aided Linguistic Minority - Hindi,Non-Autonomous,Mumbai University,Mumbai University,0314361210,Mechanical Engineering,GOPENO,64202,80.4732503,Stage I,2025-26,1,33
03143,"Thakur Shyamnarayan Engineering College, Mumbai",Mumbai,Un-Aided Linguistic Minority - Hindi,Non-Autonomous,Mumbai University,Mumbai University,0314361210,Mechanical Engineering,LOPENO,86535,72.7429418,Stage I,2025-26,1,33
03143,"Thakur Shyamnarayan Engineering College, Mumbai",Mumbai,Un-Aided Linguistic Minority - Hindi,Non-Autonomous,Mumbai University,Mumbai University,0314361210,Mechanical Engineering,MI,144457,46.6242967,Stage I,2025-26,1,33
03143,"Thakur Shyamnarayan Engineering College, Mumbai",Mumbai,Un-Aided Linguistic Minority - Hindi,Non-Autonomous,Mumbai University,Mumbai University,0314361210,Mechanical Engineering,TFWS,52959,84.0903324,Stage I,2025-26,1,33
03143,"Thakur Shyamnarayan Engineering College, Mumbai",Mumbai,Un-Aided Linguistic Minority - Hindi,Non-Autonomous,Mumbai University,Mumbai University,0314384410,Electronics And Computer Engineering,GOPENH,27859,91.8508049,Stage I,2025-26,1,34
03143,"Thakur Shyamnarayan Engineering College, Mumbai",Mumbai,Un-Aided Linguistic Minority - Hindi,Non-Autonomous,Mumbai University,Mumbai University,0314384410,Electronics And Computer Engineering,LOPENH,36090,89.3412389,Stage I,2025-26,1,34
03143,"Thakur Shyamnarayan Engineering College, Mumbai",Mumbai,Un-Aided Linguistic Minority - Hindi,Non-Autonomous,Mumbai University,Mumbai University,0314384410,Electronics And Computer Engineering,GOPENO,30134,91.1459607,Stage I,2025-26,1,34
03143,"Thakur Shyamnarayan Engineering College, Mumbai",Mumbai,Un-Aided Linguistic Minority - Hindi,Non-Autonomous,Mumbai University,Mumbai University,0314384410,Electronics And Computer Engineering,LOPENO,33729,90.0917161,Stage I,2025-26,1,34
03143,"Thakur Shyamnarayan Engineering College, Mumbai",Mumbai,Un-Aided Linguistic Minority - Hindi,Non-Autonomous,Mumbai University,Mumbai University,0314384410,Electronics And Computer Engineering,MI,66676,79.7185003,Stage I,2025-26,1,34
03143,"Thakur Shyamnarayan Engineering College, Mumbai",Mumbai,Un-Aided Linguistic Minority - Hindi,Non-Autonomous,Mumbai University,Mumbai University,0314384410,Electronics And Computer Engineering,TFWS,30966,90.8847092,Stage I,2025-26,1,34
03143,"Thakur Shyamnarayan Engineering College, Mumbai",Mumbai,Un-Aided Linguistic Minority - Hindi,Non-Autonomous,Mumbai University,Mumbai University,0314391110,Computer Science And Engineering(Artificial Intelligence And Machine Learning),GOPENH,24605,92.8376317,Stage I,2025-26,1,35
03143,"Thakur Shyamnarayan Engineering College, Mumbai",Mumbai,Un-Aided Linguistic Minority - Hindi,Non-Autonomous,Mumbai University,Mumbai University,0314391110,Computer Science And Engineering(Artificial Intelligence And Machine Learning),LOPENH,27050,92.0769231,Stage I,2025-26,1,35
03143,"Thakur Shyamnarayan Engineering College, Mumbai",Mumbai,Un-Aided Linguistic Minority - Hindi,Non-Autonomous,Mumbai University,Mumbai University,0314391110,Computer Science And Engineering(Artificial Intelligence And Machine Learning),GOPENO,27543,91.972622,Stage I,2025-26,1,35
03143,"Thakur Shyamnarayan Engineering College, Mumbai",Mumbai,Un-Aided Linguistic Minority - Hindi,Non-Autonomous,Mumbai University,Mumbai University,0314391110,Computer Science And Engineering(Artificial Intelligence And Machine Learning),LOPENO,16263,95.3083376,Stage I,2025-26,1,35
03143,"Thakur Shyamnarayan Engineering College, Mumbai",Mumbai,Un-Aided Linguistic Minority - Hindi,Non-Autonomous,Mumbai University,Mumbai University,0314391110,Computer Science And Engineering(Artificial Intelligence And Machine Learning),MI,56699,82.8811189,Stage I,2025-26,1,35
03143,"Thakur Shyamnarayan Engineering College, Mumbai",Mumbai,Un-Aided Linguistic Minority - Hindi,Non-Autonomous,Mumbai University,Mumbai University,0314391110,Computer Science And Engineering(Artificial Intelligence And Machine Learning),TFWS,24121,92.9765542,Stage I,2025-26,1,35
03146,"Jawahar Education Society'S Annasaheb Chudaman Patil College Of Engineering,Kharghar, Navi Mumbai",Mumbai,Un-Aided,Non-Autonomous,Mumbai University,Mumbai University,0314600210,Aeronautical Engineering,GOPENH,72392,77.9513058,Stage I,2025-26,1,36
03146,"Jawahar Education Society'S Annasaheb Chudaman Patil College Of Engineering,Kharghar, Navi Mumbai",Mumbai,Un-Aided,Non-Autonomous,Mumbai University,Mumbai University,0314600210,Aeronautical Engineering,GSCH,107575,64.2631037,Stage I,2025-26,1,36
03146,"Jawahar Education Society'S Annasaheb Chudaman Patil College Of Engineering,Kharghar, Navi Mumbai",Mumbai,Un-Aided,Non-Autonomous,Mumbai University,Mumbai University,0314600210,Aeronautical Engineering,GVJH,129951,54.0903901,Stage I,2025-26,1,36
03146,"Jawahar Education Society'S Annasaheb Chudaman Patil College Of Engineering,Kharghar, Navi Mumbai",Mumbai,Un-Aided,Non-Autonomous,Mumbai University,Mumbai University,0314600210,Aeronautical Engineering,GNT1H,153231,41.4458186,Stage I,2025-26,1,36
03146,"Jawahar Education Society'S Annasaheb Chudaman Patil College Of Engineering,Kharghar, Navi Mumbai",Mumbai,Un-Aided,Non-Autonomous,Mumbai University,Mumbai University,0314600210,Aeronautical Engineering,GNT2H,114141,61.5619516,Stage I,2025-26,1,36
03146,"Jawahar Education Society'S Annasaheb Chudaman Patil College Of Engineering,Kharghar, Navi Mumbai",Mumbai,Un-Aided,Non-Autonomous,Mumbai University,Mumbai University,0314600210,Aeronautical Engineering,GOBCH,87756,72.102802,Stage I,2025-26,1,36
03146,"Jawahar Education Society'S Annasaheb Chudaman Patil College Of Engineering,Kharghar, Navi Mumbai",Mumbai,Un-Aided,Non-Autonomous,Mumbai University,Mumbai University,0314600210,Aeronautical Engineering,LOPENH,56753,82.8811189,Stage I,2025-26,1,36
03146,"Jawahar Education Society'S Annasaheb Chudaman Patil College Of Engineering,Kharghar, Navi Mumbai",Mumbai,Un-Aided,Non-Autonomous,Mumbai University,Mumbai University,0314600210,Aeronautical Engineering,LOBCH,75146,76.8973331,Stage I,2025-26,1,36
03146,"Jawahar Education Society'S Annasaheb Chudaman Patil College Of Engineering,Kharghar, Navi Mumbai",Mumbai,Un-Aided,Non-Autonomous,Mumbai University,Mumbai University,0314600210,Aeronautical Engineering,LSEBCH,190426,14.0716041,Stage I,2025-26,1,36
03146,"Jawahar Education Society'S Annasaheb Chudaman Patil College Of Engineering,Kharghar, Navi Mumbai",Mumbai,Un-Aided,Non-Autonomous,Mumbai University,Mumbai University,0314600210,Aeronautical Engineering,GSTH,165494,33.0802795,Stage I,2025-26,1,36
03146,"Jawahar Education Society'S Annasaheb Chudaman Patil College Of Engineering,Kharghar, Navi Mumbai",Mumbai,Un-Aided,Non-Autonomous,Mumbai University,Mumbai University,0314600210,Aeronautical Engineering,GSEBCH,130851,53.6771201,Stage I,2025-26,1,36
03146,"Jawahar Education Society'S Annasaheb Chudaman Patil College Of Engineering,Kharghar, Navi Mumbai",Mumbai,Un-Aided,Non-Autonomous,Mumbai University,Mumbai University,0314600210,Aeronautical Engineering,GOPENO,40906,87.9272878,Stage I,2025-26,1,36
03146,"Jawahar Education Society'S Annasaheb Chudaman Patil College Of Engineering,Kharghar, Navi Mumbai",Mumbai,Un-Aided,Non-Autonomous,Mumbai University,Mumbai University,0314600210,Aeronautical Engineering,GSCO,69360,78.6167398,Stage I,2025-26,1,36
03146,"Jawahar Education Society'S Annasaheb Chudaman Patil College Of Engineering,Kharghar, Navi Mumbai",Mumbai,Un-Aided,Non-Autonomous,Mumbai University,Mumbai University,0314600210,Aeronautical Engineering,GOBCO,50836,84.8660601,Stage I,2025-26,1,36
03146,"Jawahar Education Society'S Annasaheb Chudaman Patil College Of Engineering,Kharghar, Navi Mumbai",Mumbai,Un-Aided,Non-Autonomous,Mumbai University,Mumbai University,0314600210,Aeronautical Engineering,GSEBCO,44967,86.6751751,Stage I,2025-26,1,36
03146,"Jawahar Education Society'S Annasaheb Chudaman Patil College Of Engineering,Kharghar, Navi Mumbai",Mumbai,Un-Aided,Non-Autonomous,Mumbai University,Mumbai University,0314600210,Aeronautical Engineering,LOPENO,59230,82.1319232,Stage I,2025-26,1,36
03146,"Jawahar Education Society'S Annasaheb Chudaman Patil College Of Engineering,Kharghar, Navi Mumbai",Mumbai,Un-Aided,Non-Autonomous,Mumbai University,Mumbai University,0314600210,Aeronautical Engineering,LOBCO,59600,81.9705913,Stage I,2025-26,1,36
03146,"Jawahar Education Society'S Annasaheb Chudaman Patil College Of Engineering,Kharghar, Navi Mumbai",Mumbai,Un-Aided,Non-Autonomous,Mumbai University,Mumbai University,0314600210,Aeronautical Engineering,LVJO,158507,38.3392226,Stage II,2025-26,1,36
03146,"Jawahar Education Society'S Annasaheb Chudaman Patil College Of Engineering,Kharghar, Navi Mumbai",Mumbai,Un-Aided,Non-Autonomous,Mumbai University,Mumbai University,0314600210,Aeronautical Engineering,TFWS,67200,79.6925092,Stage I,2025-26,1,36
03146,"Jawahar Education Society'S Annasaheb Chudaman Patil College Of Engineering,Kharghar, Navi Mumbai",Mumbai,Un-Aided,Non-Autonomous,Mumbai University,Mumbai University,0314600210,Aeronautical Engineering,EWS,183914,19.7061157,Stage I,2025-26,1,36
03146,"Jawahar Education Society'S Annasaheb Chudaman Patil College Of Engineering,Kharghar, Navi Mumbai",Mumbai,Un-Aided,Non-Autonomous,Mumbai University,Mumbai University,0314624510,Computer Engineering,GOPENH,42692,87.3196408,Stage I,2025-26,1,37
03146,"Jawahar Education Society'S Annasaheb Chudaman Patil College Of Engineering,Kharghar, Navi Mumbai",Mumbai,Un-Aided,Non-Autonomous,Mumbai University,Mumbai University,0314624510,Computer Engineering,GSCH,52460,84.3018999,Stage I,2025-26,1,37
03146,"Jawahar Education Society'S Annasaheb Chudaman Patil College Of Engineering,Kharghar, Navi Mumbai",Mumbai,Un-Aided,Non-Autonomous,Mumbai University,Mumbai University,0314624510,Computer Engineering,GSTH,203470,0.4055944,Stage I,2025-26,1,37
03146,"Jawahar Education Society'S Annasaheb Chudaman Patil College Of Engineering,Kharghar, Navi Mumbai",Mumbai,Un-Aided,Non-Autonomous,Mumbai University,Mumbai University,0314624510,Computer Engineering,GNT2H,68534,79.027972,Stage I,2025-26,1,37
03146,"Jawahar Education Society'S Annasaheb Chudaman Patil College Of Engineering,Kharghar, Navi Mumbai",Mumbai,Un-Aided,Non-Autonomous,Mumbai University,Mumbai University,0314624510,Computer Engineering,GOBCH,48578,85.5207245,Stage I,2025-26,1,37
03146,"Jawahar Education Society'S Annasaheb Chudaman Patil College Of Engineering,Kharghar, Navi Mumbai",Mumbai,Un-Aided,Non-Autonomous,Mumbai University,Mumbai University,0314624510,Computer Engineering,GSEBCH,62795,81.0133535,Stage I,2025-26,1,37
03146,"Jawahar Education Society'S Annasaheb Chudaman Patil College Of Engineering,Kharghar, Navi Mumbai",Mumbai,Un-Aided,Non-Autonomous,Mumbai University,Mumbai University,0314624510,Computer Engineering,LOPENH,41261,87.7787039,Stage I,2025-26,1,37
03146,"Jawahar Education Society'S Annasaheb Chudaman Patil College Of Engineering,Kharghar, Navi Mumbai",Mumbai,Un-Aided,Non-Autonomous,Mumbai University,Mumbai University,0314624510,Computer Engineering,LSCH,77011,75.8001957,Stage I,2025-26,1,37
03146,"Jawahar Education Society'S Annasaheb Chudaman Patil College Of Engineering,Kharghar, Navi Mumbai",Mumbai,Un-Aided,Non-Autonomous,Mumbai University,Mumbai University,0314624510,Computer Engineering,LSTH,71813,78.1688442,Stage I,2025-26,1,37
03146,"Jawahar Education Society'S Annasaheb Chudaman Patil College Of Engineering,Kharghar, Navi Mumbai",Mumbai,Un-Aided,Non-Autonomous,Mumbai University,Mumbai University,0314624510,Computer Engineering,LNT1H,68130,79.3004726,Stage I,2025-26,1,37
03146,"Jawahar Education Society'S Annasaheb Chudaman Patil College Of Engineering,Kharghar, Navi Mumbai",Mumbai,Un-Aided,Non-Autonomous,Mumbai University,Mumbai University,0314624510,Computer Engineering,LNT3H,69137,78.6729363,Stage I,2025-26,1,37
03146,"Jawahar Education Society'S Annasaheb Chudaman Patil College Of Engineering,Kharghar, Navi Mumbai",Mumbai,Un-Aided,Non-Autonomous,Mumbai University,Mumbai University,0314624510,Computer Engineering,LOBCH,47888,85.8461538,Stage I,2025-26,1,37
03146,"Jawahar Education Society'S Annasaheb Chudaman Patil College Of Engineering,Kharghar, Navi Mumbai",Mumbai,Un-Aided,Non-Autonomous,Mumbai University,Mumbai University,0314624510,Computer Engineering,LSEBCH,49506,85.1919561,Stage I,2025-26,1,37
03146,"Jawahar Education Society'S Annasaheb Chudaman Patil College Of Engineering,Kharghar, Navi Mumbai",Mumbai,Un-Aided,Non-Autonomous,Mumbai University,Mumbai University,0314624510,Computer Engineering,PWDOPENH,185249,18.9335664,Stage I,2025-26,1,37
03146,"Jawahar Education Society'S Annasaheb Chudaman Patil College Of Engineering,Kharghar, Navi Mumbai",Mumbai,Un-Aided,Non-Autonomous,Mumbai University,Mumbai University,0314624510,Computer Engineering,LVJH,103618,65.8992965,Stage I,2025-26,1,37
03146,"Jawahar Education Society'S Annasaheb Chudaman Patil College Of Engineering,Kharghar, Navi Mumbai",Mumbai,Un-Aided,Non-Autonomous,Mumbai University,Mumbai University,0314624510,Computer Engineering,GOPENO,53154,84.0359888,Stage I,2025-26,1,37
03146,"Jawahar Education Society'S Annasaheb Chudaman Patil College Of Engineering,Kharghar, Navi Mumbai",Mumbai,Un-Aided,Non-Autonomous,Mumbai University,Mumbai University,0314624510,Computer Engineering,GSCO,72153,78.010417,Stage I,2025-26,1,37
03146,"Jawahar Education Society'S Annasaheb Chudaman Patil College Of Engineering,Kharghar, Navi Mumbai",Mumbai,Un-Aided,Non-Autonomous,Mumbai University,Mumbai University,0314624510,Computer Engineering,GVJO,69311,78.6167398,Stage I,2025-26,1,37
03146,"Jawahar Education Society'S Annasaheb Chudaman Patil College Of Engineering,Kharghar, Navi Mumbai",Mumbai,Un-Aided,Non-Autonomous,Mumbai University,Mumbai University,0314624510,Computer Engineering,GNT2O,77362,75.6538462,Stage I,2025-26,1,37
03146,"Jawahar Education Society'S Annasaheb Chudaman Patil College Of Engineering,Kharghar, Navi Mumbai",Mumbai,Un-Aided,Non-Autonomous,Mumbai University,Mumbai University,0314624510,Computer Engineering,GOBCO,59937,81.940403,Stage I,2025-26,1,37
03146,"Jawahar Education Society'S Annasaheb Chudaman Patil College Of Engineering,Kharghar, Navi Mumbai",Mumbai,Un-Aided,Non-Autonomous,Mumbai University,Mumbai University,0314624510,Computer Engineering,GSEBCO,64961,80.0,Stage I,2025-26,1,37
03146,"Jawahar Education Society'S Annasaheb Chudaman Patil College Of Engineering,Kharghar, Navi Mumbai",Mumbai,Un-Aided,Non-Autonomous,Mumbai University,Mumbai University,0314624510,Computer Engineering,LOPENO,50435,84.8811189,Stage I,2025-26,1,37
03146,"Jawahar Education Society'S Annasaheb Chudaman Patil College Of Engineering,Kharghar, Navi Mumbai",Mumbai,Un-Aided,Non-Autonomous,Mumbai University,Mumbai University,0314624510,Computer Engineering,LSCO,75492,76.7694659,Stage I,2025-26,1,37
03146,"Jawahar Education Society'S Annasaheb Chudaman Patil College Of Engineering,Kharghar, Navi Mumbai",Mumbai,Un-Aided,Non-Autonomous,Mumbai University,Mumbai University,0314624510,Computer Engineering,LNT1O,105149,65.5190641,Stage I,2025-26,1,37
03146,"Jawahar Education Society'S Annasaheb Chudaman Patil College Of Engineering,Kharghar, Navi Mumbai",Mumbai,Un-Aided,Non-Autonomous,Mumbai University,Mumbai University,0314624510,Computer Engineering,LNT3O,69401,78.6167398,Stage I,2025-26,1,37
03146,"Jawahar Education Society'S Annasaheb Chudaman Patil College Of Engineering,Kharghar, Navi Mumbai",Mumbai,Un-Aided,Non-Autonomous,Mumbai University,Mumbai University,0314624510,Computer Engineering,LOBCO,55871,83.2058578,Stage I,2025-26,1,37
03146,"Jawahar Education Society'S Annasaheb Chudaman Patil College Of Engineering,Kharghar, Navi Mumbai",Mumbai,Un-Aided,Non-Autonomous,Mumbai University,Mumbai University,0314624510,Computer Engineering,DEFOPENS,89168,71.5830116,Stage I,2025-26,1,37
03146,"Jawahar Education Society'S Annasaheb Chudaman Patil College Of Engineering,Kharghar, Navi Mumbai",Mumbai,Un-Aided,Non-Autonomous,Mumbai University,Mumbai University,0314624510,Computer Engineering,DEFOBCS,102547,66.3795642,Stage I,2025-26,1,37
03146,"Jawahar Education Society'S Annasaheb Chudaman Patil College Of Engineering,Kharghar, Navi Mumbai",Mumbai,Un-Aided,Non-Autonomous,Mumbai University,Mumbai University,0314624510,Computer Engineering,TFWS,36838,89.1476381,Stage I,2025-26,1,37
03146,"Jawahar Education Society'S Annasaheb Chudaman Patil College Of Engineering,Kharghar, Navi Mumbai",Mumbai,Un-Aided,Non-Autonomous,Mumbai University,Mumbai University,0314624510,Computer Engineering,EWS,202665,1.5757364,Stage I,2025-26,1,37
03146,"Jawahar Education Society'S Annasaheb Chudaman Patil College Of Engineering,Kharghar, Navi Mumbai",Mumbai,Un-Aided,Non-Autonomous,Mumbai University,Mumbai University,0314624610,Information Technology,GOPENH,48263,85.6182564,Stage I,2025-26,1,38
03146,"Jawahar Education Society'S Annasaheb Chudaman Patil College Of Engineering,Kharghar, Navi Mumbai",Mumbai,Un-Aided,Non-Autonomous,Mumbai University,Mumbai University,0314624610,Information Technology,GSCH,72459,77.9513058,Stage I,2025-26,1,38
03146,"Jawahar Education Society'S Annasaheb Chudaman Patil College Of Engineering,Kharghar, Navi Mumbai",Mumbai,Un-Aided,Non-Autonomous,Mumbai University,Mumbai University,0314624610,Information Technology,GSTH,156096,39.6653303,Stage I,2025-26,1,38
03146,"Jawahar Education Society'S Annasaheb Chudaman Patil College Of Engineering,Kharghar, Navi Mumbai",Mumbai,Un-Aided,Non-Autonomous,Mumbai University,Mumbai University,0314624610,Information Technology,GVJH,128720,54.5739657,Stage I,2025-26,1,38
03146,"Jawahar Education Society'S Annasaheb Chudaman Patil College Of Engineering,Kharghar, Navi Mumbai",Mumbai,Un-Aided,Non-Autonomous,Mumbai University,Mumbai University,0314624610,Information Technology,GNT1H,59985,81.940403,Stage I,2025-26,1,38
03146,"Jawahar Education Society'S Annasaheb Chudaman Patil College Of Engineering,Kharghar, Navi Mumbai",Mumbai,Un-Aided,Non-Autonomous,Mumbai University,Mumbai University,0314624610,Information Technology,GNT3H,62819,81.0133535,Stage I,2025-26,1,38
03146,"Jawahar Education Society'S Annasaheb Chudaman Patil College Of Engineering,Kharghar, Navi Mumbai",Mumbai,Un-Aided,Non-Autonomous,Mumbai University,Mumbai University,0314624610,Information Technology,GOBCH,56874,82.8437868,Stage I,2025-26,1,38
03146,"Jawahar Education Society'S Annasaheb Chudaman Patil College Of Engineering,Kharghar, Navi Mumbai",Mumbai,Un-Aided,Non-Autonomous,Mumbai University,Mumbai University,0314624610,Information Technology,GSEBCH,73936,77.1296846,Stage I,2025-26,1,38
03146,"Jawahar Education Society'S Annasaheb Chudaman Patil College Of Engineering,Kharghar, Navi Mumbai",Mumbai,Un-Aided,Non-Autonomous,Mumbai University,Mumbai University,0314624610,Information Technology,LOPENH,45382,86.552754,Stage I,2025-26,1,38
03146,"Jawahar Education Society'S Annasaheb Chudaman Patil College Of Engineering,Kharghar, Navi Mumbai",Mumbai,Un-Aided,Non-Autonomous,Mumbai University,Mumbai University,0314624610,Information Technology,LSCH,78251,75.4880541,Stage I,2025-26,1,38
03146,"Jawahar Education Society'S Annasaheb Chudaman Patil College Of Engineering,Kharghar, Navi Mumbai",Mumbai,Un-Aided,Non-Autonomous,Mumbai University,Mumbai University,0314624610,Information Technology,LNT2H,70489,78.4342571,Stage I,2025-26,1,38
03146,"Jawahar Education Society'S Annasaheb Chudaman Patil College Of Engineering,Kharghar, Navi Mumbai",Mumbai,Un-Aided,Non-Autonomous,Mumbai University,Mumbai University,0314624610,Information Technology,LOBCH,49126,85.2215842,Stage I,2025-26,1,38
03146,"Jawahar Education Society'S Annasaheb Chudaman Patil College Of Engineering,Kharghar, Navi Mumbai",Mumbai,Un-Aided,Non-Autonomous,Mumbai University,Mumbai University,0314624610,Information Technology,LSEBCH,70735,78.4242636,Stage I,2025-26,1,38
03146,"Jawahar Education Society'S Annasaheb Chudaman Patil College Of Engineering,Kharghar, Navi Mumbai",Mumbai,Un-Aided,Non-Autonomous,Mumbai University,Mumbai University,0314624610,Information Technology,GOPENO,61672,81.2846613,Stage I,2025-26,1,38
03146,"Jawahar Education Society'S Annasaheb Chudaman Patil College Of Engineering,Kharghar, Navi Mumbai",Mumbai,Un-Aided,Non-Autonomous,Mumbai University,Mumbai University,0314624610,Information Technology,GSCO,77439,75.6538462,Stage I,2025-26,1,38
03146,"Jawahar Education Society'S Annasaheb Chudaman Patil College Of Engineering,Kharghar, Navi Mumbai",Mumbai,Un-Aided,Non-Autonomous,Mumbai University,Mumbai University,0314624610,Information Technology,GOBCO,62735,81.0133535,Stage I,2025-26,1,38
03146,"Jawahar Education Society'S Annasaheb Chudaman Patil College Of Engineering,Kharghar, Navi Mumbai",Mumbai,Un-Aided,Non-Autonomous,Mumbai University,Mumbai University,0314624610,Information Technology,LOPENO,67087,79.6925092,Stage I,2025-26,1,38
03146,"Jawahar Education Society'S Annasaheb Chudaman Patil College Of Engineering,Kharghar, Navi Mumbai",Mumbai,Un-Aided,Non-Autonomous,Mumbai University,Mumbai University,0314624610,Information Technology,LOBCO,67858,79.3730892,Stage I,2025-26,1,38
03146,"Jawahar Education Society'S Annasaheb Chudaman Patil College Of Engineering,Kharghar, Navi Mumbai",Mumbai,Un-Aided,Non-Autonomous,Mumbai University,Mumbai University,0314624610,Information Technology,LSEBCO,70611,78.4242636,Stage I,2025-26,1,38
03146,"Jawahar Education Society'S Annasaheb Chudaman Patil College Of Engineering,Kharghar, Navi Mumbai",Mumbai,Un-Aided,Non-Autonomous,Mumbai University,Mumbai University,0314624610,Information Technology,DEFOPENS,80955,74.9785452,Stage I,2025-26,1,38
03146,"Jawahar Education Society'S Annasaheb Chudaman Patil College Of Engineering,Kharghar, Navi Mumbai",Mumbai,Un-Aided,Non-Autonomous,Mumbai University,Mumbai University,0314624610,Information Technology,TFWS,47125,85.9124978,Stage I,2025-26,1,38
03146,"Jawahar Education Society'S Annasaheb Chudaman Patil College Of Engineering,Kharghar, Navi Mumbai",Mumbai,Un-Aided,Non-Autonomous,Mumbai University,Mumbai University,0314624610,Information Technology,DEFROBCS,138447,49.6043895,Stage I,2025-26,1,38
03146,"Jawahar Education Society'S Annasaheb Chudaman Patil College Of Engineering,Kharghar, Navi Mumbai",Mumbai,Un-Aided,Non-Autonomous,Mumbai University,Mumbai University,0314624610,Information Technology,EWS,170768,29.4125763,Stage I,2025-26,1,38
03146,"Jawahar Education Society'S Annasaheb Chudaman Patil College Of Engineering,Kharghar, Navi Mumbai",Mumbai,Un-Aided,Non-Autonomous,Mumbai University,Mumbai University,0314629310,Electrical Engineering,GOPENH,88244,71.8498844,Stage I,2025-26,1,39
03146,"Jawahar Education Society'S Annasaheb Chudaman Patil College Of Engineering,Kharghar, Navi Mumbai",Mumbai,Un-Aided,Non-Autonomous,Mumbai University,Mumbai University,0314629310,Electrical Engineering,GSCH,123569,57.4017459,Stage I,2025-26,1,39
03146,"Jawahar Education Society'S Annasaheb Chudaman Patil College Of Engineering,Kharghar, Navi Mumbai",Mumbai,Un-Aided,Non-Autonomous,Mumbai University,Mumbai University,0314629310,Electrical Engineering,GVJH,189750,15.1144829,Stage I,2025-26,1,39
03146,"Jawahar Education Society'S Annasaheb Chudaman Patil College Of Engineering,Kharghar, Navi Mumbai",Mumbai,Un-Aided,Non-Autonomous,Mumbai University,Mumbai University,0314629310,Electrical Engineering,GNT2H,137226,50.4913264,Stage I,2025-26,1,39
03146,"Jawahar Education Society'S Annasaheb Chudaman Patil College Of Engineering,Kharghar, Navi Mumbai",Mumbai,Un-Aided,Non-Autonomous,Mumbai University,Mumbai University,0314629310,Electrical Engineering,GNT3H,142455,47.3563218,Stage I,2025-26,1,39
03146,"Jawahar Education Society'S Annasaheb Chudaman Patil College Of Engineering,Kharghar, Navi Mumbai",Mumbai,Un-Aided,Non-Autonomous,Mumbai University,Mumbai University,0314629310,Electrical Engineering,GOBCH,112453,62.1365556,Stage I,2025-26,1,39
03146,"Jawahar Education Society'S Annasaheb Chudaman Patil College Of Engineering,Kharghar, Navi Mumbai",Mumbai,Un-Aided,Non-Autonomous,Mumbai University,Mumbai University,0314629310,Electrical Engineering,GSEBCH,130142,54.0903901,Stage I,2025-26,1,39
03146,"Jawahar Education Society'S Annasaheb Chudaman Patil College Of Engineering,Kharghar, Navi Mumbai",Mumbai,Un-Aided,Non-Autonomous,Mumbai University,Mumbai University,0314629310,Electrical Engineering,LOPENH,104134,65.8462319,Stage I,2025-26,1,39
03146,"Jawahar Education Society'S Annasaheb Chudaman Patil College Of Engineering,Kharghar, Navi Mumbai",Mumbai,Un-Aided,Non-Autonomous,Mumbai University,Mumbai University,0314629310,Electrical Engineering,LSCH,121152,58.2180677,Stage I,2025-26,1,39
03146,"Jawahar Education Society'S Annasaheb Chudaman Patil College Of Engineering,Kharghar, Navi Mumbai",Mumbai,Un-Aided,Non-Autonomous,Mumbai University,Mumbai University,0314629310,Electrical Engineering,LOBCH,172071,28.9513426,Stage I,2025-26,1,39
03146,"Jawahar Education Society'S Annasaheb Chudaman Patil College Of Engineering,Kharghar, Navi Mumbai",Mumbai,Un-Aided,Non-Autonomous,Mumbai University,Mumbai University,0314629310,Electrical Engineering,LSEBCH,158277,38.7925588,Stage I,2025-26,1,39
03146,"Jawahar Education Society'S Annasaheb Chudaman Patil College Of Engineering,Kharghar, Navi Mumbai",Mumbai,Un-Aided,Non-Autonomous,Mumbai University,Mumbai University,0314629310,Electrical Engineering,GOPENO,107238,64.3453843,Stage I,2025-26,1,39
03146,"Jawahar Education Society'S Annasaheb Chudaman Patil College Of Engineering,Kharghar, Navi Mumbai",Mumbai,Un-Aided,Non-Autonomous,Mumbai University,Mumbai University,0314629310,Electrical Engineering,GSCO,118449,59.3210117,Stage I,2025-26,1,39
03146,"Jawahar Education Society'S Annasaheb Chudaman Patil College Of Engineering,Kharghar, Navi Mumbai",Mumbai,Un-Aided,Non-Autonomous,Mumbai University,Mumbai University,0314629310,Electrical Engineering,GNT1O,188242,16.1743072,Stage I,2025-26,1,39
03146,"Jawahar Education Society'S Annasaheb Chudaman Patil College Of Engineering,Kharghar, Navi Mumbai",Mumbai,Un-Aided,Non-Autonomous,Mumbai University,Mumbai University,0314629310,Electrical Engineering,GOBCO,119931,58.8525307,Stage I,2025-26,1,39
03146,"Jawahar Education Society'S Annasaheb Chudaman Patil College Of Engineering,Kharghar, Navi Mumbai",Mumbai,Un-Aided,Non-Autonomous,Mumbai University,Mumbai University,0314629310,Electrical Engineering,GSEBCO,168942,31.9280223,Stage I,2025-26,1,39
03146,"Jawahar Education Society'S Annasaheb Chudaman Patil College Of Engineering,Kharghar, Navi Mumbai",Mumbai,Un-Aided,Non-Autonomous,Mumbai University,Mumbai University,0314629310,Electrical Engineering,LOPENO,132369,53.2228937,Stage I,2025-26,1,39
03146,"Jawahar Education Society'S Annasaheb Chudaman Patil College Of Engineering,Kharghar, Navi Mumbai",Mumbai,Un-Aided,Non-Autonomous,Mumbai University,Mumbai University,0314629310,Electrical Engineering,LSCO,131943,53.2228937,Stage I,2025-26,1,39
03146,"Jawahar Education Society'S Annasaheb Chudaman Patil College Of Engineering,Kharghar, Navi Mumbai",Mumbai,Un-Aided,Non-Autonomous,Mumbai University,Mumbai University,0314629310,Electrical Engineering,TFWS,107783,64.2631037,Stage I,2025-26,1,39
03146,"Jawahar Education Society'S Annasaheb Chudaman Patil College Of Engineering,Kharghar, Navi Mumbai",Mumbai,Un-Aided,Non-Autonomous,Mumbai University,Mumbai University,0314637210,Electronics And Telecommunication Engg,GOPENH,63378,80.8599071,Stage I,2025-26,1,40
03146,"Jawahar Education Society'S Annasaheb Chudaman Patil College Of Engineering,Kharghar, Navi Mumbai",Mumbai,Un-Aided,Non-Autonomous,Mumbai University,Mumbai University,0314637210,Electronics And Telecommunication Engg,GSCH,85227,73.2612864,Stage I,2025-26,1,40
03146,"Jawahar Education Society'S Annasaheb Chudaman Patil College Of Engineering,Kharghar, Navi Mumbai",Mumbai,Un-Aided,Non-Autonomous,Mumbai University,Mumbai University,0314637210,Electronics And Telecommunication Engg,GNT1H,78957,75.3562654,Stage I,2025-26,1,40
03146,"Jawahar Education Society'S Annasaheb Chudaman Patil College Of Engineering,Kharghar, Navi Mumbai",Mumbai,Un-Aided,Non-Autonomous,Mumbai University,Mumbai University,0314637210,Electronics And Telecommunication Engg,GOBCH,72620,77.5384615,Stage I,2025-26,1,40
03146,"Jawahar Education Society'S Annasaheb Chudaman Patil College Of Engineering,Kharghar, Navi Mumbai",Mumbai,Un-Aided,Non-Autonomous,Mumbai University,Mumbai University,0314637210,Electronics And Telecommunication Engg,GSEBCH,89856,71.4842352,Stage I,2025-26,1,40
03146,"Jawahar Education Society'S Annasaheb Chudaman Patil College Of Engineering,Kharghar, Navi Mumbai",Mumbai,Un-Aided,Non-Autonomous,Mumbai University,Mumbai University,0314637210,Electronics And Telecommunication Engg,LOPENH,64131,80.4732503,Stage I,2025-26,1,40
03146,"Jawahar Education Society'S Annasaheb Chudaman Patil College Of Engineering,Kharghar, Navi Mumbai",Mumbai,Un-Aided,Non-Autonomous,Mumbai University,Mumbai University,0314637210,Electronics And Telecommunication Engg,LSCH,82955,73.7482517,Stage I,2025-26,1,40
03146,"Jawahar Education Society'S Annasaheb Chudaman Patil College Of Engineering,Kharghar, Navi Mumbai",Mumbai,Un-Aided,Non-Autonomous,Mumbai University,Mumbai University,0314637210,Electronics And Telecommunication Engg,LOBCH,70143,78.5512207,Stage I,2025-26,1,40
03146,"Jawahar Education Society'S Annasaheb Chudaman Patil College Of Engineering,Kharghar, Navi Mumbai",Mumbai,Un-Aided,Non-Autonomous,Mumbai University,Mumbai University,0314637210,Electronics And Telecommunication Engg,LSEBCH,91822,70.6189283,Stage I,2025-26,1,40
03146,"Jawahar Education Society'S Annasaheb Chudaman Patil College Of Engineering,Kharghar, Navi Mumbai",Mumbai,Un-Aided,Non-Autonomous,Mumbai University,Mumbai University,0314637210,Electronics And Telecommunication Engg,GOPENO,82334,74.0094972,Stage I,2025-26,1,40
03146,"Jawahar Education Society'S Annasaheb Chudaman Patil College Of Engineering,Kharghar, Navi Mumbai",Mumbai,Un-Aided,Non-Autonomous,Mumbai University,Mumbai University,0314637210,Electronics And Telecommunication Engg,GSCO,115466,60.634478,Stage I,2025-26,1,40
03146,"Jawahar Education Society'S Annasaheb Chudaman Patil College Of Engineering,Kharghar, Navi Mumbai",Mumbai,Un-Aided,Non-Autonomous,Mumbai University,Mumbai University,0314637210,Electronics And Telecommunication Engg,GOBCO,92118,70.6189283,Stage I,2025-26,1,40
03146,"Jawahar Education Society'S Annasaheb Chudaman Patil College Of Engineering,Kharghar, Navi Mumbai",Mumbai,Un-Aided,Non-Autonomous,Mumbai University,Mumbai University,0314637210,Electronics And Telecommunication Engg,LOPENO,71614,78.2396759,Stage I,2025-26,1,40
03146,"Jawahar Education Society'S Annasaheb Chudaman Patil College Of Engineering,Kharghar, Navi Mumbai",Mumbai,Un-Aided,Non-Autonomous,Mumbai University,Mumbai University,0314637210,Electronics And Telecommunication Engg,LOBCO,89064,71.5830116,Stage I,2025-26,1,40
03146,"Jawahar Education Society'S Annasaheb Chudaman Patil College Of Engineering,Kharghar, Navi Mumbai",Mumbai,Un-Aided,Non-Autonomous,Mumbai University,Mumbai University,0314637210,Electronics And Telecommunication Engg,LSEBCO,134093,51.7009371,Stage I,2025-26,1,40
03146,"Jawahar Education Society'S Annasaheb Chudaman Patil College Of Engineering,Kharghar, Navi Mumbai",Mumbai,Un-Aided,Non-Autonomous,Mumbai University,Mumbai University,0314637210,Electronics And Telecommunication Engg,GVJO,180318,22.4248107,Stage I,2025-26,1,40
03146,"Jawahar Education Society'S Annasaheb Chudaman Patil College Of Engineering,Kharghar, Navi Mumbai",Mumbai,Un-Aided,Non-Autonomous,Mumbai University,Mumbai University,0314637210,Electronics And Telecommunication Engg,LNT2O,91988,70.6189283,Stage I,2025-26,1,40
03146,"Jawahar Education Society'S Annasaheb Chudaman Patil College Of Engineering,Kharghar, Navi Mumbai",Mumbai,Un-Aided,Non-Autonomous,Mumbai University,Mumbai University,0314637210,Electronics And Telecommunication Engg,TFWS,63216,80.8599071,Stage I,2025-26,1,40
03146,"Jawahar Education Society'S Annasaheb Chudaman Patil College Of Engineering,Kharghar, Navi Mumbai",Mumbai,Un-Aided,Non-Autonomous,Mumbai University,Mumbai University,0314637210,Electronics And Telecommunication Engg,EWS,96981,68.8687467,Stage I,2025-26,1,40
03146,"Jawahar Education Society'S Annasaheb Chudaman Patil College Of Engineering,Kharghar, Navi Mumbai",Mumbai,Un-Aided,Non-Autonomous,Mumbai University,Mumbai University,0314661210,Mechanical Engineering,GOPENH,82896,73.7482517,Stage I,2025-26,1,41
03146,"Jawahar Education Society'S Annasaheb Chudaman Patil College Of Engineering,Kharghar, Navi Mumbai",Mumbai,Un-Aided,Non-Autonomous,Mumbai University,Mumbai University,0314661210,Mechanical Engineering,GSCH,121243,58.2180677,Stage I,2025-26,1,41
03146,"Jawahar Education Society'S Annasaheb Chudaman Patil College Of Engineering,Kharghar, Navi Mumbai",Mumbai,Un-Aided,Non-Autonomous,Mumbai University,Mumbai University,0314661210,Mechanical Engineering,GSTH,178044,24.8659004,Stage I,2025-26,1,41
03146,"Jawahar Education Society'S Annasaheb Chudaman Patil College Of Engineering,Kharghar, Navi Mumbai",Mumbai,Un-Aided,Non-Autonomous,Mumbai University,Mumbai University,0314661210,Mechanical Engineering,GNT1H,163230,35.5422955,Stage I,2025-26,1,41
03146,"Jawahar Education Society'S Annasaheb Chudaman Patil College Of Engineering,Kharghar, Navi Mumbai",Mumbai,Un-Aided,Non-Autonomous,Mumbai University,Mumbai University,0314661210,Mechanical Engineering,GNT2H,100142,67.217709,Stage I,2025-26,1,41
03146,"Jawahar Education Society'S Annasaheb Chudaman Patil College Of Engineering,Kharghar, Navi Mumbai",Mumbai,Un-Aided,Non-Autonomous,Mumbai University,Mumbai University,0314661210,Mechanical Engineering,GOBCH,113441,61.6834321,Stage I,2025-26,1,41
03146,"Jawahar Education Society'S Annasaheb Chudaman Patil College Of Engineering,Kharghar, Navi Mumbai",Mumbai,Un-Aided,Non-Autonomous,Mumbai University,Mumbai University,0314661210,Mechanical Engineering,GSEBCH,116602,60.422115,Stage I,2025-26,1,41
03146,"Jawahar Education Society'S Annasaheb Chudaman Patil College Of Engineering,Kharghar, Navi Mumbai",Mumbai,Un-Aided,Non-Autonomous,Mumbai University,Mumbai University,0314661210,Mechanical Engineering,LOPENH,117449,60.2517483,Stage I,2025-26,1,41
03146,"Jawahar Education Society'S Annasaheb Chudaman Patil College Of Engineering,Kharghar, Navi Mumbai",Mumbai,Un-Aided,Non-Autonomous,Mumbai University,Mumbai University,0314661210,Mechanical Engineering,LSCH,142666,47.1398578,Stage I,2025-26,1,41
03146,"Jawahar Education Society'S Annasaheb Chudaman Patil College Of Engineering,Kharghar, Navi Mumbai",Mumbai,Un-Aided,Non-Autonomous,Mumbai University,Mumbai University,0314661210,Mechanical Engineering,LOBCH,156987,39.3601986,Stage I,2025-26,1,41
03146,"Jawahar Education Society'S Annasaheb Chudaman Patil College Of Engineering,Kharghar, Navi Mumbai",Mumbai,Un-Aided,Non-Autonomous,Mumbai University,Mumbai University,0314661210,Mechanical Engineering,LSEBCH,193779,11.1328671,Stage I,2025-26,1,41
03146,"Jawahar Education Society'S Annasaheb Chudaman Patil College Of Engineering,Kharghar, Navi Mumbai",Mumbai,Un-Aided,Non-Autonomous,Mumbai University,Mumbai University,0314661210,Mechanical Engineering,PWDOPENH,159799,37.1950556,Stage I,2025-26,1,41
03146,"Jawahar Education Society'S Annasaheb Chudaman Patil College Of Engineering,Kharghar, Navi Mumbai",Mumbai,Un-Aided,Non-Autonomous,Mumbai University,Mumbai University,0314661210,Mechanical Engineering,LNT2H,130109,54.0903901,Stage II,2025-26,1,41
03146,"Jawahar Education Society'S Annasaheb Chudaman Patil College Of Engineering,Kharghar, Navi Mumbai",Mumbai,Un-Aided,Non-Autonomous,Mumbai University,Mumbai University,0314661210,Mechanical Engineering,LOBCH,114358,61.1295449,Stage II,2025-26,1,41
03146,"Jawahar Education Society'S Annasaheb Chudaman Patil College Of Engineering,Kharghar, Navi Mumbai",Mumbai,Un-Aided,Non-Autonomous,Mumbai University,Mumbai University,0314661210,Mechanical Engineering,LNT3H,182912,20.6428039,Stage II,2025-26,1,41
03146,"Jawahar Education Society'S Annasaheb Chudaman Patil College Of Engineering,Kharghar, Navi Mumbai",Mumbai,Un-Aided,Non-Autonomous,Mumbai University,Mumbai University,0314661210,Mechanical Engineering,GOPENO,118814,59.2797111,Stage I,2025-26,1,41
03146,"Jawahar Education Society'S Annasaheb Chudaman Patil College Of Engineering,Kharghar, Navi Mumbai",Mumbai,Un-Aided,Non-Autonomous,Mumbai University,Mumbai University,0314661210,Mechanical Engineering,GOBCO,126280,55.6405756,Stage I,2025-26,1,41
03146,"Jawahar Education Society'S Annasaheb Chudaman Patil College Of Engineering,Kharghar, Navi Mumbai",Mumbai,Un-Aided,Non-Autonomous,Mumbai University,Mumbai University,0314661210,Mechanical Engineering,LOPENO,133912,52.1817116,Stage I,2025-26,1,41
03146,"Jawahar Education Society'S Annasaheb Chudaman Patil College Of Engineering,Kharghar, Navi Mumbai",Mumbai,Un-Aided,Non-Autonomous,Mumbai University,Mumbai University,0314661210,Mechanical Engineering,LSCO,171832,28.984931,Stage I,2025-26,1,41
03146,"Jawahar Education Society'S Annasaheb Chudaman Patil College Of Engineering,Kharghar, Navi Mumbai",Mumbai,Un-Aided,Non-Autonomous,Mumbai University,Mumbai University,0314661210,Mechanical Engineering,LOBCO,131125,53.6060165,Stage II,2025-26,1,41
03146,"Jawahar Education Society'S Annasaheb Chudaman Patil College Of Engineering,Kharghar, Navi Mumbai",Mumbai,Un-Aided,Non-Autonomous,Mumbai University,Mumbai University,0314661210,Mechanical Engineering,GSEBCO,148471,43.74434,Stage I,2025-26,1,41
03146,"Jawahar Education Society'S Annasaheb Chudaman Patil College Of Engineering,Kharghar, Navi Mumbai",Mumbai,Un-Aided,Non-Autonomous,Mumbai University,Mumbai University,0314661210,Mechanical Engineering,TFWS,103065,66.2972028,Stage I,2025-26,1,41
03146,"Jawahar Education Society'S Annasaheb Chudaman Patil College Of Engineering,Kharghar, Navi Mumbai",Mumbai,Un-Aided,Non-Autonomous,Mumbai University,Mumbai University,0314661210,Mechanical Engineering,EWS,168230,32.0884521,Stage I,2025-26,1,41
03146,"Jawahar Education Society'S Annasaheb Chudaman Patil College Of Engineering,Kharghar, Navi Mumbai",Mumbai,Un-Aided,Non-Autonomous,Mumbai University,Mumbai University,0314692010,Computer Science And Engineering (Internet Of Things And Cyber Security Including Block Chain,GOPENH,48912,85.4112341,Stage I,2025-26,1,42
03146,"Jawahar Education Society'S Annasaheb Chudaman Patil College Of Engineering,Kharghar, Navi Mumbai",Mumbai,Un-Aided,Non-Autonomous,Mumbai University,Mumbai University,0314692010,Computer Science And Engineering (Internet Of Things And Cyber Security Including Block Chain,GSCH,69289,78.6167398,Stage I,2025-26,1,42
03146,"Jawahar Education Society'S Annasaheb Chudaman Patil College Of Engineering,Kharghar, Navi Mumbai",Mumbai,Un-Aided,Non-Autonomous,Mumbai University,Mumbai University,0314692010,Computer Science And Engineering (Internet Of Things And Cyber Security Including Block Chain,GNT2H,84726,73.4722277,Stage I,2025-26,1,42
03146,"Jawahar Education Society'S Annasaheb Chudaman Patil College Of Engineering,Kharghar, Navi Mumbai",Mumbai,Un-Aided,Non-Autonomous,Mumbai University,Mumbai University,0314692010,Computer Science And Engineering (Internet Of Things And Cyber Security Including Block Chain,GOBCH,60353,81.7705077,Stage I,2025-26,1,42
03146,"Jawahar Education Society'S Annasaheb Chudaman Patil College Of Engineering,Kharghar, Navi Mumbai",Mumbai,Un-Aided,Non-Autonomous,Mumbai University,Mumbai University,0314692010,Computer Science And Engineering (Internet Of Things And Cyber Security Including Block Chain,GSEBCH,82016,74.0630785,Stage I,2025-26,1,42
03146,"Jawahar Education Society'S Annasaheb Chudaman Patil College Of Engineering,Kharghar, Navi Mumbai",Mumbai,Un-Aided,Non-Autonomous,Mumbai University,Mumbai University,0314692010,Computer Science And Engineering (Internet Of Things And Cyber Security Including Block Chain,LOPENH,55372,83.3397246,Stage I,2025-26,1,42
03146,"Jawahar Education Society'S Annasaheb Chudaman Patil College Of Engineering,Kharghar, Navi Mumbai",Mumbai,Un-Aided,Non-Autonomous,Mumbai University,Mumbai University,0314692010,Computer Science And Engineering (Internet Of Things And Cyber Security Including Block Chain,LSCH,63054,80.9669596,Stage I,2025-26,1,42
03146,"Jawahar Education Society'S Annasaheb Chudaman Patil College Of Engineering,Kharghar, Navi Mumbai",Mumbai,Un-Aided,Non-Autonomous,Mumbai University,Mumbai University,0314692010,Computer Science And Engineering (Internet Of Things And Cyber Security Including Block Chain,LOBCH,64849,80.3531469,Stage I,2025-26,1,42
03146,"Jawahar Education Society'S Annasaheb Chudaman Patil College Of Engineering,Kharghar, Navi Mumbai",Mumbai,Un-Aided,Non-Autonomous,Mumbai University,Mumbai University,0314692010,Computer Science And Engineering (Internet Of Things And Cyber Security Including Block Chain,LSEBCH,70772,78.4242636,Stage I,2025-26,1,42
03146,"Jawahar Education Society'S Annasaheb Chudaman Patil College Of Engineering,Kharghar, Navi Mumbai",Mumbai,Un-Aided,Non-Autonomous,Mumbai University,Mumbai University,0314692010,Computer Science And Engineering (Internet Of Things And Cyber Security Including Block Chain,GVJH,82165,74.0094972,Stage I,2025-26,1,42
03146,"Jawahar Education Society'S Annasaheb Chudaman Patil College Of Engineering,Kharghar, Navi Mumbai",Mumbai,Un-Aided,Non-Autonomous,Mumbai University,Mumbai University,0314692010,Computer Science And Engineering (Internet Of Things And Cyber Security Including Block Chain,GOPENO,64994,80.0,Stage I,2025-26,1,42
03146,"Jawahar Education Society'S Annasaheb Chudaman Patil College Of Engineering,Kharghar, Navi Mumbai",Mumbai,Un-Aided,Non-Autonomous,Mumbai University,Mumbai University,0314692010,Computer Science And Engineering (Internet Of Things And Cyber Security Including Block Chain,GSCO,80423,75.1716925,Stage I,2025-26,1,42
03146,"Jawahar Education Society'S Annasaheb Chudaman Patil College Of Engineering,Kharghar, Navi Mumbai",Mumbai,Un-Aided,Non-Autonomous,Mumbai University,Mumbai University,0314692010,Computer Science And Engineering (Internet Of Things And Cyber Security Including Block Chain,GNT1O,163413,35.5422955,Stage I,2025-26,1,42
03146,"Jawahar Education Society'S Annasaheb Chudaman Patil College Of Engineering,Kharghar, Navi Mumbai",Mumbai,Un-Aided,Non-Autonomous,Mumbai University,Mumbai University,0314692010,Computer Science And Engineering (Internet Of Things And Cyber Security Including Block Chain,GNT2O,103988,65.8462319,Stage I,2025-26,1,42
03146,"Jawahar Education Society'S Annasaheb Chudaman Patil College Of Engineering,Kharghar, Navi Mumbai",Mumbai,Un-Aided,Non-Autonomous,Mumbai University,Mumbai University,0314692010,Computer Science And Engineering (Internet Of Things And Cyber Security Including Block Chain,GNT3O,83305,73.6345056,Stage I,2025-26,1,42
03146,"Jawahar Education Society'S Annasaheb Chudaman Patil College Of Engineering,Kharghar, Navi Mumbai",Mumbai,Un-Aided,Non-Autonomous,Mumbai University,Mumbai University,0314692010,Computer Science And Engineering (Internet Of Things And Cyber Security Including Block Chain,GOBCO,73499,77.161886,Stage I,2025-26,1,42
03146,"Jawahar Education Society'S Annasaheb Chudaman Patil College Of Engineering,Kharghar, Navi Mumbai",Mumbai,Un-Aided,Non-Autonomous,Mumbai University,Mumbai University,0314692010,Computer Science And Engineering (Internet Of Things And Cyber Security Including Block Chain,GSEBCO,113065,61.796967,Stage I,2025-26,1,42
03146,"Jawahar Education Society'S Annasaheb Chudaman Patil College Of Engineering,Kharghar, Navi Mumbai",Mumbai,Un-Aided,Non-Autonomous,Mumbai University,Mumbai University,0314692010,Computer Science And Engineering (Internet Of Things And Cyber Security Including Block Chain,LOPENO,51661,84.5176078,Stage I,2025-26,1,42
03146,"Jawahar Education Society'S Annasaheb Chudaman Patil College Of Engineering,Kharghar, Navi Mumbai",Mumbai,Un-Aided,Non-Autonomous,Mumbai University,Mumbai University,0314692010,Computer Science And Engineering (Internet Of Things And Cyber Security Including Block Chain,DEFOPENS,155273,39.902473,Stage I,2025-26,1,42
03146,"Jawahar Education Society'S Annasaheb Chudaman Patil College Of Engineering,Kharghar, Navi Mumbai",Mumbai,Un-Aided,Non-Autonomous,Mumbai University,Mumbai University,0314692010,Computer Science And Engineering (Internet Of Things And Cyber Security Including Block Chain,TFWS,48066,85.6421968,Stage I,2025-26,1,42
03146,"Jawahar Education Society'S Annasaheb Chudaman Patil College Of Engineering,Kharghar, Navi Mumbai",Mumbai,Un-Aided,Non-Autonomous,Mumbai University,Mumbai University,0314692010,Computer Science And Engineering (Internet Of Things And Cyber Security Including Block Chain,EWS,156450,39.5742169,Stage I,2025-26,1,42
03146,"Jawahar Education Society'S Annasaheb Chudaman Patil College Of Engineering,Kharghar, Navi Mumbai",Mumbai,Un-Aided,Non-Autonomous,Mumbai University,Mumbai University,0314699510,Artificial Intelligence And Data Science,GOPENH,47351,85.901157,Stage I,2025-26,1,43
03146,"Jawahar Education Society'S Annasaheb Chudaman Patil College Of Engineering,Kharghar, Navi Mumbai",Mumbai,Un-Aided,Non-Autonomous,Mumbai University,Mumbai University,0314699510,Artificial Intelligence And Data Science,GSCH,78767,75.4048881,Stage I,2025-26,1,43
03146,"Jawahar Education Society'S Annasaheb Chudaman Patil College Of Engineering,Kharghar, Navi Mumbai",Mumbai,Un-Aided,Non-Autonomous,Mumbai University,Mumbai University,0314699510,Artificial Intelligence And Data Science,GSTH,104929,65.630713,Stage I,2025-26,1,43
03146,"Jawahar Education Society'S Annasaheb Chudaman Patil College Of Engineering,Kharghar, Navi Mumbai",Mumbai,Un-Aided,Non-Autonomous,Mumbai University,Mumbai University,0314699510,Artificial Intelligence And Data Science,GNT1H,62489,81.0403668,Stage I,2025-26,1,43
03146,"Jawahar Education Society'S Annasaheb Chudaman Patil College Of Engineering,Kharghar, Navi Mumbai",Mumbai,Un-Aided,Non-Autonomous,Mumbai University,Mumbai University,0314699510,Artificial Intelligence And Data Science,GNT2H,72305,77.9513058,Stage I,2025-26,1,43
03146,"Jawahar Education Society'S Annasaheb Chudaman Patil College Of Engineering,Kharghar, Navi Mumbai",Mumbai,Un-Aided,Non-Autonomous,Mumbai University,Mumbai University,0314699510,Artificial Intelligence And Data Science,GNT3H,76674,76.2716859,Stage I,2025-26,1,43
03146,"Jawahar Education Society'S Annasaheb Chudaman Patil College Of Engineering,Kharghar, Navi Mumbai",Mumbai,Un-Aided,Non-Autonomous,Mumbai University,Mumbai University,0314699510,Artificial Intelligence And Data Science,GOBCH,51339,84.621564,Stage I,2025-26,1,43
03146,"Jawahar Education Society'S Annasaheb Chudaman Patil College Of Engineering,Kharghar, Navi Mumbai",Mumbai,Un-Aided,Non-Autonomous,Mumbai University,Mumbai University,0314699510,Artificial Intelligence And Data Science,GSEBCH,70048,78.5512207,Stage I,2025-26,1,43
03146,"Jawahar Education Society'S Annasaheb Chudaman Patil College Of Engineering,Kharghar, Navi Mumbai",Mumbai,Un-Aided,Non-Autonomous,Mumbai University,Mumbai University,0314699510,Artificial Intelligence And Data Science,LOPENH,44204,86.9194446,Stage I,2025-26,1,43
03146,"Jawahar Education Society'S Annasaheb Chudaman Patil College Of Engineering,Kharghar, Navi Mumbai",Mumbai,Un-Aided,Non-Autonomous,Mumbai University,Mumbai University,0314699510,Artificial Intelligence And Data Science,LSCH,80497,75.1716925,Stage I,2025-26,1,43
03146,"Jawahar Education Society'S Annasaheb Chudaman Patil College Of Engineering,Kharghar, Navi Mumbai",Mumbai,Un-Aided,Non-Autonomous,Mumbai University,Mumbai University,0314699510,Artificial Intelligence And Data Science,LNT1H,123333,57.4017459,Stage I,2025-26,1,43
03146,"Jawahar Education Society'S Annasaheb Chudaman Patil College Of Engineering,Kharghar, Navi Mumbai",Mumbai,Un-Aided,Non-Autonomous,Mumbai University,Mumbai University,0314699510,Artificial Intelligence And Data Science,LNT2H,101770,66.4263323,Stage I,2025-26,1,43
03146,"Jawahar Education Society'S Annasaheb Chudaman Patil College Of Engineering,Kharghar, Navi Mumbai",Mumbai,Un-Aided,Non-Autonomous,Mumbai University,Mumbai University,0314699510,Artificial Intelligence And Data Science,LOBCH,50945,84.7618697,Stage I,2025-26,1,43
03146,"Jawahar Education Society'S Annasaheb Chudaman Patil College Of Engineering,Kharghar, Navi Mumbai",Mumbai,Un-Aided,Non-Autonomous,Mumbai University,Mumbai University,0314699510,Artificial Intelligence And Data Science,LSEBCH,69567,78.6137148,Stage I,2025-26,1,43
03146,"Jawahar Education Society'S Annasaheb Chudaman Patil College Of Engineering,Kharghar, Navi Mumbai",Mumbai,Un-Aided,Non-Autonomous,Mumbai University,Mumbai University,0314699510,Artificial Intelligence And Data Science,LVJH,140057,49.2256217,Stage I,2025-26,1,43
03146,"Jawahar Education Society'S Annasaheb Chudaman Patil College Of Engineering,Kharghar, Navi Mumbai",Mumbai,Un-Aided,Non-Autonomous,Mumbai University,Mumbai University,0314699510,Artificial Intelligence And Data Science,GOPENO,63899,80.602179,Stage I,2025-26,1,43
03146,"Jawahar Education Society'S Annasaheb Chudaman Patil College Of Engineering,Kharghar, Navi Mumbai",Mumbai,Un-Aided,Non-Autonomous,Mumbai University,Mumbai University,0314699510,Artificial Intelligence And Data Science,GSCO,83484,73.6328536,Stage I,2025-26,1,43
03146,"Jawahar Education Society'S Annasaheb Chudaman Patil College Of Engineering,Kharghar, Navi Mumbai",Mumbai,Un-Aided,Non-Autonomous,Mumbai University,Mumbai University,0314699510,Artificial Intelligence And Data Science,GVJO,142744,47.1398578,Stage I,2025-26,1,43
03146,"Jawahar Education Society'S Annasaheb Chudaman Patil College Of Engineering,Kharghar, Navi Mumbai",Mumbai,Un-Aided,Non-Autonomous,Mumbai University,Mumbai University,0314699510,Artificial Intelligence And Data Science,GOBCO,74284,77.0149774,Stage I,2025-26,1,43
03146,"Jawahar Education Society'S Annasaheb Chudaman Patil College Of Engineering,Kharghar, Navi Mumbai",Mumbai,Un-Aided,Non-Autonomous,Mumbai University,Mumbai University,0314699510,Artificial Intelligence And Data Science,GSEBCO,76449,76.5279741,Stage I,2025-26,1,43
03146,"Jawahar Education Society'S Annasaheb Chudaman Patil College Of Engineering,Kharghar, Navi Mumbai",Mumbai,Un-Aided,Non-Autonomous,Mumbai University,Mumbai University,0314699510,Artificial Intelligence And Data Science,LOPENO,63100,80.9669596,Stage I,2025-26,1,43
03146,"Jawahar Education Society'S Annasaheb Chudaman Patil College Of Engineering,Kharghar, Navi Mumbai",Mumbai,Un-Aided,Non-Autonomous,Mumbai University,Mumbai University,0314699510,Artificial Intelligence And Data Science,LSCO,81655,74.5404987,Stage I,2025-26,1,43
03146,"Jawahar Education Society'S Annasaheb Chudaman Patil College Of Engineering,Kharghar, Navi Mumbai",Mumbai,Un-Aided,Non-Autonomous,Mumbai University,Mumbai University,0314699510,Artificial Intelligence And Data Science,LOBCO,66320,79.7946282,Stage I,2025-26,1,43
03146,"Jawahar Education Society'S Annasaheb Chudaman Patil College Of Engineering,Kharghar, Navi Mumbai",Mumbai,Un-Aided,Non-Autonomous,Mumbai University,Mumbai University,0314699510,Artificial Intelligence And Data Science,LSEBCO,110251,63.2914656,Stage I,2025-26,1,43
03146,"Jawahar Education Society'S Annasaheb Chudaman Patil College Of Engineering,Kharghar, Navi Mumbai",Mumbai,Un-Aided,Non-Autonomous,Mumbai University,Mumbai University,0314699510,Artificial Intelligence And Data Science,DEFOPENS,108683,63.6512871,Stage I,2025-26,1,43
03146,"Jawahar Education Society'S Annasaheb Chudaman Patil College Of Engineering,Kharghar, Navi Mumbai",Mumbai,Un-Aided,Non-Autonomous,Mumbai University,Mumbai University,0314699510,Artificial Intelligence And Data Science,TFWS,38012,88.7615737,Stage I,2025-26,1,43
03146,"Jawahar Education Society'S Annasaheb Chudaman Patil College Of Engineering,Kharghar, Navi Mumbai",Mumbai,Un-Aided,Non-Autonomous,Mumbai University,Mumbai University,0314699510,Artificial Intelligence And Data Science,EWS,188501,15.9545455,Stage I,2025-26,1,43
03148,"Mahavir Education Trust'S Shah & Anchor Kutchhi Engineering College, Mumbai",Mumbai,Un-Aided Linguistic Minority - Gujarathi(Jain),Autonomous,Mumbai University,Autonomous Institute,0314824510,Computer Engineering,GOPENS,20705,93.9899228,Stage I,2025-26,1,51
03148,"Mahavir Education Trust'S Shah & Anchor Kutchhi Engineering College, Mumbai",Mumbai,Un-Aided Linguistic Minority - Gujarathi(Jain),Autonomous,Mumbai University,Autonomous Institute,0314824510,Computer Engineering,LOPENS,19769,94.2892243,Stage I,2025-26,1,51
03148,"Mahavir Education Trust'S Shah & Anchor Kutchhi Engineering College, Mumbai",Mumbai,Un-Aided Linguistic Minority - Gujarathi(Jain),Autonomous,Mumbai University,Autonomous Institute,0314824510,Computer Engineering,MI,47464,85.901157,Stage I,2025-26,1,51
03148,"Mahavir Education Trust'S Shah & Anchor Kutchhi Engineering College, Mumbai",Mumbai,Un-Aided Linguistic Minority - Gujarathi(Jain),Autonomous,Mumbai University,Autonomous Institute,0314824510,Computer Engineering,TFWS,16117,95.3359302,Stage I,2025-26,1,51
03148,"Mahavir Education Trust'S Shah & Anchor Kutchhi Engineering College, Mumbai",Mumbai,Un-Aided Linguistic Minority - Gujarathi(Jain),Autonomous,Mumbai University,Autonomous Institute,0314824610,Information Technology,GOPENS,25232,92.6563556,Stage I,2025-26,1,51
03148,"Mahavir Education Trust'S Shah & Anchor Kutchhi Engineering College, Mumbai",Mumbai,Un-Aided Linguistic Minority - Gujarathi(Jain),Autonomous,Mumbai University,Autonomous Institute,0314824610,Information Technology,LOPENS,24467,92.8770798,Stage I,2025-26,1,51
03148,"Mahavir Education Trust'S Shah & Anchor Kutchhi Engineering College, Mumbai",Mumbai,Un-Aided Linguistic Minority - Gujarathi(Jain),Autonomous,Mumbai University,Autonomous Institute,0314824610,Information Technology,MI,68780,78.8357161,Stage I,2025-26,1,51
03148,"Mahavir Education Trust'S Shah & Anchor Kutchhi Engineering College, Mumbai",Mumbai,Un-Aided Linguistic Minority - Gujarathi(Jain),Autonomous,Mumbai University,Autonomous Institute,0314824610,Information Technology,TFWS,22941,93.3531469,Stage I,2025-26,1,51
03148,"Mahavir Education Trust'S Shah & Anchor Kutchhi Engineering College, Mumbai",Mumbai,Un-Aided Linguistic Minority - Gujarathi(Jain),Autonomous,Mumbai University,Autonomous Institute,0314825210,Cyber Security,GOPENS,29613,91.3084967,Stage I,2025-26,1,51
03148,"Mahavir Education Trust'S Shah & Anchor Kutchhi Engineering College, Mumbai",Mumbai,Un-Aided Linguistic Minority - Gujarathi(Jain),Autonomous,Mumbai University,Autonomous Institute,0314825210,Cyber Security,LOPENS,28580,91.6927138,Stage I,2025-26,1,51
03148,"Mahavir Education Trust'S Shah & Anchor Kutchhi Engineering College, Mumbai",Mumbai,Un-Aided Linguistic Minority - Gujarathi(Jain),Autonomous,Mumbai University,Autonomous Institute,0314825210,Cyber Security,MI,74581,76.9322569,Stage I,2025-26,1,51
03148,"Mahavir Education Trust'S Shah & Anchor Kutchhi Engineering College, Mumbai",Mumbai,Un-Aided Linguistic Minority - Gujarathi(Jain),Autonomous,Mumbai University,Autonomous Institute,0314825210,Cyber Security,TFWS,23590,93.1561968,Stage I,2025-26,1,51
03148,"Mahavir Education Trust'S Shah & Anchor Kutchhi Engineering College, Mumbai",Mumbai,Un-Aided Linguistic Minority - Gujarathi(Jain),Autonomous,Mumbai University,Autonomous Institute,0314837210,Electronics And Telecommunication Engg,GOPENS,38487,88.6328671,Stage I,2025-26,1,51
03148,"Mahavir Education Trust'S Shah & Anchor Kutchhi Engineering College, Mumbai",Mumbai,Un-Aided Linguistic Minority - Gujarathi(Jain),Autonomous,Mumbai University,Autonomous Institute,0314837210,Electronics And Telecommunication Engg,LOPENS,39967,88.1719651,Stage I,2025-26,1,51
03148,"Mahavir Education Trust'S Shah & Anchor Kutchhi Engineering College, Mumbai",Mumbai,Un-Aided Linguistic Minority - Gujarathi(Jain),Autonomous,Mumbai University,Autonomous Institute,0314837210,Electronics And Telecommunication Engg,MI,124467,56.8426573,Stage I,2025-26,1,51
03148,"Mahavir Education Trust'S Shah & Anchor Kutchhi Engineering College, Mumbai",Mumbai,Un-Aided Linguistic Minority - Gujarathi(Jain),Autonomous,Mumbai University,Autonomous Institute,0314837210,Electronics And Telecommunication Engg,TFWS,32795,90.3566434,Stage I,2025-26,1,51
03148,"Mahavir Education Trust'S Shah & Anchor Kutchhi Engineering College, Mumbai",Mumbai,Un-Aided Linguistic Minority - Gujarathi(Jain),Autonomous,Mumbai University,Autonomous Institute,0314837810,Electronics Engineering ( Vlsi Design And Technology),GOPENS,54052,83.7934335,Stage I,2025-26,1,52
03148,"Mahavir Education Trust'S Shah & Anchor Kutchhi Engineering College, Mumbai",Mumbai,Un-Aided Linguistic Minority - Gujarathi(Jain),Autonomous,Mumbai University,Autonomous Institute,0314837810,Electronics Engineering ( Vlsi Design And Technology),LOPENS,51384,84.621564,Stage I,2025-26,1,52
03148,"Mahavir Education Trust'S Shah & Anchor Kutchhi Engineering College, Mumbai",Mumbai,Un-Aided Linguistic Minority - Gujarathi(Jain),Autonomous,Mumbai University,Autonomous Institute,0314837810,Electronics Engineering ( Vlsi Design And Technology),MI,198001,7.1251441,Stage I,2025-26,1,52
03148,"Mahavir Education Trust'S Shah & Anchor Kutchhi Engineering College, Mumbai",Mumbai,Un-Aided Linguistic Minority - Gujarathi(Jain),Autonomous,Mumbai University,Autonomous Institute,0314837810,Electronics Engineering ( Vlsi Design And Technology),TFWS,43804,86.9651776,Stage I,2025-26,1,52
03148,"Mahavir Education Trust'S Shah & Anchor Kutchhi Engineering College, Mumbai",Mumbai,Un-Aided Linguistic Minority - Gujarathi(Jain),Autonomous,Mumbai University,Autonomous Institute,0314890010,Electronics And Computer Science,GOPENS,35870,89.4898417,Stage I,2025-26,1,52
03148,"Mahavir Education Trust'S Shah & Anchor Kutchhi Engineering College, Mumbai",Mumbai,Un-Aided Linguistic Minority - Gujarathi(Jain),Autonomous,Mumbai University,Autonomous Institute,0314890010,Electronics And Computer Science,LOPENS,36548,89.2727273,Stage I,2025-26,1,52
03148,"Mahavir Education Trust'S Shah & Anchor Kutchhi Engineering College, Mumbai",Mumbai,Un-Aided Linguistic Minority - Gujarathi(Jain),Autonomous,Mumbai University,Autonomous Institute,0314890010,Electronics And Computer Science,MI,111660,62.8632493,Stage I,2025-26,1,52
03148,"Mahavir Education Trust'S Shah & Anchor Kutchhi Engineering College, Mumbai",Mumbai,Un-Aided Linguistic Minority - Gujarathi(Jain),Autonomous,Mumbai University,Autonomous Institute,0314890010,Electronics And Computer Science,TFWS,32966,90.3099038,Stage I,2025-26,1,52
03148,"Mahavir Education Trust'S Shah & Anchor Kutchhi Engineering College, Mumbai",Mumbai,Un-Aided Linguistic Minority - Gujarathi(Jain),Autonomous,Mumbai University,Autonomous Institute,0314893310,Electronics And Communication (Advanced Communication Technology),GOPENS,48210,85.6182564,Stage I,2025-26,1,52
03148,"Mahavir Education Trust'S Shah & Anchor Kutchhi Engineering College, Mumbai",Mumbai,Un-Aided Linguistic Minority - Gujarathi(Jain),Autonomous,Mumbai University,Autonomous Institute,0314893310,Electronics And Communication (Advanced Communication Technology),LOPENS,57079,82.837277,Stage I,2025-26,1,52
03148,"Mahavir Education Trust'S Shah & Anchor Kutchhi Engineering College, Mumbai",Mumbai,Un-Aided Linguistic Minority - Gujarathi(Jain),Autonomous,Mumbai University,Autonomous Institute,0314893310,Electronics And Communication (Advanced Communication Technology),MI,192330,12.5776664,Stage I,2025-26,1,52
03148,"Mahavir Education Trust'S Shah & Anchor Kutchhi Engineering College, Mumbai",Mumbai,Un-Aided Linguistic Minority - Gujarathi(Jain),Autonomous,Mumbai University,Autonomous Institute,0314893310,Electronics And Communication (Advanced Communication Technology),TFWS,39765,88.188033,Stage I,2025-26,1,52
03148,"Mahavir Education Trust'S Shah & Anchor Kutchhi Engineering College, Mumbai",Mumbai,Un-Aided Linguistic Minority - Gujarathi(Jain),Autonomous,Mumbai University,Autonomous Institute,0314899510,Artificial Intelligence And Data Science,GOPENS,22026,93.5907336,Stage I,2025-26,1,52
03148,"Mahavir Education Trust'S Shah & Anchor Kutchhi Engineering College, Mumbai",Mumbai,Un-Aided Linguistic Minority - Gujarathi(Jain),Autonomous,Mumbai University,Autonomous Institute,0314899510,Artificial Intelligence And Data Science,LOPENS,20324,94.111278,Stage I,2025-26,1,52
03148,"Mahavir Education Trust'S Shah & Anchor Kutchhi Engineering College, Mumbai",Mumbai,Un-Aided Linguistic Minority - Gujarathi(Jain),Autonomous,Mumbai University,Autonomous Institute,0314899510,Artificial Intelligence And Data Science,MI,51103,84.6429815,Stage I,2025-26,1,52
03148,"Mahavir Education Trust'S Shah & Anchor Kutchhi Engineering College, Mumbai",Mumbai,Un-Aided Linguistic Minority - Gujarathi(Jain),Autonomous,Mumbai University,Autonomous Institute,0314899510,Artificial Intelligence And Data Science,TFWS,19953,94.25259,Stage I,2025-26,1,52
03154,"Saraswati Education Society'S Saraswati College Of Engineering,Kharghar Navi Mumbai",Mumbai,Un-Aided,Autonomous,Mumbai University,Autonomous Institute,0315419110,Civil Engineering,GOPENS,95790,69.0979021,Stage I,2025-26,1,53
03154,"Saraswati Education Society'S Saraswati College Of Engineering,Kharghar Navi Mumbai",Mumbai,Un-Aided,Autonomous,Mumbai University,Autonomous Institute,0315419110,Civil Engineering,GSCS,147285,44.5303298,Stage I,2025-26,1,53
03154,"Saraswati Education Society'S Saraswati College Of Engineering,Kharghar Navi Mumbai",Mumbai,Un-Aided,Autonomous,Mumbai University,Autonomous Institute,0315419110,Civil Engineering,GSTS,203653,0.1474201,Stage I,2025-26,1,53
03154,"Saraswati Education Society'S Saraswati College Of Engineering,Kharghar Navi Mumbai",Mumbai,Un-Aided,Autonomous,Mumbai University,Autonomous Institute,0315419110,Civil Engineering,GVJS,175493,25.968356,Stage I,2025-26,1,53
03154,"Saraswati Education Society'S Saraswati College Of Engineering,Kharghar Navi Mumbai",Mumbai,Un-Aided,Autonomous,Mumbai University,Autonomous Institute,0315419110,Civil Engineering,GNT1S,141554,47.8015007,Stage I,2025-26,1,53
03154,"Saraswati Education Society'S Saraswati College Of Engineering,Kharghar Navi Mumbai",Mumbai,Un-Aided,Autonomous,Mumbai University,Autonomous Institute,0315419110,Civil Engineering,GNT2S,120001,58.8525307,Stage I,2025-26,1,53
03154,"Saraswati Education Society'S Saraswati College Of Engineering,Kharghar Navi Mumbai",Mumbai,Un-Aided,Autonomous,Mumbai University,Autonomous Institute,0315419110,Civil Engineering,GNT3S,134635,51.57164,Stage I,2025-26,1,53
03154,"Saraswati Education Society'S Saraswati College Of Engineering,Kharghar Navi Mumbai",Mumbai,Un-Aided,Autonomous,Mumbai University,Autonomous Institute,0315419110,Civil Engineering,GOBCS,144326,46.7613499,Stage I,2025-26,1,53
03154,"Saraswati Education Society'S Saraswati College Of Engineering,Kharghar Navi Mumbai",Mumbai,Un-Aided,Autonomous,Mumbai University,Autonomous Institute,0315419110,Civil Engineering,GSEBCS,152128,42.6339209,Stage I,2025-26,1,53
03154,"Saraswati Education Society'S Saraswati College Of Engineering,Kharghar Navi Mumbai",Mumbai,Un-Aided,Autonomous,Mumbai University,Autonomous Institute,0315419110,Civil Engineering,LOPENS,113103,61.796967,Stage I,2025-26,1,53
03154,"Saraswati Education Society'S Saraswati College Of Engineering,Kharghar Navi Mumbai",Mumbai,Un-Aided,Autonomous,Mumbai University,Autonomous Institute,0315419110,Civil Engineering,LSCS,152444,42.2674623,Stage I,2025-26,1,53
03154,"Saraswati Education Society'S Saraswati College Of Engineering,Kharghar Navi Mumbai",Mumbai,Un-Aided,Autonomous,Mumbai University,Autonomous Institute,0315419110,Civil Engineering,LSTS,169046,31.9280223,Stage I,2025-26,1,53
03154,"Saraswati Education Society'S Saraswati College Of Engineering,Kharghar Navi Mumbai",Mumbai,Un-Aided,Autonomous,Mumbai University,Autonomous Institute,0315419110,Civil Engineering,LNT2S,189490,15.3499592,Stage I,2025-26,1,53
03154,"Saraswati Education Society'S Saraswati College Of Engineering,Kharghar Navi Mumbai",Mumbai,Un-Aided,Autonomous,Mumbai University,Autonomous Institute,0315419110,Civil Engineering,LOBCS,155995,39.6653303,Stage I,2025-26,1,53
03154,"Saraswati Education Society'S Saraswati College Of Engineering,Kharghar Navi Mumbai",Mumbai,Un-Aided,Autonomous,Mumbai University,Autonomous Institute,0315419110,Civil Engineering,LSEBCS,156286,39.5742169,Stage I,2025-26,1,53
03154,"Saraswati Education Society'S Saraswati College Of Engineering,Kharghar Navi Mumbai",Mumbai,Un-Aided,Autonomous,Mumbai University,Autonomous Institute,0315419110,Civil Engineering,TFWS,93084,70.2628092,Stage I,2025-26,1,53
03154,"Saraswati Education Society'S Saraswati College Of Engineering,Kharghar Navi Mumbai",Mumbai,Un-Aided,Autonomous,Mumbai University,Autonomous Institute,0315419110,Civil Engineering,LSEBCS,161116,36.1161649,Stage II,2025-26,1,53
03154,"Saraswati Education Society'S Saraswati College Of Engineering,Kharghar Navi Mumbai",Mumbai,Un-Aided,Autonomous,Mumbai University,Autonomous Institute,0315424510,Computer Engineering,GOPENS,38049,88.7615737,Stage I,2025-26,1,53
03154,"Saraswati Education Society'S Saraswati College Of Engineering,Kharghar Navi Mumbai",Mumbai,Un-Aided,Autonomous,Mumbai University,Autonomous Institute,0315424510,Computer Engineering,GSCS,58065,82.3938224,Stage I,2025-26,1,53
03154,"Saraswati Education Society'S Saraswati College Of Engineering,Kharghar Navi Mumbai",Mumbai,Un-Aided,Autonomous,Mumbai University,Autonomous Institute,0315424510,Computer Engineering,GSTS,203574,0.2562303,Stage I,2025-26,1,53
03154,"Saraswati Education Society'S Saraswati College Of Engineering,Kharghar Navi Mumbai",Mumbai,Un-Aided,Autonomous,Mumbai University,Autonomous Institute,0315424510,Computer Engineering,GVJS,39732,88.2484746,Stage I,2025-26,1,53
03154,"Saraswati Education Society'S Saraswati College Of Engineering,Kharghar Navi Mumbai",Mumbai,Un-Aided,Autonomous,Mumbai University,Autonomous Institute,0315424510,Computer Engineering,GNT1S,43438,87.1376478,Stage I,2025-26,1,53
03154,"Saraswati Education Society'S Saraswati College Of Engineering,Kharghar Navi Mumbai",Mumbai,Un-Aided,Autonomous,Mumbai University,Autonomous Institute,0315424510,Computer Engineering,GNT2S,54056,83.7934335,Stage I,2025-26,1,53
03154,"Saraswati Education Society'S Saraswati College Of Engineering,Kharghar Navi Mumbai",Mumbai,Un-Aided,Autonomous,Mumbai University,Autonomous Institute,0315424510,Computer Engineering,GNT3S,61491,81.2846613,Stage I,2025-26,1,53
03154,"Saraswati Education Society'S Saraswati College Of Engineering,Kharghar Navi Mumbai",Mumbai,Un-Aided,Autonomous,Mumbai University,Autonomous Institute,0315424510,Computer Engineering,GOBCS,45247,86.6223776,Stage I,2025-26,1,53
03154,"Saraswati Education Society'S Saraswati College Of Engineering,Kharghar Navi Mumbai",Mumbai,Un-Aided,Autonomous,Mumbai University,Autonomous Institute,0315424510,Computer Engineering,GSEBCS,52545,84.3018999,Stage I,2025-26,1,53
03154,"Saraswati Education Society'S Saraswati College Of Engineering,Kharghar Navi Mumbai",Mumbai,Un-Aided,Autonomous,Mumbai University,Autonomous Institute,0315424510,Computer Engineering,LOPENS,39420,88.3176594,Stage I,2025-26,1,53
03154,"Saraswati Education Society'S Saraswati College Of Engineering,Kharghar Navi Mumbai",Mumbai,Un-Aided,Autonomous,Mumbai University,Autonomous Institute,0315424510,Computer Engineering,LSCS,60663,81.6453226,Stage I,2025-26,1,53
03154,"Saraswati Education Society'S Saraswati College Of Engineering,Kharghar Navi Mumbai",Mumbai,Un-Aided,Autonomous,Mumbai University,Autonomous Institute,0315424510,Computer Engineering,LSTS,193449,11.4786688,Stage I,2025-26,1,53
03154,"Saraswati Education Society'S Saraswati College Of Engineering,Kharghar Navi Mumbai",Mumbai,Un-Aided,Autonomous,Mumbai University,Autonomous Institute,0315424510,Computer Engineering,LVJS,90943,71.0971787,Stage I,2025-26,1,53
03154,"Saraswati Education Society'S Saraswati College Of Engineering,Kharghar Navi Mumbai",Mumbai,Un-Aided,Autonomous,Mumbai University,Autonomous Institute,0315424510,Computer Engineering,LOBCS,45120,86.6718198,Stage I,2025-26,1,53
03154,"Saraswati Education Society'S Saraswati College Of Engineering,Kharghar Navi Mumbai",Mumbai,Un-Aided,Autonomous,Mumbai University,Autonomous Institute,0315424510,Computer Engineering,LSEBCS,62622,81.0403668,Stage I,2025-26,1,53
03154,"Saraswati Education Society'S Saraswati College Of Engineering,Kharghar Navi Mumbai",Mumbai,Un-Aided,Autonomous,Mumbai University,Autonomous Institute,0315424510,Computer Engineering,DEFOPENS,54254,83.7674516,Stage I,2025-26,1,53
03154,"Saraswati Education Society'S Saraswati College Of Engineering,Kharghar Navi Mumbai",Mumbai,Un-Aided,Autonomous,Mumbai University,Autonomous Institute,0315424510,Computer Engineering,DEFOBCS,83814,73.6159498,Stage I,2025-26,1,53
03154,"Saraswati Education Society'S Saraswati College Of Engineering,Kharghar Navi Mumbai",Mumbai,Un-Aided,Autonomous,Mumbai University,Autonomous Institute,0315424510,Computer Engineering,TFWS,36075,89.3412389,Stage I,2025-26,1,53
03154,"Saraswati Education Society'S Saraswati College Of Engineering,Kharghar Navi Mumbai",Mumbai,Un-Aided,Autonomous,Mumbai University,Autonomous Institute,0315424510,Computer Engineering,EWS,203024,1.0894199,Stage I,2025-26,1,53
03154,"Saraswati Education Society'S Saraswati College Of Engineering,Kharghar Navi Mumbai",Mumbai,Un-Aided,Autonomous,Mumbai University,Autonomous Institute,0315424610,Information Technology,GOPENS,48117,85.6421968,Stage I,2025-26,1,53
03154,"Saraswati Education Society'S Saraswati College Of Engineering,Kharghar Navi Mumbai",Mumbai,Un-Aided,Autonomous,Mumbai University,Autonomous Institute,0315424610,Information Technology,GSCS,77141,75.8001957,Stage I,2025-26,1,53
03154,"Saraswati Education Society'S Saraswati College Of Engineering,Kharghar Navi Mumbai",Mumbai,Un-Aided,Autonomous,Mumbai University,Autonomous Institute,0315424610,Information Technology,GVJS,97066,68.4887011,Stage I,2025-26,1,53
03154,"Saraswati Education Society'S Saraswati College Of Engineering,Kharghar Navi Mumbai",Mumbai,Un-Aided,Autonomous,Mumbai University,Autonomous Institute,0315424610,Information Technology,GNT2S,60445,81.6453226,Stage I,2025-26,1,53
03154,"Saraswati Education Society'S Saraswati College Of Engineering,Kharghar Navi Mumbai",Mumbai,Un-Aided,Autonomous,Mumbai University,Autonomous Institute,0315424610,Information Technology,GNT3S,55929,83.2058578,Stage I,2025-26,1,53
03154,"Saraswati Education Society'S Saraswati College Of Engineering,Kharghar Navi Mumbai",Mumbai,Un-Aided,Autonomous,Mumbai University,Autonomous Institute,0315424610,Information Technology,GOBCS,54903,83.4924535,Stage I,2025-26,1,53
03154,"Saraswati Education Society'S Saraswati College Of Engineering,Kharghar Navi Mumbai",Mumbai,Un-Aided,Autonomous,Mumbai University,Autonomous Institute,0315424610,Information Technology,GSEBCS,79300,75.2405919,Stage I,2025-26,1,53
03154,"Saraswati Education Society'S Saraswati College Of Engineering,Kharghar Navi Mumbai",Mumbai,Un-Aided,Autonomous,Mumbai University,Autonomous Institute,0315424610,Information Technology,LOPENS,50456,84.8811189,Stage I,2025-26,1,53
03154,"Saraswati Education Society'S Saraswati College Of Engineering,Kharghar Navi Mumbai",Mumbai,Un-Aided,Autonomous,Mumbai University,Autonomous Institute,0315424610,Information Technology,LSCS,74861,76.8973331,Stage I,2025-26,1,53
03154,"Saraswati Education Society'S Saraswati College Of Engineering,Kharghar Navi Mumbai",Mumbai,Un-Aided,Autonomous,Mumbai University,Autonomous Institute,0315424610,Information Technology,LVJS,89169,71.5830116,Stage I,2025-26,1,53
03154,"Saraswati Education Society'S Saraswati College Of Engineering,Kharghar Navi Mumbai",Mumbai,Un-Aided,Autonomous,Mumbai University,Autonomous Institute,0315424610,Information Technology,LNT1S,87472,72.1363369,Stage I,2025-26,1,53
03154,"Saraswati Education Society'S Saraswati College Of Engineering,Kharghar Navi Mumbai",Mumbai,Un-Aided,Autonomous,Mumbai University,Autonomous Institute,0315424610,Information Technology,LNT2S,67935,79.3730892,Stage I,2025-26,1,53
03154,"Saraswati Education Society'S Saraswati College Of Engineering,Kharghar Navi Mumbai",Mumbai,Un-Aided,Autonomous,Mumbai University,Autonomous Institute,0315424610,Information Technology,LOBCS,54582,83.5597353,Stage I,2025-26,1,53
03154,"Saraswati Education Society'S Saraswati College Of Engineering,Kharghar Navi Mumbai",Mumbai,Un-Aided,Autonomous,Mumbai University,Autonomous Institute,0315424610,Information Technology,LSEBCS,63789,80.7175218,Stage I,2025-26,1,53
03154,"Saraswati Education Society'S Saraswati College Of Engineering,Kharghar Navi Mumbai",Mumbai,Un-Aided,Autonomous,Mumbai University,Autonomous Institute,0315424610,Information Technology,DEFOPENS,145961,45.9245973,Stage I,2025-26,1,53
03154,"Saraswati Education Society'S Saraswati College Of Engineering,Kharghar Navi Mumbai",Mumbai,Un-Aided,Autonomous,Mumbai University,Autonomous Institute,0315424610,Information Technology,DEFOBCS,174576,26.7336064,Stage I,2025-26,1,53
03154,"Saraswati Education Society'S Saraswati College Of Engineering,Kharghar Navi Mumbai",Mumbai,Un-Aided,Autonomous,Mumbai University,Autonomous Institute,0315424610,Information Technology,TFWS,42242,87.4135301,Stage I,2025-26,1,53
03154,"Saraswati Education Society'S Saraswati College Of Engineering,Kharghar Navi Mumbai",Mumbai,Un-Aided,Autonomous,Mumbai University,Autonomous Institute,0315424610,Information Technology,EWS,178858,23.4701479,Stage I,2025-26,1,53
03154,"Saraswati Education Society'S Saraswati College Of Engineering,Kharghar Navi Mumbai",Mumbai,Un-Aided,Autonomous,Mumbai University,Autonomous Institute,0315460210,Automobile Engineering,GOPENS,82468,73.8000589,Stage I,2025-26,1,53
03154,"Saraswati Education Society'S Saraswati College Of Engineering,Kharghar Navi Mumbai",Mumbai,Un-Aided,Autonomous,Mumbai University,Autonomous Institute,0315460210,Automobile Engineering,GSCS,130328,53.7591782,Stage I,2025-26,1,53
03154,"Saraswati Education Society'S Saraswati College Of Engineering,Kharghar Navi Mumbai",Mumbai,Un-Aided,Autonomous,Mumbai University,Autonomous Institute,0315460210,Automobile Engineering,GNT1S,139923,49.2256217,Stage I,2025-26,1,53
03154,"Saraswati Education Society'S Saraswati College Of Engineering,Kharghar Navi Mumbai",Mumbai,Un-Aided,Autonomous,Mumbai University,Autonomous Institute,0315460210,Automobile Engineering,GNT2S,135468,50.9683037,Stage I,2025-26,1,53
03154,"Saraswati Education Society'S Saraswati College Of Engineering,Kharghar Navi Mumbai",Mumbai,Un-Aided,Autonomous,Mumbai University,Autonomous Institute,0315460210,Automobile Engineering,GOBCS,102148,66.3866132,Stage I,2025-26,1,53
03154,"Saraswati Education Society'S Saraswati College Of Engineering,Kharghar Navi Mumbai",Mumbai,Un-Aided,Autonomous,Mumbai University,Autonomous Institute,0315460210,Automobile Engineering,LOPENS,105957,64.7148712,Stage I,2025-26,1,53
03154,"Saraswati Education Society'S Saraswati College Of Engineering,Kharghar Navi Mumbai",Mumbai,Un-Aided,Autonomous,Mumbai University,Autonomous Institute,0315460210,Automobile Engineering,LOBCS,113535,61.6834321,Stage I,2025-26,1,53
03154,"Saraswati Education Society'S Saraswati College Of Engineering,Kharghar Navi Mumbai",Mumbai,Un-Aided,Autonomous,Mumbai University,Autonomous Institute,0315460210,Automobile Engineering,LSEBCS,146260,45.8266058,Stage I,2025-26,1,53
03154,"Saraswati Education Society'S Saraswati College Of Engineering,Kharghar Navi Mumbai",Mumbai,Un-Aided,Autonomous,Mumbai University,Autonomous Institute,0315460210,Automobile Engineering,TFWS,85164,73.2612864,Stage I,2025-26,1,53
03154,"Saraswati Education Society'S Saraswati College Of Engineering,Kharghar Navi Mumbai",Mumbai,Un-Aided,Autonomous,Mumbai University,Autonomous Institute,0315460210,Automobile Engineering,EWS,165967,32.6791073,Stage I,2025-26,1,53
03154,"Saraswati Education Society'S Saraswati College Of Engineering,Kharghar Navi Mumbai",Mumbai,Un-Aided,Autonomous,Mumbai University,Autonomous Institute,0315460210,Automobile Engineering,LSCS,139830,49.2256217,Stage II,2025-26,1,53
03154,"Saraswati Education Society'S Saraswati College Of Engineering,Kharghar Navi Mumbai",Mumbai,Un-Aided,Autonomous,Mumbai University,Autonomous Institute,0315460210,Automobile Engineering,LNT3S,131254,53.6060165,Stage II,2025-26,1,53
03154,"Saraswati Education Society'S Saraswati College Of Engineering,Kharghar Navi Mumbai",Mumbai,Un-Aided,Autonomous,Mumbai University,Autonomous Institute,0315461210,Mechanical Engineering,GOPENS,93993,69.8498837,Stage I,2025-26,1,54
03154,"Saraswati Education Society'S Saraswati College Of Engineering,Kharghar Navi Mumbai",Mumbai,Un-Aided,Autonomous,Mumbai University,Autonomous Institute,0315461210,Mechanical Engineering,GSCS,115423,60.8775137,Stage I,2025-26,1,54
03154,"Saraswati Education Society'S Saraswati College Of Engineering,Kharghar Navi Mumbai",Mumbai,Un-Aided,Autonomous,Mumbai University,Autonomous Institute,0315461210,Mechanical Engineering,GNT1S,181674,22.0346747,Stage I,2025-26,1,54
03154,"Saraswati Education Society'S Saraswati College Of Engineering,Kharghar Navi Mumbai",Mumbai,Un-Aided,Autonomous,Mumbai University,Autonomous Institute,0315461210,Mechanical Engineering,GNT3S,134912,51.1762787,Stage I,2025-26,1,54
03154,"Saraswati Education Society'S Saraswati College Of Engineering,Kharghar Navi Mumbai",Mumbai,Un-Aided,Autonomous,Mumbai University,Autonomous Institute,0315461210,Mechanical Engineering,GOBCS,108585,63.6512871,Stage I,2025-26,1,54
03154,"Saraswati Education Society'S Saraswati College Of Engineering,Kharghar Navi Mumbai",Mumbai,Un-Aided,Autonomous,Mumbai University,Autonomous Institute,0315461210,Mechanical Engineering,GSEBCS,110863,62.918458,Stage I,2025-26,1,54
03154,"Saraswati Education Society'S Saraswati College Of Engineering,Kharghar Navi Mumbai",Mumbai,Un-Aided,Autonomous,Mumbai University,Autonomous Institute,0315461210,Mechanical Engineering,LOPENS,121323,58.2180677,Stage I,2025-26,1,54
03154,"Saraswati Education Society'S Saraswati College Of Engineering,Kharghar Navi Mumbai",Mumbai,Un-Aided,Autonomous,Mumbai University,Autonomous Institute,0315461210,Mechanical Engineering,LSCS,161893,35.9909439,Stage I,2025-26,1,54
03154,"Saraswati Education Society'S Saraswati College Of Engineering,Kharghar Navi Mumbai",Mumbai,Un-Aided,Autonomous,Mumbai University,Autonomous Institute,0315461210,Mechanical Engineering,LOBCS,154828,40.0432529,Stage I,2025-26,1,54
03154,"Saraswati Education Society'S Saraswati College Of Engineering,Kharghar Navi Mumbai",Mumbai,Un-Aided,Autonomous,Mumbai University,Autonomous Institute,0315461210,Mechanical Engineering,LSEBCS,162797,35.6771832,Stage I,2025-26,1,54
03154,"Saraswati Education Society'S Saraswati College Of Engineering,Kharghar Navi Mumbai",Mumbai,Un-Aided,Autonomous,Mumbai University,Autonomous Institute,0315461210,Mechanical Engineering,DEFOPENS,196255,8.8248475,Stage I,2025-26,1,54
03154,"Saraswati Education Society'S Saraswati College Of Engineering,Kharghar Navi Mumbai",Mumbai,Un-Aided,Autonomous,Mumbai University,Autonomous Institute,0315461210,Mechanical Engineering,TFWS,91697,70.7504568,Stage I,2025-26,1,54
03154,"Saraswati Education Society'S Saraswati College Of Engineering,Kharghar Navi Mumbai",Mumbai,Un-Aided,Autonomous,Mumbai University,Autonomous Institute,0315461210,Mechanical Engineering,LVJS,160720,36.1811489,Stage II,2025-26,1,54
03154,"Saraswati Education Society'S Saraswati College Of Engineering,Kharghar Navi Mumbai",Mumbai,Un-Aided,Autonomous,Mumbai University,Autonomous Institute,0315461210,Mechanical Engineering,LNT2S,148733,43.74434,Stage II,2025-26,1,54
03154,"Saraswati Education Society'S Saraswati College Of Engineering,Kharghar Navi Mumbai",Mumbai,Un-Aided,Autonomous,Mumbai University,Autonomous Institute,0315491110,Computer Science And Engineering(Artificial Intelligence And Machine Learning),GOPENS,45674,86.4120225,Stage I,2025-26,1,54
03154,"Saraswati Education Society'S Saraswati College Of Engineering,Kharghar Navi Mumbai",Mumbai,Un-Aided,Autonomous,Mumbai University,Autonomous Institute,0315491110,Computer Science And Engineering(Artificial Intelligence And Machine Learning),GSCS,75383,76.8955509,Stage I,2025-26,1,54
03154,"Saraswati Education Society'S Saraswati College Of Engineering,Kharghar Navi Mumbai",Mumbai,Un-Aided,Autonomous,Mumbai University,Autonomous Institute,0315491110,Computer Science And Engineering(Artificial Intelligence And Machine Learning),GSTS,167442,32.1650475,Stage I,2025-26,1,54
03154,"Saraswati Education Society'S Saraswati College Of Engineering,Kharghar Navi Mumbai",Mumbai,Un-Aided,Autonomous,Mumbai University,Autonomous Institute,0315491110,Computer Science And Engineering(Artificial Intelligence And Machine Learning),GVJS,95826,69.0979021,Stage I,2025-26,1,54
03154,"Saraswati Education Society'S Saraswati College Of Engineering,Kharghar Navi Mumbai",Mumbai,Un-Aided,Autonomous,Mumbai University,Autonomous Institute,0315491110,Computer Science And Engineering(Artificial Intelligence And Machine Learning),GNT1S,65333,79.98947,Stage I,2025-26,1,54
03154,"Saraswati Education Society'S Saraswati College Of Engineering,Kharghar Navi Mumbai",Mumbai,Un-Aided,Autonomous,Mumbai University,Autonomous Institute,0315491110,Computer Science And Engineering(Artificial Intelligence And Machine Learning),GNT2S,64457,80.3575863,Stage I,2025-26,1,54
03154,"Saraswati Education Society'S Saraswati College Of Engineering,Kharghar Navi Mumbai",Mumbai,Un-Aided,Autonomous,Mumbai University,Autonomous Institute,0315491110,Computer Science And Engineering(Artificial Intelligence And Machine Learning),GNT3S,62776,81.0133535,Stage I,2025-26,1,54
03154,"Saraswati Education Society'S Saraswati College Of Engineering,Kharghar Navi Mumbai",Mumbai,Un-Aided,Autonomous,Mumbai University,Autonomous Institute,0315491110,Computer Science And Engineering(Artificial Intelligence And Machine Learning),GOBCS,56907,82.8437868,Stage I,2025-26,1,54
03154,"Saraswati Education Society'S Saraswati College Of Engineering,Kharghar Navi Mumbai",Mumbai,Un-Aided,Autonomous,Mumbai University,Autonomous Institute,0315491110,Computer Science And Engineering(Artificial Intelligence And Machine Learning),GSEBCS,69576,78.6137148,Stage I,2025-26,1,54
03154,"Saraswati Education Society'S Saraswati College Of Engineering,Kharghar Navi Mumbai",Mumbai,Un-Aided,Autonomous,Mumbai University,Autonomous Institute,0315491110,Computer Science And Engineering(Artificial Intelligence And Machine Learning),LOPENS,44778,86.675963,Stage I,2025-26,1,54
03154,"Saraswati Education Society'S Saraswati College Of Engineering,Kharghar Navi Mumbai",Mumbai,Un-Aided,Autonomous,Mumbai University,Autonomous Institute,0315491110,Computer Science And Engineering(Artificial Intelligence And Machine Learning),LSCS,72320,77.9513058,Stage I,2025-26,1,54
03154,"Saraswati Education Society'S Saraswati College Of Engineering,Kharghar Navi Mumbai",Mumbai,Un-Aided,Autonomous,Mumbai University,Autonomous Institute,0315491110,Computer Science And Engineering(Artificial Intelligence And Machine Learning),LNT1S,60086,81.8021201,Stage I,2025-26,1,54
03154,"Saraswati Education Society'S Saraswati College Of Engineering,Kharghar Navi Mumbai",Mumbai,Un-Aided,Autonomous,Mumbai University,Autonomous Institute,0315491110,Computer Science And Engineering(Artificial Intelligence And Machine Learning),LNT3S,79226,75.2405919,Stage I,2025-26,1,54
03154,"Saraswati Education Society'S Saraswati College Of Engineering,Kharghar Navi Mumbai",Mumbai,Un-Aided,Autonomous,Mumbai University,Autonomous Institute,0315491110,Computer Science And Engineering(Artificial Intelligence And Machine Learning),LOBCS,61256,81.3270637,Stage I,2025-26,1,54
03154,"Saraswati Education Society'S Saraswati College Of Engineering,Kharghar Navi Mumbai",Mumbai,Un-Aided,Autonomous,Mumbai University,Autonomous Institute,0315491110,Computer Science And Engineering(Artificial Intelligence And Machine Learning),LSEBCS,62681,81.0403668,Stage I,2025-26,1,54
03154,"Saraswati Education Society'S Saraswati College Of Engineering,Kharghar Navi Mumbai",Mumbai,Un-Aided,Autonomous,Mumbai University,Autonomous Institute,0315491110,Computer Science And Engineering(Artificial Intelligence And Machine Learning),DEFOPENS,84095,73.5570613,Stage I,2025-26,1,54
03154,"Saraswati Education Society'S Saraswati College Of Engineering,Kharghar Navi Mumbai",Mumbai,Un-Aided,Autonomous,Mumbai University,Autonomous Institute,0315491110,Computer Science And Engineering(Artificial Intelligence And Machine Learning),DEFSCS,200609,4.0529277,Stage I,2025-26,1,54
03154,"Saraswati Education Society'S Saraswati College Of Engineering,Kharghar Navi Mumbai",Mumbai,Un-Aided,Autonomous,Mumbai University,Autonomous Institute,0315491110,Computer Science And Engineering(Artificial Intelligence And Machine Learning),DEFOBCS,142244,47.3563218,Stage I,2025-26,1,54
03154,"Saraswati Education Society'S Saraswati College Of Engineering,Kharghar Navi Mumbai",Mumbai,Un-Aided,Autonomous,Mumbai University,Autonomous Institute,0315491110,Computer Science And Engineering(Artificial Intelligence And Machine Learning),TFWS,42461,87.3499473,Stage I,2025-26,1,54
03154,"Saraswati Education Society'S Saraswati College Of Engineering,Kharghar Navi Mumbai",Mumbai,Un-Aided,Autonomous,Mumbai University,Autonomous Institute,0315491110,Computer Science And Engineering(Artificial Intelligence And Machine Learning),EWS,181834,21.6174291,Stage I,2025-26,1,54
03154,"Saraswati Education Society'S Saraswati College Of Engineering,Kharghar Navi Mumbai",Mumbai,Un-Aided,Autonomous,Mumbai University,Autonomous Institute,0315491210,Computer Science And Engineering(Data Science),GOPENS,47879,85.8461538,Stage I,2025-26,1,54
03154,"Saraswati Education Society'S Saraswati College Of Engineering,Kharghar Navi Mumbai",Mumbai,Un-Aided,Autonomous,Mumbai University,Autonomous Institute,0315491210,Computer Science And Engineering(Data Science),GSCS,77778,75.652265,Stage I,2025-26,1,54
03154,"Saraswati Education Society'S Saraswati College Of Engineering,Kharghar Navi Mumbai",Mumbai,Un-Aided,Autonomous,Mumbai University,Autonomous Institute,0315491210,Computer Science And Engineering(Data Science),GVJS,104270,65.8462319,Stage I,2025-26,1,54
03154,"Saraswati Education Society'S Saraswati College Of Engineering,Kharghar Navi Mumbai",Mumbai,Un-Aided,Autonomous,Mumbai University,Autonomous Institute,0315491210,Computer Science And Engineering(Data Science),GNT1S,49599,85.113912,Stage I,2025-26,1,54
03154,"Saraswati Education Society'S Saraswati College Of Engineering,Kharghar Navi Mumbai",Mumbai,Un-Aided,Autonomous,Mumbai University,Autonomous Institute,0315491210,Computer Science And Engineering(Data Science),GNT2S,76264,76.67552,Stage I,2025-26,1,54
03154,"Saraswati Education Society'S Saraswati College Of Engineering,Kharghar Navi Mumbai",Mumbai,Un-Aided,Autonomous,Mumbai University,Autonomous Institute,0315491210,Computer Science And Engineering(Data Science),GOBCS,57432,82.777662,Stage I,2025-26,1,54
03154,"Saraswati Education Society'S Saraswati College Of Engineering,Kharghar Navi Mumbai",Mumbai,Un-Aided,Autonomous,Mumbai University,Autonomous Institute,0315491210,Computer Science And Engineering(Data Science),GSEBCS,70056,78.5512207,Stage I,2025-26,1,54
03154,"Saraswati Education Society'S Saraswati College Of Engineering,Kharghar Navi Mumbai",Mumbai,Un-Aided,Autonomous,Mumbai University,Autonomous Institute,0315491210,Computer Science And Engineering(Data Science),LOPENS,44718,86.675963,Stage I,2025-26,1,54
03154,"Saraswati Education Society'S Saraswati College Of Engineering,Kharghar Navi Mumbai",Mumbai,Un-Aided,Autonomous,Mumbai University,Autonomous Institute,0315491210,Computer Science And Engineering(Data Science),LSCS,53807,83.880237,Stage I,2025-26,1,54
03154,"Saraswati Education Society'S Saraswati College Of Engineering,Kharghar Navi Mumbai",Mumbai,Un-Aided,Autonomous,Mumbai University,Autonomous Institute,0315491210,Computer Science And Engineering(Data Science),LSTS,176472,25.5643537,Stage I,2025-26,1,54
03154,"Saraswati Education Society'S Saraswati College Of Engineering,Kharghar Navi Mumbai",Mumbai,Un-Aided,Autonomous,Mumbai University,Autonomous Institute,0315491210,Computer Science And Engineering(Data Science),LNT2S,88945,71.6607627,Stage I,2025-26,1,54
03154,"Saraswati Education Society'S Saraswati College Of Engineering,Kharghar Navi Mumbai",Mumbai,Un-Aided,Autonomous,Mumbai University,Autonomous Institute,0315491210,Computer Science And Engineering(Data Science),LOBCS,56908,82.8437868,Stage I,2025-26,1,54
03154,"Saraswati Education Society'S Saraswati College Of Engineering,Kharghar Navi Mumbai",Mumbai,Un-Aided,Autonomous,Mumbai University,Autonomous Institute,0315491210,Computer Science And Engineering(Data Science),LSEBCS,75133,76.8973331,Stage I,2025-26,1,54
03154,"Saraswati Education Society'S Saraswati College Of Engineering,Kharghar Navi Mumbai",Mumbai,Un-Aided,Autonomous,Mumbai University,Autonomous Institute,0315491210,Computer Science And Engineering(Data Science),DEFOPENS,76134,76.67552,Stage I,2025-26,1,54
03154,"Saraswati Education Society'S Saraswati College Of Engineering,Kharghar Navi Mumbai",Mumbai,Un-Aided,Autonomous,Mumbai University,Autonomous Institute,0315491210,Computer Science And Engineering(Data Science),TFWS,37305,88.9773781,Stage I,2025-26,1,54
03154,"Saraswati Education Society'S Saraswati College Of Engineering,Kharghar Navi Mumbai",Mumbai,Un-Aided,Autonomous,Mumbai University,Autonomous Institute,0315491210,Computer Science And Engineering(Data Science),DEFROBCS,153516,41.4020979,Stage I,2025-26,1,54
03154,"Saraswati Education Society'S Saraswati College Of Engineering,Kharghar Navi Mumbai",Mumbai,Un-Aided,Autonomous,Mumbai University,Autonomous Institute,0315491210,Computer Science And Engineering(Data Science),EWS,195520,9.5951969,Stage I,2025-26,1,54
03175,"M.G.M.'S College Of Engineering And Technology, Kamothe, Navi Mumbai",Mumbai,Un-Aided,Non-Autonomous,Mumbai University,Mumbai University,0317519110,Civil Engineering,GOPENH,85809,72.8948543,Stage I,2025-26,1,55
03175,"M.G.M.'S College Of Engineering And Technology, Kamothe, Navi Mumbai",Mumbai,Un-Aided,Non-Autonomous,Mumbai University,Mumbai University,0317519110,Civil Engineering,GSCH,141177,47.8905633,Stage I,2025-26,1,55
03175,"M.G.M.'S College Of Engineering And Technology, Kamothe, Navi Mumbai",Mumbai,Un-Aided,Non-Autonomous,Mumbai University,Mumbai University,0317519110,Civil Engineering,GSTH,161738,35.9909439,Stage I,2025-26,1,55
03175,"M.G.M.'S College Of Engineering And Technology, Kamothe, Navi Mumbai",Mumbai,Un-Aided,Non-Autonomous,Mumbai University,Mumbai University,0317519110,Civil Engineering,GNT1H,199771,5.1070551,Stage I,2025-26,1,55
03175,"M.G.M.'S College Of Engineering And Technology, Kamothe, Navi Mumbai",Mumbai,Un-Aided,Non-Autonomous,Mumbai University,Mumbai University,0317519110,Civil Engineering,GNT2H,152180,42.2674623,Stage I,2025-26,1,55
03175,"M.G.M.'S College Of Engineering And Technology, Kamothe, Navi Mumbai",Mumbai,Un-Aided,Non-Autonomous,Mumbai University,Mumbai University,0317519110,Civil Engineering,GOBCH,125610,56.2929777,Stage I,2025-26,1,55
03175,"M.G.M.'S College Of Engineering And Technology, Kamothe, Navi Mumbai",Mumbai,Un-Aided,Non-Autonomous,Mumbai University,Mumbai University,0317519110,Civil Engineering,GSEBCH,188893,15.820115,Stage I,2025-26,1,55
03175,"M.G.M.'S College Of Engineering And Technology, Kamothe, Navi Mumbai",Mumbai,Un-Aided,Non-Autonomous,Mumbai University,Mumbai University,0317519110,Civil Engineering,LOPENH,113955,61.5619516,Stage I,2025-26,1,55
03175,"M.G.M.'S College Of Engineering And Technology, Kamothe, Navi Mumbai",Mumbai,Un-Aided,Non-Autonomous,Mumbai University,Mumbai University,0317519110,Civil Engineering,LSCH,118635,59.2797111,Stage I,2025-26,1,55
03175,"M.G.M.'S College Of Engineering And Technology, Kamothe, Navi Mumbai",Mumbai,Un-Aided,Non-Autonomous,Mumbai University,Mumbai University,0317519110,Civil Engineering,LNT3H,159787,37.1950556,Stage I,2025-26,1,55
03175,"M.G.M.'S College Of Engineering And Technology, Kamothe, Navi Mumbai",Mumbai,Un-Aided,Non-Autonomous,Mumbai University,Mumbai University,0317519110,Civil Engineering,LOBCH,120639,58.4401523,Stage I,2025-26,1,55
03175,"M.G.M.'S College Of Engineering And Technology, Kamothe, Navi Mumbai",Mumbai,Un-Aided,Non-Autonomous,Mumbai University,Mumbai University,0317519110,Civil Engineering,GSEBCH,167006,32.3446384,Stage I,2025-26,1,55
03175,"M.G.M.'S College Of Engineering And Technology, Kamothe, Navi Mumbai",Mumbai,Un-Aided,Non-Autonomous,Mumbai University,Mumbai University,0317519110,Civil Engineering,LSEBCH,191569,13.2717448,Stage II,2025-26,1,55
03175,"M.G.M.'S College Of Engineering And Technology, Kamothe, Navi Mumbai",Mumbai,Un-Aided,Non-Autonomous,Mumbai University,Mumbai University,0317519110,Civil Engineering,GOPENO,99213,68.1117918,Stage I,2025-26,1,55
03175,"M.G.M.'S College Of Engineering And Technology, Kamothe, Navi Mumbai",Mumbai,Un-Aided,Non-Autonomous,Mumbai University,Mumbai University,0317519110,Civil Engineering,GSCO,129320,54.1537389,Stage I,2025-26,1,55
03175,"M.G.M.'S College Of Engineering And Technology, Kamothe, Navi Mumbai",Mumbai,Un-Aided,Non-Autonomous,Mumbai University,Mumbai University,0317519110,Civil Engineering,GVJO,117658,60.2517483,Stage I,2025-26,1,55
03175,"M.G.M.'S College Of Engineering And Technology, Kamothe, Navi Mumbai",Mumbai,Un-Aided,Non-Autonomous,Mumbai University,Mumbai University,0317519110,Civil Engineering,GOBCO,100336,67.217709,Stage I,2025-26,1,55
03175,"M.G.M.'S College Of Engineering And Technology, Kamothe, Navi Mumbai",Mumbai,Un-Aided,Non-Autonomous,Mumbai University,Mumbai University,0317519110,Civil Engineering,GSEBCO,161042,36.1161649,Stage I,2025-26,1,55
03175,"M.G.M.'S College Of Engineering And Technology, Kamothe, Navi Mumbai",Mumbai,Un-Aided,Non-Autonomous,Mumbai University,Mumbai University,0317519110,Civil Engineering,LOPENO,173240,28.3463753,Stage I,2025-26,1,55
03175,"M.G.M.'S College Of Engineering And Technology, Kamothe, Navi Mumbai",Mumbai,Un-Aided,Non-Autonomous,Mumbai University,Mumbai University,0317519110,Civil Engineering,LSCO,173957,28.2789485,Stage I,2025-26,1,55
03175,"M.G.M.'S College Of Engineering And Technology, Kamothe, Navi Mumbai",Mumbai,Un-Aided,Non-Autonomous,Mumbai University,Mumbai University,0317519110,Civil Engineering,LOBCO,139020,49.4020979,Stage I,2025-26,1,55
03175,"M.G.M.'S College Of Engineering And Technology, Kamothe, Navi Mumbai",Mumbai,Un-Aided,Non-Autonomous,Mumbai University,Mumbai University,0317519110,Civil Engineering,DEFOPENS,124464,56.8426573,Stage I,2025-26,1,55
03175,"M.G.M.'S College Of Engineering And Technology, Kamothe, Navi Mumbai",Mumbai,Un-Aided,Non-Autonomous,Mumbai University,Mumbai University,0317519110,Civil Engineering,TFWS,105136,65.5190641,Stage I,2025-26,1,55
03175,"M.G.M.'S College Of Engineering And Technology, Kamothe, Navi Mumbai",Mumbai,Un-Aided,Non-Autonomous,Mumbai University,Mumbai University,0317524510,Computer Engineering,GOPENH,44602,86.6827486,Stage I,2025-26,1,56
03175,"M.G.M.'S College Of Engineering And Technology, Kamothe, Navi Mumbai",Mumbai,Un-Aided,Non-Autonomous,Mumbai University,Mumbai University,0317524510,Computer Engineering,GSCH,57704,82.5532062,Stage I,2025-26,1,56
03175,"M.G.M.'S College Of Engineering And Technology, Kamothe, Navi Mumbai",Mumbai,Un-Aided,Non-Autonomous,Mumbai University,Mumbai University,0317524510,Computer Engineering,GSTH,199378,5.4917171,Stage I,2025-26,1,56
03175,"M.G.M.'S College Of Engineering And Technology, Kamothe, Navi Mumbai",Mumbai,Un-Aided,Non-Autonomous,Mumbai University,Mumbai University,0317524510,Computer Engineering,GVJH,107350,64.3453843,Stage I,2025-26,1,56
03175,"M.G.M.'S College Of Engineering And Technology, Kamothe, Navi Mumbai",Mumbai,Un-Aided,Non-Autonomous,Mumbai University,Mumbai University,0317524510,Computer Engineering,GNT1H,52540,84.3018999,Stage I,2025-26,1,56
03175,"M.G.M.'S College Of Engineering And Technology, Kamothe, Navi Mumbai",Mumbai,Un-Aided,Non-Autonomous,Mumbai University,Mumbai University,0317524510,Computer Engineering,GNT2H,46594,85.9982332,Stage I,2025-26,1,56
03175,"M.G.M.'S College Of Engineering And Technology, Kamothe, Navi Mumbai",Mumbai,Un-Aided,Non-Autonomous,Mumbai University,Mumbai University,0317524510,Computer Engineering,GNT3H,48771,85.4179037,Stage I,2025-26,1,56
03175,"M.G.M.'S College Of Engineering And Technology, Kamothe, Navi Mumbai",Mumbai,Un-Aided,Non-Autonomous,Mumbai University,Mumbai University,0317524510,Computer Engineering,GOBCH,52296,84.3296195,Stage I,2025-26,1,56
03175,"M.G.M.'S College Of Engineering And Technology, Kamothe, Navi Mumbai",Mumbai,Un-Aided,Non-Autonomous,Mumbai University,Mumbai University,0317524510,Computer Engineering,GSEBCH,63038,80.9669596,Stage I,2025-26,1,56
03175,"M.G.M.'S College Of Engineering And Technology, Kamothe, Navi Mumbai",Mumbai,Un-Aided,Non-Autonomous,Mumbai University,Mumbai University,0317524510,Computer Engineering,LOPENH,41321,87.7785554,Stage I,2025-26,1,56
03175,"M.G.M.'S College Of Engineering And Technology, Kamothe, Navi Mumbai",Mumbai,Un-Aided,Non-Autonomous,Mumbai University,Mumbai University,0317524510,Computer Engineering,LSCH,80368,75.1716925,Stage I,2025-26,1,56
03175,"M.G.M.'S College Of Engineering And Technology, Kamothe, Navi Mumbai",Mumbai,Un-Aided,Non-Autonomous,Mumbai University,Mumbai University,0317524510,Computer Engineering,LVJH,173181,28.4151863,Stage I,2025-26,1,56
03175,"M.G.M.'S College Of Engineering And Technology, Kamothe, Navi Mumbai",Mumbai,Un-Aided,Non-Autonomous,Mumbai University,Mumbai University,0317524510,Computer Engineering,LNT1H,49469,85.1919561,Stage I,2025-26,1,56
03175,"M.G.M.'S College Of Engineering And Technology, Kamothe, Navi Mumbai",Mumbai,Un-Aided,Non-Autonomous,Mumbai University,Mumbai University,0317524510,Computer Engineering,LNT2H,68815,78.8357161,Stage I,2025-26,1,56
03175,"M.G.M.'S College Of Engineering And Technology, Kamothe, Navi Mumbai",Mumbai,Un-Aided,Non-Autonomous,Mumbai University,Mumbai University,0317524510,Computer Engineering,LOBCH,45991,86.3462208,Stage I,2025-26,1,56
03175,"M.G.M.'S College Of Engineering And Technology, Kamothe, Navi Mumbai",Mumbai,Un-Aided,Non-Autonomous,Mumbai University,Mumbai University,0317524510,Computer Engineering,LSEBCH,65706,79.9809712,Stage I,2025-26,1,56
03175,"M.G.M.'S College Of Engineering And Technology, Kamothe, Navi Mumbai",Mumbai,Un-Aided,Non-Autonomous,Mumbai University,Mumbai University,0317524510,Computer Engineering,PWDOPENH,58717,82.2162613,Stage I,2025-26,1,56
03175,"M.G.M.'S College Of Engineering And Technology, Kamothe, Navi Mumbai",Mumbai,Un-Aided,Non-Autonomous,Mumbai University,Mumbai University,0317524510,Computer Engineering,GOPENO,46127,86.2351996,Stage I,2025-26,1,56
03175,"M.G.M.'S College Of Engineering And Technology, Kamothe, Navi Mumbai",Mumbai,Un-Aided,Non-Autonomous,Mumbai University,Mumbai University,0317524510,Computer Engineering,GSCO,63819,80.7175218,Stage I,2025-26,1,56
03175,"M.G.M.'S College Of Engineering And Technology, Kamothe, Navi Mumbai",Mumbai,Un-Aided,Non-Autonomous,Mumbai University,Mumbai University,0317524510,Computer Engineering,GSTO,89199,71.5830116,Stage I,2025-26,1,56
03175,"M.G.M.'S College Of Engineering And Technology, Kamothe, Navi Mumbai",Mumbai,Un-Aided,Non-Autonomous,Mumbai University,Mumbai University,0317524510,Computer Engineering,GNT1O,56023,83.1060395,Stage I,2025-26,1,56
03175,"M.G.M.'S College Of Engineering And Technology, Kamothe, Navi Mumbai",Mumbai,Un-Aided,Non-Autonomous,Mumbai University,Mumbai University,0317524510,Computer Engineering,GNT2O,65010,80.0,Stage I,2025-26,1,56
03175,"M.G.M.'S College Of Engineering And Technology, Kamothe, Navi Mumbai",Mumbai,Un-Aided,Non-Autonomous,Mumbai University,Mumbai University,0317524510,Computer Engineering,GNT3O,65143,80.0,Stage I,2025-26,1,56
03175,"M.G.M.'S College Of Engineering And Technology, Kamothe, Navi Mumbai",Mumbai,Un-Aided,Non-Autonomous,Mumbai University,Mumbai University,0317524510,Computer Engineering,GOBCO,51098,84.6429815,Stage I,2025-26,1,56
03175,"M.G.M.'S College Of Engineering And Technology, Kamothe, Navi Mumbai",Mumbai,Un-Aided,Non-Autonomous,Mumbai University,Mumbai University,0317524510,Computer Engineering,GSEBCO,62062,81.1324174,Stage I,2025-26,1,56
03175,"M.G.M.'S College Of Engineering And Technology, Kamothe, Navi Mumbai",Mumbai,Un-Aided,Non-Autonomous,Mumbai University,Mumbai University,0317524510,Computer Engineering,LOPENO,48729,85.4179037,Stage I,2025-26,1,56
03175,"M.G.M.'S College Of Engineering And Technology, Kamothe, Navi Mumbai",Mumbai,Un-Aided,Non-Autonomous,Mumbai University,Mumbai University,0317524510,Computer Engineering,LSCO,60042,81.8021201,Stage I,2025-26,1,56
03175,"M.G.M.'S College Of Engineering And Technology, Kamothe, Navi Mumbai",Mumbai,Un-Aided,Non-Autonomous,Mumbai University,Mumbai University,0317524510,Computer Engineering,LVJO,77399,75.6538462,Stage I,2025-26,1,56
03175,"M.G.M.'S College Of Engineering And Technology, Kamothe, Navi Mumbai",Mumbai,Un-Aided,Non-Autonomous,Mumbai University,Mumbai University,0317524510,Computer Engineering,LOBCO,50557,84.8736599,Stage I,2025-26,1,56
03175,"M.G.M.'S College Of Engineering And Technology, Kamothe, Navi Mumbai",Mumbai,Un-Aided,Non-Autonomous,Mumbai University,Mumbai University,0317524510,Computer Engineering,LSEBCO,54895,83.4924535,Stage I,2025-26,1,56
03175,"M.G.M.'S College Of Engineering And Technology, Kamothe, Navi Mumbai",Mumbai,Un-Aided,Non-Autonomous,Mumbai University,Mumbai University,0317524510,Computer Engineering,DEFOPENS,86736,72.6730266,Stage I,2025-26,1,56
03175,"M.G.M.'S College Of Engineering And Technology, Kamothe, Navi Mumbai",Mumbai,Un-Aided,Non-Autonomous,Mumbai University,Mumbai University,0317524510,Computer Engineering,DEFOBCS,170299,29.8059527,Stage I,2025-26,1,56
03175,"M.G.M.'S College Of Engineering And Technology, Kamothe, Navi Mumbai",Mumbai,Un-Aided,Non-Autonomous,Mumbai University,Mumbai University,0317524510,Computer Engineering,TFWS,39172,88.4967904,Stage I,2025-26,1,56
03175,"M.G.M.'S College Of Engineering And Technology, Kamothe, Navi Mumbai",Mumbai,Un-Aided,Non-Autonomous,Mumbai University,Mumbai University,0317524510,Computer Engineering,DEFRSEBCS,96287,68.9620341,Stage I,2025-26,1,56
03175,"M.G.M.'S College Of Engineering And Technology, Kamothe, Navi Mumbai",Mumbai,Un-Aided,Non-Autonomous,Mumbai University,Mumbai University,0317524510,Computer Engineering,EWS,180656,22.3617813,Stage I,2025-26,1,56
03175,"M.G.M.'S College Of Engineering And Technology, Kamothe, Navi Mumbai",Mumbai,Un-Aided,Non-Autonomous,Mumbai University,Mumbai University,0317524610,Information Technology,GOPENH,50564,84.8736599,Stage I,2025-26,1,57
03175,"M.G.M.'S College Of Engineering And Technology, Kamothe, Navi Mumbai",Mumbai,Un-Aided,Non-Autonomous,Mumbai University,Mumbai University,0317524610,Information Technology,GSCH,59277,82.1319232,Stage I,2025-26,1,57
03175,"M.G.M.'S College Of Engineering And Technology, Kamothe, Navi Mumbai",Mumbai,Un-Aided,Non-Autonomous,Mumbai University,Mumbai University,0317524610,Information Technology,GVJH,181378,22.035802,Stage I,2025-26,1,57
03175,"M.G.M.'S College Of Engineering And Technology, Kamothe, Navi Mumbai",Mumbai,Un-Aided,Non-Autonomous,Mumbai University,Mumbai University,0317524610,Information Technology,GNT1H,64522,80.3575863,Stage I,2025-26,1,57
03175,"M.G.M.'S College Of Engineering And Technology, Kamothe, Navi Mumbai",Mumbai,Un-Aided,Non-Autonomous,Mumbai University,Mumbai University,0317524610,Information Technology,GNT2H,59798,81.940403,Stage I,2025-26,1,57
03175,"M.G.M.'S College Of Engineering And Technology, Kamothe, Navi Mumbai",Mumbai,Un-Aided,Non-Autonomous,Mumbai University,Mumbai University,0317524610,Information Technology,GNT3H,55528,83.2103258,Stage I,2025-26,1,57
03175,"M.G.M.'S College Of Engineering And Technology, Kamothe, Navi Mumbai",Mumbai,Un-Aided,Non-Autonomous,Mumbai University,Mumbai University,0317524610,Information Technology,GOBCH,57839,82.4521073,Stage I,2025-26,1,57
03175,"M.G.M.'S College Of Engineering And Technology, Kamothe, Navi Mumbai",Mumbai,Un-Aided,Non-Autonomous,Mumbai University,Mumbai University,0317524610,Information Technology,GSEBCH,78992,75.3562654,Stage I,2025-26,1,57
03175,"M.G.M.'S College Of Engineering And Technology, Kamothe, Navi Mumbai",Mumbai,Un-Aided,Non-Autonomous,Mumbai University,Mumbai University,0317524610,Information Technology,LOPENH,51801,84.4950314,Stage I,2025-26,1,57
03175,"M.G.M.'S College Of Engineering And Technology, Kamothe, Navi Mumbai",Mumbai,Un-Aided,Non-Autonomous,Mumbai University,Mumbai University,0317524610,Information Technology,LSCH,81786,74.5404987,Stage I,2025-26,1,57
03175,"M.G.M.'S College Of Engineering And Technology, Kamothe, Navi Mumbai",Mumbai,Un-Aided,Non-Autonomous,Mumbai University,Mumbai University,0317524610,Information Technology,LSTH,142225,47.3563218,Stage I,2025-26,1,57
03175,"M.G.M.'S College Of Engineering And Technology, Kamothe, Navi Mumbai",Mumbai,Un-Aided,Non-Autonomous,Mumbai University,Mumbai University,0317524610,Information Technology,LVJH,177080,25.2088452,Stage I,2025-26,1,57
03175,"M.G.M.'S College Of Engineering And Technology, Kamothe, Navi Mumbai",Mumbai,Un-Aided,Non-Autonomous,Mumbai University,Mumbai University,0317524610,Information Technology,LNT2H,99581,67.8236662,Stage I,2025-26,1,57
03175,"M.G.M.'S College Of Engineering And Technology, Kamothe, Navi Mumbai",Mumbai,Un-Aided,Non-Autonomous,Mumbai University,Mumbai University,0317524610,Information Technology,LOBCH,58619,82.3322294,Stage I,2025-26,1,57
03175,"M.G.M.'S College Of Engineering And Technology, Kamothe, Navi Mumbai",Mumbai,Un-Aided,Non-Autonomous,Mumbai University,Mumbai University,0317524610,Information Technology,LSEBCH,83251,73.6345056,Stage I,2025-26,1,57
03175,"M.G.M.'S College Of Engineering And Technology, Kamothe, Navi Mumbai",Mumbai,Un-Aided,Non-Autonomous,Mumbai University,Mumbai University,0317524610,Information Technology,GOPENO,63338,80.8599071,Stage I,2025-26,1,57
03175,"M.G.M.'S College Of Engineering And Technology, Kamothe, Navi Mumbai",Mumbai,Un-Aided,Non-Autonomous,Mumbai University,Mumbai University,0317524610,Information Technology,GSCO,73947,77.0149774,Stage I,2025-26,1,57
03175,"M.G.M.'S College Of Engineering And Technology, Kamothe, Navi Mumbai",Mumbai,Un-Aided,Non-Autonomous,Mumbai University,Mumbai University,0317524610,Information Technology,GOBCO,64274,80.4732503,Stage I,2025-26,1,57
03175,"M.G.M.'S College Of Engineering And Technology, Kamothe, Navi Mumbai",Mumbai,Un-Aided,Non-Autonomous,Mumbai University,Mumbai University,0317524610,Information Technology,GSEBCO,80720,75.1620214,Stage I,2025-26,1,57
03175,"M.G.M.'S College Of Engineering And Technology, Kamothe, Navi Mumbai",Mumbai,Un-Aided,Non-Autonomous,Mumbai University,Mumbai University,0317524610,Information Technology,LOPENO,52601,84.1437716,Stage I,2025-26,1,57
03175,"M.G.M.'S College Of Engineering And Technology, Kamothe, Navi Mumbai",Mumbai,Un-Aided,Non-Autonomous,Mumbai University,Mumbai University,0317524610,Information Technology,LNT1O,124790,56.6213771,Stage I,2025-26,1,57
03175,"M.G.M.'S College Of Engineering And Technology, Kamothe, Navi Mumbai",Mumbai,Un-Aided,Non-Autonomous,Mumbai University,Mumbai University,0317524610,Information Technology,LNT2O,85559,73.1347962,Stage I,2025-26,1,57
03175,"M.G.M.'S College Of Engineering And Technology, Kamothe, Navi Mumbai",Mumbai,Un-Aided,Non-Autonomous,Mumbai University,Mumbai University,0317524610,Information Technology,LOBCO,65205,79.98947,Stage I,2025-26,1,57
03175,"M.G.M.'S College Of Engineering And Technology, Kamothe, Navi Mumbai",Mumbai,Un-Aided,Non-Autonomous,Mumbai University,Mumbai University,0317524610,Information Technology,LSTO,162496,35.7798895,Stage I,2025-26,1,57
03175,"M.G.M.'S College Of Engineering And Technology, Kamothe, Navi Mumbai",Mumbai,Un-Aided,Non-Autonomous,Mumbai University,Mumbai University,0317524610,Information Technology,DEFOPENS,157888,39.230205,Stage I,2025-26,1,57
03175,"M.G.M.'S College Of Engineering And Technology, Kamothe, Navi Mumbai",Mumbai,Un-Aided,Non-Autonomous,Mumbai University,Mumbai University,0317524610,Information Technology,TFWS,47043,85.9124978,Stage I,2025-26,1,57
03175,"M.G.M.'S College Of Engineering And Technology, Kamothe, Navi Mumbai",Mumbai,Un-Aided,Non-Autonomous,Mumbai University,Mumbai University,0317524610,Information Technology,EWS,184404,19.2944893,Stage I,2025-26,1,57
03175,"M.G.M.'S College Of Engineering And Technology, Kamothe, Navi Mumbai",Mumbai,Un-Aided,Non-Autonomous,Mumbai University,Mumbai University,0317529310,Electrical Engineering,GOPENH,89798,71.4842352,Stage I,2025-26,1,58
03175,"M.G.M.'S College Of Engineering And Technology, Kamothe, Navi Mumbai",Mumbai,Un-Aided,Non-Autonomous,Mumbai University,Mumbai University,0317529310,Electrical Engineering,GSCH,125050,56.5039753,Stage I,2025-26,1,58
03175,"M.G.M.'S College Of Engineering And Technology, Kamothe, Navi Mumbai",Mumbai,Un-Aided,Non-Autonomous,Mumbai University,Mumbai University,0317529310,Electrical Engineering,GNT1H,122994,57.4376852,Stage I,2025-26,1,58
03175,"M.G.M.'S College Of Engineering And Technology, Kamothe, Navi Mumbai",Mumbai,Un-Aided,Non-Autonomous,Mumbai University,Mumbai University,0317529310,Electrical Engineering,GNT2H,107957,63.8244514,Stage I,2025-26,1,58
03175,"M.G.M.'S College Of Engineering And Technology, Kamothe, Navi Mumbai",Mumbai,Un-Aided,Non-Autonomous,Mumbai University,Mumbai University,0317529310,Electrical Engineering,GOBCH,109980,63.3986014,Stage I,2025-26,1,58
03175,"M.G.M.'S College Of Engineering And Technology, Kamothe, Navi Mumbai",Mumbai,Un-Aided,Non-Autonomous,Mumbai University,Mumbai University,0317529310,Electrical Engineering,LOPENH,90232,71.4755245,Stage I,2025-26,1,58
03175,"M.G.M.'S College Of Engineering And Technology, Kamothe, Navi Mumbai",Mumbai,Un-Aided,Non-Autonomous,Mumbai University,Mumbai University,0317529310,Electrical Engineering,LSCH,119543,58.8994542,Stage I,2025-26,1,58
03175,"M.G.M.'S College Of Engineering And Technology, Kamothe, Navi Mumbai",Mumbai,Un-Aided,Non-Autonomous,Mumbai University,Mumbai University,0317529310,Electrical Engineering,LOBCH,136489,50.7016833,Stage I,2025-26,1,58
03175,"M.G.M.'S College Of Engineering And Technology, Kamothe, Navi Mumbai",Mumbai,Un-Aided,Non-Autonomous,Mumbai University,Mumbai University,0317529310,Electrical Engineering,LSEBCH,123936,57.0133407,Stage I,2025-26,1,58
03175,"M.G.M.'S College Of Engineering And Technology, Kamothe, Navi Mumbai",Mumbai,Un-Aided,Non-Autonomous,Mumbai University,Mumbai University,0317529310,Electrical Engineering,GSEBCH,148962,43.658874,Stage I,2025-26,1,58
03175,"M.G.M.'S College Of Engineering And Technology, Kamothe, Navi Mumbai",Mumbai,Un-Aided,Non-Autonomous,Mumbai University,Mumbai University,0317529310,Electrical Engineering,GOPENO,89035,71.5830116,Stage I,2025-26,1,58
03175,"M.G.M.'S College Of Engineering And Technology, Kamothe, Navi Mumbai",Mumbai,Un-Aided,Non-Autonomous,Mumbai University,Mumbai University,0317529310,Electrical Engineering,GSCO,164205,35.1590106,Stage I,2025-26,1,58
03175,"M.G.M.'S College Of Engineering And Technology, Kamothe, Navi Mumbai",Mumbai,Un-Aided,Non-Autonomous,Mumbai University,Mumbai University,0317529310,Electrical Engineering,GVJO,147949,44.2599775,Stage I,2025-26,1,58
03175,"M.G.M.'S College Of Engineering And Technology, Kamothe, Navi Mumbai",Mumbai,Un-Aided,Non-Autonomous,Mumbai University,Mumbai University,0317529310,Electrical Engineering,GNT2O,155710,39.7546871,Stage I,2025-26,1,58
03175,"M.G.M.'S College Of Engineering And Technology, Kamothe, Navi Mumbai",Mumbai,Un-Aided,Non-Autonomous,Mumbai University,Mumbai University,0317529310,Electrical Engineering,GNT3O,105438,65.5190641,Stage I,2025-26,1,58
03175,"M.G.M.'S College Of Engineering And Technology, Kamothe, Navi Mumbai",Mumbai,Un-Aided,Non-Autonomous,Mumbai University,Mumbai University,0317529310,Electrical Engineering,GOBCO,119451,58.8994542,Stage I,2025-26,1,58
03175,"M.G.M.'S College Of Engineering And Technology, Kamothe, Navi Mumbai",Mumbai,Un-Aided,Non-Autonomous,Mumbai University,Mumbai University,0317529310,Electrical Engineering,LOPENO,52617,84.1437716,Stage I,2025-26,1,58
03175,"M.G.M.'S College Of Engineering And Technology, Kamothe, Navi Mumbai",Mumbai,Un-Aided,Non-Autonomous,Mumbai University,Mumbai University,0317529310,Electrical Engineering,LSCO,131479,53.2657343,Stage I,2025-26,1,58
03175,"M.G.M.'S College Of Engineering And Technology, Kamothe, Navi Mumbai",Mumbai,Un-Aided,Non-Autonomous,Mumbai University,Mumbai University,0317529310,Electrical Engineering,LSEBCO,191206,13.4300699,Stage I,2025-26,1,58
03175,"M.G.M.'S College Of Engineering And Technology, Kamothe, Navi Mumbai",Mumbai,Un-Aided,Non-Autonomous,Mumbai University,Mumbai University,0317529310,Electrical Engineering,TFWS,86547,72.7429418,Stage I,2025-26,1,58
03175,"M.G.M.'S College Of Engineering And Technology, Kamothe, Navi Mumbai",Mumbai,Un-Aided,Non-Autonomous,Mumbai University,Mumbai University,0317529310,Electrical Engineering,EWS,197593,7.4355245,Stage I,2025-26,1,58
03175,"M.G.M.'S College Of Engineering And Technology, Kamothe, Navi Mumbai",Mumbai,Un-Aided,Non-Autonomous,Mumbai University,Mumbai University,0317537210,Electronics And Telecommunication Engg,GOPENH,63138,80.9669596,Stage I,2025-26,1,59
03175,"M.G.M.'S College Of Engineering And Technology, Kamothe, Navi Mumbai",Mumbai,Un-Aided,Non-Autonomous,Mumbai University,Mumbai University,0317537210,Electronics And Telecommunication Engg,GSCH,85337,73.2612864,Stage I,2025-26,1,59
03175,"M.G.M.'S College Of Engineering And Technology, Kamothe, Navi Mumbai",Mumbai,Un-Aided,Non-Autonomous,Mumbai University,Mumbai University,0317537210,Electronics And Telecommunication Engg,GNT2H,78024,75.6075065,Stage I,2025-26,1,59
03175,"M.G.M.'S College Of Engineering And Technology, Kamothe, Navi Mumbai",Mumbai,Un-Aided,Non-Autonomous,Mumbai University,Mumbai University,0317537210,Electronics And Telecommunication Engg,GOBCH,69536,78.6137148,Stage I,2025-26,1,59
03175,"M.G.M.'S College Of Engineering And Technology, Kamothe, Navi Mumbai",Mumbai,Un-Aided,Non-Autonomous,Mumbai University,Mumbai University,0317537210,Electronics And Telecommunication Engg,GSEBCH,100725,67.1459332,Stage I,2025-26,1,59
03175,"M.G.M.'S College Of Engineering And Technology, Kamothe, Navi Mumbai",Mumbai,Un-Aided,Non-Autonomous,Mumbai University,Mumbai University,0317537210,Electronics And Telecommunication Engg,LOPENH,61514,81.2846613,Stage I,2025-26,1,59
03175,"M.G.M.'S College Of Engineering And Technology, Kamothe, Navi Mumbai",Mumbai,Un-Aided,Non-Autonomous,Mumbai University,Mumbai University,0317537210,Electronics And Telecommunication Engg,LSCH,86361,72.7429418,Stage I,2025-26,1,59
03175,"M.G.M.'S College Of Engineering And Technology, Kamothe, Navi Mumbai",Mumbai,Un-Aided,Non-Autonomous,Mumbai University,Mumbai University,0317537210,Electronics And Telecommunication Engg,LNT1H,156628,39.3601986,Stage I,2025-26,1,59
03175,"M.G.M.'S College Of Engineering And Technology, Kamothe, Navi Mumbai",Mumbai,Un-Aided,Non-Autonomous,Mumbai University,Mumbai University,0317537210,Electronics And Telecommunication Engg,LNT3H,161310,36.1161649,Stage I,2025-26,1,59
03175,"M.G.M.'S College Of Engineering And Technology, Kamothe, Navi Mumbai",Mumbai,Un-Aided,Non-Autonomous,Mumbai University,Mumbai University,0317537210,Electronics And Telecommunication Engg,LOBCH,68581,78.8357161,Stage I,2025-26,1,59
03175,"M.G.M.'S College Of Engineering And Technology, Kamothe, Navi Mumbai",Mumbai,Un-Aided,Non-Autonomous,Mumbai University,Mumbai University,0317537210,Electronics And Telecommunication Engg,GVJH,128037,54.5872518,Stage I,2025-26,1,59
03175,"M.G.M.'S College Of Engineering And Technology, Kamothe, Navi Mumbai",Mumbai,Un-Aided,Non-Autonomous,Mumbai University,Mumbai University,0317537210,Electronics And Telecommunication Engg,LVJH,132378,53.2228937,Stage II,2025-26,1,59
03175,"M.G.M.'S College Of Engineering And Technology, Kamothe, Navi Mumbai",Mumbai,Un-Aided,Non-Autonomous,Mumbai University,Mumbai University,0317537210,Electronics And Telecommunication Engg,GOPENO,73560,77.161886,Stage I,2025-26,1,59
03175,"M.G.M.'S College Of Engineering And Technology, Kamothe, Navi Mumbai",Mumbai,Un-Aided,Non-Autonomous,Mumbai University,Mumbai University,0317537210,Electronics And Telecommunication Engg,GOBCO,74804,76.9213781,Stage I,2025-26,1,59
03175,"M.G.M.'S College Of Engineering And Technology, Kamothe, Navi Mumbai",Mumbai,Un-Aided,Non-Autonomous,Mumbai University,Mumbai University,0317537210,Electronics And Telecommunication Engg,GSEBCO,93535,69.8941051,Stage I,2025-26,1,59
03175,"M.G.M.'S College Of Engineering And Technology, Kamothe, Navi Mumbai",Mumbai,Un-Aided,Non-Autonomous,Mumbai University,Mumbai University,0317537210,Electronics And Telecommunication Engg,LOPENO,59490,82.1124479,Stage I,2025-26,1,59
03175,"M.G.M.'S College Of Engineering And Technology, Kamothe, Navi Mumbai",Mumbai,Un-Aided,Non-Autonomous,Mumbai University,Mumbai University,0317537210,Electronics And Telecommunication Engg,LSCO,82965,73.7482517,Stage I,2025-26,1,59
03175,"M.G.M.'S College Of Engineering And Technology, Kamothe, Navi Mumbai",Mumbai,Un-Aided,Non-Autonomous,Mumbai University,Mumbai University,0317537210,Electronics And Telecommunication Engg,LOBCO,90415,71.4755245,Stage I,2025-26,1,59
03175,"M.G.M.'S College Of Engineering And Technology, Kamothe, Navi Mumbai",Mumbai,Un-Aided,Non-Autonomous,Mumbai University,Mumbai University,0317537210,Electronics And Telecommunication Engg,TFWS,67132,79.6925092,Stage I,2025-26,1,59
03175,"M.G.M.'S College Of Engineering And Technology, Kamothe, Navi Mumbai",Mumbai,Un-Aided,Non-Autonomous,Mumbai University,Mumbai University,0317537210,Electronics And Telecommunication Engg,EWS,181592,22.0346747,Stage I,2025-26,1,59
03175,"M.G.M.'S College Of Engineering And Technology, Kamothe, Navi Mumbai",Mumbai,Un-Aided,Non-Autonomous,Mumbai University,Mumbai University,0317546110,Bio Medical Engineering,GOPENH,50115,85.0571556,Stage I,2025-26,1,60
03175,"M.G.M.'S College Of Engineering And Technology, Kamothe, Navi Mumbai",Mumbai,Un-Aided,Non-Autonomous,Mumbai University,Mumbai University,0317546110,Bio Medical Engineering,GSCH,103847,65.8992965,Stage I,2025-26,1,60
03175,"M.G.M.'S College Of Engineering And Technology, Kamothe, Navi Mumbai",Mumbai,Un-Aided,Non-Autonomous,Mumbai University,Mumbai University,0317546110,Bio Medical Engineering,GOBCH,93319,70.2033567,Stage I,2025-26,1,60
03175,"M.G.M.'S College Of Engineering And Technology, Kamothe, Navi Mumbai",Mumbai,Un-Aided,Non-Autonomous,Mumbai University,Mumbai University,0317546110,Bio Medical Engineering,LOPENH,29259,91.4198717,Stage I,2025-26,1,60
03175,"M.G.M.'S College Of Engineering And Technology, Kamothe, Navi Mumbai",Mumbai,Un-Aided,Non-Autonomous,Mumbai University,Mumbai University,0317546110,Bio Medical Engineering,LSCH,84625,73.4722277,Stage I,2025-26,1,60
03175,"M.G.M.'S College Of Engineering And Technology, Kamothe, Navi Mumbai",Mumbai,Un-Aided,Non-Autonomous,Mumbai University,Mumbai University,0317546110,Bio Medical Engineering,LOBCH,92348,70.507201,Stage I,2025-26,1,60
03175,"M.G.M.'S College Of Engineering And Technology, Kamothe, Navi Mumbai",Mumbai,Un-Aided,Non-Autonomous,Mumbai University,Mumbai University,0317546110,Bio Medical Engineering,LSEBCH,87839,72.102802,Stage I,2025-26,1,60
03175,"M.G.M.'S College Of Engineering And Technology, Kamothe, Navi Mumbai",Mumbai,Un-Aided,Non-Autonomous,Mumbai University,Mumbai University,0317546110,Bio Medical Engineering,GNT3H,94174,69.8498837,Stage I,2025-26,1,60
03175,"M.G.M.'S College Of Engineering And Technology, Kamothe, Navi Mumbai",Mumbai,Un-Aided,Non-Autonomous,Mumbai University,Mumbai University,0317546110,Bio Medical Engineering,GSEBCH,140043,49.2256217,Stage I,2025-26,1,60
03175,"M.G.M.'S College Of Engineering And Technology, Kamothe, Navi Mumbai",Mumbai,Un-Aided,Non-Autonomous,Mumbai University,Mumbai University,0317546110,Bio Medical Engineering,GOPENO,55890,83.2058578,Stage I,2025-26,1,60
03175,"M.G.M.'S College Of Engineering And Technology, Kamothe, Navi Mumbai",Mumbai,Un-Aided,Non-Autonomous,Mumbai University,Mumbai University,0317546110,Bio Medical Engineering,GSCO,72215,78.010417,Stage I,2025-26,1,60
03175,"M.G.M.'S College Of Engineering And Technology, Kamothe, Navi Mumbai",Mumbai,Un-Aided,Non-Autonomous,Mumbai University,Mumbai University,0317546110,Bio Medical Engineering,GNT1O,93741,69.8941051,Stage I,2025-26,1,60
03175,"M.G.M.'S College Of Engineering And Technology, Kamothe, Navi Mumbai",Mumbai,Un-Aided,Non-Autonomous,Mumbai University,Mumbai University,0317546110,Bio Medical Engineering,GOBCO,66900,79.6986029,Stage I,2025-26,1,60
03175,"M.G.M.'S College Of Engineering And Technology, Kamothe, Navi Mumbai",Mumbai,Un-Aided,Non-Autonomous,Mumbai University,Mumbai University,0317546110,Bio Medical Engineering,LOPENO,51596,84.5627208,Stage I,2025-26,1,60
03175,"M.G.M.'S College Of Engineering And Technology, Kamothe, Navi Mumbai",Mumbai,Un-Aided,Non-Autonomous,Mumbai University,Mumbai University,0317546110,Bio Medical Engineering,TFWS,42187,87.4135301,Stage I,2025-26,1,60
03175,"M.G.M.'S College Of Engineering And Technology, Kamothe, Navi Mumbai",Mumbai,Un-Aided,Non-Autonomous,Mumbai University,Mumbai University,0317546110,Bio Medical Engineering,DEFROBCS,125601,56.2929777,Stage I,2025-26,1,60
03175,"M.G.M.'S College Of Engineering And Technology, Kamothe, Navi Mumbai",Mumbai,Un-Aided,Non-Autonomous,Mumbai University,Mumbai University,0317546110,Bio Medical Engineering,EWS,172240,28.9513426,Stage I,2025-26,1,60
03175,"M.G.M.'S College Of Engineering And Technology, Kamothe, Navi Mumbai",Mumbai,Un-Aided,Non-Autonomous,Mumbai University,Mumbai University,0317550710,Chemical Engineering,GOPENH,60422,81.7705077,Stage I,2025-26,1,61
03175,"M.G.M.'S College Of Engineering And Technology, Kamothe, Navi Mumbai",Mumbai,Un-Aided,Non-Autonomous,Mumbai University,Mumbai University,0317550710,Chemical Engineering,GSCH,126261,55.6405756,Stage I,2025-26,1,61
03175,"M.G.M.'S College Of Engineering And Technology, Kamothe, Navi Mumbai",Mumbai,Un-Aided,Non-Autonomous,Mumbai University,Mumbai University,0317550710,Chemical Engineering,GNT1H,176096,25.7272727,Stage I,2025-26,1,61
03175,"M.G.M.'S College Of Engineering And Technology, Kamothe, Navi Mumbai",Mumbai,Un-Aided,Non-Autonomous,Mumbai University,Mumbai University,0317550710,Chemical Engineering,GNT2H,129082,54.4314351,Stage I,2025-26,1,61
03175,"M.G.M.'S College Of Engineering And Technology, Kamothe, Navi Mumbai",Mumbai,Un-Aided,Non-Autonomous,Mumbai University,Mumbai University,0317550710,Chemical Engineering,GOBCH,80214,75.1716925,Stage I,2025-26,1,61
03175,"M.G.M.'S College Of Engineering And Technology, Kamothe, Navi Mumbai",Mumbai,Un-Aided,Non-Autonomous,Mumbai University,Mumbai University,0317550710,Chemical Engineering,GSEBCH,157787,39.230205,Stage I,2025-26,1,61
03175,"M.G.M.'S College Of Engineering And Technology, Kamothe, Navi Mumbai",Mumbai,Un-Aided,Non-Autonomous,Mumbai University,Mumbai University,0317550710,Chemical Engineering,LOPENH,58731,82.2162613,Stage I,2025-26,1,61
03175,"M.G.M.'S College Of Engineering And Technology, Kamothe, Navi Mumbai",Mumbai,Un-Aided,Non-Autonomous,Mumbai University,Mumbai University,0317550710,Chemical Engineering,LSCH,118143,59.3210117,Stage I,2025-26,1,61
03175,"M.G.M.'S College Of Engineering And Technology, Kamothe, Navi Mumbai",Mumbai,Un-Aided,Non-Autonomous,Mumbai University,Mumbai University,0317550710,Chemical Engineering,LOBCH,81796,74.5404987,Stage I,2025-26,1,61
03175,"M.G.M.'S College Of Engineering And Technology, Kamothe, Navi Mumbai",Mumbai,Un-Aided,Non-Autonomous,Mumbai University,Mumbai University,0317550710,Chemical Engineering,LSEBCH,100427,67.217709,Stage I,2025-26,1,61
03175,"M.G.M.'S College Of Engineering And Technology, Kamothe, Navi Mumbai",Mumbai,Un-Aided,Non-Autonomous,Mumbai University,Mumbai University,0317550710,Chemical Engineering,GVJH,126887,55.4922986,Stage I,2025-26,1,61
03175,"M.G.M.'S College Of Engineering And Technology, Kamothe, Navi Mumbai",Mumbai,Un-Aided,Non-Autonomous,Mumbai University,Mumbai University,0317550710,Chemical Engineering,GOPENO,75664,76.7694659,Stage I,2025-26,1,61
03175,"M.G.M.'S College Of Engineering And Technology, Kamothe, Navi Mumbai",Mumbai,Un-Aided,Non-Autonomous,Mumbai University,Mumbai University,0317550710,Chemical Engineering,GSCO,106728,64.713186,Stage I,2025-26,1,61
03175,"M.G.M.'S College Of Engineering And Technology, Kamothe, Navi Mumbai",Mumbai,Un-Aided,Non-Autonomous,Mumbai University,Mumbai University,0317550710,Chemical Engineering,GVJO,103552,65.8992965,Stage I,2025-26,1,61
03175,"M.G.M.'S College Of Engineering And Technology, Kamothe, Navi Mumbai",Mumbai,Un-Aided,Non-Autonomous,Mumbai University,Mumbai University,0317550710,Chemical Engineering,GNT2O,126623,55.6405756,Stage I,2025-26,1,61
03175,"M.G.M.'S College Of Engineering And Technology, Kamothe, Navi Mumbai",Mumbai,Un-Aided,Non-Autonomous,Mumbai University,Mumbai University,0317550710,Chemical Engineering,GOBCO,85489,73.1347962,Stage I,2025-26,1,61
03175,"M.G.M.'S College Of Engineering And Technology, Kamothe, Navi Mumbai",Mumbai,Un-Aided,Non-Autonomous,Mumbai University,Mumbai University,0317550710,Chemical Engineering,GSEBCO,76131,76.67552,Stage I,2025-26,1,61
03175,"M.G.M.'S College Of Engineering And Technology, Kamothe, Navi Mumbai",Mumbai,Un-Aided,Non-Autonomous,Mumbai University,Mumbai University,0317550710,Chemical Engineering,LOPENO,64346,80.3575863,Stage I,2025-26,1,61
03175,"M.G.M.'S College Of Engineering And Technology, Kamothe, Navi Mumbai",Mumbai,Un-Aided,Non-Autonomous,Mumbai University,Mumbai University,0317550710,Chemical Engineering,LSCO,75850,76.7635852,Stage I,2025-26,1,61
03175,"M.G.M.'S College Of Engineering And Technology, Kamothe, Navi Mumbai",Mumbai,Un-Aided,Non-Autonomous,Mumbai University,Mumbai University,0317550710,Chemical Engineering,LOBCO,82502,73.8000589,Stage I,2025-26,1,61
03175,"M.G.M.'S College Of Engineering And Technology, Kamothe, Navi Mumbai",Mumbai,Un-Aided,Non-Autonomous,Mumbai University,Mumbai University,0317550710,Chemical Engineering,LSEBCO,70806,78.4242636,Stage I,2025-26,1,61
03175,"M.G.M.'S College Of Engineering And Technology, Kamothe, Navi Mumbai",Mumbai,Un-Aided,Non-Autonomous,Mumbai University,Mumbai University,0317550710,Chemical Engineering,DEFOPENS,151710,42.7403863,Stage I,2025-26,1,61
03175,"M.G.M.'S College Of Engineering And Technology, Kamothe, Navi Mumbai",Mumbai,Un-Aided,Non-Autonomous,Mumbai University,Mumbai University,0317550710,Chemical Engineering,TFWS,72581,77.5384615,Stage I,2025-26,1,61
03175,"M.G.M.'S College Of Engineering And Technology, Kamothe, Navi Mumbai",Mumbai,Un-Aided,Non-Autonomous,Mumbai University,Mumbai University,0317550710,Chemical Engineering,EWS,194824,10.26398,Stage I,2025-26,1,61
03175,"M.G.M.'S College Of Engineering And Technology, Kamothe, Navi Mumbai",Mumbai,Un-Aided,Non-Autonomous,Mumbai University,Mumbai University,0317561210,Mechanical Engineering,GOPENH,85031,73.4354379,Stage I,2025-26,1,62
03175,"M.G.M.'S College Of Engineering And Technology, Kamothe, Navi Mumbai",Mumbai,Un-Aided,Non-Autonomous,Mumbai University,Mumbai University,0317561210,Mechanical Engineering,GSCH,123443,57.4017459,Stage I,2025-26,1,62
03175,"M.G.M.'S College Of Engineering And Technology, Kamothe, Navi Mumbai",Mumbai,Un-Aided,Non-Autonomous,Mumbai University,Mumbai University,0317561210,Mechanical Engineering,GSTH,129247,54.4314351,Stage I,2025-26,1,62
03175,"M.G.M.'S College Of Engineering And Technology, Kamothe, Navi Mumbai",Mumbai,Un-Aided,Non-Autonomous,Mumbai University,Mumbai University,0317561210,Mechanical Engineering,GVJH,119217,59.1762367,Stage I,2025-26,1,62
03175,"M.G.M.'S College Of Engineering And Technology, Kamothe, Navi Mumbai",Mumbai,Un-Aided,Non-Autonomous,Mumbai University,Mumbai University,0317561210,Mechanical Engineering,GNT2H,98405,68.2382408,Stage I,2025-26,1,62
03175,"M.G.M.'S College Of Engineering And Technology, Kamothe, Navi Mumbai",Mumbai,Un-Aided,Non-Autonomous,Mumbai University,Mumbai University,0317561210,Mechanical Engineering,GOBCH,104380,65.6692751,Stage I,2025-26,1,62
03175,"M.G.M.'S College Of Engineering And Technology, Kamothe, Navi Mumbai",Mumbai,Un-Aided,Non-Autonomous,Mumbai University,Mumbai University,0317561210,Mechanical Engineering,GSEBCH,171162,29.2375397,Stage I,2025-26,1,62
03175,"M.G.M.'S College Of Engineering And Technology, Kamothe, Navi Mumbai",Mumbai,Un-Aided,Non-Autonomous,Mumbai University,Mumbai University,0317561210,Mechanical Engineering,LOPENH,124070,57.0133407,Stage I,2025-26,1,62
03175,"M.G.M.'S College Of Engineering And Technology, Kamothe, Navi Mumbai",Mumbai,Un-Aided,Non-Autonomous,Mumbai University,Mumbai University,0317561210,Mechanical Engineering,LSCH,184065,19.4484962,Stage I,2025-26,1,62
03175,"M.G.M.'S College Of Engineering And Technology, Kamothe, Navi Mumbai",Mumbai,Un-Aided,Non-Autonomous,Mumbai University,Mumbai University,0317561210,Mechanical Engineering,LOBCH,143142,47.13962,Stage I,2025-26,1,62
03175,"M.G.M.'S College Of Engineering And Technology, Kamothe, Navi Mumbai",Mumbai,Un-Aided,Non-Autonomous,Mumbai University,Mumbai University,0317561210,Mechanical Engineering,LNT2H,104339,65.6692751,Stage II,2025-26,1,62
03175,"M.G.M.'S College Of Engineering And Technology, Kamothe, Navi Mumbai",Mumbai,Un-Aided,Non-Autonomous,Mumbai University,Mumbai University,0317561210,Mechanical Engineering,GNT1H,110302,63.2914656,Stage I,2025-26,1,62
03175,"M.G.M.'S College Of Engineering And Technology, Kamothe, Navi Mumbai",Mumbai,Un-Aided,Non-Autonomous,Mumbai University,Mumbai University,0317561210,Mechanical Engineering,GSEBCH,115915,60.634478,Stage I,2025-26,1,62
03175,"M.G.M.'S College Of Engineering And Technology, Kamothe, Navi Mumbai",Mumbai,Un-Aided,Non-Autonomous,Mumbai University,Mumbai University,0317561210,Mechanical Engineering,GOPENO,102248,66.3866132,Stage I,2025-26,1,62
03175,"M.G.M.'S College Of Engineering And Technology, Kamothe, Navi Mumbai",Mumbai,Un-Aided,Non-Autonomous,Mumbai University,Mumbai University,0317561210,Mechanical Engineering,GSCO,151566,42.7403863,Stage I,2025-26,1,62
03175,"M.G.M.'S College Of Engineering And Technology, Kamothe, Navi Mumbai",Mumbai,Un-Aided,Non-Autonomous,Mumbai University,Mumbai University,0317561210,Mechanical Engineering,GNT3O,137949,50.3223138,Stage I,2025-26,1,62
03175,"M.G.M.'S College Of Engineering And Technology, Kamothe, Navi Mumbai",Mumbai,Un-Aided,Non-Autonomous,Mumbai University,Mumbai University,0317561210,Mechanical Engineering,GOBCO,105323,65.5190641,Stage I,2025-26,1,62
03175,"M.G.M.'S College Of Engineering And Technology, Kamothe, Navi Mumbai",Mumbai,Un-Aided,Non-Autonomous,Mumbai University,Mumbai University,0317561210,Mechanical Engineering,GSEBCO,180431,22.4248107,Stage I,2025-26,1,62
03175,"M.G.M.'S College Of Engineering And Technology, Kamothe, Navi Mumbai",Mumbai,Un-Aided,Non-Autonomous,Mumbai University,Mumbai University,0317561210,Mechanical Engineering,LOPENO,85596,73.1347962,Stage I,2025-26,1,62
03175,"M.G.M.'S College Of Engineering And Technology, Kamothe, Navi Mumbai",Mumbai,Un-Aided,Non-Autonomous,Mumbai University,Mumbai University,0317561210,Mechanical Engineering,DEFOPENS,94118,69.8498837,Stage I,2025-26,1,62
03175,"M.G.M.'S College Of Engineering And Technology, Kamothe, Navi Mumbai",Mumbai,Un-Aided,Non-Autonomous,Mumbai University,Mumbai University,0317561210,Mechanical Engineering,TFWS,83290,73.6345056,Stage I,2025-26,1,62
03175,"M.G.M.'S College Of Engineering And Technology, Kamothe, Navi Mumbai",Mumbai,Un-Aided,Non-Autonomous,Mumbai University,Mumbai University,0317591110,Computer Science And Engineering(Artificial Intelligence And Machine Learning),GOPENH,42564,87.3285356,Stage I,2025-26,1,63
03175,"M.G.M.'S College Of Engineering And Technology, Kamothe, Navi Mumbai",Mumbai,Un-Aided,Non-Autonomous,Mumbai University,Mumbai University,0317591110,Computer Science And Engineering(Artificial Intelligence And Machine Learning),GSCH,68540,79.027972,Stage I,2025-26,1,63
03175,"M.G.M.'S College Of Engineering And Technology, Kamothe, Navi Mumbai",Mumbai,Un-Aided,Non-Autonomous,Mumbai University,Mumbai University,0317591110,Computer Science And Engineering(Artificial Intelligence And Machine Learning),GSTH,176936,25.4595013,Stage I,2025-26,1,63
03175,"M.G.M.'S College Of Engineering And Technology, Kamothe, Navi Mumbai",Mumbai,Un-Aided,Non-Autonomous,Mumbai University,Mumbai University,0317591110,Computer Science And Engineering(Artificial Intelligence And Machine Learning),GOBCH,50843,84.8660601,Stage I,2025-26,1,63
03175,"M.G.M.'S College Of Engineering And Technology, Kamothe, Navi Mumbai",Mumbai,Un-Aided,Non-Autonomous,Mumbai University,Mumbai University,0317591110,Computer Science And Engineering(Artificial Intelligence And Machine Learning),GSEBCH,43202,87.2335313,Stage I,2025-26,1,63
03175,"M.G.M.'S College Of Engineering And Technology, Kamothe, Navi Mumbai",Mumbai,Un-Aided,Non-Autonomous,Mumbai University,Mumbai University,0317591110,Computer Science And Engineering(Artificial Intelligence And Machine Learning),LOPENH,39441,88.3176594,Stage I,2025-26,1,63
03175,"M.G.M.'S College Of Engineering And Technology, Kamothe, Navi Mumbai",Mumbai,Un-Aided,Non-Autonomous,Mumbai University,Mumbai University,0317591110,Computer Science And Engineering(Artificial Intelligence And Machine Learning),LSCH,72629,77.5384615,Stage I,2025-26,1,63
03175,"M.G.M.'S College Of Engineering And Technology, Kamothe, Navi Mumbai",Mumbai,Un-Aided,Non-Autonomous,Mumbai University,Mumbai University,0317591110,Computer Science And Engineering(Artificial Intelligence And Machine Learning),LNT1H,98056,68.3753318,Stage I,2025-26,1,63
03175,"M.G.M.'S College Of Engineering And Technology, Kamothe, Navi Mumbai",Mumbai,Un-Aided,Non-Autonomous,Mumbai University,Mumbai University,0317591110,Computer Science And Engineering(Artificial Intelligence And Machine Learning),LOBCH,44406,86.7181467,Stage I,2025-26,1,63
03175,"M.G.M.'S College Of Engineering And Technology, Kamothe, Navi Mumbai",Mumbai,Un-Aided,Non-Autonomous,Mumbai University,Mumbai University,0317591110,Computer Science And Engineering(Artificial Intelligence And Machine Learning),LSEBCH,40700,87.9289094,Stage I,2025-26,1,63
03175,"M.G.M.'S College Of Engineering And Technology, Kamothe, Navi Mumbai",Mumbai,Un-Aided,Non-Autonomous,Mumbai University,Mumbai University,0317591110,Computer Science And Engineering(Artificial Intelligence And Machine Learning),LSTH,171682,29.0442453,Stage II,2025-26,1,63
03175,"M.G.M.'S College Of Engineering And Technology, Kamothe, Navi Mumbai",Mumbai,Un-Aided,Non-Autonomous,Mumbai University,Mumbai University,0317591110,Computer Science And Engineering(Artificial Intelligence And Machine Learning),GOPENO,49369,85.2053352,Stage I,2025-26,1,63
03175,"M.G.M.'S College Of Engineering And Technology, Kamothe, Navi Mumbai",Mumbai,Un-Aided,Non-Autonomous,Mumbai University,Mumbai University,0317591110,Computer Science And Engineering(Artificial Intelligence And Machine Learning),GSCO,52249,84.3296195,Stage I,2025-26,1,63
03175,"M.G.M.'S College Of Engineering And Technology, Kamothe, Navi Mumbai",Mumbai,Un-Aided,Non-Autonomous,Mumbai University,Mumbai University,0317591110,Computer Science And Engineering(Artificial Intelligence And Machine Learning),GVJO,77811,75.652265,Stage I,2025-26,1,63
03175,"M.G.M.'S College Of Engineering And Technology, Kamothe, Navi Mumbai",Mumbai,Un-Aided,Non-Autonomous,Mumbai University,Mumbai University,0317591110,Computer Science And Engineering(Artificial Intelligence And Machine Learning),GOBCO,50052,85.0571556,Stage I,2025-26,1,63
03175,"M.G.M.'S College Of Engineering And Technology, Kamothe, Navi Mumbai",Mumbai,Un-Aided,Non-Autonomous,Mumbai University,Mumbai University,0317591110,Computer Science And Engineering(Artificial Intelligence And Machine Learning),GSEBCO,69644,78.6137148,Stage I,2025-26,1,63
03175,"M.G.M.'S College Of Engineering And Technology, Kamothe, Navi Mumbai",Mumbai,Un-Aided,Non-Autonomous,Mumbai University,Mumbai University,0317591110,Computer Science And Engineering(Artificial Intelligence And Machine Learning),LOPENO,50874,84.8660601,Stage I,2025-26,1,63
03175,"M.G.M.'S College Of Engineering And Technology, Kamothe, Navi Mumbai",Mumbai,Un-Aided,Non-Autonomous,Mumbai University,Mumbai University,0317591110,Computer Science And Engineering(Artificial Intelligence And Machine Learning),LSCO,78076,75.6075065,Stage I,2025-26,1,63
03175,"M.G.M.'S College Of Engineering And Technology, Kamothe, Navi Mumbai",Mumbai,Un-Aided,Non-Autonomous,Mumbai University,Mumbai University,0317591110,Computer Science And Engineering(Artificial Intelligence And Machine Learning),LNT2O,130604,53.7591782,Stage I,2025-26,1,63
03175,"M.G.M.'S College Of Engineering And Technology, Kamothe, Navi Mumbai",Mumbai,Un-Aided,Non-Autonomous,Mumbai University,Mumbai University,0317591110,Computer Science And Engineering(Artificial Intelligence And Machine Learning),LOBCO,68194,79.3004726,Stage I,2025-26,1,63
03175,"M.G.M.'S College Of Engineering And Technology, Kamothe, Navi Mumbai",Mumbai,Un-Aided,Non-Autonomous,Mumbai University,Mumbai University,0317591110,Computer Science And Engineering(Artificial Intelligence And Machine Learning),LSEBCO,62009,81.1324174,Stage I,2025-26,1,63
03175,"M.G.M.'S College Of Engineering And Technology, Kamothe, Navi Mumbai",Mumbai,Un-Aided,Non-Autonomous,Mumbai University,Mumbai University,0317591110,Computer Science And Engineering(Artificial Intelligence And Machine Learning),DEFOPENS,72228,78.010417,Stage I,2025-26,1,63
03175,"M.G.M.'S College Of Engineering And Technology, Kamothe, Navi Mumbai",Mumbai,Un-Aided,Non-Autonomous,Mumbai University,Mumbai University,0317591110,Computer Science And Engineering(Artificial Intelligence And Machine Learning),TFWS,37657,88.8689717,Stage I,2025-26,1,63
03175,"M.G.M.'S College Of Engineering And Technology, Kamothe, Navi Mumbai",Mumbai,Un-Aided,Non-Autonomous,Mumbai University,Mumbai University,0317591110,Computer Science And Engineering(Artificial Intelligence And Machine Learning),DEFROBCS,108299,63.8244514,Stage I,2025-26,1,63
03175,"M.G.M.'S College Of Engineering And Technology, Kamothe, Navi Mumbai",Mumbai,Un-Aided,Non-Autonomous,Mumbai University,Mumbai University,0317591110,Computer Science And Engineering(Artificial Intelligence And Machine Learning),EWS,156924,39.3601986,Stage I,2025-26,1,63
03175,"M.G.M.'S College Of Engineering And Technology, Kamothe, Navi Mumbai",Mumbai,Un-Aided,Non-Autonomous,Mumbai University,Mumbai University,0317591210,Computer Science And Engineering(Data Science),GOPENH,49178,85.2215842,Stage I,2025-26,1,64
03175,"M.G.M.'S College Of Engineering And Technology, Kamothe, Navi Mumbai",Mumbai,Un-Aided,Non-Autonomous,Mumbai University,Mumbai University,0317591210,Computer Science And Engineering(Data Science),GSCH,79837,75.1927485,Stage I,2025-26,1,64
03175,"M.G.M.'S College Of Engineering And Technology, Kamothe, Navi Mumbai",Mumbai,Un-Aided,Non-Autonomous,Mumbai University,Mumbai University,0317591210,Computer Science And Engineering(Data Science),GVJH,115713,60.634478,Stage I,2025-26,1,64
03175,"M.G.M.'S College Of Engineering And Technology, Kamothe, Navi Mumbai",Mumbai,Un-Aided,Non-Autonomous,Mumbai University,Mumbai University,0317591210,Computer Science And Engineering(Data Science),GNT2H,76419,76.5279741,Stage I,2025-26,1,64
03175,"M.G.M.'S College Of Engineering And Technology, Kamothe, Navi Mumbai",Mumbai,Un-Aided,Non-Autonomous,Mumbai University,Mumbai University,0317591210,Computer Science And Engineering(Data Science),GOBCH,58529,82.3322294,Stage I,2025-26,1,64
03175,"M.G.M.'S College Of Engineering And Technology, Kamothe, Navi Mumbai",Mumbai,Un-Aided,Non-Autonomous,Mumbai University,Mumbai University,0317591210,Computer Science And Engineering(Data Science),GSEBCH,74441,76.9322569,Stage I,2025-26,1,64
03175,"M.G.M.'S College Of Engineering And Technology, Kamothe, Navi Mumbai",Mumbai,Un-Aided,Non-Autonomous,Mumbai University,Mumbai University,0317591210,Computer Science And Engineering(Data Science),LOPENH,49869,85.1002266,Stage I,2025-26,1,64
03175,"M.G.M.'S College Of Engineering And Technology, Kamothe, Navi Mumbai",Mumbai,Un-Aided,Non-Autonomous,Mumbai University,Mumbai University,0317591210,Computer Science And Engineering(Data Science),LSCH,78620,75.4048881,Stage I,2025-26,1,64
03175,"M.G.M.'S College Of Engineering And Technology, Kamothe, Navi Mumbai",Mumbai,Un-Aided,Non-Autonomous,Mumbai University,Mumbai University,0317591210,Computer Science And Engineering(Data Science),LNT2H,97597,68.4702591,Stage I,2025-26,1,64
03175,"M.G.M.'S College Of Engineering And Technology, Kamothe, Navi Mumbai",Mumbai,Un-Aided,Non-Autonomous,Mumbai University,Mumbai University,0317591210,Computer Science And Engineering(Data Science),LNT3H,123510,57.4017459,Stage I,2025-26,1,64
03175,"M.G.M.'S College Of Engineering And Technology, Kamothe, Navi Mumbai",Mumbai,Un-Aided,Non-Autonomous,Mumbai University,Mumbai University,0317591210,Computer Science And Engineering(Data Science),LOBCH,63538,80.7807182,Stage I,2025-26,1,64
03175,"M.G.M.'S College Of Engineering And Technology, Kamothe, Navi Mumbai",Mumbai,Un-Aided,Non-Autonomous,Mumbai University,Mumbai University,0317591210,Computer Science And Engineering(Data Science),LSEBCH,67713,79.4832155,Stage I,2025-26,1,64
03175,"M.G.M.'S College Of Engineering And Technology, Kamothe, Navi Mumbai",Mumbai,Un-Aided,Non-Autonomous,Mumbai University,Mumbai University,0317591210,Computer Science And Engineering(Data Science),LVJH,115870,60.634478,Stage I,2025-26,1,64
03175,"M.G.M.'S College Of Engineering And Technology, Kamothe, Navi Mumbai",Mumbai,Un-Aided,Non-Autonomous,Mumbai University,Mumbai University,0317591210,Computer Science And Engineering(Data Science),GOPENO,50142,85.0571556,Stage I,2025-26,1,64
03175,"M.G.M.'S College Of Engineering And Technology, Kamothe, Navi Mumbai",Mumbai,Un-Aided,Non-Autonomous,Mumbai University,Mumbai University,0317591210,Computer Science And Engineering(Data Science),GSCO,64657,80.3531469,Stage I,2025-26,1,64
03175,"M.G.M.'S College Of Engineering And Technology, Kamothe, Navi Mumbai",Mumbai,Un-Aided,Non-Autonomous,Mumbai University,Mumbai University,0317591210,Computer Science And Engineering(Data Science),GNT1O,60660,81.6453226,Stage I,2025-26,1,64
03175,"M.G.M.'S College Of Engineering And Technology, Kamothe, Navi Mumbai",Mumbai,Un-Aided,Non-Autonomous,Mumbai University,Mumbai University,0317591210,Computer Science And Engineering(Data Science),GOBCO,62329,81.1295102,Stage I,2025-26,1,64
03175,"M.G.M.'S College Of Engineering And Technology, Kamothe, Navi Mumbai",Mumbai,Un-Aided,Non-Autonomous,Mumbai University,Mumbai University,0317591210,Computer Science And Engineering(Data Science),GSEBCO,75201,76.8955509,Stage I,2025-26,1,64
03175,"M.G.M.'S College Of Engineering And Technology, Kamothe, Navi Mumbai",Mumbai,Un-Aided,Non-Autonomous,Mumbai University,Mumbai University,0317591210,Computer Science And Engineering(Data Science),LOBCO,66626,79.7185003,Stage I,2025-26,1,64
03175,"M.G.M.'S College Of Engineering And Technology, Kamothe, Navi Mumbai",Mumbai,Un-Aided,Non-Autonomous,Mumbai University,Mumbai University,0317591210,Computer Science And Engineering(Data Science),DEFOPENS,103369,66.1695365,Stage I,2025-26,1,64
03175,"M.G.M.'S College Of Engineering And Technology, Kamothe, Navi Mumbai",Mumbai,Un-Aided,Non-Autonomous,Mumbai University,Mumbai University,0317591210,Computer Science And Engineering(Data Science),TFWS,41316,87.7785554,Stage I,2025-26,1,64
03175,"M.G.M.'S College Of Engineering And Technology, Kamothe, Navi Mumbai",Mumbai,Un-Aided,Non-Autonomous,Mumbai University,Mumbai University,0317591210,Computer Science And Engineering(Data Science),EWS,165397,33.0802795,Stage I,2025-26,1,64
03175,"M.G.M.'S College Of Engineering And Technology, Kamothe, Navi Mumbai",Mumbai,Un-Aided,Non-Autonomous,Mumbai University,Mumbai University,0317591610,Automation And Robotics,GOPENH,67731,79.4832155,Stage I,2025-26,1,65
03175,"M.G.M.'S College Of Engineering And Technology, Kamothe, Navi Mumbai",Mumbai,Un-Aided,Non-Autonomous,Mumbai University,Mumbai University,0317591610,Automation And Robotics,GSCH,91602,70.7504568,Stage I,2025-26,1,65
03175,"M.G.M.'S College Of Engineering And Technology, Kamothe, Navi Mumbai",Mumbai,Un-Aided,Non-Autonomous,Mumbai University,Mumbai University,0317591610,Automation And Robotics,GVJH,139628,49.3416227,Stage I,2025-26,1,65
03175,"M.G.M.'S College Of Engineering And Technology, Kamothe, Navi Mumbai",Mumbai,Un-Aided,Non-Autonomous,Mumbai University,Mumbai University,0317591610,Automation And Robotics,GNT1H,99411,67.8236662,Stage I,2025-26,1,65
03175,"M.G.M.'S College Of Engineering And Technology, Kamothe, Navi Mumbai",Mumbai,Un-Aided,Non-Autonomous,Mumbai University,Mumbai University,0317591610,Automation And Robotics,GNT2H,143725,47.0502678,Stage I,2025-26,1,65
03175,"M.G.M.'S College Of Engineering And Technology, Kamothe, Navi Mumbai",Mumbai,Un-Aided,Non-Autonomous,Mumbai University,Mumbai University,0317591610,Automation And Robotics,GNT3H,123699,57.0133407,Stage I,2025-26,1,65
03175,"M.G.M.'S College Of Engineering And Technology, Kamothe, Navi Mumbai",Mumbai,Un-Aided,Non-Autonomous,Mumbai University,Mumbai University,0317591610,Automation And Robotics,GOBCH,89058,71.5830116,Stage I,2025-26,1,65
03175,"M.G.M.'S College Of Engineering And Technology, Kamothe, Navi Mumbai",Mumbai,Un-Aided,Non-Autonomous,Mumbai University,Mumbai University,0317591610,Automation And Robotics,GSEBCH,104535,65.6692751,Stage I,2025-26,1,65
03175,"M.G.M.'S College Of Engineering And Technology, Kamothe, Navi Mumbai",Mumbai,Un-Aided,Non-Autonomous,Mumbai University,Mumbai University,0317591610,Automation And Robotics,LOPENH,63541,80.7807182,Stage I,2025-26,1,65
03175,"M.G.M.'S College Of Engineering And Technology, Kamothe, Navi Mumbai",Mumbai,Un-Aided,Non-Autonomous,Mumbai University,Mumbai University,0317591610,Automation And Robotics,LSCH,88225,71.8498844,Stage I,2025-26,1,65
03175,"M.G.M.'S College Of Engineering And Technology, Kamothe, Navi Mumbai",Mumbai,Un-Aided,Non-Autonomous,Mumbai University,Mumbai University,0317591610,Automation And Robotics,LOBCH,86532,72.7429418,Stage I,2025-26,1,65
03175,"M.G.M.'S College Of Engineering And Technology, Kamothe, Navi Mumbai",Mumbai,Un-Aided,Non-Autonomous,Mumbai University,Mumbai University,0317591610,Automation And Robotics,LSEBCH,98736,68.1164395,Stage I,2025-26,1,65
03175,"M.G.M.'S College Of Engineering And Technology, Kamothe, Navi Mumbai",Mumbai,Un-Aided,Non-Autonomous,Mumbai University,Mumbai University,0317591610,Automation And Robotics,GOPENO,55819,83.2058578,Stage I,2025-26,1,65
03175,"M.G.M.'S College Of Engineering And Technology, Kamothe, Navi Mumbai",Mumbai,Un-Aided,Non-Autonomous,Mumbai University,Mumbai University,0317591610,Automation And Robotics,GSCO,97611,68.4702591,Stage I,2025-26,1,65
03175,"M.G.M.'S College Of Engineering And Technology, Kamothe, Navi Mumbai",Mumbai,Un-Aided,Non-Autonomous,Mumbai University,Mumbai University,0317591610,Automation And Robotics,GOBCO,78275,75.4880541,Stage I,2025-26,1,65
03175,"M.G.M.'S College Of Engineering And Technology, Kamothe, Navi Mumbai",Mumbai,Un-Aided,Non-Autonomous,Mumbai University,Mumbai University,0317591610,Automation And Robotics,GSEBCO,93458,70.2033567,Stage I,2025-26,1,65
03175,"M.G.M.'S College Of Engineering And Technology, Kamothe, Navi Mumbai",Mumbai,Un-Aided,Non-Autonomous,Mumbai University,Mumbai University,0317591610,Automation And Robotics,LOPENO,83053,73.7482517,Stage I,2025-26,1,65
03175,"M.G.M.'S College Of Engineering And Technology, Kamothe, Navi Mumbai",Mumbai,Un-Aided,Non-Autonomous,Mumbai University,Mumbai University,0317591610,Automation And Robotics,LSCO,134846,51.57164,Stage I,2025-26,1,65
03175,"M.G.M.'S College Of Engineering And Technology, Kamothe, Navi Mumbai",Mumbai,Un-Aided,Non-Autonomous,Mumbai University,Mumbai University,0317591610,Automation And Robotics,TFWS,80100,75.1927485,Stage I,2025-26,1,65
03175,"M.G.M.'S College Of Engineering And Technology, Kamothe, Navi Mumbai",Mumbai,Un-Aided,Non-Autonomous,Mumbai University,Mumbai University,0317591610,Automation And Robotics,EWS,201000,3.5713055,Stage I,2025-26,1,65
03176,"Thakur College Of Engineering And Technology, Kandivali, Mumbai",Mumbai,Un-Aided Linguistic Minority - Hindi,Autonomous,Mumbai University,Autonomous Institute,0317619110,Civil Engineering,GOPENS,30317,91.0740715,Stage I,2025-26,1,66
03176,"Thakur College Of Engineering And Technology, Kandivali, Mumbai",Mumbai,Un-Aided Linguistic Minority - Hindi,Autonomous,Mumbai University,Autonomous Institute,0317619110,Civil Engineering,LOPENS,41514,87.687217,Stage I,2025-26,1,66
03176,"Thakur College Of Engineering And Technology, Kandivali, Mumbai",Mumbai,Un-Aided Linguistic Minority - Hindi,Autonomous,Mumbai University,Autonomous Institute,0317619110,Civil Engineering,MI,137485,50.4913264,Stage I,2025-26,1,66
03176,"Thakur College Of Engineering And Technology, Kandivali, Mumbai",Mumbai,Un-Aided Linguistic Minority - Hindi,Autonomous,Mumbai University,Autonomous Institute,0317619110,Civil Engineering,TFWS,30614,91.0465074,Stage I,2025-26,1,66
03176,"Thakur College Of Engineering And Technology, Kandivali, Mumbai",Mumbai,Un-Aided Linguistic Minority - Hindi,Autonomous,Mumbai University,Autonomous Institute,0317624510,Computer Engineering,GOPENS,10514,96.9753065,Stage I,2025-26,1,66
03176,"Thakur College Of Engineering And Technology, Kandivali, Mumbai",Mumbai,Un-Aided Linguistic Minority - Hindi,Autonomous,Mumbai University,Autonomous Institute,0317624510,Computer Engineering,LOPENS,11249,96.7822904,Stage I,2025-26,1,66
03176,"Thakur College Of Engineering And Technology, Kandivali, Mumbai",Mumbai,Un-Aided Linguistic Minority - Hindi,Autonomous,Mumbai University,Autonomous Institute,0317624510,Computer Engineering,MI,17910,94.8202997,Stage I,2025-26,1,66
03176,"Thakur College Of Engineering And Technology, Kandivali, Mumbai",Mumbai,Un-Aided Linguistic Minority - Hindi,Autonomous,Mumbai University,Autonomous Institute,0317624510,Computer Engineering,TFWS,8174,97.6563864,Stage I,2025-26,1,66
03176,"Thakur College Of Engineering And Technology, Kandivali, Mumbai",Mumbai,Un-Aided Linguistic Minority - Hindi,Autonomous,Mumbai University,Autonomous Institute,0317624610,Information Technology,GOPENS,12930,96.3186775,Stage I,2025-26,1,66
03176,"Thakur College Of Engineering And Technology, Kandivali, Mumbai",Mumbai,Un-Aided Linguistic Minority - Hindi,Autonomous,Mumbai University,Autonomous Institute,0317624610,Information Technology,LOPENS,15055,95.6472486,Stage I,2025-26,1,66
03176,"Thakur College Of Engineering And Technology, Kandivali, Mumbai",Mumbai,Un-Aided Linguistic Minority - Hindi,Autonomous,Mumbai University,Autonomous Institute,0317624610,Information Technology,MI,25873,92.4172762,Stage I,2025-26,1,66
03176,"Thakur College Of Engineering And Technology, Kandivali, Mumbai",Mumbai,Un-Aided Linguistic Minority - Hindi,Autonomous,Mumbai University,Autonomous Institute,0317624610,Information Technology,TFWS,11195,96.8050648,Stage I,2025-26,1,66
03176,"Thakur College Of Engineering And Technology, Kandivali, Mumbai",Mumbai,Un-Aided Linguistic Minority - Hindi,Autonomous,Mumbai University,Autonomous Institute,0317625910,Mechanical And Mechatronics Engineering (Additive Manufacturing),GOPENS,29883,91.2937063,Stage I,2025-26,1,66
03176,"Thakur College Of Engineering And Technology, Kandivali, Mumbai",Mumbai,Un-Aided Linguistic Minority - Hindi,Autonomous,Mumbai University,Autonomous Institute,0317625910,Mechanical And Mechatronics Engineering (Additive Manufacturing),LOPENS,39235,88.4967904,Stage I,2025-26,1,66
03176,"Thakur College Of Engineering And Technology, Kandivali, Mumbai",Mumbai,Un-Aided Linguistic Minority - Hindi,Autonomous,Mumbai University,Autonomous Institute,0317625910,Mechanical And Mechatronics Engineering (Additive Manufacturing),MI,104110,65.8462319,Stage I,2025-26,1,66
03176,"Thakur College Of Engineering And Technology, Kandivali, Mumbai",Mumbai,Un-Aided Linguistic Minority - Hindi,Autonomous,Mumbai University,Autonomous Institute,0317625910,Mechanical And Mechatronics Engineering (Additive Manufacturing),TFWS,34167,89.9860676,Stage I,2025-26,1,66
03176,"Thakur College Of Engineering And Technology, Kandivali, Mumbai",Mumbai,Un-Aided Linguistic Minority - Hindi,Autonomous,Mumbai University,Autonomous Institute,0317626710,Computer Science And Engineering (Iot),GOPENS,18621,94.6273529,Stage I,2025-26,1,67
03176,"Thakur College Of Engineering And Technology, Kandivali, Mumbai",Mumbai,Un-Aided Linguistic Minority - Hindi,Autonomous,Mumbai University,Autonomous Institute,0317626710,Computer Science And Engineering (Iot),LOPENS,18597,94.6277162,Stage I,2025-26,1,67
03176,"Thakur College Of Engineering And Technology, Kandivali, Mumbai",Mumbai,Un-Aided Linguistic Minority - Hindi,Autonomous,Mumbai University,Autonomous Institute,0317626710,Computer Science And Engineering (Iot),MI,46134,86.2351996,Stage I,2025-26,1,67
03176,"Thakur College Of Engineering And Technology, Kandivali, Mumbai",Mumbai,Un-Aided Linguistic Minority - Hindi,Autonomous,Mumbai University,Autonomous Institute,0317626710,Computer Science And Engineering (Iot),TFWS,16285,95.3083376,Stage I,2025-26,1,67
03176,"Thakur College Of Engineering And Technology, Kandivali, Mumbai",Mumbai,Un-Aided Linguistic Minority - Hindi,Autonomous,Mumbai University,Autonomous Institute,0317637210,Electronics And Telecommunication Engg,GOPENS,19652,94.2944615,Stage I,2025-26,1,67
03176,"Thakur College Of Engineering And Technology, Kandivali, Mumbai",Mumbai,Un-Aided Linguistic Minority - Hindi,Autonomous,Mumbai University,Autonomous Institute,0317637210,Electronics And Telecommunication Engg,LOPENS,21513,93.7635248,Stage I,2025-26,1,67
03176,"Thakur College Of Engineering And Technology, Kandivali, Mumbai",Mumbai,Un-Aided Linguistic Minority - Hindi,Autonomous,Mumbai University,Autonomous Institute,0317637210,Electronics And Telecommunication Engg,MI,52942,84.1131441,Stage I,2025-26,1,67
03176,"Thakur College Of Engineering And Technology, Kandivali, Mumbai",Mumbai,Un-Aided Linguistic Minority - Hindi,Autonomous,Mumbai University,Autonomous Institute,0317637210,Electronics And Telecommunication Engg,TFWS,20340,94.111278,Stage I,2025-26,1,67
03176,"Thakur College Of Engineering And Technology, Kandivali, Mumbai",Mumbai,Un-Aided Linguistic Minority - Hindi,Autonomous,Mumbai University,Autonomous Institute,0317661210,Mechanical Engineering,GOPENS,18540,94.6848871,Stage I,2025-26,1,67
03176,"Thakur College Of Engineering And Technology, Kandivali, Mumbai",Mumbai,Un-Aided Linguistic Minority - Hindi,Autonomous,Mumbai University,Autonomous Institute,0317661210,Mechanical Engineering,LOPENS,28128,91.7513251,Stage I,2025-26,1,67
03176,"Thakur College Of Engineering And Technology, Kandivali, Mumbai",Mumbai,Un-Aided Linguistic Minority - Hindi,Autonomous,Mumbai University,Autonomous Institute,0317661210,Mechanical Engineering,MI,91051,71.0971787,Stage I,2025-26,1,67
03176,"Thakur College Of Engineering And Technology, Kandivali, Mumbai",Mumbai,Un-Aided Linguistic Minority - Hindi,Autonomous,Mumbai University,Autonomous Institute,0317661210,Mechanical Engineering,TFWS,24801,92.7805181,Stage I,2025-26,1,67
03176,"Thakur College Of Engineering And Technology, Kandivali, Mumbai",Mumbai,Un-Aided Linguistic Minority - Hindi,Autonomous,Mumbai University,Autonomous Institute,0317690010,Electronics And Computer Science,GOPENS,17185,95.0533796,Stage I,2025-26,1,67
03176,"Thakur College Of Engineering And Technology, Kandivali, Mumbai",Mumbai,Un-Aided Linguistic Minority - Hindi,Autonomous,Mumbai University,Autonomous Institute,0317690010,Electronics And Computer Science,LOPENS,18654,94.6273529,Stage I,2025-26,1,67
03176,"Thakur College Of Engineering And Technology, Kandivali, Mumbai",Mumbai,Un-Aided Linguistic Minority - Hindi,Autonomous,Mumbai University,Autonomous Institute,0317690010,Electronics And Computer Science,MI,45845,86.3869833,Stage I,2025-26,1,67
03176,"Thakur College Of Engineering And Technology, Kandivali, Mumbai",Mumbai,Un-Aided Linguistic Minority - Hindi,Autonomous,Mumbai University,Autonomous Institute,0317690010,Electronics And Computer Science,TFWS,16097,95.3847746,Stage I,2025-26,1,67
03176,"Thakur College Of Engineering And Technology, Kandivali, Mumbai",Mumbai,Un-Aided Linguistic Minority - Hindi,Autonomous,Mumbai University,Autonomous Institute,0317691010,Computer Science And Engineering(Cyber Security),GOPENS,17101,95.0717753,Stage I,2025-26,1,68
03176,"Thakur College Of Engineering And Technology, Kandivali, Mumbai",Mumbai,Un-Aided Linguistic Minority - Hindi,Autonomous,Mumbai University,Autonomous Institute,0317691010,Computer Science And Engineering(Cyber Security),LOPENS,17720,94.8490546,Stage I,2025-26,1,68
03176,"Thakur College Of Engineering And Technology, Kandivali, Mumbai",Mumbai,Un-Aided Linguistic Minority - Hindi,Autonomous,Mumbai University,Autonomous Institute,0317691010,Computer Science And Engineering(Cyber Security),MI,40418,87.9825175,Stage I,2025-26,1,68
03176,"Thakur College Of Engineering And Technology, Kandivali, Mumbai",Mumbai,Un-Aided Linguistic Minority - Hindi,Autonomous,Mumbai University,Autonomous Institute,0317691010,Computer Science And Engineering(Cyber Security),TFWS,15362,95.6055328,Stage I,2025-26,1,68
03176,"Thakur College Of Engineering And Technology, Kandivali, Mumbai",Mumbai,Un-Aided Linguistic Minority - Hindi,Autonomous,Mumbai University,Autonomous Institute,0317692110,Artificial Intelligence And Machine Learning,GOPENS,15602,95.5106068,Stage I,2025-26,1,68
03176,"Thakur College Of Engineering And Technology, Kandivali, Mumbai",Mumbai,Un-Aided Linguistic Minority - Hindi,Autonomous,Mumbai University,Autonomous Institute,0317692110,Artificial Intelligence And Machine Learning,LOPENS,17169,95.0533796,Stage I,2025-26,1,68
03176,"Thakur College Of Engineering And Technology, Kandivali, Mumbai",Mumbai,Un-Aided Linguistic Minority - Hindi,Autonomous,Mumbai University,Autonomous Institute,0317692110,Artificial Intelligence And Machine Learning,MI,34908,89.7174391,Stage I,2025-26,1,68
03176,"Thakur College Of Engineering And Technology, Kandivali, Mumbai",Mumbai,Un-Aided Linguistic Minority - Hindi,Autonomous,Mumbai University,Autonomous Institute,0317692110,Artificial Intelligence And Machine Learning,TFWS,12447,96.4193661,Stage I,2025-26,1,68
03176,"Thakur College Of Engineering And Technology, Kandivali, Mumbai",Mumbai,Un-Aided Linguistic Minority - Hindi,Autonomous,Mumbai University,Autonomous Institute,0317699510,Artificial Intelligence And Data Science,GOPENS,15181,95.635667,Stage I,2025-26,1,68
03176,"Thakur College Of Engineering And Technology, Kandivali, Mumbai",Mumbai,Un-Aided Linguistic Minority - Hindi,Autonomous,Mumbai University,Autonomous Institute,0317699510,Artificial Intelligence And Data Science,LOPENS,16169,95.3315123,Stage I,2025-26,1,68
03176,"Thakur College Of Engineering And Technology, Kandivali, Mumbai",Mumbai,Un-Aided Linguistic Minority - Hindi,Autonomous,Mumbai University,Autonomous Institute,0317699510,Artificial Intelligence And Data Science,MI,31502,90.7235685,Stage I,2025-26,1,68
03176,"Thakur College Of Engineering And Technology, Kandivali, Mumbai",Mumbai,Un-Aided Linguistic Minority - Hindi,Autonomous,Mumbai University,Autonomous Institute,0317699510,Artificial Intelligence And Data Science,TFWS,12321,96.4811543,Stage I,2025-26,1,68
03182,"Thadomal Shahani Engineering College, Bandra, Mumbai",Mumbai,Un-Aided Linguistic Minority - Sindhi,Non-Autonomous,Mumbai University,Mumbai University,0318224510,Computer Engineering,GOPENH,3583,98.9251126,Stage I,2025-26,1,69
03182,"Thadomal Shahani Engineering College, Bandra, Mumbai",Mumbai,Un-Aided Linguistic Minority - Sindhi,Non-Autonomous,Mumbai University,Mumbai University,0318224510,Computer Engineering,LOPENH,5261,98.4709161,Stage I,2025-26,1,69
03182,"Thadomal Shahani Engineering College, Bandra, Mumbai",Mumbai,Un-Aided Linguistic Minority - Sindhi,Non-Autonomous,Mumbai University,Mumbai University,0318224510,Computer Engineering,GOPENO,4563,98.6520376,Stage I,2025-26,1,69
03182,"Thadomal Shahani Engineering College, Bandra, Mumbai",Mumbai,Un-Aided Linguistic Minority - Sindhi,Non-Autonomous,Mumbai University,Mumbai University,0318224510,Computer Engineering,LOPENO,6328,98.1780035,Stage I,2025-26,1,69
03182,"Thadomal Shahani Engineering College, Bandra, Mumbai",Mumbai,Un-Aided Linguistic Minority - Sindhi,Non-Autonomous,Mumbai University,Mumbai University,0318224510,Computer Engineering,MI,23157,93.2751767,Stage I,2025-26,1,69
03182,"Thadomal Shahani Engineering College, Bandra, Mumbai",Mumbai,Un-Aided Linguistic Minority - Sindhi,Non-Autonomous,Mumbai University,Mumbai University,0318224510,Computer Engineering,TFWS,3526,98.9392743,Stage I,2025-26,1,69
03182,"Thadomal Shahani Engineering College, Bandra, Mumbai",Mumbai,Un-Aided Linguistic Minority - Sindhi,Non-Autonomous,Mumbai University,Mumbai University,0318224610,Information Technology,GOPENH,4157,98.7774295,Stage I,2025-26,1,70
03182,"Thadomal Shahani Engineering College, Bandra, Mumbai",Mumbai,Un-Aided Linguistic Minority - Sindhi,Non-Autonomous,Mumbai University,Mumbai University,0318224610,Information Technology,LOPENH,5944,98.2737044,Stage I,2025-26,1,70
03182,"Thadomal Shahani Engineering College, Bandra, Mumbai",Mumbai,Un-Aided Linguistic Minority - Sindhi,Non-Autonomous,Mumbai University,Mumbai University,0318224610,Information Technology,GOPENO,5431,98.4122956,Stage I,2025-26,1,70
03182,"Thadomal Shahani Engineering College, Bandra, Mumbai",Mumbai,Un-Aided Linguistic Minority - Sindhi,Non-Autonomous,Mumbai University,Mumbai University,0318224610,Information Technology,LOPENO,8335,97.610433,Stage I,2025-26,1,70
03182,"Thadomal Shahani Engineering College, Bandra, Mumbai",Mumbai,Un-Aided Linguistic Minority - Sindhi,Non-Autonomous,Mumbai University,Mumbai University,0318224610,Information Technology,MI,55220,83.4378744,Stage I,2025-26,1,70
03182,"Thadomal Shahani Engineering College, Bandra, Mumbai",Mumbai,Un-Aided Linguistic Minority - Sindhi,Non-Autonomous,Mumbai University,Mumbai University,0318224610,Information Technology,TFWS,4217,98.7555167,Stage I,2025-26,1,70
03182,"Thadomal Shahani Engineering College, Bandra, Mumbai",Mumbai,Un-Aided Linguistic Minority - Sindhi,Non-Autonomous,Mumbai University,Mumbai University,0318237210,Electronics And Telecommunication Engg,GOPENH,5555,98.3873215,Stage I,2025-26,1,71
03182,"Thadomal Shahani Engineering College, Bandra, Mumbai",Mumbai,Un-Aided Linguistic Minority - Sindhi,Non-Autonomous,Mumbai University,Mumbai University,0318237210,Electronics And Telecommunication Engg,LOPENH,6566,98.0979021,Stage I,2025-26,1,71
03182,"Thadomal Shahani Engineering College, Bandra, Mumbai",Mumbai,Un-Aided Linguistic Minority - Sindhi,Non-Autonomous,Mumbai University,Mumbai University,0318237210,Electronics And Telecommunication Engg,GOPENO,7682,97.7924183,Stage I,2025-26,1,71
03182,"Thadomal Shahani Engineering College, Bandra, Mumbai",Mumbai,Un-Aided Linguistic Minority - Sindhi,Non-Autonomous,Mumbai University,Mumbai University,0318237210,Electronics And Telecommunication Engg,LOPENO,9872,97.1832984,Stage I,2025-26,1,71
03182,"Thadomal Shahani Engineering College, Bandra, Mumbai",Mumbai,Un-Aided Linguistic Minority - Sindhi,Non-Autonomous,Mumbai University,Mumbai University,0318237210,Electronics And Telecommunication Engg,MI,190559,14.0584844,Stage I,2025-26,1,71
03182,"Thadomal Shahani Engineering College, Bandra, Mumbai",Mumbai,Un-Aided Linguistic Minority - Sindhi,Non-Autonomous,Mumbai University,Mumbai University,0318237210,Electronics And Telecommunication Engg,TFWS,7133,97.9506368,Stage I,2025-26,1,71
03182,"Thadomal Shahani Engineering College, Bandra, Mumbai",Mumbai,Un-Aided Linguistic Minority - Sindhi,Non-Autonomous,Mumbai University,Mumbai University,0318250710,Chemical Engineering,GOPENH,8121,97.664739,Stage I,2025-26,1,72
03182,"Thadomal Shahani Engineering College, Bandra, Mumbai",Mumbai,Un-Aided Linguistic Minority - Sindhi,Non-Autonomous,Mumbai University,Mumbai University,0318250710,Chemical Engineering,LOPENH,9982,97.1468531,Stage I,2025-26,1,72
03182,"Thadomal Shahani Engineering College, Bandra, Mumbai",Mumbai,Un-Aided Linguistic Minority - Sindhi,Non-Autonomous,Mumbai University,Mumbai University,0318250710,Chemical Engineering,GOPENO,14999,95.6725228,Stage I,2025-26,1,72
03182,"Thadomal Shahani Engineering College, Bandra, Mumbai",Mumbai,Un-Aided Linguistic Minority - Sindhi,Non-Autonomous,Mumbai University,Mumbai University,0318250710,Chemical Engineering,LOPENO,14079,95.970516,Stage I,2025-26,1,72
03182,"Thadomal Shahani Engineering College, Bandra, Mumbai",Mumbai,Un-Aided Linguistic Minority - Sindhi,Non-Autonomous,Mumbai University,Mumbai University,0318250710,Chemical Engineering,MI,137457,50.4913264,Stage I,2025-26,1,72
03182,"Thadomal Shahani Engineering College, Bandra, Mumbai",Mumbai,Un-Aided Linguistic Minority - Sindhi,Non-Autonomous,Mumbai University,Mumbai University,0318250710,Chemical Engineering,TFWS,19712,94.294414,Stage I,2025-26,1,72
03182,"Thadomal Shahani Engineering College, Bandra, Mumbai",Mumbai,Un-Aided Linguistic Minority - Sindhi,Non-Autonomous,Mumbai University,Mumbai University,0318299510,Artificial Intelligence And Data Science,GOPENH,4459,98.6933157,Stage I,2025-26,1,73
03182,"Thadomal Shahani Engineering College, Bandra, Mumbai",Mumbai,Un-Aided Linguistic Minority - Sindhi,Non-Autonomous,Mumbai University,Mumbai University,0318299510,Artificial Intelligence And Data Science,LOPENH,6219,98.1984268,Stage I,2025-26,1,73
03182,"Thadomal Shahani Engineering College, Bandra, Mumbai",Mumbai,Un-Aided Linguistic Minority - Sindhi,Non-Autonomous,Mumbai University,Mumbai University,0318299510,Artificial Intelligence And Data Science,GOPENO,5834,98.2885683,Stage I,2025-26,1,73
03182,"Thadomal Shahani Engineering College, Bandra, Mumbai",Mumbai,Un-Aided Linguistic Minority - Sindhi,Non-Autonomous,Mumbai University,Mumbai University,0318299510,Artificial Intelligence And Data Science,LOPENO,8807,97.4843223,Stage I,2025-26,1,73
03182,"Thadomal Shahani Engineering College, Bandra, Mumbai",Mumbai,Un-Aided Linguistic Minority - Sindhi,Non-Autonomous,Mumbai University,Mumbai University,0318299510,Artificial Intelligence And Data Science,MI,46444,86.2041018,Stage I,2025-26,1,73
03182,"Thadomal Shahani Engineering College, Bandra, Mumbai",Mumbai,Un-Aided Linguistic Minority - Sindhi,Non-Autonomous,Mumbai University,Mumbai University,0318299510,Artificial Intelligence And Data Science,TFWS,4489,98.6879249,Stage I,2025-26,1,73
03183,"Anjuman-I-Islam'S M.H. Saboo Siddik College Of Engineering, Byculla, Mumbai",Mumbai,Un-Aided Religious Minority - Muslim,Non-Autonomous,Mumbai University,Mumbai University,0318319110,Civil Engineering,GOPENH,132561,52.8806012,Stage I,2025-26,1,74
03183,"Anjuman-I-Islam'S M.H. Saboo Siddik College Of Engineering, Byculla, Mumbai",Mumbai,Un-Aided Religious Minority - Muslim,Non-Autonomous,Mumbai University,Mumbai University,0318319110,Civil Engineering,LOPENH,148849,43.74434,Stage I,2025-26,1,74
03183,"Anjuman-I-Islam'S M.H. Saboo Siddik College Of Engineering, Byculla, Mumbai",Mumbai,Un-Aided Religious Minority - Muslim,Non-Autonomous,Mumbai University,Mumbai University,0318319110,Civil Engineering,GOPENO,155619,39.7546871,Stage I,2025-26,1,74
03183,"Anjuman-I-Islam'S M.H. Saboo Siddik College Of Engineering, Byculla, Mumbai",Mumbai,Un-Aided Religious Minority - Muslim,Non-Autonomous,Mumbai University,Mumbai University,0318319110,Civil Engineering,LOPENO,182454,21.540875,Stage I,2025-26,1,74
03183,"Anjuman-I-Islam'S M.H. Saboo Siddik College Of Engineering, Byculla, Mumbai",Mumbai,Un-Aided Religious Minority - Muslim,Non-Autonomous,Mumbai University,Mumbai University,0318319110,Civil Engineering,MI,174797,26.6274079,Stage I,2025-26,1,74
03183,"Anjuman-I-Islam'S M.H. Saboo Siddik College Of Engineering, Byculla, Mumbai",Mumbai,Un-Aided Religious Minority - Muslim,Non-Autonomous,Mumbai University,Mumbai University,0318319110,Civil Engineering,TFWS,67564,79.4832155,Stage I,2025-26,1,74
03183,"Anjuman-I-Islam'S M.H. Saboo Siddik College Of Engineering, Byculla, Mumbai",Mumbai,Un-Aided Religious Minority - Muslim,Non-Autonomous,Mumbai University,Mumbai University,0318324510,Computer Engineering,GOPENH,40632,87.9466479,Stage I,2025-26,1,75
03183,"Anjuman-I-Islam'S M.H. Saboo Siddik College Of Engineering, Byculla, Mumbai",Mumbai,Un-Aided Religious Minority - Muslim,Non-Autonomous,Mumbai University,Mumbai University,0318324510,Computer Engineering,LOPENH,51425,84.621564,Stage I,2025-26,1,75
03183,"Anjuman-I-Islam'S M.H. Saboo Siddik College Of Engineering, Byculla, Mumbai",Mumbai,Un-Aided Religious Minority - Muslim,Non-Autonomous,Mumbai University,Mumbai University,0318324510,Computer Engineering,GOPENO,47596,85.8824755,Stage I,2025-26,1,75
03183,"Anjuman-I-Islam'S M.H. Saboo Siddik College Of Engineering, Byculla, Mumbai",Mumbai,Un-Aided Religious Minority - Muslim,Non-Autonomous,Mumbai University,Mumbai University,0318324510,Computer Engineering,LOPENO,90054,71.4842352,Stage I,2025-26,1,75
03183,"Anjuman-I-Islam'S M.H. Saboo Siddik College Of Engineering, Byculla, Mumbai",Mumbai,Un-Aided Religious Minority - Muslim,Non-Autonomous,Mumbai University,Mumbai University,0318324510,Computer Engineering,MI,64604,80.3575863,Stage I,2025-26,1,75
03183,"Anjuman-I-Islam'S M.H. Saboo Siddik College Of Engineering, Byculla, Mumbai",Mumbai,Un-Aided Religious Minority - Muslim,Non-Autonomous,Mumbai University,Mumbai University,0318324510,Computer Engineering,TFWS,33650,90.1133687,Stage I,2025-26,1,75
03183,"Anjuman-I-Islam'S M.H. Saboo Siddik College Of Engineering, Byculla, Mumbai",Mumbai,Un-Aided Religious Minority - Muslim,Non-Autonomous,Mumbai University,Mumbai University,0318324610,Information Technology,GOPENH,48051,85.6421968,Stage I,2025-26,1,76
03183,"Anjuman-I-Islam'S M.H. Saboo Siddik College Of Engineering, Byculla, Mumbai",Mumbai,Un-Aided Religious Minority - Muslim,Non-Autonomous,Mumbai University,Mumbai University,0318324610,Information Technology,LOPENH,54194,83.7674516,Stage I,2025-26,1,76
03183,"Anjuman-I-Islam'S M.H. Saboo Siddik College Of Engineering, Byculla, Mumbai",Mumbai,Un-Aided Religious Minority - Muslim,Non-Autonomous,Mumbai University,Mumbai University,0318324610,Information Technology,GOPENO,73506,77.161886,Stage I,2025-26,1,76
03183,"Anjuman-I-Islam'S M.H. Saboo Siddik College Of Engineering, Byculla, Mumbai",Mumbai,Un-Aided Religious Minority - Muslim,Non-Autonomous,Mumbai University,Mumbai University,0318324610,Information Technology,LOPENO,65761,79.9072027,Stage I,2025-26,1,76
03183,"Anjuman-I-Islam'S M.H. Saboo Siddik College Of Engineering, Byculla, Mumbai",Mumbai,Un-Aided Religious Minority - Muslim,Non-Autonomous,Mumbai University,Mumbai University,0318324610,Information Technology,MI,79549,75.210728,Stage I,2025-26,1,76
03183,"Anjuman-I-Islam'S M.H. Saboo Siddik College Of Engineering, Byculla, Mumbai",Mumbai,Un-Aided Religious Minority - Muslim,Non-Autonomous,Mumbai University,Mumbai University,0318324610,Information Technology,TFWS,41902,87.5995489,Stage I,2025-26,1,76
03183,"Anjuman-I-Islam'S M.H. Saboo Siddik College Of Engineering, Byculla, Mumbai",Mumbai,Un-Aided Religious Minority - Muslim,Non-Autonomous,Mumbai University,Mumbai University,0318337210,Electronics And Telecommunication Engg,GOPENH,73818,77.1296846,Stage I,2025-26,1,77
03183,"Anjuman-I-Islam'S M.H. Saboo Siddik College Of Engineering, Byculla, Mumbai",Mumbai,Un-Aided Religious Minority - Muslim,Non-Autonomous,Mumbai University,Mumbai University,0318337210,Electronics And Telecommunication Engg,LOPENH,81911,74.0630785,Stage I,2025-26,1,77
03183,"Anjuman-I-Islam'S M.H. Saboo Siddik College Of Engineering, Byculla, Mumbai",Mumbai,Un-Aided Religious Minority - Muslim,Non-Autonomous,Mumbai University,Mumbai University,0318337210,Electronics And Telecommunication Engg,GOPENO,88309,71.8197195,Stage I,2025-26,1,77
03183,"Anjuman-I-Islam'S M.H. Saboo Siddik College Of Engineering, Byculla, Mumbai",Mumbai,Un-Aided Religious Minority - Muslim,Non-Autonomous,Mumbai University,Mumbai University,0318337210,Electronics And Telecommunication Engg,LOPENO,116769,60.422115,Stage I,2025-26,1,77
03183,"Anjuman-I-Islam'S M.H. Saboo Siddik College Of Engineering, Byculla, Mumbai",Mumbai,Un-Aided Religious Minority - Muslim,Non-Autonomous,Mumbai University,Mumbai University,0318337210,Electronics And Telecommunication Engg,MI,139440,49.3416227,Stage I,2025-26,1,77
03183,"Anjuman-I-Islam'S M.H. Saboo Siddik College Of Engineering, Byculla, Mumbai",Mumbai,Un-Aided Religious Minority - Muslim,Non-Autonomous,Mumbai University,Mumbai University,0318337210,Electronics And Telecommunication Engg,TFWS,67808,79.3730892,Stage I,2025-26,1,77
03183,"Anjuman-I-Islam'S M.H. Saboo Siddik College Of Engineering, Byculla, Mumbai",Mumbai,Un-Aided Religious Minority - Muslim,Non-Autonomous,Mumbai University,Mumbai University,0318361210,Mechanical Engineering,GOPENH,77032,75.8001957,Stage I,2025-26,1,78
03183,"Anjuman-I-Islam'S M.H. Saboo Siddik College Of Engineering, Byculla, Mumbai",Mumbai,Un-Aided Religious Minority - Muslim,Non-Autonomous,Mumbai University,Mumbai University,0318361210,Mechanical Engineering,LOPENH,118147,59.3210117,Stage I,2025-26,1,78
03183,"Anjuman-I-Islam'S M.H. Saboo Siddik College Of Engineering, Byculla, Mumbai",Mumbai,Un-Aided Religious Minority - Muslim,Non-Autonomous,Mumbai University,Mumbai University,0318361210,Mechanical Engineering,GOPENO,123458,57.4017459,Stage I,2025-26,1,78
03183,"Anjuman-I-Islam'S M.H. Saboo Siddik College Of Engineering, Byculla, Mumbai",Mumbai,Un-Aided Religious Minority - Muslim,Non-Autonomous,Mumbai University,Mumbai University,0318361210,Mechanical Engineering,LOPENO,163513,35.5422955,Stage I,2025-26,1,78
03183,"Anjuman-I-Islam'S M.H. Saboo Siddik College Of Engineering, Byculla, Mumbai",Mumbai,Un-Aided Religious Minority - Muslim,Non-Autonomous,Mumbai University,Mumbai University,0318361210,Mechanical Engineering,MI,120825,58.4401523,Stage I,2025-26,1,78
03183,"Anjuman-I-Islam'S M.H. Saboo Siddik College Of Engineering, Byculla, Mumbai",Mumbai,Un-Aided Religious Minority - Muslim,Non-Autonomous,Mumbai University,Mumbai University,0318361210,Mechanical Engineering,TFWS,53861,83.880237,Stage I,2025-26,1,78
03183,"Anjuman-I-Islam'S M.H. Saboo Siddik College Of Engineering, Byculla, Mumbai",Mumbai,Un-Aided Religious Minority - Muslim,Non-Autonomous,Mumbai University,Mumbai University,0318361610,Mechanical Engineering Automobile,GOPENH,120483,58.6907687,Stage I,2025-26,1,79
03183,"Anjuman-I-Islam'S M.H. Saboo Siddik College Of Engineering, Byculla, Mumbai",Mumbai,Un-Aided Religious Minority - Muslim,Non-Autonomous,Mumbai University,Mumbai University,0318361610,Mechanical Engineering Automobile,LOPENH,187190,16.860405,Stage I,2025-26,1,79
03183,"Anjuman-I-Islam'S M.H. Saboo Siddik College Of Engineering, Byculla, Mumbai",Mumbai,Un-Aided Religious Minority - Muslim,Non-Autonomous,Mumbai University,Mumbai University,0318361610,Mechanical Engineering Automobile,LOPENH,126890,55.4922986,Stage II,2025-26,1,79
03183,"Anjuman-I-Islam'S M.H. Saboo Siddik College Of Engineering, Byculla, Mumbai",Mumbai,Un-Aided Religious Minority - Muslim,Non-Autonomous,Mumbai University,Mumbai University,0318361610,Mechanical Engineering Automobile,GOPENO,194494,10.7725189,Stage I,2025-26,1,79
03183,"Anjuman-I-Islam'S M.H. Saboo Siddik College Of Engineering, Byculla, Mumbai",Mumbai,Un-Aided Religious Minority - Muslim,Non-Autonomous,Mumbai University,Mumbai University,0318361610,Mechanical Engineering Automobile,GOPENO,127406,55.2744499,Stage I,2025-26,1,79
03183,"Anjuman-I-Islam'S M.H. Saboo Siddik College Of Engineering, Byculla, Mumbai",Mumbai,Un-Aided Religious Minority - Muslim,Non-Autonomous,Mumbai University,Mumbai University,0318361610,Mechanical Engineering Automobile,LOPENO,140220,49.1540892,Stage II,2025-26,1,79
03183,"Anjuman-I-Islam'S M.H. Saboo Siddik College Of Engineering, Byculla, Mumbai",Mumbai,Un-Aided Religious Minority - Muslim,Non-Autonomous,Mumbai University,Mumbai University,0318361610,Mechanical Engineering Automobile,MI,183031,20.6428039,Stage I,2025-26,1,79
03183,"Anjuman-I-Islam'S M.H. Saboo Siddik College Of Engineering, Byculla, Mumbai",Mumbai,Un-Aided Religious Minority - Muslim,Non-Autonomous,Mumbai University,Mumbai University,0318361610,Mechanical Engineering Automobile,TFWS,158836,38.2479385,Stage I,2025-26,1,79
03183,"Anjuman-I-Islam'S M.H. Saboo Siddik College Of Engineering, Byculla, Mumbai",Mumbai,Un-Aided Religious Minority - Muslim,Non-Autonomous,Mumbai University,Mumbai University,0318391110,Computer Science And Engineering(Artificial Intelligence And Machine Learning),GOPENH,52167,84.4752545,Stage I,2025-26,1,80
03183,"Anjuman-I-Islam'S M.H. Saboo Siddik College Of Engineering, Byculla, Mumbai",Mumbai,Un-Aided Religious Minority - Muslim,Non-Autonomous,Mumbai University,Mumbai University,0318391110,Computer Science And Engineering(Artificial Intelligence And Machine Learning),LOPENH,58746,82.2162613,Stage I,2025-26,1,80
03183,"Anjuman-I-Islam'S M.H. Saboo Siddik College Of Engineering, Byculla, Mumbai",Mumbai,Un-Aided Religious Minority - Muslim,Non-Autonomous,Mumbai University,Mumbai University,0318391110,Computer Science And Engineering(Artificial Intelligence And Machine Learning),GOPENO,82838,73.7482517,Stage I,2025-26,1,80
03183,"Anjuman-I-Islam'S M.H. Saboo Siddik College Of Engineering, Byculla, Mumbai",Mumbai,Un-Aided Religious Minority - Muslim,Non-Autonomous,Mumbai University,Mumbai University,0318391110,Computer Science And Engineering(Artificial Intelligence And Machine Learning),LOPENO,103067,66.2972028,Stage I,2025-26,1,80
03183,"Anjuman-I-Islam'S M.H. Saboo Siddik College Of Engineering, Byculla, Mumbai",Mumbai,Un-Aided Religious Minority - Muslim,Non-Autonomous,Mumbai University,Mumbai University,0318391110,Computer Science And Engineering(Artificial Intelligence And Machine Learning),MI,78016,75.6075065,Stage I,2025-26,1,80
03183,"Anjuman-I-Islam'S M.H. Saboo Siddik College Of Engineering, Byculla, Mumbai",Mumbai,Un-Aided Religious Minority - Muslim,Non-Autonomous,Mumbai University,Mumbai University,0318391110,Computer Science And Engineering(Artificial Intelligence And Machine Learning),TFWS,40518,87.9825175,Stage I,2025-26,1,80
03183,"Anjuman-I-Islam'S M.H. Saboo Siddik College Of Engineering, Byculla, Mumbai",Mumbai,Un-Aided Religious Minority - Muslim,Non-Autonomous,Mumbai University,Mumbai University,0318392010,Computer Science And Engineering (Internet Of Things And Cyber Security Including Block Chain,GOPENH,53252,84.0359888,Stage I,2025-26,1,81
03183,"Anjuman-I-Islam'S M.H. Saboo Siddik College Of Engineering, Byculla, Mumbai",Mumbai,Un-Aided Religious Minority - Muslim,Non-Autonomous,Mumbai University,Mumbai University,0318392010,Computer Science And Engineering (Internet Of Things And Cyber Security Including Block Chain,LOPENH,56389,82.9717485,Stage I,2025-26,1,81
03183,"Anjuman-I-Islam'S M.H. Saboo Siddik College Of Engineering, Byculla, Mumbai",Mumbai,Un-Aided Religious Minority - Muslim,Non-Autonomous,Mumbai University,Mumbai University,0318392010,Computer Science And Engineering (Internet Of Things And Cyber Security Including Block Chain,GOPENO,78344,75.4880541,Stage I,2025-26,1,81
03183,"Anjuman-I-Islam'S M.H. Saboo Siddik College Of Engineering, Byculla, Mumbai",Mumbai,Un-Aided Religious Minority - Muslim,Non-Autonomous,Mumbai University,Mumbai University,0318392010,Computer Science And Engineering (Internet Of Things And Cyber Security Including Block Chain,LOPENO,64289,80.4732503,Stage I,2025-26,1,81
03183,"Anjuman-I-Islam'S M.H. Saboo Siddik College Of Engineering, Byculla, Mumbai",Mumbai,Un-Aided Religious Minority - Muslim,Non-Autonomous,Mumbai University,Mumbai University,0318392010,Computer Science And Engineering (Internet Of Things And Cyber Security Including Block Chain,MI,90351,71.4755245,Stage I,2025-26,1,81
03183,"Anjuman-I-Islam'S M.H. Saboo Siddik College Of Engineering, Byculla, Mumbai",Mumbai,Un-Aided Religious Minority - Muslim,Non-Autonomous,Mumbai University,Mumbai University,0318392010,Computer Science And Engineering (Internet Of Things And Cyber Security Including Block Chain,TFWS,42412,87.3499473,Stage I,2025-26,1,81
03184,"Fr. Conceicao Rodrigues College Of Engineering, Bandra,Mumbai",Mumbai,Un-Aided Religious Minority - Christian,Autonomous,Mumbai University,Autonomous Institute,0318424210,Computer Science And Engineering,GOPENS,8092,97.664739,Stage I,2025-26,1,82
03184,"Fr. Conceicao Rodrigues College Of Engineering, Bandra,Mumbai",Mumbai,Un-Aided Religious Minority - Christian,Autonomous,Mumbai University,Autonomous Institute,0318424210,Computer Science And Engineering,LOPENS,8564,97.5481122,Stage I,2025-26,1,82
03184,"Fr. Conceicao Rodrigues College Of Engineering, Bandra,Mumbai",Mumbai,Un-Aided Religious Minority - Christian,Autonomous,Mumbai University,Autonomous Institute,0318424210,Computer Science And Engineering,MI,56191,83.0707711,Stage I,2025-26,1,82
03184,"Fr. Conceicao Rodrigues College Of Engineering, Bandra,Mumbai",Mumbai,Un-Aided Religious Minority - Christian,Autonomous,Mumbai University,Autonomous Institute,0318424210,Computer Science And Engineering,TFWS,8093,97.664739,Stage I,2025-26,1,82
03184,"Fr. Conceicao Rodrigues College Of Engineering, Bandra,Mumbai",Mumbai,Un-Aided Religious Minority - Christian,Autonomous,Mumbai University,Autonomous Institute,0318424510,Computer Engineering,GOPENS,7927,97.7282912,Stage I,2025-26,1,82
03184,"Fr. Conceicao Rodrigues College Of Engineering, Bandra,Mumbai",Mumbai,Un-Aided Religious Minority - Christian,Autonomous,Mumbai University,Autonomous Institute,0318424510,Computer Engineering,LOPENS,8956,97.4161284,Stage I,2025-26,1,82
03184,"Fr. Conceicao Rodrigues College Of Engineering, Bandra,Mumbai",Mumbai,Un-Aided Religious Minority - Christian,Autonomous,Mumbai University,Autonomous Institute,0318424510,Computer Engineering,MI,59960,81.940403,Stage I,2025-26,1,82
03184,"Fr. Conceicao Rodrigues College Of Engineering, Bandra,Mumbai",Mumbai,Un-Aided Religious Minority - Christian,Autonomous,Mumbai University,Autonomous Institute,0318424510,Computer Engineering,TFWS,7670,97.7924183,Stage I,2025-26,1,82
03184,"Fr. Conceicao Rodrigues College Of Engineering, Bandra,Mumbai",Mumbai,Un-Aided Religious Minority - Christian,Autonomous,Mumbai University,Autonomous Institute,0318461210,Mechanical Engineering,GOPENS,11407,96.7467781,Stage I,2025-26,1,82
03184,"Fr. Conceicao Rodrigues College Of Engineering, Bandra,Mumbai",Mumbai,Un-Aided Religious Minority - Christian,Autonomous,Mumbai University,Autonomous Institute,0318461210,Mechanical Engineering,LOPENS,21748,93.6851271,Stage I,2025-26,1,82
03184,"Fr. Conceicao Rodrigues College Of Engineering, Bandra,Mumbai",Mumbai,Un-Aided Religious Minority - Christian,Autonomous,Mumbai University,Autonomous Institute,0318461210,Mechanical Engineering,MI,187758,16.5233632,Stage I,2025-26,1,82
03184,"Fr. Conceicao Rodrigues College Of Engineering, Bandra,Mumbai",Mumbai,Un-Aided Religious Minority - Christian,Autonomous,Mumbai University,Autonomous Institute,0318461210,Mechanical Engineering,TFWS,22856,93.3597277,Stage I,2025-26,1,82
03184,"Fr. Conceicao Rodrigues College Of Engineering, Bandra,Mumbai",Mumbai,Un-Aided Religious Minority - Christian,Autonomous,Mumbai University,Autonomous Institute,0318490010,Electronics And Computer Science,GOPENS,9755,97.2163775,Stage I,2025-26,1,82
03184,"Fr. Conceicao Rodrigues College Of Engineering, Bandra,Mumbai",Mumbai,Un-Aided Religious Minority - Christian,Autonomous,Mumbai University,Autonomous Institute,0318490010,Electronics And Computer Science,LOPENS,10284,97.0434844,Stage I,2025-26,1,82
03184,"Fr. Conceicao Rodrigues College Of Engineering, Bandra,Mumbai",Mumbai,Un-Aided Religious Minority - Christian,Autonomous,Mumbai University,Autonomous Institute,0318490010,Electronics And Computer Science,MI,112948,62.0615406,Stage I,2025-26,1,82
03184,"Fr. Conceicao Rodrigues College Of Engineering, Bandra,Mumbai",Mumbai,Un-Aided Religious Minority - Christian,Autonomous,Mumbai University,Autonomous Institute,0318490010,Electronics And Computer Science,TFWS,10008,97.126966,Stage I,2025-26,1,82
03185,"Vivekanand Education Society'S Institute Of Technology, Chembur, Mumbai",Mumbai,Un-Aided Linguistic Minority - Sindhi,Autonomous,Mumbai University,Autonomous Institute,0318524510,Computer Engineering,GOPENS,5602,98.3694715,Stage I,2025-26,1,83
03185,"Vivekanand Education Society'S Institute Of Technology, Chembur, Mumbai",Mumbai,Un-Aided Linguistic Minority - Sindhi,Autonomous,Mumbai University,Autonomous Institute,0318524510,Computer Engineering,LOPENS,6766,98.0606808,Stage I,2025-26,1,83
03185,"Vivekanand Education Society'S Institute Of Technology, Chembur, Mumbai",Mumbai,Un-Aided Linguistic Minority - Sindhi,Autonomous,Mumbai University,Autonomous Institute,0318524510,Computer Engineering,MI,71970,78.1688442,Stage I,2025-26,1,83
03185,"Vivekanand Education Society'S Institute Of Technology, Chembur, Mumbai",Mumbai,Un-Aided Linguistic Minority - Sindhi,Autonomous,Mumbai University,Autonomous Institute,0318524510,Computer Engineering,TFWS,4784,98.5969299,Stage I,2025-26,1,83
03185,"Vivekanand Education Society'S Institute Of Technology, Chembur, Mumbai",Mumbai,Un-Aided Linguistic Minority - Sindhi,Autonomous,Mumbai University,Autonomous Institute,0318524610,Information Technology,GOPENS,8013,97.7126908,Stage I,2025-26,1,83
03185,"Vivekanand Education Society'S Institute Of Technology, Chembur, Mumbai",Mumbai,Un-Aided Linguistic Minority - Sindhi,Autonomous,Mumbai University,Autonomous Institute,0318524610,Information Technology,LOPENS,9048,97.4048265,Stage I,2025-26,1,83
03185,"Vivekanand Education Society'S Institute Of Technology, Chembur, Mumbai",Mumbai,Un-Aided Linguistic Minority - Sindhi,Autonomous,Mumbai University,Autonomous Institute,0318524610,Information Technology,MI,156467,39.5742169,Stage I,2025-26,1,83
03185,"Vivekanand Education Society'S Institute Of Technology, Chembur, Mumbai",Mumbai,Un-Aided Linguistic Minority - Sindhi,Autonomous,Mumbai University,Autonomous Institute,0318524610,Information Technology,TFWS,6119,98.2326849,Stage I,2025-26,1,83
03185,"Vivekanand Education Society'S Institute Of Technology, Chembur, Mumbai",Mumbai,Un-Aided Linguistic Minority - Sindhi,Autonomous,Mumbai University,Autonomous Institute,0318537210,Electronics And Telecommunication Engg,GOPENS,10780,96.920806,Stage I,2025-26,1,83
03185,"Vivekanand Education Society'S Institute Of Technology, Chembur, Mumbai",Mumbai,Un-Aided Linguistic Minority - Sindhi,Autonomous,Mumbai University,Autonomous Institute,0318537210,Electronics And Telecommunication Engg,LOPENS,13061,96.2611882,Stage I,2025-26,1,83
03185,"Vivekanand Education Society'S Institute Of Technology, Chembur, Mumbai",Mumbai,Un-Aided Linguistic Minority - Sindhi,Autonomous,Mumbai University,Autonomous Institute,0318537210,Electronics And Telecommunication Engg,MI,169581,31.5596589,Stage I,2025-26,1,83
03185,"Vivekanand Education Society'S Institute Of Technology, Chembur, Mumbai",Mumbai,Un-Aided Linguistic Minority - Sindhi,Autonomous,Mumbai University,Autonomous Institute,0318537210,Electronics And Telecommunication Engg,TFWS,9896,97.1832984,Stage I,2025-26,1,83
03185,"Vivekanand Education Society'S Institute Of Technology, Chembur, Mumbai",Mumbai,Un-Aided Linguistic Minority - Sindhi,Autonomous,Mumbai University,Autonomous Institute,0318590010,Electronics And Computer Science,GOPENS,9220,97.3645465,Stage I,2025-26,1,83
03185,"Vivekanand Education Society'S Institute Of Technology, Chembur, Mumbai",Mumbai,Un-Aided Linguistic Minority - Sindhi,Autonomous,Mumbai University,Autonomous Institute,0318590010,Electronics And Computer Science,LOPENS,10308,97.0402649,Stage I,2025-26,1,83
03185,"Vivekanand Education Society'S Institute Of Technology, Chembur, Mumbai",Mumbai,Un-Aided Linguistic Minority - Sindhi,Autonomous,Mumbai University,Autonomous Institute,0318590010,Electronics And Computer Science,MI,200781,3.8667565,Stage I,2025-26,1,83
03185,"Vivekanand Education Society'S Institute Of Technology, Chembur, Mumbai",Mumbai,Un-Aided Linguistic Minority - Sindhi,Autonomous,Mumbai University,Autonomous Institute,0318590010,Electronics And Computer Science,TFWS,9416,97.2937063,Stage I,2025-26,1,83
03185,"Vivekanand Education Society'S Institute Of Technology, Chembur, Mumbai",Mumbai,Un-Aided Linguistic Minority - Sindhi,Autonomous,Mumbai University,Autonomous Institute,0318591610,Automation And Robotics,GOPENS,12401,96.4286945,Stage I,2025-26,1,84
03185,"Vivekanand Education Society'S Institute Of Technology, Chembur, Mumbai",Mumbai,Un-Aided Linguistic Minority - Sindhi,Autonomous,Mumbai University,Autonomous Institute,0318591610,Automation And Robotics,LOPENS,15605,95.5106068,Stage I,2025-26,1,84
03185,"Vivekanand Education Society'S Institute Of Technology, Chembur, Mumbai",Mumbai,Un-Aided Linguistic Minority - Sindhi,Autonomous,Mumbai University,Autonomous Institute,0318591610,Automation And Robotics,MI,201329,3.2027737,Stage I,2025-26,1,84
03185,"Vivekanand Education Society'S Institute Of Technology, Chembur, Mumbai",Mumbai,Un-Aided Linguistic Minority - Sindhi,Autonomous,Mumbai University,Autonomous Institute,0318591610,Automation And Robotics,TFWS,11990,96.5695839,Stage I,2025-26,1,84
03185,"Vivekanand Education Society'S Institute Of Technology, Chembur, Mumbai",Mumbai,Un-Aided Linguistic Minority - Sindhi,Autonomous,Mumbai University,Autonomous Institute,0318599510,Artificial Intelligence And Data Science,GOPENS,8226,97.6503399,Stage I,2025-26,1,84
03185,"Vivekanand Education Society'S Institute Of Technology, Chembur, Mumbai",Mumbai,Un-Aided Linguistic Minority - Sindhi,Autonomous,Mumbai University,Autonomous Institute,0318599510,Artificial Intelligence And Data Science,LOPENS,9309,97.3429273,Stage I,2025-26,1,84
03185,"Vivekanand Education Society'S Institute Of Technology, Chembur, Mumbai",Mumbai,Un-Aided Linguistic Minority - Sindhi,Autonomous,Mumbai University,Autonomous Institute,0318599510,Artificial Intelligence And Data Science,MI,141217,47.8905633,Stage I,2025-26,1,84
03185,"Vivekanand Education Society'S Institute Of Technology, Chembur, Mumbai",Mumbai,Un-Aided Linguistic Minority - Sindhi,Autonomous,Mumbai University,Autonomous Institute,0318599510,Artificial Intelligence And Data Science,TFWS,7008,97.979021,Stage I,2025-26,1,84
03187,"N.Y.S.S.'S Datta Meghe College Of Engineering, Airoli, Navi Mumbai",Mumbai,Un-Aided,Non-Autonomous,Mumbai University,Mumbai University,0318719110,Civil Engineering,GOPENH,52588,84.1437716,Stage I,2025-26,1,85
03187,"N.Y.S.S.'S Datta Meghe College Of Engineering, Airoli, Navi Mumbai",Mumbai,Un-Aided,Non-Autonomous,Mumbai University,Mumbai University,0318719110,Civil Engineering,GSCH,77427,75.6538462,Stage I,2025-26,1,85
03187,"N.Y.S.S.'S Datta Meghe College Of Engineering, Airoli, Navi Mumbai",Mumbai,Un-Aided,Non-Autonomous,Mumbai University,Mumbai University,0318719110,Civil Engineering,GSTH,184231,19.4484962,Stage I,2025-26,1,85
03187,"N.Y.S.S.'S Datta Meghe College Of Engineering, Airoli, Navi Mumbai",Mumbai,Un-Aided,Non-Autonomous,Mumbai University,Mumbai University,0318719110,Civil Engineering,GVJH,179669,22.8933117,Stage I,2025-26,1,85
03187,"N.Y.S.S.'S Datta Meghe College Of Engineering, Airoli, Navi Mumbai",Mumbai,Un-Aided,Non-Autonomous,Mumbai University,Mumbai University,0318719110,Civil Engineering,GNT1H,94855,69.4561708,Stage I,2025-26,1,85
03187,"N.Y.S.S.'S Datta Meghe College Of Engineering, Airoli, Navi Mumbai",Mumbai,Un-Aided,Non-Autonomous,Mumbai University,Mumbai University,0318719110,Civil Engineering,GNT2H,119887,58.8525307,Stage I,2025-26,1,85
03187,"N.Y.S.S.'S Datta Meghe College Of Engineering, Airoli, Navi Mumbai",Mumbai,Un-Aided,Non-Autonomous,Mumbai University,Mumbai University,0318719110,Civil Engineering,GNT3H,67110,79.6925092,Stage I,2025-26,1,85
03187,"N.Y.S.S.'S Datta Meghe College Of Engineering, Airoli, Navi Mumbai",Mumbai,Un-Aided,Non-Autonomous,Mumbai University,Mumbai University,0318719110,Civil Engineering,GOBCH,89751,71.4842352,Stage I,2025-26,1,85
03187,"N.Y.S.S.'S Datta Meghe College Of Engineering, Airoli, Navi Mumbai",Mumbai,Un-Aided,Non-Autonomous,Mumbai University,Mumbai University,0318719110,Civil Engineering,GSEBCH,133548,52.3622324,Stage I,2025-26,1,85
03187,"N.Y.S.S.'S Datta Meghe College Of Engineering, Airoli, Navi Mumbai",Mumbai,Un-Aided,Non-Autonomous,Mumbai University,Mumbai University,0318719110,Civil Engineering,LOPENH,70461,78.4342571,Stage I,2025-26,1,85
03187,"N.Y.S.S.'S Datta Meghe College Of Engineering, Airoli, Navi Mumbai",Mumbai,Un-Aided,Non-Autonomous,Mumbai University,Mumbai University,0318719110,Civil Engineering,LSCH,93510,70.2033567,Stage I,2025-26,1,85
03187,"N.Y.S.S.'S Datta Meghe College Of Engineering, Airoli, Navi Mumbai",Mumbai,Un-Aided,Non-Autonomous,Mumbai University,Mumbai University,0318719110,Civil Engineering,LSTH,169029,31.9280223,Stage I,2025-26,1,85
03187,"N.Y.S.S.'S Datta Meghe College Of Engineering, Airoli, Navi Mumbai",Mumbai,Un-Aided,Non-Autonomous,Mumbai University,Mumbai University,0318719110,Civil Engineering,LNT2H,110090,63.2914656,Stage I,2025-26,1,85
03187,"N.Y.S.S.'S Datta Meghe College Of Engineering, Airoli, Navi Mumbai",Mumbai,Un-Aided,Non-Autonomous,Mumbai University,Mumbai University,0318719110,Civil Engineering,LOBCH,72566,77.5384615,Stage I,2025-26,1,85
03187,"N.Y.S.S.'S Datta Meghe College Of Engineering, Airoli, Navi Mumbai",Mumbai,Un-Aided,Non-Autonomous,Mumbai University,Mumbai University,0318719110,Civil Engineering,LSEBCH,179403,22.9939635,Stage I,2025-26,1,85
03187,"N.Y.S.S.'S Datta Meghe College Of Engineering, Airoli, Navi Mumbai",Mumbai,Un-Aided,Non-Autonomous,Mumbai University,Mumbai University,0318719110,Civil Engineering,GOPENO,99830,67.8210479,Stage I,2025-26,1,85
03187,"N.Y.S.S.'S Datta Meghe College Of Engineering, Airoli, Navi Mumbai",Mumbai,Un-Aided,Non-Autonomous,Mumbai University,Mumbai University,0318719110,Civil Engineering,GSCO,134215,51.7009371,Stage I,2025-26,1,85
03187,"N.Y.S.S.'S Datta Meghe College Of Engineering, Airoli, Navi Mumbai",Mumbai,Un-Aided,Non-Autonomous,Mumbai University,Mumbai University,0318719110,Civil Engineering,GNT2O,144733,46.6242967,Stage I,2025-26,1,85
03187,"N.Y.S.S.'S Datta Meghe College Of Engineering, Airoli, Navi Mumbai",Mumbai,Un-Aided,Non-Autonomous,Mumbai University,Mumbai University,0318719110,Civil Engineering,GOBCO,126995,55.4922986,Stage I,2025-26,1,85
03187,"N.Y.S.S.'S Datta Meghe College Of Engineering, Airoli, Navi Mumbai",Mumbai,Un-Aided,Non-Autonomous,Mumbai University,Mumbai University,0318719110,Civil Engineering,GSEBCO,147037,45.2322221,Stage I,2025-26,1,85
03187,"N.Y.S.S.'S Datta Meghe College Of Engineering, Airoli, Navi Mumbai",Mumbai,Un-Aided,Non-Autonomous,Mumbai University,Mumbai University,0318719110,Civil Engineering,LOPENO,119553,58.8994542,Stage I,2025-26,1,85
03187,"N.Y.S.S.'S Datta Meghe College Of Engineering, Airoli, Navi Mumbai",Mumbai,Un-Aided,Non-Autonomous,Mumbai University,Mumbai University,0318719110,Civil Engineering,LSEBCO,172356,28.8537986,Stage I,2025-26,1,85
03187,"N.Y.S.S.'S Datta Meghe College Of Engineering, Airoli, Navi Mumbai",Mumbai,Un-Aided,Non-Autonomous,Mumbai University,Mumbai University,0318719110,Civil Engineering,LVJO,124405,56.8426573,Stage II,2025-26,1,85
03187,"N.Y.S.S.'S Datta Meghe College Of Engineering, Airoli, Navi Mumbai",Mumbai,Un-Aided,Non-Autonomous,Mumbai University,Mumbai University,0318719110,Civil Engineering,LNT1O,160570,36.1811489,Stage II,2025-26,1,85
03187,"N.Y.S.S.'S Datta Meghe College Of Engineering, Airoli, Navi Mumbai",Mumbai,Un-Aided,Non-Autonomous,Mumbai University,Mumbai University,0318719110,Civil Engineering,GSTO,194720,10.4152841,Stage I,2025-26,1,85
03187,"N.Y.S.S.'S Datta Meghe College Of Engineering, Airoli, Navi Mumbai",Mumbai,Un-Aided,Non-Autonomous,Mumbai University,Mumbai University,0318719110,Civil Engineering,LNT3O,135605,50.9683037,Stage I,2025-26,1,85
03187,"N.Y.S.S.'S Datta Meghe College Of Engineering, Airoli, Navi Mumbai",Mumbai,Un-Aided,Non-Autonomous,Mumbai University,Mumbai University,0318719110,Civil Engineering,LOBCO,125217,56.5039753,Stage I,2025-26,1,85
03187,"N.Y.S.S.'S Datta Meghe College Of Engineering, Airoli, Navi Mumbai",Mumbai,Un-Aided,Non-Autonomous,Mumbai University,Mumbai University,0318719110,Civil Engineering,TFWS,95093,69.3295893,Stage I,2025-26,1,85
03187,"N.Y.S.S.'S Datta Meghe College Of Engineering, Airoli, Navi Mumbai",Mumbai,Un-Aided,Non-Autonomous,Mumbai University,Mumbai University,0318724510,Computer Engineering,GOPENH,23325,93.2101568,Stage I,2025-26,1,86
03187,"N.Y.S.S.'S Datta Meghe College Of Engineering, Airoli, Navi Mumbai",Mumbai,Un-Aided,Non-Autonomous,Mumbai University,Mumbai University,0318724510,Computer Engineering,GSCH,39075,88.5033286,Stage I,2025-26,1,86
03187,"N.Y.S.S.'S Datta Meghe College Of Engineering, Airoli, Navi Mumbai",Mumbai,Un-Aided,Non-Autonomous,Mumbai University,Mumbai University,0318724510,Computer Engineering,GSTH,77082,75.8001957,Stage I,2025-26,1,86
03187,"N.Y.S.S.'S Datta Meghe College Of Engineering, Airoli, Navi Mumbai",Mumbai,Un-Aided,Non-Autonomous,Mumbai University,Mumbai University,0318724510,Computer Engineering,GVJH,58851,82.2162613,Stage I,2025-26,1,86
03187,"N.Y.S.S.'S Datta Meghe College Of Engineering, Airoli, Navi Mumbai",Mumbai,Un-Aided,Non-Autonomous,Mumbai University,Mumbai University,0318724510,Computer Engineering,GNT1H,40362,88.0599617,Stage I,2025-26,1,86
03187,"N.Y.S.S.'S Datta Meghe College Of Engineering, Airoli, Navi Mumbai",Mumbai,Un-Aided,Non-Autonomous,Mumbai University,Mumbai University,0318724510,Computer Engineering,GNT2H,35776,89.4914664,Stage I,2025-26,1,86
03187,"N.Y.S.S.'S Datta Meghe College Of Engineering, Airoli, Navi Mumbai",Mumbai,Un-Aided,Non-Autonomous,Mumbai University,Mumbai University,0318724510,Computer Engineering,GOBCH,29958,91.2776413,Stage I,2025-26,1,86
03187,"N.Y.S.S.'S Datta Meghe College Of Engineering, Airoli, Navi Mumbai",Mumbai,Un-Aided,Non-Autonomous,Mumbai University,Mumbai University,0318724510,Computer Engineering,GSEBCH,37693,88.8689717,Stage I,2025-26,1,86
03187,"N.Y.S.S.'S Datta Meghe College Of Engineering, Airoli, Navi Mumbai",Mumbai,Un-Aided,Non-Autonomous,Mumbai University,Mumbai University,0318724510,Computer Engineering,LOPENH,23191,93.2612864,Stage I,2025-26,1,86
03187,"N.Y.S.S.'S Datta Meghe College Of Engineering, Airoli, Navi Mumbai",Mumbai,Un-Aided,Non-Autonomous,Mumbai University,Mumbai University,0318724510,Computer Engineering,LSCH,41883,87.5995489,Stage I,2025-26,1,86
03187,"N.Y.S.S.'S Datta Meghe College Of Engineering, Airoli, Navi Mumbai",Mumbai,Un-Aided,Non-Autonomous,Mumbai University,Mumbai University,0318724510,Computer Engineering,LSTH,170328,29.8059527,Stage I,2025-26,1,86
03187,"N.Y.S.S.'S Datta Meghe College Of Engineering, Airoli, Navi Mumbai",Mumbai,Un-Aided,Non-Autonomous,Mumbai University,Mumbai University,0318724510,Computer Engineering,LVJH,48490,85.5207245,Stage I,2025-26,1,86
03187,"N.Y.S.S.'S Datta Meghe College Of Engineering, Airoli, Navi Mumbai",Mumbai,Un-Aided,Non-Autonomous,Mumbai University,Mumbai University,0318724510,Computer Engineering,LNT1H,42781,87.3196408,Stage I,2025-26,1,86
03187,"N.Y.S.S.'S Datta Meghe College Of Engineering, Airoli, Navi Mumbai",Mumbai,Un-Aided,Non-Autonomous,Mumbai University,Mumbai University,0318724510,Computer Engineering,LNT3H,40479,87.9825175,Stage I,2025-26,1,86
03187,"N.Y.S.S.'S Datta Meghe College Of Engineering, Airoli, Navi Mumbai",Mumbai,Un-Aided,Non-Autonomous,Mumbai University,Mumbai University,0318724510,Computer Engineering,LOBCH,27431,92.0330624,Stage I,2025-26,1,86
03187,"N.Y.S.S.'S Datta Meghe College Of Engineering, Airoli, Navi Mumbai",Mumbai,Un-Aided,Non-Autonomous,Mumbai University,Mumbai University,0318724510,Computer Engineering,LSEBCH,40505,87.9825175,Stage I,2025-26,1,86
03187,"N.Y.S.S.'S Datta Meghe College Of Engineering, Airoli, Navi Mumbai",Mumbai,Un-Aided,Non-Autonomous,Mumbai University,Mumbai University,0318724510,Computer Engineering,GOPENO,37816,88.7823852,Stage I,2025-26,1,86
03187,"N.Y.S.S.'S Datta Meghe College Of Engineering, Airoli, Navi Mumbai",Mumbai,Un-Aided,Non-Autonomous,Mumbai University,Mumbai University,0318724510,Computer Engineering,GSCO,54457,83.5597353,Stage I,2025-26,1,86
03187,"N.Y.S.S.'S Datta Meghe College Of Engineering, Airoli, Navi Mumbai",Mumbai,Un-Aided,Non-Autonomous,Mumbai University,Mumbai University,0318724510,Computer Engineering,GSTO,181679,22.0346747,Stage I,2025-26,1,86
03187,"N.Y.S.S.'S Datta Meghe College Of Engineering, Airoli, Navi Mumbai",Mumbai,Un-Aided,Non-Autonomous,Mumbai University,Mumbai University,0318724510,Computer Engineering,GVJO,42810,87.3181818,Stage I,2025-26,1,86
03187,"N.Y.S.S.'S Datta Meghe College Of Engineering, Airoli, Navi Mumbai",Mumbai,Un-Aided,Non-Autonomous,Mumbai University,Mumbai University,0318724510,Computer Engineering,GNT1O,56290,83.0707711,Stage I,2025-26,1,86
03187,"N.Y.S.S.'S Datta Meghe College Of Engineering, Airoli, Navi Mumbai",Mumbai,Un-Aided,Non-Autonomous,Mumbai University,Mumbai University,0318724510,Computer Engineering,GNT2O,58871,82.2162613,Stage I,2025-26,1,86
03187,"N.Y.S.S.'S Datta Meghe College Of Engineering, Airoli, Navi Mumbai",Mumbai,Un-Aided,Non-Autonomous,Mumbai University,Mumbai University,0318724510,Computer Engineering,GNT3O,46835,85.9646097,Stage I,2025-26,1,86
03187,"N.Y.S.S.'S Datta Meghe College Of Engineering, Airoli, Navi Mumbai",Mumbai,Un-Aided,Non-Autonomous,Mumbai University,Mumbai University,0318724510,Computer Engineering,GOBCO,39061,88.5033286,Stage I,2025-26,1,86
03187,"N.Y.S.S.'S Datta Meghe College Of Engineering, Airoli, Navi Mumbai",Mumbai,Un-Aided,Non-Autonomous,Mumbai University,Mumbai University,0318724510,Computer Engineering,GSEBCO,47729,85.8501253,Stage I,2025-26,1,86
03187,"N.Y.S.S.'S Datta Meghe College Of Engineering, Airoli, Navi Mumbai",Mumbai,Un-Aided,Non-Autonomous,Mumbai University,Mumbai University,0318724510,Computer Engineering,LOPENO,37812,88.7823852,Stage I,2025-26,1,86
03187,"N.Y.S.S.'S Datta Meghe College Of Engineering, Airoli, Navi Mumbai",Mumbai,Un-Aided,Non-Autonomous,Mumbai University,Mumbai University,0318724510,Computer Engineering,LSCO,59243,82.1319232,Stage I,2025-26,1,86
03187,"N.Y.S.S.'S Datta Meghe College Of Engineering, Airoli, Navi Mumbai",Mumbai,Un-Aided,Non-Autonomous,Mumbai University,Mumbai University,0318724510,Computer Engineering,LOBCO,40710,87.9289094,Stage I,2025-26,1,86
03187,"N.Y.S.S.'S Datta Meghe College Of Engineering, Airoli, Navi Mumbai",Mumbai,Un-Aided,Non-Autonomous,Mumbai University,Mumbai University,0318724510,Computer Engineering,LSEBCO,34545,89.8520525,Stage I,2025-26,1,86
03187,"N.Y.S.S.'S Datta Meghe College Of Engineering, Airoli, Navi Mumbai",Mumbai,Un-Aided,Non-Autonomous,Mumbai University,Mumbai University,0318724510,Computer Engineering,LSTO,203599,0.2340121,Stage I,2025-26,1,86
03187,"N.Y.S.S.'S Datta Meghe College Of Engineering, Airoli, Navi Mumbai",Mumbai,Un-Aided,Non-Autonomous,Mumbai University,Mumbai University,0318724510,Computer Engineering,DEFOPENS,25240,92.6563556,Stage I,2025-26,1,86
03187,"N.Y.S.S.'S Datta Meghe College Of Engineering, Airoli, Navi Mumbai",Mumbai,Un-Aided,Non-Autonomous,Mumbai University,Mumbai University,0318724510,Computer Engineering,DEFOBCS,75914,76.7635852,Stage I,2025-26,1,86
03187,"N.Y.S.S.'S Datta Meghe College Of Engineering, Airoli, Navi Mumbai",Mumbai,Un-Aided,Non-Autonomous,Mumbai University,Mumbai University,0318724510,Computer Engineering,DEFSEBCS,51590,84.5627208,Stage I,2025-26,1,86
03187,"N.Y.S.S.'S Datta Meghe College Of Engineering, Airoli, Navi Mumbai",Mumbai,Un-Aided,Non-Autonomous,Mumbai University,Mumbai University,0318724510,Computer Engineering,TFWS,21470,93.8107171,Stage I,2025-26,1,86
03187,"N.Y.S.S.'S Datta Meghe College Of Engineering, Airoli, Navi Mumbai",Mumbai,Un-Aided,Non-Autonomous,Mumbai University,Mumbai University,0318724510,Computer Engineering,DEFROBCS,44608,86.6827486,Stage I,2025-26,1,86
03187,"N.Y.S.S.'S Datta Meghe College Of Engineering, Airoli, Navi Mumbai",Mumbai,Un-Aided,Non-Autonomous,Mumbai University,Mumbai University,0318724510,Computer Engineering,EWS,98880,68.1164395,Stage I,2025-26,1,86
03187,"N.Y.S.S.'S Datta Meghe College Of Engineering, Airoli, Navi Mumbai",Mumbai,Un-Aided,Non-Autonomous,Mumbai University,Mumbai University,0318724610,Information Technology,GOPENH,31503,90.7235685,Stage I,2025-26,1,87
03187,"N.Y.S.S.'S Datta Meghe College Of Engineering, Airoli, Navi Mumbai",Mumbai,Un-Aided,Non-Autonomous,Mumbai University,Mumbai University,0318724610,Information Technology,GSCH,46983,85.9124978,Stage I,2025-26,1,87
03187,"N.Y.S.S.'S Datta Meghe College Of Engineering, Airoli, Navi Mumbai",Mumbai,Un-Aided,Non-Autonomous,Mumbai University,Mumbai University,0318724610,Information Technology,GSTH,142974,47.1398578,Stage I,2025-26,1,87
03187,"N.Y.S.S.'S Datta Meghe College Of Engineering, Airoli, Navi Mumbai",Mumbai,Un-Aided,Non-Autonomous,Mumbai University,Mumbai University,0318724610,Information Technology,GVJH,66364,79.7946282,Stage I,2025-26,1,87
03187,"N.Y.S.S.'S Datta Meghe College Of Engineering, Airoli, Navi Mumbai",Mumbai,Un-Aided,Non-Autonomous,Mumbai University,Mumbai University,0318724610,Information Technology,GNT1H,43005,87.3029561,Stage I,2025-26,1,87
03187,"N.Y.S.S.'S Datta Meghe College Of Engineering, Airoli, Navi Mumbai",Mumbai,Un-Aided,Non-Autonomous,Mumbai University,Mumbai University,0318724610,Information Technology,GNT2H,47551,85.8824755,Stage I,2025-26,1,87
03187,"N.Y.S.S.'S Datta Meghe College Of Engineering, Airoli, Navi Mumbai",Mumbai,Un-Aided,Non-Autonomous,Mumbai University,Mumbai University,0318724610,Information Technology,GNT3H,46445,86.2041018,Stage I,2025-26,1,87
03187,"N.Y.S.S.'S Datta Meghe College Of Engineering, Airoli, Navi Mumbai",Mumbai,Un-Aided,Non-Autonomous,Mumbai University,Mumbai University,0318724610,Information Technology,GOBCH,35365,89.5868952,Stage I,2025-26,1,87
03187,"N.Y.S.S.'S Datta Meghe College Of Engineering, Airoli, Navi Mumbai",Mumbai,Un-Aided,Non-Autonomous,Mumbai University,Mumbai University,0318724610,Information Technology,GSEBCH,46436,86.2041018,Stage I,2025-26,1,87
03187,"N.Y.S.S.'S Datta Meghe College Of Engineering, Airoli, Navi Mumbai",Mumbai,Un-Aided,Non-Autonomous,Mumbai University,Mumbai University,0318724610,Information Technology,LOPENH,31449,90.7235685,Stage I,2025-26,1,87
03187,"N.Y.S.S.'S Datta Meghe College Of Engineering, Airoli, Navi Mumbai",Mumbai,Un-Aided,Non-Autonomous,Mumbai University,Mumbai University,0318724610,Information Technology,LSCH,53622,83.9020979,Stage I,2025-26,1,87
03187,"N.Y.S.S.'S Datta Meghe College Of Engineering, Airoli, Navi Mumbai",Mumbai,Un-Aided,Non-Autonomous,Mumbai University,Mumbai University,0318724610,Information Technology,LVJH,80836,74.9785452,Stage I,2025-26,1,87
03187,"N.Y.S.S.'S Datta Meghe College Of Engineering, Airoli, Navi Mumbai",Mumbai,Un-Aided,Non-Autonomous,Mumbai University,Mumbai University,0318724610,Information Technology,LNT1H,45501,86.5435447,Stage I,2025-26,1,87
03187,"N.Y.S.S.'S Datta Meghe College Of Engineering, Airoli, Navi Mumbai",Mumbai,Un-Aided,Non-Autonomous,Mumbai University,Mumbai University,0318724610,Information Technology,LNT2H,48830,85.4112341,Stage I,2025-26,1,87
03187,"N.Y.S.S.'S Datta Meghe College Of Engineering, Airoli, Navi Mumbai",Mumbai,Un-Aided,Non-Autonomous,Mumbai University,Mumbai University,0318724610,Information Technology,LOBCH,38615,88.6282029,Stage I,2025-26,1,87
03187,"N.Y.S.S.'S Datta Meghe College Of Engineering, Airoli, Navi Mumbai",Mumbai,Un-Aided,Non-Autonomous,Mumbai University,Mumbai University,0318724610,Information Technology,LSEBCH,49106,85.2260888,Stage I,2025-26,1,87
03187,"N.Y.S.S.'S Datta Meghe College Of Engineering, Airoli, Navi Mumbai",Mumbai,Un-Aided,Non-Autonomous,Mumbai University,Mumbai University,0318724610,Information Technology,GOPENO,46737,85.977536,Stage I,2025-26,1,87
03187,"N.Y.S.S.'S Datta Meghe College Of Engineering, Airoli, Navi Mumbai",Mumbai,Un-Aided,Non-Autonomous,Mumbai University,Mumbai University,0318724610,Information Technology,GSCO,69260,78.6167398,Stage I,2025-26,1,87
03187,"N.Y.S.S.'S Datta Meghe College Of Engineering, Airoli, Navi Mumbai",Mumbai,Un-Aided,Non-Autonomous,Mumbai University,Mumbai University,0318724610,Information Technology,GVJO,67964,79.3730892,Stage I,2025-26,1,87
03187,"N.Y.S.S.'S Datta Meghe College Of Engineering, Airoli, Navi Mumbai",Mumbai,Un-Aided,Non-Autonomous,Mumbai University,Mumbai University,0318724610,Information Technology,GOBCO,49049,85.2260888,Stage I,2025-26,1,87
03187,"N.Y.S.S.'S Datta Meghe College Of Engineering, Airoli, Navi Mumbai",Mumbai,Un-Aided,Non-Autonomous,Mumbai University,Mumbai University,0318724610,Information Technology,GSEBCO,59889,81.940403,Stage I,2025-26,1,87
03187,"N.Y.S.S.'S Datta Meghe College Of Engineering, Airoli, Navi Mumbai",Mumbai,Un-Aided,Non-Autonomous,Mumbai University,Mumbai University,0318724610,Information Technology,LOPENO,48130,85.6421968,Stage I,2025-26,1,87
03187,"N.Y.S.S.'S Datta Meghe College Of Engineering, Airoli, Navi Mumbai",Mumbai,Un-Aided,Non-Autonomous,Mumbai University,Mumbai University,0318724610,Information Technology,LSCO,72279,77.9513058,Stage I,2025-26,1,87
03187,"N.Y.S.S.'S Datta Meghe College Of Engineering, Airoli, Navi Mumbai",Mumbai,Un-Aided,Non-Autonomous,Mumbai University,Mumbai University,0318724610,Information Technology,LNT2O,64566,80.3575863,Stage I,2025-26,1,87
03187,"N.Y.S.S.'S Datta Meghe College Of Engineering, Airoli, Navi Mumbai",Mumbai,Un-Aided,Non-Autonomous,Mumbai University,Mumbai University,0318724610,Information Technology,LOBCO,50310,84.9728618,Stage I,2025-26,1,87
03187,"N.Y.S.S.'S Datta Meghe College Of Engineering, Airoli, Navi Mumbai",Mumbai,Un-Aided,Non-Autonomous,Mumbai University,Mumbai University,0318724610,Information Technology,LSEBCO,53283,84.0359888,Stage I,2025-26,1,87
03187,"N.Y.S.S.'S Datta Meghe College Of Engineering, Airoli, Navi Mumbai",Mumbai,Un-Aided,Non-Autonomous,Mumbai University,Mumbai University,0318724610,Information Technology,GSTO,155832,39.6653303,Stage I,2025-26,1,87
03187,"N.Y.S.S.'S Datta Meghe College Of Engineering, Airoli, Navi Mumbai",Mumbai,Un-Aided,Non-Autonomous,Mumbai University,Mumbai University,0318724610,Information Technology,DEFOPENS,68146,79.3004726,Stage I,2025-26,1,87
03187,"N.Y.S.S.'S Datta Meghe College Of Engineering, Airoli, Navi Mumbai",Mumbai,Un-Aided,Non-Autonomous,Mumbai University,Mumbai University,0318724610,Information Technology,DEFOBCS,123319,57.4017459,Stage I,2025-26,1,87
03187,"N.Y.S.S.'S Datta Meghe College Of Engineering, Airoli, Navi Mumbai",Mumbai,Un-Aided,Non-Autonomous,Mumbai University,Mumbai University,0318724610,Information Technology,TFWS,25285,92.6059167,Stage I,2025-26,1,87
03187,"N.Y.S.S.'S Datta Meghe College Of Engineering, Airoli, Navi Mumbai",Mumbai,Un-Aided,Non-Autonomous,Mumbai University,Mumbai University,0318724610,Information Technology,DEFROBCS,99174,68.1117918,Stage I,2025-26,1,87
03187,"N.Y.S.S.'S Datta Meghe College Of Engineering, Airoli, Navi Mumbai",Mumbai,Un-Aided,Non-Autonomous,Mumbai University,Mumbai University,0318724610,Information Technology,EWS,202482,1.8553336,Stage I,2025-26,1,87
03187,"N.Y.S.S.'S Datta Meghe College Of Engineering, Airoli, Navi Mumbai",Mumbai,Un-Aided,Non-Autonomous,Mumbai University,Mumbai University,0318737210,Electronics And Telecommunication Engg,GOPENH,49023,85.2260888,Stage I,2025-26,1,88
03187,"N.Y.S.S.'S Datta Meghe College Of Engineering, Airoli, Navi Mumbai",Mumbai,Un-Aided,Non-Autonomous,Mumbai University,Mumbai University,0318737210,Electronics And Telecommunication Engg,GSCH,66877,79.6986029,Stage I,2025-26,1,88
03187,"N.Y.S.S.'S Datta Meghe College Of Engineering, Airoli, Navi Mumbai",Mumbai,Un-Aided,Non-Autonomous,Mumbai University,Mumbai University,0318737210,Electronics And Telecommunication Engg,GVJH,148189,43.9154166,Stage I,2025-26,1,88
03187,"N.Y.S.S.'S Datta Meghe College Of Engineering, Airoli, Navi Mumbai",Mumbai,Un-Aided,Non-Autonomous,Mumbai University,Mumbai University,0318737210,Electronics And Telecommunication Engg,GNT1H,67421,79.6033896,Stage I,2025-26,1,88
03187,"N.Y.S.S.'S Datta Meghe College Of Engineering, Airoli, Navi Mumbai",Mumbai,Un-Aided,Non-Autonomous,Mumbai University,Mumbai University,0318737210,Electronics And Telecommunication Engg,GNT2H,71641,78.2396759,Stage I,2025-26,1,88
03187,"N.Y.S.S.'S Datta Meghe College Of Engineering, Airoli, Navi Mumbai",Mumbai,Un-Aided,Non-Autonomous,Mumbai University,Mumbai University,0318737210,Electronics And Telecommunication Engg,GNT3H,54291,83.7239356,Stage I,2025-26,1,88
03187,"N.Y.S.S.'S Datta Meghe College Of Engineering, Airoli, Navi Mumbai",Mumbai,Un-Aided,Non-Autonomous,Mumbai University,Mumbai University,0318737210,Electronics And Telecommunication Engg,GOBCH,59251,82.1319232,Stage I,2025-26,1,88
03187,"N.Y.S.S.'S Datta Meghe College Of Engineering, Airoli, Navi Mumbai",Mumbai,Un-Aided,Non-Autonomous,Mumbai University,Mumbai University,0318737210,Electronics And Telecommunication Engg,GSEBCH,85217,73.2612864,Stage I,2025-26,1,88
03187,"N.Y.S.S.'S Datta Meghe College Of Engineering, Airoli, Navi Mumbai",Mumbai,Un-Aided,Non-Autonomous,Mumbai University,Mumbai University,0318737210,Electronics And Telecommunication Engg,LOPENH,46803,85.9646097,Stage I,2025-26,1,88
03187,"N.Y.S.S.'S Datta Meghe College Of Engineering, Airoli, Navi Mumbai",Mumbai,Un-Aided,Non-Autonomous,Mumbai University,Mumbai University,0318737210,Electronics And Telecommunication Engg,LSCH,75935,76.7635852,Stage I,2025-26,1,88
03187,"N.Y.S.S.'S Datta Meghe College Of Engineering, Airoli, Navi Mumbai",Mumbai,Un-Aided,Non-Autonomous,Mumbai University,Mumbai University,0318737210,Electronics And Telecommunication Engg,LNT2H,67925,79.3730892,Stage I,2025-26,1,88
03187,"N.Y.S.S.'S Datta Meghe College Of Engineering, Airoli, Navi Mumbai",Mumbai,Un-Aided,Non-Autonomous,Mumbai University,Mumbai University,0318737210,Electronics And Telecommunication Engg,LOBCH,58124,82.3938224,Stage I,2025-26,1,88
03187,"N.Y.S.S.'S Datta Meghe College Of Engineering, Airoli, Navi Mumbai",Mumbai,Un-Aided,Non-Autonomous,Mumbai University,Mumbai University,0318737210,Electronics And Telecommunication Engg,LSEBCH,68546,79.027972,Stage I,2025-26,1,88
03187,"N.Y.S.S.'S Datta Meghe College Of Engineering, Airoli, Navi Mumbai",Mumbai,Un-Aided,Non-Autonomous,Mumbai University,Mumbai University,0318737210,Electronics And Telecommunication Engg,GOPENO,63162,80.9669596,Stage I,2025-26,1,88
03187,"N.Y.S.S.'S Datta Meghe College Of Engineering, Airoli, Navi Mumbai",Mumbai,Un-Aided,Non-Autonomous,Mumbai University,Mumbai University,0318737210,Electronics And Telecommunication Engg,GSCO,93464,70.2033567,Stage I,2025-26,1,88
03187,"N.Y.S.S.'S Datta Meghe College Of Engineering, Airoli, Navi Mumbai",Mumbai,Un-Aided,Non-Autonomous,Mumbai University,Mumbai University,0318737210,Electronics And Telecommunication Engg,GNT1O,96372,68.9620341,Stage I,2025-26,1,88
03187,"N.Y.S.S.'S Datta Meghe College Of Engineering, Airoli, Navi Mumbai",Mumbai,Un-Aided,Non-Autonomous,Mumbai University,Mumbai University,0318737210,Electronics And Telecommunication Engg,GNT3O,67138,79.6925092,Stage I,2025-26,1,88
03187,"N.Y.S.S.'S Datta Meghe College Of Engineering, Airoli, Navi Mumbai",Mumbai,Un-Aided,Non-Autonomous,Mumbai University,Mumbai University,0318737210,Electronics And Telecommunication Engg,GOBCO,63510,80.7807182,Stage I,2025-26,1,88
03187,"N.Y.S.S.'S Datta Meghe College Of Engineering, Airoli, Navi Mumbai",Mumbai,Un-Aided,Non-Autonomous,Mumbai University,Mumbai University,0318737210,Electronics And Telecommunication Engg,GSEBCO,99515,67.8236662,Stage I,2025-26,1,88
03187,"N.Y.S.S.'S Datta Meghe College Of Engineering, Airoli, Navi Mumbai",Mumbai,Un-Aided,Non-Autonomous,Mumbai University,Mumbai University,0318737210,Electronics And Telecommunication Engg,LOPENO,65044,80.0,Stage I,2025-26,1,88
03187,"N.Y.S.S.'S Datta Meghe College Of Engineering, Airoli, Navi Mumbai",Mumbai,Un-Aided,Non-Autonomous,Mumbai University,Mumbai University,0318737210,Electronics And Telecommunication Engg,LSCO,133506,52.3622324,Stage I,2025-26,1,88
03187,"N.Y.S.S.'S Datta Meghe College Of Engineering, Airoli, Navi Mumbai",Mumbai,Un-Aided,Non-Autonomous,Mumbai University,Mumbai University,0318737210,Electronics And Telecommunication Engg,LOBCO,66853,79.6986029,Stage I,2025-26,1,88
03187,"N.Y.S.S.'S Datta Meghe College Of Engineering, Airoli, Navi Mumbai",Mumbai,Un-Aided,Non-Autonomous,Mumbai University,Mumbai University,0318737210,Electronics And Telecommunication Engg,LVJO,159923,36.5248856,Stage I,2025-26,1,88
03187,"N.Y.S.S.'S Datta Meghe College Of Engineering, Airoli, Navi Mumbai",Mumbai,Un-Aided,Non-Autonomous,Mumbai University,Mumbai University,0318737210,Electronics And Telecommunication Engg,DEFOPENS,104300,65.8462319,Stage I,2025-26,1,88
03187,"N.Y.S.S.'S Datta Meghe College Of Engineering, Airoli, Navi Mumbai",Mumbai,Un-Aided,Non-Autonomous,Mumbai University,Mumbai University,0318737210,Electronics And Telecommunication Engg,TFWS,50791,84.8660601,Stage I,2025-26,1,88
03187,"N.Y.S.S.'S Datta Meghe College Of Engineering, Airoli, Navi Mumbai",Mumbai,Un-Aided,Non-Autonomous,Mumbai University,Mumbai University,0318737210,Electronics And Telecommunication Engg,EWS,167914,32.1281783,Stage I,2025-26,1,88
03187,"N.Y.S.S.'S Datta Meghe College Of Engineering, Airoli, Navi Mumbai",Mumbai,Un-Aided,Non-Autonomous,Mumbai University,Mumbai University,0318750710,Chemical Engineering,GOPENH,35230,89.6700597,Stage I,2025-26,1,89
03187,"N.Y.S.S.'S Datta Meghe College Of Engineering, Airoli, Navi Mumbai",Mumbai,Un-Aided,Non-Autonomous,Mumbai University,Mumbai University,0318750710,Chemical Engineering,GSCH,67437,79.6033896,Stage I,2025-26,1,89
03187,"N.Y.S.S.'S Datta Meghe College Of Engineering, Airoli, Navi Mumbai",Mumbai,Un-Aided,Non-Autonomous,Mumbai University,Mumbai University,0318750710,Chemical Engineering,GNT1H,168366,32.0884521,Stage I,2025-26,1,89
03187,"N.Y.S.S.'S Datta Meghe College Of Engineering, Airoli, Navi Mumbai",Mumbai,Un-Aided,Non-Autonomous,Mumbai University,Mumbai University,0318750710,Chemical Engineering,GNT2H,154334,40.0936536,Stage I,2025-26,1,89
03187,"N.Y.S.S.'S Datta Meghe College Of Engineering, Airoli, Navi Mumbai",Mumbai,Un-Aided,Non-Autonomous,Mumbai University,Mumbai University,0318750710,Chemical Engineering,GOBCH,50053,85.0571556,Stage I,2025-26,1,89
03187,"N.Y.S.S.'S Datta Meghe College Of Engineering, Airoli, Navi Mumbai",Mumbai,Un-Aided,Non-Autonomous,Mumbai University,Mumbai University,0318750710,Chemical Engineering,GSEBCH,90847,71.173087,Stage I,2025-26,1,89
03187,"N.Y.S.S.'S Datta Meghe College Of Engineering, Airoli, Navi Mumbai",Mumbai,Un-Aided,Non-Autonomous,Mumbai University,Mumbai University,0318750710,Chemical Engineering,LOPENH,25283,92.6563556,Stage I,2025-26,1,89
03187,"N.Y.S.S.'S Datta Meghe College Of Engineering, Airoli, Navi Mumbai",Mumbai,Un-Aided,Non-Autonomous,Mumbai University,Mumbai University,0318750710,Chemical Engineering,LSCH,96480,68.9620341,Stage I,2025-26,1,89
03187,"N.Y.S.S.'S Datta Meghe College Of Engineering, Airoli, Navi Mumbai",Mumbai,Un-Aided,Non-Autonomous,Mumbai University,Mumbai University,0318750710,Chemical Engineering,LOBCH,73657,77.161886,Stage I,2025-26,1,89
03187,"N.Y.S.S.'S Datta Meghe College Of Engineering, Airoli, Navi Mumbai",Mumbai,Un-Aided,Non-Autonomous,Mumbai University,Mumbai University,0318750710,Chemical Engineering,LSEBCH,49080,85.2260888,Stage I,2025-26,1,89
03187,"N.Y.S.S.'S Datta Meghe College Of Engineering, Airoli, Navi Mumbai",Mumbai,Un-Aided,Non-Autonomous,Mumbai University,Mumbai University,0318750710,Chemical Engineering,GVJH,168667,32.0008834,Stage I,2025-26,1,89
03187,"N.Y.S.S.'S Datta Meghe College Of Engineering, Airoli, Navi Mumbai",Mumbai,Un-Aided,Non-Autonomous,Mumbai University,Mumbai University,0318750710,Chemical Engineering,GOPENO,67555,79.4832155,Stage I,2025-26,1,89
03187,"N.Y.S.S.'S Datta Meghe College Of Engineering, Airoli, Navi Mumbai",Mumbai,Un-Aided,Non-Autonomous,Mumbai University,Mumbai University,0318750710,Chemical Engineering,GSCO,89344,71.5830116,Stage I,2025-26,1,89
03187,"N.Y.S.S.'S Datta Meghe College Of Engineering, Airoli, Navi Mumbai",Mumbai,Un-Aided,Non-Autonomous,Mumbai University,Mumbai University,0318750710,Chemical Engineering,GNT2O,92352,70.507201,Stage I,2025-26,1,89
03187,"N.Y.S.S.'S Datta Meghe College Of Engineering, Airoli, Navi Mumbai",Mumbai,Un-Aided,Non-Autonomous,Mumbai University,Mumbai University,0318750710,Chemical Engineering,GOBCO,74829,76.9213781,Stage I,2025-26,1,89
03187,"N.Y.S.S.'S Datta Meghe College Of Engineering, Airoli, Navi Mumbai",Mumbai,Un-Aided,Non-Autonomous,Mumbai University,Mumbai University,0318750710,Chemical Engineering,LOPENO,60937,81.6328671,Stage I,2025-26,1,89
03187,"N.Y.S.S.'S Datta Meghe College Of Engineering, Airoli, Navi Mumbai",Mumbai,Un-Aided,Non-Autonomous,Mumbai University,Mumbai University,0318750710,Chemical Engineering,LSCO,104464,65.6692751,Stage I,2025-26,1,89
03187,"N.Y.S.S.'S Datta Meghe College Of Engineering, Airoli, Navi Mumbai",Mumbai,Un-Aided,Non-Autonomous,Mumbai University,Mumbai University,0318750710,Chemical Engineering,LSEBCO,151516,42.7403863,Stage I,2025-26,1,89
03187,"N.Y.S.S.'S Datta Meghe College Of Engineering, Airoli, Navi Mumbai",Mumbai,Un-Aided,Non-Autonomous,Mumbai University,Mumbai University,0318750710,Chemical Engineering,TFWS,57804,82.4521073,Stage I,2025-26,1,89
03187,"N.Y.S.S.'S Datta Meghe College Of Engineering, Airoli, Navi Mumbai",Mumbai,Un-Aided,Non-Autonomous,Mumbai University,Mumbai University,0318750710,Chemical Engineering,EWS,162423,35.9295868,Stage I,2025-26,1,89
03187,"N.Y.S.S.'S Datta Meghe College Of Engineering, Airoli, Navi Mumbai",Mumbai,Un-Aided,Non-Autonomous,Mumbai University,Mumbai University,0318761210,Mechanical Engineering,GOPENH,57246,82.8332926,Stage I,2025-26,1,90
03187,"N.Y.S.S.'S Datta Meghe College Of Engineering, Airoli, Navi Mumbai",Mumbai,Un-Aided,Non-Autonomous,Mumbai University,Mumbai University,0318761210,Mechanical Engineering,GSCH,92522,70.507201,Stage I,2025-26,1,90
03187,"N.Y.S.S.'S Datta Meghe College Of Engineering, Airoli, Navi Mumbai",Mumbai,Un-Aided,Non-Autonomous,Mumbai University,Mumbai University,0318761210,Mechanical Engineering,GSTH,102600,66.3795642,Stage I,2025-26,1,90
03187,"N.Y.S.S.'S Datta Meghe College Of Engineering, Airoli, Navi Mumbai",Mumbai,Un-Aided,Non-Autonomous,Mumbai University,Mumbai University,0318761210,Mechanical Engineering,GNT2H,84276,73.5570613,Stage I,2025-26,1,90
03187,"N.Y.S.S.'S Datta Meghe College Of Engineering, Airoli, Navi Mumbai",Mumbai,Un-Aided,Non-Autonomous,Mumbai University,Mumbai University,0318761210,Mechanical Engineering,GOBCH,74634,76.9213781,Stage I,2025-26,1,90
03187,"N.Y.S.S.'S Datta Meghe College Of Engineering, Airoli, Navi Mumbai",Mumbai,Un-Aided,Non-Autonomous,Mumbai University,Mumbai University,0318761210,Mechanical Engineering,GSEBCH,69240,78.6167398,Stage I,2025-26,1,90
03187,"N.Y.S.S.'S Datta Meghe College Of Engineering, Airoli, Navi Mumbai",Mumbai,Un-Aided,Non-Autonomous,Mumbai University,Mumbai University,0318761210,Mechanical Engineering,LOPENH,77053,75.8001957,Stage I,2025-26,1,90
03187,"N.Y.S.S.'S Datta Meghe College Of Engineering, Airoli, Navi Mumbai",Mumbai,Un-Aided,Non-Autonomous,Mumbai University,Mumbai University,0318761210,Mechanical Engineering,LSCH,109839,63.3986014,Stage I,2025-26,1,90
03187,"N.Y.S.S.'S Datta Meghe College Of Engineering, Airoli, Navi Mumbai",Mumbai,Un-Aided,Non-Autonomous,Mumbai University,Mumbai University,0318761210,Mechanical Engineering,LOBCH,111498,62.8632493,Stage I,2025-26,1,90
03187,"N.Y.S.S.'S Datta Meghe College Of Engineering, Airoli, Navi Mumbai",Mumbai,Un-Aided,Non-Autonomous,Mumbai University,Mumbai University,0318761210,Mechanical Engineering,LSEBCH,113392,61.796967,Stage I,2025-26,1,90
03187,"N.Y.S.S.'S Datta Meghe College Of Engineering, Airoli, Navi Mumbai",Mumbai,Un-Aided,Non-Autonomous,Mumbai University,Mumbai University,0318761210,Mechanical Engineering,LSTH,203494,0.3776046,Stage II,2025-26,1,90
03187,"N.Y.S.S.'S Datta Meghe College Of Engineering, Airoli, Navi Mumbai",Mumbai,Un-Aided,Non-Autonomous,Mumbai University,Mumbai University,0318761210,Mechanical Engineering,LNT3H,148299,43.9154166,Stage I,2025-26,1,90
03187,"N.Y.S.S.'S Datta Meghe College Of Engineering, Airoli, Navi Mumbai",Mumbai,Un-Aided,Non-Autonomous,Mumbai University,Mumbai University,0318761210,Mechanical Engineering,GOPENO,76991,75.8001957,Stage I,2025-26,1,90
03187,"N.Y.S.S.'S Datta Meghe College Of Engineering, Airoli, Navi Mumbai",Mumbai,Un-Aided,Non-Autonomous,Mumbai University,Mumbai University,0318761210,Mechanical Engineering,GSCO,79272,75.2405919,Stage I,2025-26,1,90
03187,"N.Y.S.S.'S Datta Meghe College Of Engineering, Airoli, Navi Mumbai",Mumbai,Un-Aided,Non-Autonomous,Mumbai University,Mumbai University,0318761210,Mechanical Engineering,GVJO,155018,39.902473,Stage I,2025-26,1,90
03187,"N.Y.S.S.'S Datta Meghe College Of Engineering, Airoli, Navi Mumbai",Mumbai,Un-Aided,Non-Autonomous,Mumbai University,Mumbai University,0318761210,Mechanical Engineering,GOBCO,91144,71.0971787,Stage I,2025-26,1,90
03187,"N.Y.S.S.'S Datta Meghe College Of Engineering, Airoli, Navi Mumbai",Mumbai,Un-Aided,Non-Autonomous,Mumbai University,Mumbai University,0318761210,Mechanical Engineering,GSEBCO,108312,63.8244514,Stage I,2025-26,1,90
03187,"N.Y.S.S.'S Datta Meghe College Of Engineering, Airoli, Navi Mumbai",Mumbai,Un-Aided,Non-Autonomous,Mumbai University,Mumbai University,0318761210,Mechanical Engineering,LOBCO,183777,19.8246656,Stage I,2025-26,1,90
03187,"N.Y.S.S.'S Datta Meghe College Of Engineering, Airoli, Navi Mumbai",Mumbai,Un-Aided,Non-Autonomous,Mumbai University,Mumbai University,0318761210,Mechanical Engineering,LNT1O,142230,47.3563218,Stage II,2025-26,1,90
03187,"N.Y.S.S.'S Datta Meghe College Of Engineering, Airoli, Navi Mumbai",Mumbai,Un-Aided,Non-Autonomous,Mumbai University,Mumbai University,0318761210,Mechanical Engineering,DEFOPENS,66893,79.6986029,Stage I,2025-26,1,90
03187,"N.Y.S.S.'S Datta Meghe College Of Engineering, Airoli, Navi Mumbai",Mumbai,Un-Aided,Non-Autonomous,Mumbai University,Mumbai University,0318761210,Mechanical Engineering,TFWS,39844,88.188033,Stage I,2025-26,1,90
03187,"N.Y.S.S.'S Datta Meghe College Of Engineering, Airoli, Navi Mumbai",Mumbai,Un-Aided,Non-Autonomous,Mumbai University,Mumbai University,0318761210,Mechanical Engineering,EWS,122002,57.6249683,Stage I,2025-26,1,90
03187,"N.Y.S.S.'S Datta Meghe College Of Engineering, Airoli, Navi Mumbai",Mumbai,Un-Aided,Non-Autonomous,Mumbai University,Mumbai University,0318791810,Civil And Infrastructure Engineering,GOPENH,96945,68.8687467,Stage I,2025-26,1,91
03187,"N.Y.S.S.'S Datta Meghe College Of Engineering, Airoli, Navi Mumbai",Mumbai,Un-Aided,Non-Autonomous,Mumbai University,Mumbai University,0318791810,Civil And Infrastructure Engineering,GSCH,124917,56.6213771,Stage I,2025-26,1,91
03187,"N.Y.S.S.'S Datta Meghe College Of Engineering, Airoli, Navi Mumbai",Mumbai,Un-Aided,Non-Autonomous,Mumbai University,Mumbai University,0318791810,Civil And Infrastructure Engineering,GVJH,179509,22.9939635,Stage I,2025-26,1,91
03187,"N.Y.S.S.'S Datta Meghe College Of Engineering, Airoli, Navi Mumbai",Mumbai,Un-Aided,Non-Autonomous,Mumbai University,Mumbai University,0318791810,Civil And Infrastructure Engineering,GNT3H,152416,42.2674623,Stage I,2025-26,1,91
03187,"N.Y.S.S.'S Datta Meghe College Of Engineering, Airoli, Navi Mumbai",Mumbai,Un-Aided,Non-Autonomous,Mumbai University,Mumbai University,0318791810,Civil And Infrastructure Engineering,GOBCH,129559,54.1537389,Stage I,2025-26,1,91
03187,"N.Y.S.S.'S Datta Meghe College Of Engineering, Airoli, Navi Mumbai",Mumbai,Un-Aided,Non-Autonomous,Mumbai University,Mumbai University,0318791810,Civil And Infrastructure Engineering,GSEBCH,201081,3.5346303,Stage I,2025-26,1,91
03187,"N.Y.S.S.'S Datta Meghe College Of Engineering, Airoli, Navi Mumbai",Mumbai,Un-Aided,Non-Autonomous,Mumbai University,Mumbai University,0318791810,Civil And Infrastructure Engineering,LOPENH,126335,55.6405756,Stage I,2025-26,1,91
03187,"N.Y.S.S.'S Datta Meghe College Of Engineering, Airoli, Navi Mumbai",Mumbai,Un-Aided,Non-Autonomous,Mumbai University,Mumbai University,0318791810,Civil And Infrastructure Engineering,LSCH,141081,47.8905633,Stage I,2025-26,1,91
03187,"N.Y.S.S.'S Datta Meghe College Of Engineering, Airoli, Navi Mumbai",Mumbai,Un-Aided,Non-Autonomous,Mumbai University,Mumbai University,0318791810,Civil And Infrastructure Engineering,LOBCH,201352,3.2027737,Stage I,2025-26,1,91
03187,"N.Y.S.S.'S Datta Meghe College Of Engineering, Airoli, Navi Mumbai",Mumbai,Un-Aided,Non-Autonomous,Mumbai University,Mumbai University,0318791810,Civil And Infrastructure Engineering,LSEBCH,184528,19.2051273,Stage I,2025-26,1,91
03187,"N.Y.S.S.'S Datta Meghe College Of Engineering, Airoli, Navi Mumbai",Mumbai,Un-Aided,Non-Autonomous,Mumbai University,Mumbai University,0318791810,Civil And Infrastructure Engineering,GOPENO,136002,50.8281802,Stage I,2025-26,1,91
03187,"N.Y.S.S.'S Datta Meghe College Of Engineering, Airoli, Navi Mumbai",Mumbai,Un-Aided,Non-Autonomous,Mumbai University,Mumbai University,0318791810,Civil And Infrastructure Engineering,GSCO,155627,39.7546871,Stage I,2025-26,1,91
03187,"N.Y.S.S.'S Datta Meghe College Of Engineering, Airoli, Navi Mumbai",Mumbai,Un-Aided,Non-Autonomous,Mumbai University,Mumbai University,0318791810,Civil And Infrastructure Engineering,GNT2O,176263,25.5643537,Stage I,2025-26,1,91
03187,"N.Y.S.S.'S Datta Meghe College Of Engineering, Airoli, Navi Mumbai",Mumbai,Un-Aided,Non-Autonomous,Mumbai University,Mumbai University,0318791810,Civil And Infrastructure Engineering,GOBCO,157024,39.3344201,Stage I,2025-26,1,91
03187,"N.Y.S.S.'S Datta Meghe College Of Engineering, Airoli, Navi Mumbai",Mumbai,Un-Aided,Non-Autonomous,Mumbai University,Mumbai University,0318791810,Civil And Infrastructure Engineering,LOPENO,172387,28.8537986,Stage I,2025-26,1,91
03187,"N.Y.S.S.'S Datta Meghe College Of Engineering, Airoli, Navi Mumbai",Mumbai,Un-Aided,Non-Autonomous,Mumbai University,Mumbai University,0318791810,Civil And Infrastructure Engineering,LOBCO,159409,37.6293706,Stage II,2025-26,1,91
03187,"N.Y.S.S.'S Datta Meghe College Of Engineering, Airoli, Navi Mumbai",Mumbai,Un-Aided,Non-Autonomous,Mumbai University,Mumbai University,0318791810,Civil And Infrastructure Engineering,GSCO,144671,46.6242967,Stage I,2025-26,1,91
03187,"N.Y.S.S.'S Datta Meghe College Of Engineering, Airoli, Navi Mumbai",Mumbai,Un-Aided,Non-Autonomous,Mumbai University,Mumbai University,0318791810,Civil And Infrastructure Engineering,TFWS,122287,57.6249683,Stage I,2025-26,1,91
03187,"N.Y.S.S.'S Datta Meghe College Of Engineering, Airoli, Navi Mumbai",Mumbai,Un-Aided,Non-Autonomous,Mumbai University,Mumbai University,0318799510,Artificial Intelligence And Data Science,GOPENH,31707,90.6674583,Stage I,2025-26,1,92
03187,"N.Y.S.S.'S Datta Meghe College Of Engineering, Airoli, Navi Mumbai",Mumbai,Un-Aided,Non-Autonomous,Mumbai University,Mumbai University,0318799510,Artificial Intelligence And Data Science,GSCH,44999,86.6751751,Stage I,2025-26,1,92
03187,"N.Y.S.S.'S Datta Meghe College Of Engineering, Airoli, Navi Mumbai",Mumbai,Un-Aided,Non-Autonomous,Mumbai University,Mumbai University,0318799510,Artificial Intelligence And Data Science,GSTH,121173,58.2180677,Stage I,2025-26,1,92
03187,"N.Y.S.S.'S Datta Meghe College Of Engineering, Airoli, Navi Mumbai",Mumbai,Un-Aided,Non-Autonomous,Mumbai University,Mumbai University,0318799510,Artificial Intelligence And Data Science,GVJH,60930,81.6328671,Stage I,2025-26,1,92
03187,"N.Y.S.S.'S Datta Meghe College Of Engineering, Airoli, Navi Mumbai",Mumbai,Un-Aided,Non-Autonomous,Mumbai University,Mumbai University,0318799510,Artificial Intelligence And Data Science,GNT1H,32884,90.3099038,Stage I,2025-26,1,92
03187,"N.Y.S.S.'S Datta Meghe College Of Engineering, Airoli, Navi Mumbai",Mumbai,Un-Aided,Non-Autonomous,Mumbai University,Mumbai University,0318799510,Artificial Intelligence And Data Science,GNT2H,56631,82.8811189,Stage I,2025-26,1,92
03187,"N.Y.S.S.'S Datta Meghe College Of Engineering, Airoli, Navi Mumbai",Mumbai,Un-Aided,Non-Autonomous,Mumbai University,Mumbai University,0318799510,Artificial Intelligence And Data Science,GNT3H,44383,86.7181467,Stage I,2025-26,1,92
03187,"N.Y.S.S.'S Datta Meghe College Of Engineering, Airoli, Navi Mumbai",Mumbai,Un-Aided,Non-Autonomous,Mumbai University,Mumbai University,0318799510,Artificial Intelligence And Data Science,GOBCH,34527,89.8520525,Stage I,2025-26,1,92
03187,"N.Y.S.S.'S Datta Meghe College Of Engineering, Airoli, Navi Mumbai",Mumbai,Un-Aided,Non-Autonomous,Mumbai University,Mumbai University,0318799510,Artificial Intelligence And Data Science,GSEBCH,44606,86.6827486,Stage I,2025-26,1,92
03187,"N.Y.S.S.'S Datta Meghe College Of Engineering, Airoli, Navi Mumbai",Mumbai,Un-Aided,Non-Autonomous,Mumbai University,Mumbai University,0318799510,Artificial Intelligence And Data Science,LOPENH,30718,91.0114841,Stage I,2025-26,1,92
03187,"N.Y.S.S.'S Datta Meghe College Of Engineering, Airoli, Navi Mumbai",Mumbai,Un-Aided,Non-Autonomous,Mumbai University,Mumbai University,0318799510,Artificial Intelligence And Data Science,LSCH,44511,86.7181467,Stage I,2025-26,1,92
03187,"N.Y.S.S.'S Datta Meghe College Of Engineering, Airoli, Navi Mumbai",Mumbai,Un-Aided,Non-Autonomous,Mumbai University,Mumbai University,0318799510,Artificial Intelligence And Data Science,LVJH,57223,82.8332926,Stage I,2025-26,1,92
03187,"N.Y.S.S.'S Datta Meghe College Of Engineering, Airoli, Navi Mumbai",Mumbai,Un-Aided,Non-Autonomous,Mumbai University,Mumbai University,0318799510,Artificial Intelligence And Data Science,LNT2H,79085,75.3562654,Stage I,2025-26,1,92
03187,"N.Y.S.S.'S Datta Meghe College Of Engineering, Airoli, Navi Mumbai",Mumbai,Un-Aided,Non-Autonomous,Mumbai University,Mumbai University,0318799510,Artificial Intelligence And Data Science,LOBCH,38986,88.5372351,Stage I,2025-26,1,92
03187,"N.Y.S.S.'S Datta Meghe College Of Engineering, Airoli, Navi Mumbai",Mumbai,Un-Aided,Non-Autonomous,Mumbai University,Mumbai University,0318799510,Artificial Intelligence And Data Science,LSEBCH,52619,84.1437716,Stage I,2025-26,1,92
03187,"N.Y.S.S.'S Datta Meghe College Of Engineering, Airoli, Navi Mumbai",Mumbai,Un-Aided,Non-Autonomous,Mumbai University,Mumbai University,0318799510,Artificial Intelligence And Data Science,LSTH,178532,24.6987745,Stage II,2025-26,1,92
03187,"N.Y.S.S.'S Datta Meghe College Of Engineering, Airoli, Navi Mumbai",Mumbai,Un-Aided,Non-Autonomous,Mumbai University,Mumbai University,0318799510,Artificial Intelligence And Data Science,GOPENO,51999,84.4752545,Stage I,2025-26,1,92
03187,"N.Y.S.S.'S Datta Meghe College Of Engineering, Airoli, Navi Mumbai",Mumbai,Un-Aided,Non-Autonomous,Mumbai University,Mumbai University,0318799510,Artificial Intelligence And Data Science,GSCO,67453,79.6033896,Stage I,2025-26,1,92
03187,"N.Y.S.S.'S Datta Meghe College Of Engineering, Airoli, Navi Mumbai",Mumbai,Un-Aided,Non-Autonomous,Mumbai University,Mumbai University,0318799510,Artificial Intelligence And Data Science,GVJO,56462,82.9717485,Stage I,2025-26,1,92
03187,"N.Y.S.S.'S Datta Meghe College Of Engineering, Airoli, Navi Mumbai",Mumbai,Un-Aided,Non-Autonomous,Mumbai University,Mumbai University,0318799510,Artificial Intelligence And Data Science,GNT1O,65433,79.98947,Stage I,2025-26,1,92
03187,"N.Y.S.S.'S Datta Meghe College Of Engineering, Airoli, Navi Mumbai",Mumbai,Un-Aided,Non-Autonomous,Mumbai University,Mumbai University,0318799510,Artificial Intelligence And Data Science,GOBCO,55905,83.2058578,Stage I,2025-26,1,92
03187,"N.Y.S.S.'S Datta Meghe College Of Engineering, Airoli, Navi Mumbai",Mumbai,Un-Aided,Non-Autonomous,Mumbai University,Mumbai University,0318799510,Artificial Intelligence And Data Science,GSEBCO,62727,81.0133535,Stage I,2025-26,1,92
03187,"N.Y.S.S.'S Datta Meghe College Of Engineering, Airoli, Navi Mumbai",Mumbai,Un-Aided,Non-Autonomous,Mumbai University,Mumbai University,0318799510,Artificial Intelligence And Data Science,LOPENO,56997,82.837277,Stage I,2025-26,1,92
03187,"N.Y.S.S.'S Datta Meghe College Of Engineering, Airoli, Navi Mumbai",Mumbai,Un-Aided,Non-Autonomous,Mumbai University,Mumbai University,0318799510,Artificial Intelligence And Data Science,LSCO,77754,75.652265,Stage I,2025-26,1,92
03187,"N.Y.S.S.'S Datta Meghe College Of Engineering, Airoli, Navi Mumbai",Mumbai,Un-Aided,Non-Autonomous,Mumbai University,Mumbai University,0318799510,Artificial Intelligence And Data Science,LNT2O,74608,76.9213781,Stage I,2025-26,1,92
03187,"N.Y.S.S.'S Datta Meghe College Of Engineering, Airoli, Navi Mumbai",Mumbai,Un-Aided,Non-Autonomous,Mumbai University,Mumbai University,0318799510,Artificial Intelligence And Data Science,LNT3O,67457,79.6033896,Stage I,2025-26,1,92
03187,"N.Y.S.S.'S Datta Meghe College Of Engineering, Airoli, Navi Mumbai",Mumbai,Un-Aided,Non-Autonomous,Mumbai University,Mumbai University,0318799510,Artificial Intelligence And Data Science,LOBCO,58958,82.135869,Stage I,2025-26,1,92
03187,"N.Y.S.S.'S Datta Meghe College Of Engineering, Airoli, Navi Mumbai",Mumbai,Un-Aided,Non-Autonomous,Mumbai University,Mumbai University,0318799510,Artificial Intelligence And Data Science,LSEBCO,65814,79.9072027,Stage I,2025-26,1,92
03187,"N.Y.S.S.'S Datta Meghe College Of Engineering, Airoli, Navi Mumbai",Mumbai,Un-Aided,Non-Autonomous,Mumbai University,Mumbai University,0318799510,Artificial Intelligence And Data Science,GSTO,142929,47.1398578,Stage I,2025-26,1,92
03187,"N.Y.S.S.'S Datta Meghe College Of Engineering, Airoli, Navi Mumbai",Mumbai,Un-Aided,Non-Autonomous,Mumbai University,Mumbai University,0318799510,Artificial Intelligence And Data Science,LSTO,182944,20.6428039,Stage II,2025-26,1,92
03187,"N.Y.S.S.'S Datta Meghe College Of Engineering, Airoli, Navi Mumbai",Mumbai,Un-Aided,Non-Autonomous,Mumbai University,Mumbai University,0318799510,Artificial Intelligence And Data Science,DEFOPENS,38560,88.6282029,Stage I,2025-26,1,92
03187,"N.Y.S.S.'S Datta Meghe College Of Engineering, Airoli, Navi Mumbai",Mumbai,Un-Aided,Non-Autonomous,Mumbai University,Mumbai University,0318799510,Artificial Intelligence And Data Science,DEFOBCS,82636,73.8000589,Stage I,2025-26,1,92
03187,"N.Y.S.S.'S Datta Meghe College Of Engineering, Airoli, Navi Mumbai",Mumbai,Un-Aided,Non-Autonomous,Mumbai University,Mumbai University,0318799510,Artificial Intelligence And Data Science,DEFSEBCS,63472,80.7807182,Stage I,2025-26,1,92
03187,"N.Y.S.S.'S Datta Meghe College Of Engineering, Airoli, Navi Mumbai",Mumbai,Un-Aided,Non-Autonomous,Mumbai University,Mumbai University,0318799510,Artificial Intelligence And Data Science,TFWS,27892,91.8376367,Stage I,2025-26,1,92
03187,"N.Y.S.S.'S Datta Meghe College Of Engineering, Airoli, Navi Mumbai",Mumbai,Un-Aided,Non-Autonomous,Mumbai University,Mumbai University,0318799510,Artificial Intelligence And Data Science,DEFROBCS,49833,85.1002266,Stage I,2025-26,1,92
03187,"N.Y.S.S.'S Datta Meghe College Of Engineering, Airoli, Navi Mumbai",Mumbai,Un-Aided,Non-Autonomous,Mumbai University,Mumbai University,0318799510,Artificial Intelligence And Data Science,EWS,139929,49.2256217,Stage I,2025-26,1,92
03188,"Vasantdada Patil Pratishthan'S College Of Engineering And Visual Arts, Sion, Mumbai",Mumbai,Un-Aided,Non-Autonomous,Mumbai University,Mumbai University,0318824510,Computer Engineering,GOPENH,25627,92.5367989,Stage I,2025-26,1,93
03188,"Vasantdada Patil Pratishthan'S College Of Engineering And Visual Arts, Sion, Mumbai",Mumbai,Un-Aided,Non-Autonomous,Mumbai University,Mumbai University,0318824510,Computer Engineering,GSCH,43879,86.9651776,Stage I,2025-26,1,93
03188,"Vasantdada Patil Pratishthan'S College Of Engineering And Visual Arts, Sion, Mumbai",Mumbai,Un-Aided,Non-Autonomous,Mumbai University,Mumbai University,0318824510,Computer Engineering,GSTH,147473,44.5303298,Stage I,2025-26,1,93
03188,"Vasantdada Patil Pratishthan'S College Of Engineering And Visual Arts, Sion, Mumbai",Mumbai,Un-Aided,Non-Autonomous,Mumbai University,Mumbai University,0318824510,Computer Engineering,GVJH,38864,88.5563899,Stage I,2025-26,1,93
03188,"Vasantdada Patil Pratishthan'S College Of Engineering And Visual Arts, Sion, Mumbai",Mumbai,Un-Aided,Non-Autonomous,Mumbai University,Mumbai University,0318824510,Computer Engineering,GNT1H,41134,87.9159305,Stage I,2025-26,1,93
03188,"Vasantdada Patil Pratishthan'S College Of Engineering And Visual Arts, Sion, Mumbai",Mumbai,Un-Aided,Non-Autonomous,Mumbai University,Mumbai University,0318824510,Computer Engineering,GNT2H,39621,88.2544975,Stage I,2025-26,1,93
03188,"Vasantdada Patil Pratishthan'S College Of Engineering And Visual Arts, Sion, Mumbai",Mumbai,Un-Aided,Non-Autonomous,Mumbai University,Mumbai University,0318824510,Computer Engineering,GOBCH,30557,91.051072,Stage I,2025-26,1,93
03188,"Vasantdada Patil Pratishthan'S College Of Engineering And Visual Arts, Sion, Mumbai",Mumbai,Un-Aided,Non-Autonomous,Mumbai University,Mumbai University,0318824510,Computer Engineering,GSEBCH,44763,86.675963,Stage I,2025-26,1,93
03188,"Vasantdada Patil Pratishthan'S College Of Engineering And Visual Arts, Sion, Mumbai",Mumbai,Un-Aided,Non-Autonomous,Mumbai University,Mumbai University,0318824510,Computer Engineering,LOPENH,25785,92.4545035,Stage I,2025-26,1,93
03188,"Vasantdada Patil Pratishthan'S College Of Engineering And Visual Arts, Sion, Mumbai",Mumbai,Un-Aided,Non-Autonomous,Mumbai University,Mumbai University,0318824510,Computer Engineering,LSCH,35218,89.6700597,Stage I,2025-26,1,93
03188,"Vasantdada Patil Pratishthan'S College Of Engineering And Visual Arts, Sion, Mumbai",Mumbai,Un-Aided,Non-Autonomous,Mumbai University,Mumbai University,0318824510,Computer Engineering,LSTH,141485,47.8015007,Stage I,2025-26,1,93
03188,"Vasantdada Patil Pratishthan'S College Of Engineering And Visual Arts, Sion, Mumbai",Mumbai,Un-Aided,Non-Autonomous,Mumbai University,Mumbai University,0318824510,Computer Engineering,LVJH,139819,49.2256217,Stage I,2025-26,1,93
03188,"Vasantdada Patil Pratishthan'S College Of Engineering And Visual Arts, Sion, Mumbai",Mumbai,Un-Aided,Non-Autonomous,Mumbai University,Mumbai University,0318824510,Computer Engineering,LNT1H,47857,85.8461538,Stage I,2025-26,1,93
03188,"Vasantdada Patil Pratishthan'S College Of Engineering And Visual Arts, Sion, Mumbai",Mumbai,Un-Aided,Non-Autonomous,Mumbai University,Mumbai University,0318824510,Computer Engineering,LNT2H,30087,91.1459607,Stage I,2025-26,1,93
03188,"Vasantdada Patil Pratishthan'S College Of Engineering And Visual Arts, Sion, Mumbai",Mumbai,Un-Aided,Non-Autonomous,Mumbai University,Mumbai University,0318824510,Computer Engineering,LNT3H,41613,87.6831328,Stage I,2025-26,1,93
03188,"Vasantdada Patil Pratishthan'S College Of Engineering And Visual Arts, Sion, Mumbai",Mumbai,Un-Aided,Non-Autonomous,Mumbai University,Mumbai University,0318824510,Computer Engineering,LOBCH,34800,89.8231024,Stage I,2025-26,1,93
03188,"Vasantdada Patil Pratishthan'S College Of Engineering And Visual Arts, Sion, Mumbai",Mumbai,Un-Aided,Non-Autonomous,Mumbai University,Mumbai University,0318824510,Computer Engineering,LSEBCH,37081,89.0680212,Stage I,2025-26,1,93
03188,"Vasantdada Patil Pratishthan'S College Of Engineering And Visual Arts, Sion, Mumbai",Mumbai,Un-Aided,Non-Autonomous,Mumbai University,Mumbai University,0318824510,Computer Engineering,GOPENO,38452,88.6328671,Stage I,2025-26,1,93
03188,"Vasantdada Patil Pratishthan'S College Of Engineering And Visual Arts, Sion, Mumbai",Mumbai,Un-Aided,Non-Autonomous,Mumbai University,Mumbai University,0318824510,Computer Engineering,GSCO,52587,84.1437716,Stage I,2025-26,1,93
03188,"Vasantdada Patil Pratishthan'S College Of Engineering And Visual Arts, Sion, Mumbai",Mumbai,Un-Aided,Non-Autonomous,Mumbai University,Mumbai University,0318824510,Computer Engineering,GSTO,115657,60.634478,Stage I,2025-26,1,93
03188,"Vasantdada Patil Pratishthan'S College Of Engineering And Visual Arts, Sion, Mumbai",Mumbai,Un-Aided,Non-Autonomous,Mumbai University,Mumbai University,0318824510,Computer Engineering,GOBCO,45563,86.5435447,Stage I,2025-26,1,93
03188,"Vasantdada Patil Pratishthan'S College Of Engineering And Visual Arts, Sion, Mumbai",Mumbai,Un-Aided,Non-Autonomous,Mumbai University,Mumbai University,0318824510,Computer Engineering,GSEBCO,46532,85.9982332,Stage I,2025-26,1,93
03188,"Vasantdada Patil Pratishthan'S College Of Engineering And Visual Arts, Sion, Mumbai",Mumbai,Un-Aided,Non-Autonomous,Mumbai University,Mumbai University,0318824510,Computer Engineering,LOPENO,22908,93.3597277,Stage I,2025-26,1,93
03188,"Vasantdada Patil Pratishthan'S College Of Engineering And Visual Arts, Sion, Mumbai",Mumbai,Un-Aided,Non-Autonomous,Mumbai University,Mumbai University,0318824510,Computer Engineering,LVJO,69751,78.5819586,Stage I,2025-26,1,93
03188,"Vasantdada Patil Pratishthan'S College Of Engineering And Visual Arts, Sion, Mumbai",Mumbai,Un-Aided,Non-Autonomous,Mumbai University,Mumbai University,0318824510,Computer Engineering,LOBCO,35137,89.682715,Stage I,2025-26,1,93
03188,"Vasantdada Patil Pratishthan'S College Of Engineering And Visual Arts, Sion, Mumbai",Mumbai,Un-Aided,Non-Autonomous,Mumbai University,Mumbai University,0318824510,Computer Engineering,LSEBCO,62578,81.0403668,Stage I,2025-26,1,93
03188,"Vasantdada Patil Pratishthan'S College Of Engineering And Visual Arts, Sion, Mumbai",Mumbai,Un-Aided,Non-Autonomous,Mumbai University,Mumbai University,0318824510,Computer Engineering,DEFOPENS,34593,89.8391608,Stage I,2025-26,1,93
03188,"Vasantdada Patil Pratishthan'S College Of Engineering And Visual Arts, Sion, Mumbai",Mumbai,Un-Aided,Non-Autonomous,Mumbai University,Mumbai University,0318824510,Computer Engineering,DEFOBCS,117041,60.3213757,Stage I,2025-26,1,93
03188,"Vasantdada Patil Pratishthan'S College Of Engineering And Visual Arts, Sion, Mumbai",Mumbai,Un-Aided,Non-Autonomous,Mumbai University,Mumbai University,0318824510,Computer Engineering,TFWS,24539,92.8465713,Stage I,2025-26,1,93
03188,"Vasantdada Patil Pratishthan'S College Of Engineering And Visual Arts, Sion, Mumbai",Mumbai,Un-Aided,Non-Autonomous,Mumbai University,Mumbai University,0318824510,Computer Engineering,EWS,92497,70.507201,Stage I,2025-26,1,93
03188,"Vasantdada Patil Pratishthan'S College Of Engineering And Visual Arts, Sion, Mumbai",Mumbai,Un-Aided,Non-Autonomous,Mumbai University,Mumbai University,0318824610,Information Technology,GOPENH,32402,90.5015276,Stage I,2025-26,1,94
03188,"Vasantdada Patil Pratishthan'S College Of Engineering And Visual Arts, Sion, Mumbai",Mumbai,Un-Aided,Non-Autonomous,Mumbai University,Mumbai University,0318824610,Information Technology,GSCH,51080,84.6429815,Stage I,2025-26,1,94
03188,"Vasantdada Patil Pratishthan'S College Of Engineering And Visual Arts, Sion, Mumbai",Mumbai,Un-Aided,Non-Autonomous,Mumbai University,Mumbai University,0318824610,Information Technology,GVJH,77026,75.8001957,Stage I,2025-26,1,94
03188,"Vasantdada Patil Pratishthan'S College Of Engineering And Visual Arts, Sion, Mumbai",Mumbai,Un-Aided,Non-Autonomous,Mumbai University,Mumbai University,0318824610,Information Technology,GNT1H,44287,86.7202099,Stage I,2025-26,1,94
03188,"Vasantdada Patil Pratishthan'S College Of Engineering And Visual Arts, Sion, Mumbai",Mumbai,Un-Aided,Non-Autonomous,Mumbai University,Mumbai University,0318824610,Information Technology,GNT2H,58834,82.2162613,Stage I,2025-26,1,94
03188,"Vasantdada Patil Pratishthan'S College Of Engineering And Visual Arts, Sion, Mumbai",Mumbai,Un-Aided,Non-Autonomous,Mumbai University,Mumbai University,0318824610,Information Technology,GNT3H,46956,85.9646097,Stage I,2025-26,1,94
03188,"Vasantdada Patil Pratishthan'S College Of Engineering And Visual Arts, Sion, Mumbai",Mumbai,Un-Aided,Non-Autonomous,Mumbai University,Mumbai University,0318824610,Information Technology,GOBCH,37385,88.9609194,Stage I,2025-26,1,94
03188,"Vasantdada Patil Pratishthan'S College Of Engineering And Visual Arts, Sion, Mumbai",Mumbai,Un-Aided,Non-Autonomous,Mumbai University,Mumbai University,0318824610,Information Technology,GSEBCH,50342,84.9728618,Stage I,2025-26,1,94
03188,"Vasantdada Patil Pratishthan'S College Of Engineering And Visual Arts, Sion, Mumbai",Mumbai,Un-Aided,Non-Autonomous,Mumbai University,Mumbai University,0318824610,Information Technology,LOPENH,29606,91.3131313,Stage I,2025-26,1,94
03188,"Vasantdada Patil Pratishthan'S College Of Engineering And Visual Arts, Sion, Mumbai",Mumbai,Un-Aided,Non-Autonomous,Mumbai University,Mumbai University,0318824610,Information Technology,LSCH,59422,82.1124479,Stage I,2025-26,1,94
03188,"Vasantdada Patil Pratishthan'S College Of Engineering And Visual Arts, Sion, Mumbai",Mumbai,Un-Aided,Non-Autonomous,Mumbai University,Mumbai University,0318824610,Information Technology,LOBCH,42151,87.4135301,Stage I,2025-26,1,94
03188,"Vasantdada Patil Pratishthan'S College Of Engineering And Visual Arts, Sion, Mumbai",Mumbai,Un-Aided,Non-Autonomous,Mumbai University,Mumbai University,0318824610,Information Technology,LSEBCH,55152,83.4378744,Stage I,2025-26,1,94
03188,"Vasantdada Patil Pratishthan'S College Of Engineering And Visual Arts, Sion, Mumbai",Mumbai,Un-Aided,Non-Autonomous,Mumbai University,Mumbai University,0318824610,Information Technology,GOPENO,46284,86.2326458,Stage I,2025-26,1,94
03188,"Vasantdada Patil Pratishthan'S College Of Engineering And Visual Arts, Sion, Mumbai",Mumbai,Un-Aided,Non-Autonomous,Mumbai University,Mumbai University,0318824610,Information Technology,GSCO,62954,81.0133535,Stage I,2025-26,1,94
03188,"Vasantdada Patil Pratishthan'S College Of Engineering And Visual Arts, Sion, Mumbai",Mumbai,Un-Aided,Non-Autonomous,Mumbai University,Mumbai University,0318824610,Information Technology,GSTO,202572,1.6858068,Stage I,2025-26,1,94
03188,"Vasantdada Patil Pratishthan'S College Of Engineering And Visual Arts, Sion, Mumbai",Mumbai,Un-Aided,Non-Autonomous,Mumbai University,Mumbai University,0318824610,Information Technology,GVJO,64605,80.3575863,Stage I,2025-26,1,94
03188,"Vasantdada Patil Pratishthan'S College Of Engineering And Visual Arts, Sion, Mumbai",Mumbai,Un-Aided,Non-Autonomous,Mumbai University,Mumbai University,0318824610,Information Technology,GNT1O,64055,80.602179,Stage I,2025-26,1,94
03188,"Vasantdada Patil Pratishthan'S College Of Engineering And Visual Arts, Sion, Mumbai",Mumbai,Un-Aided,Non-Autonomous,Mumbai University,Mumbai University,0318824610,Information Technology,GNT2O,60548,81.6453226,Stage I,2025-26,1,94
03188,"Vasantdada Patil Pratishthan'S College Of Engineering And Visual Arts, Sion, Mumbai",Mumbai,Un-Aided,Non-Autonomous,Mumbai University,Mumbai University,0318824610,Information Technology,GNT3O,69183,78.6167398,Stage I,2025-26,1,94
03188,"Vasantdada Patil Pratishthan'S College Of Engineering And Visual Arts, Sion, Mumbai",Mumbai,Un-Aided,Non-Autonomous,Mumbai University,Mumbai University,0318824610,Information Technology,GOBCO,48494,85.5207245,Stage I,2025-26,1,94
03188,"Vasantdada Patil Pratishthan'S College Of Engineering And Visual Arts, Sion, Mumbai",Mumbai,Un-Aided,Non-Autonomous,Mumbai University,Mumbai University,0318824610,Information Technology,GSEBCO,50270,84.9728618,Stage I,2025-26,1,94
03188,"Vasantdada Patil Pratishthan'S College Of Engineering And Visual Arts, Sion, Mumbai",Mumbai,Un-Aided,Non-Autonomous,Mumbai University,Mumbai University,0318824610,Information Technology,LOPENO,37211,89.0414266,Stage I,2025-26,1,94
03188,"Vasantdada Patil Pratishthan'S College Of Engineering And Visual Arts, Sion, Mumbai",Mumbai,Un-Aided,Non-Autonomous,Mumbai University,Mumbai University,0318824610,Information Technology,LSCO,67674,79.4832155,Stage I,2025-26,1,94
03188,"Vasantdada Patil Pratishthan'S College Of Engineering And Visual Arts, Sion, Mumbai",Mumbai,Un-Aided,Non-Autonomous,Mumbai University,Mumbai University,0318824610,Information Technology,LOBCO,47953,85.8461538,Stage I,2025-26,1,94
03188,"Vasantdada Patil Pratishthan'S College Of Engineering And Visual Arts, Sion, Mumbai",Mumbai,Un-Aided,Non-Autonomous,Mumbai University,Mumbai University,0318824610,Information Technology,DEFOPENS,124835,56.6213771,Stage I,2025-26,1,94
03188,"Vasantdada Patil Pratishthan'S College Of Engineering And Visual Arts, Sion, Mumbai",Mumbai,Un-Aided,Non-Autonomous,Mumbai University,Mumbai University,0318824610,Information Technology,DEFOBCS,173102,28.4151863,Stage I,2025-26,1,94
03188,"Vasantdada Patil Pratishthan'S College Of Engineering And Visual Arts, Sion, Mumbai",Mumbai,Un-Aided,Non-Autonomous,Mumbai University,Mumbai University,0318824610,Information Technology,TFWS,30648,91.0465074,Stage I,2025-26,1,94
03188,"Vasantdada Patil Pratishthan'S College Of Engineering And Visual Arts, Sion, Mumbai",Mumbai,Un-Aided,Non-Autonomous,Mumbai University,Mumbai University,0318824610,Information Technology,EWS,118231,59.3210117,Stage I,2025-26,1,94
03188,"Vasantdada Patil Pratishthan'S College Of Engineering And Visual Arts, Sion, Mumbai",Mumbai,Un-Aided,Non-Autonomous,Mumbai University,Mumbai University,0318862410,Mechatronics Engineering,GOPENH,64372,80.3575863,Stage I,2025-26,1,95
03188,"Vasantdada Patil Pratishthan'S College Of Engineering And Visual Arts, Sion, Mumbai",Mumbai,Un-Aided,Non-Autonomous,Mumbai University,Mumbai University,0318862410,Mechatronics Engineering,GSCH,103816,65.8992965,Stage I,2025-26,1,95
03188,"Vasantdada Patil Pratishthan'S College Of Engineering And Visual Arts, Sion, Mumbai",Mumbai,Un-Aided,Non-Autonomous,Mumbai University,Mumbai University,0318862410,Mechatronics Engineering,GNT1H,167910,32.1281783,Stage I,2025-26,1,95
03188,"Vasantdada Patil Pratishthan'S College Of Engineering And Visual Arts, Sion, Mumbai",Mumbai,Un-Aided,Non-Autonomous,Mumbai University,Mumbai University,0318862410,Mechatronics Engineering,GNT3H,174165,28.2789485,Stage I,2025-26,1,95
03188,"Vasantdada Patil Pratishthan'S College Of Engineering And Visual Arts, Sion, Mumbai",Mumbai,Un-Aided,Non-Autonomous,Mumbai University,Mumbai University,0318862410,Mechatronics Engineering,GOBCH,81491,74.6802716,Stage I,2025-26,1,95
03188,"Vasantdada Patil Pratishthan'S College Of Engineering And Visual Arts, Sion, Mumbai",Mumbai,Un-Aided,Non-Autonomous,Mumbai University,Mumbai University,0318862410,Mechatronics Engineering,GSEBCH,124707,56.6213771,Stage I,2025-26,1,95
03188,"Vasantdada Patil Pratishthan'S College Of Engineering And Visual Arts, Sion, Mumbai",Mumbai,Un-Aided,Non-Autonomous,Mumbai University,Mumbai University,0318862410,Mechatronics Engineering,LOPENH,77171,75.8001957,Stage I,2025-26,1,95
03188,"Vasantdada Patil Pratishthan'S College Of Engineering And Visual Arts, Sion, Mumbai",Mumbai,Un-Aided,Non-Autonomous,Mumbai University,Mumbai University,0318862410,Mechatronics Engineering,LSCH,141976,47.7841578,Stage I,2025-26,1,95
03188,"Vasantdada Patil Pratishthan'S College Of Engineering And Visual Arts, Sion, Mumbai",Mumbai,Un-Aided,Non-Autonomous,Mumbai University,Mumbai University,0318862410,Mechatronics Engineering,LOBCH,82350,74.0094972,Stage I,2025-26,1,95
03188,"Vasantdada Patil Pratishthan'S College Of Engineering And Visual Arts, Sion, Mumbai",Mumbai,Un-Aided,Non-Autonomous,Mumbai University,Mumbai University,0318862410,Mechatronics Engineering,LSEBCH,84356,73.5570613,Stage I,2025-26,1,95
03188,"Vasantdada Patil Pratishthan'S College Of Engineering And Visual Arts, Sion, Mumbai",Mumbai,Un-Aided,Non-Autonomous,Mumbai University,Mumbai University,0318862410,Mechatronics Engineering,LNT2H,147794,44.2599775,Stage II,2025-26,1,95
03188,"Vasantdada Patil Pratishthan'S College Of Engineering And Visual Arts, Sion, Mumbai",Mumbai,Un-Aided,Non-Autonomous,Mumbai University,Mumbai University,0318862410,Mechatronics Engineering,GOPENO,90738,71.173087,Stage I,2025-26,1,95
03188,"Vasantdada Patil Pratishthan'S College Of Engineering And Visual Arts, Sion, Mumbai",Mumbai,Un-Aided,Non-Autonomous,Mumbai University,Mumbai University,0318862410,Mechatronics Engineering,GSCO,137152,50.4913264,Stage I,2025-26,1,95
03188,"Vasantdada Patil Pratishthan'S College Of Engineering And Visual Arts, Sion, Mumbai",Mumbai,Un-Aided,Non-Autonomous,Mumbai University,Mumbai University,0318862410,Mechatronics Engineering,GNT2O,122253,57.6249683,Stage I,2025-26,1,95
03188,"Vasantdada Patil Pratishthan'S College Of Engineering And Visual Arts, Sion, Mumbai",Mumbai,Un-Aided,Non-Autonomous,Mumbai University,Mumbai University,0318862410,Mechatronics Engineering,GOBCO,116667,60.422115,Stage I,2025-26,1,95
03188,"Vasantdada Patil Pratishthan'S College Of Engineering And Visual Arts, Sion, Mumbai",Mumbai,Un-Aided,Non-Autonomous,Mumbai University,Mumbai University,0318862410,Mechatronics Engineering,GSEBCO,119654,58.8994542,Stage I,2025-26,1,95
03188,"Vasantdada Patil Pratishthan'S College Of Engineering And Visual Arts, Sion, Mumbai",Mumbai,Un-Aided,Non-Autonomous,Mumbai University,Mumbai University,0318862410,Mechatronics Engineering,LOPENO,98338,68.2382408,Stage I,2025-26,1,95
03188,"Vasantdada Patil Pratishthan'S College Of Engineering And Visual Arts, Sion, Mumbai",Mumbai,Un-Aided,Non-Autonomous,Mumbai University,Mumbai University,0318862410,Mechatronics Engineering,LSEBCO,131241,53.6060165,Stage I,2025-26,1,95
03188,"Vasantdada Patil Pratishthan'S College Of Engineering And Visual Arts, Sion, Mumbai",Mumbai,Un-Aided,Non-Autonomous,Mumbai University,Mumbai University,0318862410,Mechatronics Engineering,TFWS,85040,73.4354379,Stage I,2025-26,1,95
03188,"Vasantdada Patil Pratishthan'S College Of Engineering And Visual Arts, Sion, Mumbai",Mumbai,Un-Aided,Non-Autonomous,Mumbai University,Mumbai University,0318890010,Electronics And Computer Science,GOPENH,45409,86.552754,Stage I,2025-26,1,96
03188,"Vasantdada Patil Pratishthan'S College Of Engineering And Visual Arts, Sion, Mumbai",Mumbai,Un-Aided,Non-Autonomous,Mumbai University,Mumbai University,0318890010,Electronics And Computer Science,GSCH,70529,78.4242636,Stage I,2025-26,1,96
03188,"Vasantdada Patil Pratishthan'S College Of Engineering And Visual Arts, Sion, Mumbai",Mumbai,Un-Aided,Non-Autonomous,Mumbai University,Mumbai University,0318890010,Electronics And Computer Science,GNT1H,61181,81.5804905,Stage I,2025-26,1,96
03188,"Vasantdada Patil Pratishthan'S College Of Engineering And Visual Arts, Sion, Mumbai",Mumbai,Un-Aided,Non-Autonomous,Mumbai University,Mumbai University,0318890010,Electronics And Computer Science,GNT2H,70576,78.4242636,Stage I,2025-26,1,96
03188,"Vasantdada Patil Pratishthan'S College Of Engineering And Visual Arts, Sion, Mumbai",Mumbai,Un-Aided,Non-Autonomous,Mumbai University,Mumbai University,0318890010,Electronics And Computer Science,GOBCH,51251,84.6429815,Stage I,2025-26,1,96
03188,"Vasantdada Patil Pratishthan'S College Of Engineering And Visual Arts, Sion, Mumbai",Mumbai,Un-Aided,Non-Autonomous,Mumbai University,Mumbai University,0318890010,Electronics And Computer Science,GSEBCH,82545,73.8000589,Stage I,2025-26,1,96
03188,"Vasantdada Patil Pratishthan'S College Of Engineering And Visual Arts, Sion, Mumbai",Mumbai,Un-Aided,Non-Autonomous,Mumbai University,Mumbai University,0318890010,Electronics And Computer Science,LOPENH,43873,86.9651776,Stage I,2025-26,1,96
03188,"Vasantdada Patil Pratishthan'S College Of Engineering And Visual Arts, Sion, Mumbai",Mumbai,Un-Aided,Non-Autonomous,Mumbai University,Mumbai University,0318890010,Electronics And Computer Science,LSCH,67135,79.6925092,Stage I,2025-26,1,96
03188,"Vasantdada Patil Pratishthan'S College Of Engineering And Visual Arts, Sion, Mumbai",Mumbai,Un-Aided,Non-Autonomous,Mumbai University,Mumbai University,0318890010,Electronics And Computer Science,LNT3H,115877,60.634478,Stage I,2025-26,1,96
03188,"Vasantdada Patil Pratishthan'S College Of Engineering And Visual Arts, Sion, Mumbai",Mumbai,Un-Aided,Non-Autonomous,Mumbai University,Mumbai University,0318890010,Electronics And Computer Science,LOBCH,49898,85.1002266,Stage I,2025-26,1,96
03188,"Vasantdada Patil Pratishthan'S College Of Engineering And Visual Arts, Sion, Mumbai",Mumbai,Un-Aided,Non-Autonomous,Mumbai University,Mumbai University,0318890010,Electronics And Computer Science,LSEBCH,80105,75.1927485,Stage I,2025-26,1,96
03188,"Vasantdada Patil Pratishthan'S College Of Engineering And Visual Arts, Sion, Mumbai",Mumbai,Un-Aided,Non-Autonomous,Mumbai University,Mumbai University,0318890010,Electronics And Computer Science,LVJH,117088,60.3213757,Stage II,2025-26,1,96
03188,"Vasantdada Patil Pratishthan'S College Of Engineering And Visual Arts, Sion, Mumbai",Mumbai,Un-Aided,Non-Autonomous,Mumbai University,Mumbai University,0318890010,Electronics And Computer Science,GOPENO,62999,80.9669596,Stage I,2025-26,1,96
03188,"Vasantdada Patil Pratishthan'S College Of Engineering And Visual Arts, Sion, Mumbai",Mumbai,Un-Aided,Non-Autonomous,Mumbai University,Mumbai University,0318890010,Electronics And Computer Science,GSCO,81391,74.6802716,Stage I,2025-26,1,96
03188,"Vasantdada Patil Pratishthan'S College Of Engineering And Visual Arts, Sion, Mumbai",Mumbai,Un-Aided,Non-Autonomous,Mumbai University,Mumbai University,0318890010,Electronics And Computer Science,GVJO,129891,54.0903901,Stage I,2025-26,1,96
03188,"Vasantdada Patil Pratishthan'S College Of Engineering And Visual Arts, Sion, Mumbai",Mumbai,Un-Aided,Non-Autonomous,Mumbai University,Mumbai University,0318890010,Electronics And Computer Science,GNT1O,96115,69.0979021,Stage I,2025-26,1,96
03188,"Vasantdada Patil Pratishthan'S College Of Engineering And Visual Arts, Sion, Mumbai",Mumbai,Un-Aided,Non-Autonomous,Mumbai University,Mumbai University,0318890010,Electronics And Computer Science,GNT3O,111426,62.8632493,Stage I,2025-26,1,96
03188,"Vasantdada Patil Pratishthan'S College Of Engineering And Visual Arts, Sion, Mumbai",Mumbai,Un-Aided,Non-Autonomous,Mumbai University,Mumbai University,0318890010,Electronics And Computer Science,GOBCO,80546,75.1620214,Stage I,2025-26,1,96
03188,"Vasantdada Patil Pratishthan'S College Of Engineering And Visual Arts, Sion, Mumbai",Mumbai,Un-Aided,Non-Autonomous,Mumbai University,Mumbai University,0318890010,Electronics And Computer Science,GSEBCO,85754,73.1347962,Stage I,2025-26,1,96
03188,"Vasantdada Patil Pratishthan'S College Of Engineering And Visual Arts, Sion, Mumbai",Mumbai,Un-Aided,Non-Autonomous,Mumbai University,Mumbai University,0318890010,Electronics And Computer Science,LOPENO,73538,77.161886,Stage I,2025-26,1,96
03188,"Vasantdada Patil Pratishthan'S College Of Engineering And Visual Arts, Sion, Mumbai",Mumbai,Un-Aided,Non-Autonomous,Mumbai University,Mumbai University,0318890010,Electronics And Computer Science,LSCO,91302,70.7504568,Stage I,2025-26,1,96
03188,"Vasantdada Patil Pratishthan'S College Of Engineering And Visual Arts, Sion, Mumbai",Mumbai,Un-Aided,Non-Autonomous,Mumbai University,Mumbai University,0318890010,Electronics And Computer Science,LOBCO,74478,76.9322569,Stage I,2025-26,1,96
03188,"Vasantdada Patil Pratishthan'S College Of Engineering And Visual Arts, Sion, Mumbai",Mumbai,Un-Aided,Non-Autonomous,Mumbai University,Mumbai University,0318890010,Electronics And Computer Science,LNT2O,195131,9.8110718,Stage I,2025-26,1,96
03188,"Vasantdada Patil Pratishthan'S College Of Engineering And Visual Arts, Sion, Mumbai",Mumbai,Un-Aided,Non-Autonomous,Mumbai University,Mumbai University,0318890010,Electronics And Computer Science,LSEBCO,96542,68.9620341,Stage I,2025-26,1,96
03188,"Vasantdada Patil Pratishthan'S College Of Engineering And Visual Arts, Sion, Mumbai",Mumbai,Un-Aided,Non-Autonomous,Mumbai University,Mumbai University,0318890010,Electronics And Computer Science,DEFOPENS,166334,32.5553935,Stage I,2025-26,1,96
03188,"Vasantdada Patil Pratishthan'S College Of Engineering And Visual Arts, Sion, Mumbai",Mumbai,Un-Aided,Non-Autonomous,Mumbai University,Mumbai University,0318890010,Electronics And Computer Science,TFWS,40275,88.0599617,Stage I,2025-26,1,96
03188,"Vasantdada Patil Pratishthan'S College Of Engineering And Visual Arts, Sion, Mumbai",Mumbai,Un-Aided,Non-Autonomous,Mumbai University,Mumbai University,0318890010,Electronics And Computer Science,EWS,183313,20.3327444,Stage I,2025-26,1,96
03188,"Vasantdada Patil Pratishthan'S College Of Engineering And Visual Arts, Sion, Mumbai",Mumbai,Un-Aided,Non-Autonomous,Mumbai University,Mumbai University,0318891110,Computer Science And Engineering(Artificial Intelligence And Machine Learning),GOPENH,30678,91.0114841,Stage I,2025-26,1,97
03188,"Vasantdada Patil Pratishthan'S College Of Engineering And Visual Arts, Sion, Mumbai",Mumbai,Un-Aided,Non-Autonomous,Mumbai University,Mumbai University,0318891110,Computer Science And Engineering(Artificial Intelligence And Machine Learning),GSCH,48921,85.4112341,Stage I,2025-26,1,97
03188,"Vasantdada Patil Pratishthan'S College Of Engineering And Visual Arts, Sion, Mumbai",Mumbai,Un-Aided,Non-Autonomous,Mumbai University,Mumbai University,0318891110,Computer Science And Engineering(Artificial Intelligence And Machine Learning),GSTH,147363,44.5303298,Stage I,2025-26,1,97
03188,"Vasantdada Patil Pratishthan'S College Of Engineering And Visual Arts, Sion, Mumbai",Mumbai,Un-Aided,Non-Autonomous,Mumbai University,Mumbai University,0318891110,Computer Science And Engineering(Artificial Intelligence And Machine Learning),GVJH,76336,76.5279741,Stage I,2025-26,1,97
03188,"Vasantdada Patil Pratishthan'S College Of Engineering And Visual Arts, Sion, Mumbai",Mumbai,Un-Aided,Non-Autonomous,Mumbai University,Mumbai University,0318891110,Computer Science And Engineering(Artificial Intelligence And Machine Learning),GNT1H,50511,84.8811189,Stage I,2025-26,1,97
03188,"Vasantdada Patil Pratishthan'S College Of Engineering And Visual Arts, Sion, Mumbai",Mumbai,Un-Aided,Non-Autonomous,Mumbai University,Mumbai University,0318891110,Computer Science And Engineering(Artificial Intelligence And Machine Learning),GNT2H,56173,83.0707711,Stage I,2025-26,1,97
03188,"Vasantdada Patil Pratishthan'S College Of Engineering And Visual Arts, Sion, Mumbai",Mumbai,Un-Aided,Non-Autonomous,Mumbai University,Mumbai University,0318891110,Computer Science And Engineering(Artificial Intelligence And Machine Learning),GNT3H,56993,82.837277,Stage I,2025-26,1,97
03188,"Vasantdada Patil Pratishthan'S College Of Engineering And Visual Arts, Sion, Mumbai",Mumbai,Un-Aided,Non-Autonomous,Mumbai University,Mumbai University,0318891110,Computer Science And Engineering(Artificial Intelligence And Machine Learning),GOBCH,38787,88.5563899,Stage I,2025-26,1,97
03188,"Vasantdada Patil Pratishthan'S College Of Engineering And Visual Arts, Sion, Mumbai",Mumbai,Un-Aided,Non-Autonomous,Mumbai University,Mumbai University,0318891110,Computer Science And Engineering(Artificial Intelligence And Machine Learning),GSEBCH,51784,84.4950314,Stage I,2025-26,1,97
03188,"Vasantdada Patil Pratishthan'S College Of Engineering And Visual Arts, Sion, Mumbai",Mumbai,Un-Aided,Non-Autonomous,Mumbai University,Mumbai University,0318891110,Computer Science And Engineering(Artificial Intelligence And Machine Learning),LOPENH,27966,91.7968608,Stage I,2025-26,1,97
03188,"Vasantdada Patil Pratishthan'S College Of Engineering And Visual Arts, Sion, Mumbai",Mumbai,Un-Aided,Non-Autonomous,Mumbai University,Mumbai University,0318891110,Computer Science And Engineering(Artificial Intelligence And Machine Learning),LSCH,56479,82.9717485,Stage I,2025-26,1,97
03188,"Vasantdada Patil Pratishthan'S College Of Engineering And Visual Arts, Sion, Mumbai",Mumbai,Un-Aided,Non-Autonomous,Mumbai University,Mumbai University,0318891110,Computer Science And Engineering(Artificial Intelligence And Machine Learning),LNT1H,60162,81.8021201,Stage I,2025-26,1,97
03188,"Vasantdada Patil Pratishthan'S College Of Engineering And Visual Arts, Sion, Mumbai",Mumbai,Un-Aided,Non-Autonomous,Mumbai University,Mumbai University,0318891110,Computer Science And Engineering(Artificial Intelligence And Machine Learning),LNT2H,43794,86.9651776,Stage I,2025-26,1,97
03188,"Vasantdada Patil Pratishthan'S College Of Engineering And Visual Arts, Sion, Mumbai",Mumbai,Un-Aided,Non-Autonomous,Mumbai University,Mumbai University,0318891110,Computer Science And Engineering(Artificial Intelligence And Machine Learning),LOBCH,38228,88.727183,Stage I,2025-26,1,97
03188,"Vasantdada Patil Pratishthan'S College Of Engineering And Visual Arts, Sion, Mumbai",Mumbai,Un-Aided,Non-Autonomous,Mumbai University,Mumbai University,0318891110,Computer Science And Engineering(Artificial Intelligence And Machine Learning),LSEBCH,37468,88.9609194,Stage I,2025-26,1,97
03188,"Vasantdada Patil Pratishthan'S College Of Engineering And Visual Arts, Sion, Mumbai",Mumbai,Un-Aided,Non-Autonomous,Mumbai University,Mumbai University,0318891110,Computer Science And Engineering(Artificial Intelligence And Machine Learning),LSTH,152886,41.7471281,Stage II,2025-26,1,97
03188,"Vasantdada Patil Pratishthan'S College Of Engineering And Visual Arts, Sion, Mumbai",Mumbai,Un-Aided,Non-Autonomous,Mumbai University,Mumbai University,0318891110,Computer Science And Engineering(Artificial Intelligence And Machine Learning),GOPENO,45526,86.5435447,Stage I,2025-26,1,97
03188,"Vasantdada Patil Pratishthan'S College Of Engineering And Visual Arts, Sion, Mumbai",Mumbai,Un-Aided,Non-Autonomous,Mumbai University,Mumbai University,0318891110,Computer Science And Engineering(Artificial Intelligence And Machine Learning),GSCO,70927,78.3357644,Stage I,2025-26,1,97
03188,"Vasantdada Patil Pratishthan'S College Of Engineering And Visual Arts, Sion, Mumbai",Mumbai,Un-Aided,Non-Autonomous,Mumbai University,Mumbai University,0318891110,Computer Science And Engineering(Artificial Intelligence And Machine Learning),GOBCO,49708,85.113912,Stage I,2025-26,1,97
03188,"Vasantdada Patil Pratishthan'S College Of Engineering And Visual Arts, Sion, Mumbai",Mumbai,Un-Aided,Non-Autonomous,Mumbai University,Mumbai University,0318891110,Computer Science And Engineering(Artificial Intelligence And Machine Learning),GSEBCO,61298,81.3270637,Stage I,2025-26,1,97
03188,"Vasantdada Patil Pratishthan'S College Of Engineering And Visual Arts, Sion, Mumbai",Mumbai,Un-Aided,Non-Autonomous,Mumbai University,Mumbai University,0318891110,Computer Science And Engineering(Artificial Intelligence And Machine Learning),LOPENO,43383,87.1376478,Stage I,2025-26,1,97
03188,"Vasantdada Patil Pratishthan'S College Of Engineering And Visual Arts, Sion, Mumbai",Mumbai,Un-Aided,Non-Autonomous,Mumbai University,Mumbai University,0318891110,Computer Science And Engineering(Artificial Intelligence And Machine Learning),LSCO,60176,81.8021201,Stage I,2025-26,1,97
03188,"Vasantdada Patil Pratishthan'S College Of Engineering And Visual Arts, Sion, Mumbai",Mumbai,Un-Aided,Non-Autonomous,Mumbai University,Mumbai University,0318891110,Computer Science And Engineering(Artificial Intelligence And Machine Learning),LOBCO,55988,83.1060395,Stage I,2025-26,1,97
03188,"Vasantdada Patil Pratishthan'S College Of Engineering And Visual Arts, Sion, Mumbai",Mumbai,Un-Aided,Non-Autonomous,Mumbai University,Mumbai University,0318891110,Computer Science And Engineering(Artificial Intelligence And Machine Learning),GSTO,143116,47.13962,Stage I,2025-26,1,97
03188,"Vasantdada Patil Pratishthan'S College Of Engineering And Visual Arts, Sion, Mumbai",Mumbai,Un-Aided,Non-Autonomous,Mumbai University,Mumbai University,0318891110,Computer Science And Engineering(Artificial Intelligence And Machine Learning),LSTO,172264,28.9513426,Stage II,2025-26,1,97
03188,"Vasantdada Patil Pratishthan'S College Of Engineering And Visual Arts, Sion, Mumbai",Mumbai,Un-Aided,Non-Autonomous,Mumbai University,Mumbai University,0318891110,Computer Science And Engineering(Artificial Intelligence And Machine Learning),DEFOPENS,111031,62.918458,Stage I,2025-26,1,97
03188,"Vasantdada Patil Pratishthan'S College Of Engineering And Visual Arts, Sion, Mumbai",Mumbai,Un-Aided,Non-Autonomous,Mumbai University,Mumbai University,0318891110,Computer Science And Engineering(Artificial Intelligence And Machine Learning),DEFOBCS,49085,85.2260888,Stage I,2025-26,1,97
03188,"Vasantdada Patil Pratishthan'S College Of Engineering And Visual Arts, Sion, Mumbai",Mumbai,Un-Aided,Non-Autonomous,Mumbai University,Mumbai University,0318891110,Computer Science And Engineering(Artificial Intelligence And Machine Learning),TFWS,26062,92.3881037,Stage I,2025-26,1,97
03188,"Vasantdada Patil Pratishthan'S College Of Engineering And Visual Arts, Sion, Mumbai",Mumbai,Un-Aided,Non-Autonomous,Mumbai University,Mumbai University,0318891110,Computer Science And Engineering(Artificial Intelligence And Machine Learning),EWS,153750,41.4020979,Stage I,2025-26,1,97
03189,"Bharati Vidyapeeth College Of Engineering, Navi Mumbai",Mumbai,Un-Aided,Non-Autonomous,Mumbai University,Mumbai University,0318924510,Computer Engineering,GOPENH,20603,94.0,Stage I,2025-26,1,98
03189,"Bharati Vidyapeeth College Of Engineering, Navi Mumbai",Mumbai,Un-Aided,Non-Autonomous,Mumbai University,Mumbai University,0318924510,Computer Engineering,GSCH,29546,91.3131313,Stage I,2025-26,1,98
03189,"Bharati Vidyapeeth College Of Engineering, Navi Mumbai",Mumbai,Un-Aided,Non-Autonomous,Mumbai University,Mumbai University,0318924510,Computer Engineering,GSTH,124525,56.8426573,Stage I,2025-26,1,98
03189,"Bharati Vidyapeeth College Of Engineering, Navi Mumbai",Mumbai,Un-Aided,Non-Autonomous,Mumbai University,Mumbai University,0318924510,Computer Engineering,GVJH,34179,89.9860676,Stage I,2025-26,1,98
03189,"Bharati Vidyapeeth College Of Engineering, Navi Mumbai",Mumbai,Un-Aided,Non-Autonomous,Mumbai University,Mumbai University,0318924510,Computer Engineering,GNT2H,22725,93.4192837,Stage I,2025-26,1,98
03189,"Bharati Vidyapeeth College Of Engineering, Navi Mumbai",Mumbai,Un-Aided,Non-Autonomous,Mumbai University,Mumbai University,0318924510,Computer Engineering,GOBCH,22379,93.515499,Stage I,2025-26,1,98
03189,"Bharati Vidyapeeth College Of Engineering, Navi Mumbai",Mumbai,Un-Aided,Non-Autonomous,Mumbai University,Mumbai University,0318924510,Computer Engineering,GSEBCH,25519,92.5540912,Stage I,2025-26,1,98
03189,"Bharati Vidyapeeth College Of Engineering, Navi Mumbai",Mumbai,Un-Aided,Non-Autonomous,Mumbai University,Mumbai University,0318924510,Computer Engineering,LOPENH,19288,94.434629,Stage I,2025-26,1,98
03189,"Bharati Vidyapeeth College Of Engineering, Navi Mumbai",Mumbai,Un-Aided,Non-Autonomous,Mumbai University,Mumbai University,0318924510,Computer Engineering,LSCH,27766,91.8528438,Stage I,2025-26,1,98
03189,"Bharati Vidyapeeth College Of Engineering, Navi Mumbai",Mumbai,Un-Aided,Non-Autonomous,Mumbai University,Mumbai University,0318924510,Computer Engineering,LSTH,113086,61.796967,Stage I,2025-26,1,98
03189,"Bharati Vidyapeeth College Of Engineering, Navi Mumbai",Mumbai,Un-Aided,Non-Autonomous,Mumbai University,Mumbai University,0318924510,Computer Engineering,LVJH,50097,85.0571556,Stage I,2025-26,1,98
03189,"Bharati Vidyapeeth College Of Engineering, Navi Mumbai",Mumbai,Un-Aided,Non-Autonomous,Mumbai University,Mumbai University,0318924510,Computer Engineering,LOBCH,23953,93.0332708,Stage I,2025-26,1,98
03189,"Bharati Vidyapeeth College Of Engineering, Navi Mumbai",Mumbai,Un-Aided,Non-Autonomous,Mumbai University,Mumbai University,0318924510,Computer Engineering,LSEBCH,26682,92.2398466,Stage I,2025-26,1,98
03189,"Bharati Vidyapeeth College Of Engineering, Navi Mumbai",Mumbai,Un-Aided,Non-Autonomous,Mumbai University,Mumbai University,0318924510,Computer Engineering,PWDOPENH,117132,60.3213757,Stage I,2025-26,1,98
03189,"Bharati Vidyapeeth College Of Engineering, Navi Mumbai",Mumbai,Un-Aided,Non-Autonomous,Mumbai University,Mumbai University,0318924510,Computer Engineering,GOPENO,15798,95.4290064,Stage I,2025-26,1,98
03189,"Bharati Vidyapeeth College Of Engineering, Navi Mumbai",Mumbai,Un-Aided,Non-Autonomous,Mumbai University,Mumbai University,0318924510,Computer Engineering,GSCO,34930,89.7089209,Stage I,2025-26,1,98
03189,"Bharati Vidyapeeth College Of Engineering, Navi Mumbai",Mumbai,Un-Aided,Non-Autonomous,Mumbai University,Mumbai University,0318924510,Computer Engineering,GSTO,84789,73.4354379,Stage I,2025-26,1,98
03189,"Bharati Vidyapeeth College Of Engineering, Navi Mumbai",Mumbai,Un-Aided,Non-Autonomous,Mumbai University,Mumbai University,0318924510,Computer Engineering,GVJO,31614,90.668828,Stage I,2025-26,1,98
03189,"Bharati Vidyapeeth College Of Engineering, Navi Mumbai",Mumbai,Un-Aided,Non-Autonomous,Mumbai University,Mumbai University,0318924510,Computer Engineering,GNT2O,29752,91.3082283,Stage I,2025-26,1,98
03189,"Bharati Vidyapeeth College Of Engineering, Navi Mumbai",Mumbai,Un-Aided,Non-Autonomous,Mumbai University,Mumbai University,0318924510,Computer Engineering,GOBCO,20031,94.2050981,Stage I,2025-26,1,98
03189,"Bharati Vidyapeeth College Of Engineering, Navi Mumbai",Mumbai,Un-Aided,Non-Autonomous,Mumbai University,Mumbai University,0318924510,Computer Engineering,GSEBCO,24257,92.9202613,Stage I,2025-26,1,98
03189,"Bharati Vidyapeeth College Of Engineering, Navi Mumbai",Mumbai,Un-Aided,Non-Autonomous,Mumbai University,Mumbai University,0318924510,Computer Engineering,LOPENO,23090,93.2766093,Stage I,2025-26,1,98
03189,"Bharati Vidyapeeth College Of Engineering, Navi Mumbai",Mumbai,Un-Aided,Non-Autonomous,Mumbai University,Mumbai University,0318924510,Computer Engineering,LNT1O,66123,79.8919296,Stage I,2025-26,1,98
03189,"Bharati Vidyapeeth College Of Engineering, Navi Mumbai",Mumbai,Un-Aided,Non-Autonomous,Mumbai University,Mumbai University,0318924510,Computer Engineering,LNT3O,25806,92.4230769,Stage I,2025-26,1,98
03189,"Bharati Vidyapeeth College Of Engineering, Navi Mumbai",Mumbai,Un-Aided,Non-Autonomous,Mumbai University,Mumbai University,0318924510,Computer Engineering,LOBCO,24810,92.7805181,Stage I,2025-26,1,98
03189,"Bharati Vidyapeeth College Of Engineering, Navi Mumbai",Mumbai,Un-Aided,Non-Autonomous,Mumbai University,Mumbai University,0318924510,Computer Engineering,LSEBCO,35627,89.51289,Stage I,2025-26,1,98
03189,"Bharati Vidyapeeth College Of Engineering, Navi Mumbai",Mumbai,Un-Aided,Non-Autonomous,Mumbai University,Mumbai University,0318924510,Computer Engineering,DEFOPENS,41714,87.6831328,Stage I,2025-26,1,98
03189,"Bharati Vidyapeeth College Of Engineering, Navi Mumbai",Mumbai,Un-Aided,Non-Autonomous,Mumbai University,Mumbai University,0318924510,Computer Engineering,DEFOBCS,71489,78.2396759,Stage I,2025-26,1,98
03189,"Bharati Vidyapeeth College Of Engineering, Navi Mumbai",Mumbai,Un-Aided,Non-Autonomous,Mumbai University,Mumbai University,0318924510,Computer Engineering,TFWS,15573,95.5372663,Stage I,2025-26,1,98
03189,"Bharati Vidyapeeth College Of Engineering, Navi Mumbai",Mumbai,Un-Aided,Non-Autonomous,Mumbai University,Mumbai University,0318924510,Computer Engineering,EWS,50672,84.8736599,Stage I,2025-26,1,98
03189,"Bharati Vidyapeeth College Of Engineering, Navi Mumbai",Mumbai,Un-Aided,Non-Autonomous,Mumbai University,Mumbai University,0318924610,Information Technology,GOPENH,22150,93.5688239,Stage I,2025-26,1,99
03189,"Bharati Vidyapeeth College Of Engineering, Navi Mumbai",Mumbai,Un-Aided,Non-Autonomous,Mumbai University,Mumbai University,0318924610,Information Technology,GSCH,31467,90.7235685,Stage I,2025-26,1,99
03189,"Bharati Vidyapeeth College Of Engineering, Navi Mumbai",Mumbai,Un-Aided,Non-Autonomous,Mumbai University,Mumbai University,0318924610,Information Technology,GSTH,42271,87.4115391,Stage I,2025-26,1,99
03189,"Bharati Vidyapeeth College Of Engineering, Navi Mumbai",Mumbai,Un-Aided,Non-Autonomous,Mumbai University,Mumbai University,0318924610,Information Technology,GNT1H,37486,88.9609194,Stage I,2025-26,1,99
03189,"Bharati Vidyapeeth College Of Engineering, Navi Mumbai",Mumbai,Un-Aided,Non-Autonomous,Mumbai University,Mumbai University,0318924610,Information Technology,GNT3H,43710,87.0316109,Stage I,2025-26,1,99
03189,"Bharati Vidyapeeth College Of Engineering, Navi Mumbai",Mumbai,Un-Aided,Non-Autonomous,Mumbai University,Mumbai University,0318924610,Information Technology,GOBCH,24264,92.9202613,Stage I,2025-26,1,99
03189,"Bharati Vidyapeeth College Of Engineering, Navi Mumbai",Mumbai,Un-Aided,Non-Autonomous,Mumbai University,Mumbai University,0318924610,Information Technology,GSEBCH,31421,90.8403987,Stage I,2025-26,1,99
03189,"Bharati Vidyapeeth College Of Engineering, Navi Mumbai",Mumbai,Un-Aided,Non-Autonomous,Mumbai University,Mumbai University,0318924610,Information Technology,LOPENH,21607,93.7451547,Stage I,2025-26,1,99
03189,"Bharati Vidyapeeth College Of Engineering, Navi Mumbai",Mumbai,Un-Aided,Non-Autonomous,Mumbai University,Mumbai University,0318924610,Information Technology,LSCH,31446,90.7235685,Stage I,2025-26,1,99
03189,"Bharati Vidyapeeth College Of Engineering, Navi Mumbai",Mumbai,Un-Aided,Non-Autonomous,Mumbai University,Mumbai University,0318924610,Information Technology,LSTH,138471,49.6043895,Stage I,2025-26,1,99
03189,"Bharati Vidyapeeth College Of Engineering, Navi Mumbai",Mumbai,Un-Aided,Non-Autonomous,Mumbai University,Mumbai University,0318924610,Information Technology,LOBCH,26150,92.3780367,Stage I,2025-26,1,99
03189,"Bharati Vidyapeeth College Of Engineering, Navi Mumbai",Mumbai,Un-Aided,Non-Autonomous,Mumbai University,Mumbai University,0318924610,Information Technology,LSEBCH,30553,91.051072,Stage I,2025-26,1,99
03189,"Bharati Vidyapeeth College Of Engineering, Navi Mumbai",Mumbai,Un-Aided,Non-Autonomous,Mumbai University,Mumbai University,0318924610,Information Technology,GOPENO,19590,94.3106153,Stage I,2025-26,1,99
03189,"Bharati Vidyapeeth College Of Engineering, Navi Mumbai",Mumbai,Un-Aided,Non-Autonomous,Mumbai University,Mumbai University,0318924610,Information Technology,GSTO,164579,33.6209084,Stage I,2025-26,1,99
03189,"Bharati Vidyapeeth College Of Engineering, Navi Mumbai",Mumbai,Un-Aided,Non-Autonomous,Mumbai University,Mumbai University,0318924610,Information Technology,GNT2O,30996,90.8847092,Stage I,2025-26,1,99
03189,"Bharati Vidyapeeth College Of Engineering, Navi Mumbai",Mumbai,Un-Aided,Non-Autonomous,Mumbai University,Mumbai University,0318924610,Information Technology,GOBCO,19823,94.2598398,Stage I,2025-26,1,99
03189,"Bharati Vidyapeeth College Of Engineering, Navi Mumbai",Mumbai,Un-Aided,Non-Autonomous,Mumbai University,Mumbai University,0318924610,Information Technology,GSEBCO,20390,94.0956622,Stage I,2025-26,1,99
03189,"Bharati Vidyapeeth College Of Engineering, Navi Mumbai",Mumbai,Un-Aided,Non-Autonomous,Mumbai University,Mumbai University,0318924610,Information Technology,LOPENO,25228,92.6563556,Stage I,2025-26,1,99
03189,"Bharati Vidyapeeth College Of Engineering, Navi Mumbai",Mumbai,Un-Aided,Non-Autonomous,Mumbai University,Mumbai University,0318924610,Information Technology,LSCO,56974,82.837277,Stage I,2025-26,1,99
03189,"Bharati Vidyapeeth College Of Engineering, Navi Mumbai",Mumbai,Un-Aided,Non-Autonomous,Mumbai University,Mumbai University,0318924610,Information Technology,LVJO,77791,75.652265,Stage I,2025-26,1,99
03189,"Bharati Vidyapeeth College Of Engineering, Navi Mumbai",Mumbai,Un-Aided,Non-Autonomous,Mumbai University,Mumbai University,0318924610,Information Technology,LOBCO,26252,92.3562485,Stage I,2025-26,1,99
03189,"Bharati Vidyapeeth College Of Engineering, Navi Mumbai",Mumbai,Un-Aided,Non-Autonomous,Mumbai University,Mumbai University,0318924610,Information Technology,DEFOPENS,45040,86.6718198,Stage I,2025-26,1,99
03189,"Bharati Vidyapeeth College Of Engineering, Navi Mumbai",Mumbai,Un-Aided,Non-Autonomous,Mumbai University,Mumbai University,0318924610,Information Technology,TFWS,20122,94.1811162,Stage I,2025-26,1,99
03189,"Bharati Vidyapeeth College Of Engineering, Navi Mumbai",Mumbai,Un-Aided,Non-Autonomous,Mumbai University,Mumbai University,0318924610,Information Technology,EWS,53286,84.0359888,Stage I,2025-26,1,99
03189,"Bharati Vidyapeeth College Of Engineering, Navi Mumbai",Mumbai,Un-Aided,Non-Autonomous,Mumbai University,Mumbai University,0318937210,Electronics And Telecommunication Engg,GOPENH,37867,88.7823852,Stage I,2025-26,1,100
03189,"Bharati Vidyapeeth College Of Engineering, Navi Mumbai",Mumbai,Un-Aided,Non-Autonomous,Mumbai University,Mumbai University,0318937210,Electronics And Telecommunication Engg,GSCH,57770,82.4521073,Stage I,2025-26,1,100
03189,"Bharati Vidyapeeth College Of Engineering, Navi Mumbai",Mumbai,Un-Aided,Non-Autonomous,Mumbai University,Mumbai University,0318937210,Electronics And Telecommunication Engg,GSTH,161989,35.9909439,Stage I,2025-26,1,100
03189,"Bharati Vidyapeeth College Of Engineering, Navi Mumbai",Mumbai,Un-Aided,Non-Autonomous,Mumbai University,Mumbai University,0318937210,Electronics And Telecommunication Engg,GVJH,51767,84.4950314,Stage I,2025-26,1,100
03189,"Bharati Vidyapeeth College Of Engineering, Navi Mumbai",Mumbai,Un-Aided,Non-Autonomous,Mumbai University,Mumbai University,0318937210,Electronics And Telecommunication Engg,GNT1H,54032,83.7934335,Stage I,2025-26,1,100
03189,"Bharati Vidyapeeth College Of Engineering, Navi Mumbai",Mumbai,Un-Aided,Non-Autonomous,Mumbai University,Mumbai University,0318937210,Electronics And Telecommunication Engg,GNT2H,52925,84.1131441,Stage I,2025-26,1,100
03189,"Bharati Vidyapeeth College Of Engineering, Navi Mumbai",Mumbai,Un-Aided,Non-Autonomous,Mumbai University,Mumbai University,0318937210,Electronics And Telecommunication Engg,GOBCH,46698,85.977536,Stage I,2025-26,1,100
03189,"Bharati Vidyapeeth College Of Engineering, Navi Mumbai",Mumbai,Un-Aided,Non-Autonomous,Mumbai University,Mumbai University,0318937210,Electronics And Telecommunication Engg,GSEBCH,67247,79.6925092,Stage I,2025-26,1,100
03189,"Bharati Vidyapeeth College Of Engineering, Navi Mumbai",Mumbai,Un-Aided,Non-Autonomous,Mumbai University,Mumbai University,0318937210,Electronics And Telecommunication Engg,LOPENH,31188,90.8739909,Stage I,2025-26,1,100
03189,"Bharati Vidyapeeth College Of Engineering, Navi Mumbai",Mumbai,Un-Aided,Non-Autonomous,Mumbai University,Mumbai University,0318937210,Electronics And Telecommunication Engg,LSCH,51686,84.5176078,Stage I,2025-26,1,100
03189,"Bharati Vidyapeeth College Of Engineering, Navi Mumbai",Mumbai,Un-Aided,Non-Autonomous,Mumbai University,Mumbai University,0318937210,Electronics And Telecommunication Engg,LVJH,142959,47.1398578,Stage I,2025-26,1,100
03189,"Bharati Vidyapeeth College Of Engineering, Navi Mumbai",Mumbai,Un-Aided,Non-Autonomous,Mumbai University,Mumbai University,0318937210,Electronics And Telecommunication Engg,LNT1H,53305,84.0359888,Stage I,2025-26,1,100
03189,"Bharati Vidyapeeth College Of Engineering, Navi Mumbai",Mumbai,Un-Aided,Non-Autonomous,Mumbai University,Mumbai University,0318937210,Electronics And Telecommunication Engg,LNT2H,57175,82.837277,Stage I,2025-26,1,100
03189,"Bharati Vidyapeeth College Of Engineering, Navi Mumbai",Mumbai,Un-Aided,Non-Autonomous,Mumbai University,Mumbai University,0318937210,Electronics And Telecommunication Engg,LNT3H,168748,31.9280223,Stage I,2025-26,1,100
03189,"Bharati Vidyapeeth College Of Engineering, Navi Mumbai",Mumbai,Un-Aided,Non-Autonomous,Mumbai University,Mumbai University,0318937210,Electronics And Telecommunication Engg,LOBCH,53122,84.0903324,Stage I,2025-26,1,100
03189,"Bharati Vidyapeeth College Of Engineering, Navi Mumbai",Mumbai,Un-Aided,Non-Autonomous,Mumbai University,Mumbai University,0318937210,Electronics And Telecommunication Engg,LSEBCH,56150,83.0707711,Stage I,2025-26,1,100
03189,"Bharati Vidyapeeth College Of Engineering, Navi Mumbai",Mumbai,Un-Aided,Non-Autonomous,Mumbai University,Mumbai University,0318937210,Electronics And Telecommunication Engg,GOPENO,37443,88.9609194,Stage I,2025-26,1,100
03189,"Bharati Vidyapeeth College Of Engineering, Navi Mumbai",Mumbai,Un-Aided,Non-Autonomous,Mumbai University,Mumbai University,0318937210,Electronics And Telecommunication Engg,GSCO,59747,81.9705913,Stage I,2025-26,1,100
03189,"Bharati Vidyapeeth College Of Engineering, Navi Mumbai",Mumbai,Un-Aided,Non-Autonomous,Mumbai University,Mumbai University,0318937210,Electronics And Telecommunication Engg,GVJO,57434,82.777662,Stage I,2025-26,1,100
03189,"Bharati Vidyapeeth College Of Engineering, Navi Mumbai",Mumbai,Un-Aided,Non-Autonomous,Mumbai University,Mumbai University,0318937210,Electronics And Telecommunication Engg,GNT1O,69535,78.6137148,Stage I,2025-26,1,100
03189,"Bharati Vidyapeeth College Of Engineering, Navi Mumbai",Mumbai,Un-Aided,Non-Autonomous,Mumbai University,Mumbai University,0318937210,Electronics And Telecommunication Engg,GNT3O,49899,85.1002266,Stage I,2025-26,1,100
03189,"Bharati Vidyapeeth College Of Engineering, Navi Mumbai",Mumbai,Un-Aided,Non-Autonomous,Mumbai University,Mumbai University,0318937210,Electronics And Telecommunication Engg,GOBCO,43176,87.2335313,Stage I,2025-26,1,100
03189,"Bharati Vidyapeeth College Of Engineering, Navi Mumbai",Mumbai,Un-Aided,Non-Autonomous,Mumbai University,Mumbai University,0318937210,Electronics And Telecommunication Engg,LOPENO,39180,88.4967904,Stage I,2025-26,1,100
03189,"Bharati Vidyapeeth College Of Engineering, Navi Mumbai",Mumbai,Un-Aided,Non-Autonomous,Mumbai University,Mumbai University,0318937210,Electronics And Telecommunication Engg,LOBCO,46921,85.9646097,Stage I,2025-26,1,100
03189,"Bharati Vidyapeeth College Of Engineering, Navi Mumbai",Mumbai,Un-Aided,Non-Autonomous,Mumbai University,Mumbai University,0318937210,Electronics And Telecommunication Engg,LSEBCO,54451,83.7239356,Stage I,2025-26,1,100
03189,"Bharati Vidyapeeth College Of Engineering, Navi Mumbai",Mumbai,Un-Aided,Non-Autonomous,Mumbai University,Mumbai University,0318937210,Electronics And Telecommunication Engg,DEFOPENS,62809,81.0133535,Stage I,2025-26,1,100
03189,"Bharati Vidyapeeth College Of Engineering, Navi Mumbai",Mumbai,Un-Aided,Non-Autonomous,Mumbai University,Mumbai University,0318937210,Electronics And Telecommunication Engg,DEFOBCS,136433,50.7016833,Stage I,2025-26,1,100
03189,"Bharati Vidyapeeth College Of Engineering, Navi Mumbai",Mumbai,Un-Aided,Non-Autonomous,Mumbai University,Mumbai University,0318937210,Electronics And Telecommunication Engg,DEFSEBCS,110276,63.2914656,Stage I,2025-26,1,100
03189,"Bharati Vidyapeeth College Of Engineering, Navi Mumbai",Mumbai,Un-Aided,Non-Autonomous,Mumbai University,Mumbai University,0318937210,Electronics And Telecommunication Engg,TFWS,35016,89.682715,Stage I,2025-26,1,100
03189,"Bharati Vidyapeeth College Of Engineering, Navi Mumbai",Mumbai,Un-Aided,Non-Autonomous,Mumbai University,Mumbai University,0318937210,Electronics And Telecommunication Engg,EWS,121927,57.8195751,Stage I,2025-26,1,100
03189,"Bharati Vidyapeeth College Of Engineering, Navi Mumbai",Mumbai,Un-Aided,Non-Autonomous,Mumbai University,Mumbai University,0318946610,Instrumentation Engineering,GOPENH,68301,79.027972,Stage I,2025-26,1,101
03189,"Bharati Vidyapeeth College Of Engineering, Navi Mumbai",Mumbai,Un-Aided,Non-Autonomous,Mumbai University,Mumbai University,0318946610,Instrumentation Engineering,GSCH,119930,58.8525307,Stage I,2025-26,1,101
03189,"Bharati Vidyapeeth College Of Engineering, Navi Mumbai",Mumbai,Un-Aided,Non-Autonomous,Mumbai University,Mumbai University,0318946610,Instrumentation Engineering,GNT1H,195083,9.8110718,Stage I,2025-26,1,101
03189,"Bharati Vidyapeeth College Of Engineering, Navi Mumbai",Mumbai,Un-Aided,Non-Autonomous,Mumbai University,Mumbai University,0318946610,Instrumentation Engineering,GOBCH,100893,66.9498069,Stage I,2025-26,1,101
03189,"Bharati Vidyapeeth College Of Engineering, Navi Mumbai",Mumbai,Un-Aided,Non-Autonomous,Mumbai University,Mumbai University,0318946610,Instrumentation Engineering,GSEBCH,95980,69.0979021,Stage I,2025-26,1,101
03189,"Bharati Vidyapeeth College Of Engineering, Navi Mumbai",Mumbai,Un-Aided,Non-Autonomous,Mumbai University,Mumbai University,0318946610,Instrumentation Engineering,LOPENH,69786,78.5819586,Stage I,2025-26,1,101
03189,"Bharati Vidyapeeth College Of Engineering, Navi Mumbai",Mumbai,Un-Aided,Non-Autonomous,Mumbai University,Mumbai University,0318946610,Instrumentation Engineering,LSCH,92798,70.5005064,Stage I,2025-26,1,101
03189,"Bharati Vidyapeeth College Of Engineering, Navi Mumbai",Mumbai,Un-Aided,Non-Autonomous,Mumbai University,Mumbai University,0318946610,Instrumentation Engineering,LOBCH,94613,69.4936445,Stage I,2025-26,1,101
03189,"Bharati Vidyapeeth College Of Engineering, Navi Mumbai",Mumbai,Un-Aided,Non-Autonomous,Mumbai University,Mumbai University,0318946610,Instrumentation Engineering,LSEBCH,105195,65.5190641,Stage I,2025-26,1,101
03189,"Bharati Vidyapeeth College Of Engineering, Navi Mumbai",Mumbai,Un-Aided,Non-Autonomous,Mumbai University,Mumbai University,0318946610,Instrumentation Engineering,GVJH,187931,16.5215865,Stage I,2025-26,1,101
03189,"Bharati Vidyapeeth College Of Engineering, Navi Mumbai",Mumbai,Un-Aided,Non-Autonomous,Mumbai University,Mumbai University,0318946610,Instrumentation Engineering,GNT3H,141941,47.7841578,Stage I,2025-26,1,101
03189,"Bharati Vidyapeeth College Of Engineering, Navi Mumbai",Mumbai,Un-Aided,Non-Autonomous,Mumbai University,Mumbai University,0318946610,Instrumentation Engineering,GOPENO,51885,84.4950314,Stage I,2025-26,1,101
03189,"Bharati Vidyapeeth College Of Engineering, Navi Mumbai",Mumbai,Un-Aided,Non-Autonomous,Mumbai University,Mumbai University,0318946610,Instrumentation Engineering,GSCO,131513,53.2657343,Stage I,2025-26,1,101
03189,"Bharati Vidyapeeth College Of Engineering, Navi Mumbai",Mumbai,Un-Aided,Non-Autonomous,Mumbai University,Mumbai University,0318946610,Instrumentation Engineering,GNT2O,105102,65.5190641,Stage I,2025-26,1,101
03189,"Bharati Vidyapeeth College Of Engineering, Navi Mumbai",Mumbai,Un-Aided,Non-Autonomous,Mumbai University,Mumbai University,0318946610,Instrumentation Engineering,GOBCO,85883,72.8948543,Stage I,2025-26,1,101
03189,"Bharati Vidyapeeth College Of Engineering, Navi Mumbai",Mumbai,Un-Aided,Non-Autonomous,Mumbai University,Mumbai University,0318946610,Instrumentation Engineering,GSEBCO,133299,52.3622324,Stage I,2025-26,1,101
03189,"Bharati Vidyapeeth College Of Engineering, Navi Mumbai",Mumbai,Un-Aided,Non-Autonomous,Mumbai University,Mumbai University,0318946610,Instrumentation Engineering,LOPENO,64005,80.602179,Stage I,2025-26,1,101
03189,"Bharati Vidyapeeth College Of Engineering, Navi Mumbai",Mumbai,Un-Aided,Non-Autonomous,Mumbai University,Mumbai University,0318946610,Instrumentation Engineering,LSCO,154984,39.902473,Stage I,2025-26,1,101
03189,"Bharati Vidyapeeth College Of Engineering, Navi Mumbai",Mumbai,Un-Aided,Non-Autonomous,Mumbai University,Mumbai University,0318946610,Instrumentation Engineering,LOBCO,92045,70.6189283,Stage I,2025-26,1,101
03189,"Bharati Vidyapeeth College Of Engineering, Navi Mumbai",Mumbai,Un-Aided,Non-Autonomous,Mumbai University,Mumbai University,0318946610,Instrumentation Engineering,TFWS,41341,87.7785554,Stage I,2025-26,1,101
03189,"Bharati Vidyapeeth College Of Engineering, Navi Mumbai",Mumbai,Un-Aided,Non-Autonomous,Mumbai University,Mumbai University,0318946610,Instrumentation Engineering,EWS,201960,2.4831562,Stage I,2025-26,1,101
03189,"Bharati Vidyapeeth College Of Engineering, Navi Mumbai",Mumbai,Un-Aided,Non-Autonomous,Mumbai University,Mumbai University,0318950710,Chemical Engineering,GOPENH,30571,91.051072,Stage I,2025-26,1,102
03189,"Bharati Vidyapeeth College Of Engineering, Navi Mumbai",Mumbai,Un-Aided,Non-Autonomous,Mumbai University,Mumbai University,0318950710,Chemical Engineering,GSCH,87439,72.1363369,Stage I,2025-26,1,102
03189,"Bharati Vidyapeeth College Of Engineering, Navi Mumbai",Mumbai,Un-Aided,Non-Autonomous,Mumbai University,Mumbai University,0318950710,Chemical Engineering,GSTH,182230,21.5882968,Stage I,2025-26,1,102
03189,"Bharati Vidyapeeth College Of Engineering, Navi Mumbai",Mumbai,Un-Aided,Non-Autonomous,Mumbai University,Mumbai University,0318950710,Chemical Engineering,GVJH,101738,66.4263323,Stage I,2025-26,1,102
03189,"Bharati Vidyapeeth College Of Engineering, Navi Mumbai",Mumbai,Un-Aided,Non-Autonomous,Mumbai University,Mumbai University,0318950710,Chemical Engineering,GNT2H,90717,71.173087,Stage I,2025-26,1,102
03189,"Bharati Vidyapeeth College Of Engineering, Navi Mumbai",Mumbai,Un-Aided,Non-Autonomous,Mumbai University,Mumbai University,0318950710,Chemical Engineering,GOBCH,46338,86.2041018,Stage I,2025-26,1,102
03189,"Bharati Vidyapeeth College Of Engineering, Navi Mumbai",Mumbai,Un-Aided,Non-Autonomous,Mumbai University,Mumbai University,0318950710,Chemical Engineering,GSEBCH,124606,56.6213771,Stage I,2025-26,1,102
03189,"Bharati Vidyapeeth College Of Engineering, Navi Mumbai",Mumbai,Un-Aided,Non-Autonomous,Mumbai University,Mumbai University,0318950710,Chemical Engineering,LOPENH,27228,92.0411007,Stage I,2025-26,1,102
03189,"Bharati Vidyapeeth College Of Engineering, Navi Mumbai",Mumbai,Un-Aided,Non-Autonomous,Mumbai University,Mumbai University,0318950710,Chemical Engineering,LSCH,82540,73.8000589,Stage I,2025-26,1,102
03189,"Bharati Vidyapeeth College Of Engineering, Navi Mumbai",Mumbai,Un-Aided,Non-Autonomous,Mumbai University,Mumbai University,0318950710,Chemical Engineering,LSTH,158502,38.3392226,Stage I,2025-26,1,102
03189,"Bharati Vidyapeeth College Of Engineering, Navi Mumbai",Mumbai,Un-Aided,Non-Autonomous,Mumbai University,Mumbai University,0318950710,Chemical Engineering,LNT2H,81212,74.6802716,Stage I,2025-26,1,102
03189,"Bharati Vidyapeeth College Of Engineering, Navi Mumbai",Mumbai,Un-Aided,Non-Autonomous,Mumbai University,Mumbai University,0318950710,Chemical Engineering,LOBCH,42987,87.3029561,Stage I,2025-26,1,102
03189,"Bharati Vidyapeeth College Of Engineering, Navi Mumbai",Mumbai,Un-Aided,Non-Autonomous,Mumbai University,Mumbai University,0318950710,Chemical Engineering,LSEBCH,99270,68.1117918,Stage I,2025-26,1,102
03189,"Bharati Vidyapeeth College Of Engineering, Navi Mumbai",Mumbai,Un-Aided,Non-Autonomous,Mumbai University,Mumbai University,0318950710,Chemical Engineering,LNT1H,71582,78.2396759,Stage II,2025-26,1,102
03189,"Bharati Vidyapeeth College Of Engineering, Navi Mumbai",Mumbai,Un-Aided,Non-Autonomous,Mumbai University,Mumbai University,0318950710,Chemical Engineering,GVJH,145809,45.9245973,Stage I,2025-26,1,102
03189,"Bharati Vidyapeeth College Of Engineering, Navi Mumbai",Mumbai,Un-Aided,Non-Autonomous,Mumbai University,Mumbai University,0318950710,Chemical Engineering,GNT3H,80187,75.1716925,Stage I,2025-26,1,102
03189,"Bharati Vidyapeeth College Of Engineering, Navi Mumbai",Mumbai,Un-Aided,Non-Autonomous,Mumbai University,Mumbai University,0318950710,Chemical Engineering,GOPENO,33747,90.0917161,Stage I,2025-26,1,102
03189,"Bharati Vidyapeeth College Of Engineering, Navi Mumbai",Mumbai,Un-Aided,Non-Autonomous,Mumbai University,Mumbai University,0318950710,Chemical Engineering,GSCO,38314,88.680102,Stage I,2025-26,1,102
03189,"Bharati Vidyapeeth College Of Engineering, Navi Mumbai",Mumbai,Un-Aided,Non-Autonomous,Mumbai University,Mumbai University,0318950710,Chemical Engineering,GOBCO,39256,88.4967904,Stage I,2025-26,1,102
03189,"Bharati Vidyapeeth College Of Engineering, Navi Mumbai",Mumbai,Un-Aided,Non-Autonomous,Mumbai University,Mumbai University,0318950710,Chemical Engineering,LOPENO,18071,94.7823058,Stage I,2025-26,1,102
03189,"Bharati Vidyapeeth College Of Engineering, Navi Mumbai",Mumbai,Un-Aided,Non-Autonomous,Mumbai University,Mumbai University,0318950710,Chemical Engineering,LSCO,125798,56.2929777,Stage I,2025-26,1,102
03189,"Bharati Vidyapeeth College Of Engineering, Navi Mumbai",Mumbai,Un-Aided,Non-Autonomous,Mumbai University,Mumbai University,0318950710,Chemical Engineering,LOBCO,28452,91.7067224,Stage I,2025-26,1,102
03189,"Bharati Vidyapeeth College Of Engineering, Navi Mumbai",Mumbai,Un-Aided,Non-Autonomous,Mumbai University,Mumbai University,0318950710,Chemical Engineering,LSEBCO,76500,76.5279741,Stage I,2025-26,1,102
03189,"Bharati Vidyapeeth College Of Engineering, Navi Mumbai",Mumbai,Un-Aided,Non-Autonomous,Mumbai University,Mumbai University,0318950710,Chemical Engineering,DEFOPENS,139071,49.4020979,Stage I,2025-26,1,102
03189,"Bharati Vidyapeeth College Of Engineering, Navi Mumbai",Mumbai,Un-Aided,Non-Autonomous,Mumbai University,Mumbai University,0318950710,Chemical Engineering,TFWS,29352,91.3979682,Stage I,2025-26,1,102
03189,"Bharati Vidyapeeth College Of Engineering, Navi Mumbai",Mumbai,Un-Aided,Non-Autonomous,Mumbai University,Mumbai University,0318950710,Chemical Engineering,EWS,115928,60.634478,Stage I,2025-26,1,102
03189,"Bharati Vidyapeeth College Of Engineering, Navi Mumbai",Mumbai,Un-Aided,Non-Autonomous,Mumbai University,Mumbai University,0318961210,Mechanical Engineering,GOPENH,53056,84.0903324,Stage I,2025-26,1,103
03189,"Bharati Vidyapeeth College Of Engineering, Navi Mumbai",Mumbai,Un-Aided,Non-Autonomous,Mumbai University,Mumbai University,0318961210,Mechanical Engineering,GSCH,87789,72.102802,Stage I,2025-26,1,103
03189,"Bharati Vidyapeeth College Of Engineering, Navi Mumbai",Mumbai,Un-Aided,Non-Autonomous,Mumbai University,Mumbai University,0318961210,Mechanical Engineering,GSTH,144245,46.7613499,Stage I,2025-26,1,103
03189,"Bharati Vidyapeeth College Of Engineering, Navi Mumbai",Mumbai,Un-Aided,Non-Autonomous,Mumbai University,Mumbai University,0318961210,Mechanical Engineering,GVJH,76305,76.5279741,Stage I,2025-26,1,103
03189,"Bharati Vidyapeeth College Of Engineering, Navi Mumbai",Mumbai,Un-Aided,Non-Autonomous,Mumbai University,Mumbai University,0318961210,Mechanical Engineering,GNT1H,129844,54.0903901,Stage I,2025-26,1,103
03189,"Bharati Vidyapeeth College Of Engineering, Navi Mumbai",Mumbai,Un-Aided,Non-Autonomous,Mumbai University,Mumbai University,0318961210,Mechanical Engineering,GNT2H,54021,83.7934335,Stage I,2025-26,1,103
03189,"Bharati Vidyapeeth College Of Engineering, Navi Mumbai",Mumbai,Un-Aided,Non-Autonomous,Mumbai University,Mumbai University,0318961210,Mechanical Engineering,GOBCH,82159,74.0094972,Stage I,2025-26,1,103
03189,"Bharati Vidyapeeth College Of Engineering, Navi Mumbai",Mumbai,Un-Aided,Non-Autonomous,Mumbai University,Mumbai University,0318961210,Mechanical Engineering,GSEBCH,80260,75.1716925,Stage I,2025-26,1,103
03189,"Bharati Vidyapeeth College Of Engineering, Navi Mumbai",Mumbai,Un-Aided,Non-Autonomous,Mumbai University,Mumbai University,0318961210,Mechanical Engineering,LOPENH,75659,76.7694659,Stage I,2025-26,1,103
03189,"Bharati Vidyapeeth College Of Engineering, Navi Mumbai",Mumbai,Un-Aided,Non-Autonomous,Mumbai University,Mumbai University,0318961210,Mechanical Engineering,LSCH,152067,42.6339209,Stage I,2025-26,1,103
03189,"Bharati Vidyapeeth College Of Engineering, Navi Mumbai",Mumbai,Un-Aided,Non-Autonomous,Mumbai University,Mumbai University,0318961210,Mechanical Engineering,LNT3H,174552,26.7336064,Stage I,2025-26,1,103
03189,"Bharati Vidyapeeth College Of Engineering, Navi Mumbai",Mumbai,Un-Aided,Non-Autonomous,Mumbai University,Mumbai University,0318961210,Mechanical Engineering,LOBCH,117255,60.2517483,Stage I,2025-26,1,103
03189,"Bharati Vidyapeeth College Of Engineering, Navi Mumbai",Mumbai,Un-Aided,Non-Autonomous,Mumbai University,Mumbai University,0318961210,Mechanical Engineering,LSEBCH,85232,73.2612864,Stage I,2025-26,1,103
03189,"Bharati Vidyapeeth College Of Engineering, Navi Mumbai",Mumbai,Un-Aided,Non-Autonomous,Mumbai University,Mumbai University,0318961210,Mechanical Engineering,LNT2H,89919,71.4842352,Stage II,2025-26,1,103
03189,"Bharati Vidyapeeth College Of Engineering, Navi Mumbai",Mumbai,Un-Aided,Non-Autonomous,Mumbai University,Mumbai University,0318961210,Mechanical Engineering,LVJH,118512,59.2797111,Stage I,2025-26,1,103
03189,"Bharati Vidyapeeth College Of Engineering, Navi Mumbai",Mumbai,Un-Aided,Non-Autonomous,Mumbai University,Mumbai University,0318961210,Mechanical Engineering,GOPENO,60169,81.8021201,Stage I,2025-26,1,103
03189,"Bharati Vidyapeeth College Of Engineering, Navi Mumbai",Mumbai,Un-Aided,Non-Autonomous,Mumbai University,Mumbai University,0318961210,Mechanical Engineering,GSCO,119179,59.1762367,Stage I,2025-26,1,103
03189,"Bharati Vidyapeeth College Of Engineering, Navi Mumbai",Mumbai,Un-Aided,Non-Autonomous,Mumbai University,Mumbai University,0318961210,Mechanical Engineering,GVJO,99811,67.8210479,Stage I,2025-26,1,103
03189,"Bharati Vidyapeeth College Of Engineering, Navi Mumbai",Mumbai,Un-Aided,Non-Autonomous,Mumbai University,Mumbai University,0318961210,Mechanical Engineering,GNT1O,139419,49.3416227,Stage I,2025-26,1,103
03189,"Bharati Vidyapeeth College Of Engineering, Navi Mumbai",Mumbai,Un-Aided,Non-Autonomous,Mumbai University,Mumbai University,0318961210,Mechanical Engineering,GNT2O,75576,76.7694659,Stage I,2025-26,1,103
03189,"Bharati Vidyapeeth College Of Engineering, Navi Mumbai",Mumbai,Un-Aided,Non-Autonomous,Mumbai University,Mumbai University,0318961210,Mechanical Engineering,GNT3O,73637,77.161886,Stage I,2025-26,1,103
03189,"Bharati Vidyapeeth College Of Engineering, Navi Mumbai",Mumbai,Un-Aided,Non-Autonomous,Mumbai University,Mumbai University,0318961210,Mechanical Engineering,GOBCO,74566,76.9322569,Stage I,2025-26,1,103
03189,"Bharati Vidyapeeth College Of Engineering, Navi Mumbai",Mumbai,Un-Aided,Non-Autonomous,Mumbai University,Mumbai University,0318961210,Mechanical Engineering,GSEBCO,107567,64.2631037,Stage I,2025-26,1,103
03189,"Bharati Vidyapeeth College Of Engineering, Navi Mumbai",Mumbai,Un-Aided,Non-Autonomous,Mumbai University,Mumbai University,0318961210,Mechanical Engineering,LOPENO,68839,78.8357161,Stage I,2025-26,1,103
03189,"Bharati Vidyapeeth College Of Engineering, Navi Mumbai",Mumbai,Un-Aided,Non-Autonomous,Mumbai University,Mumbai University,0318961210,Mechanical Engineering,LSCO,139606,49.3416227,Stage I,2025-26,1,103
03189,"Bharati Vidyapeeth College Of Engineering, Navi Mumbai",Mumbai,Un-Aided,Non-Autonomous,Mumbai University,Mumbai University,0318961210,Mechanical Engineering,LNT2O,191742,13.2656066,Stage I,2025-26,1,103
03189,"Bharati Vidyapeeth College Of Engineering, Navi Mumbai",Mumbai,Un-Aided,Non-Autonomous,Mumbai University,Mumbai University,0318961210,Mechanical Engineering,LOBCO,103577,65.8992965,Stage I,2025-26,1,103
03189,"Bharati Vidyapeeth College Of Engineering, Navi Mumbai",Mumbai,Un-Aided,Non-Autonomous,Mumbai University,Mumbai University,0318961210,Mechanical Engineering,DEFOPENS,109958,63.3986014,Stage I,2025-26,1,103
03189,"Bharati Vidyapeeth College Of Engineering, Navi Mumbai",Mumbai,Un-Aided,Non-Autonomous,Mumbai University,Mumbai University,0318961210,Mechanical Engineering,TFWS,38446,88.6328671,Stage I,2025-26,1,103
03189,"Bharati Vidyapeeth College Of Engineering, Navi Mumbai",Mumbai,Un-Aided,Non-Autonomous,Mumbai University,Mumbai University,0318961210,Mechanical Engineering,EWS,181490,22.035802,Stage I,2025-26,1,103
03190,"Terna Engineering College, Nerul, Navi Mumbai",Mumbai,Un-Aided,Non-Autonomous,Mumbai University,Mumbai University,0319019110,Civil Engineering,GOPENH,57150,82.837277,Stage I,2025-26,1,104
03190,"Terna Engineering College, Nerul, Navi Mumbai",Mumbai,Un-Aided,Non-Autonomous,Mumbai University,Mumbai University,0319019110,Civil Engineering,GSCH,102505,66.3795642,Stage I,2025-26,1,104
03190,"Terna Engineering College, Nerul, Navi Mumbai",Mumbai,Un-Aided,Non-Autonomous,Mumbai University,Mumbai University,0319019110,Civil Engineering,GNT2H,70683,78.4242636,Stage I,2025-26,1,104
03190,"Terna Engineering College, Nerul, Navi Mumbai",Mumbai,Un-Aided,Non-Autonomous,Mumbai University,Mumbai University,0319019110,Civil Engineering,GNT3H,161433,36.0836122,Stage I,2025-26,1,104
03190,"Terna Engineering College, Nerul, Navi Mumbai",Mumbai,Un-Aided,Non-Autonomous,Mumbai University,Mumbai University,0319019110,Civil Engineering,GOBCH,101361,66.9039004,Stage I,2025-26,1,104
03190,"Terna Engineering College, Nerul, Navi Mumbai",Mumbai,Un-Aided,Non-Autonomous,Mumbai University,Mumbai University,0319019110,Civil Engineering,GSEBCH,113642,61.6834321,Stage I,2025-26,1,104
03190,"Terna Engineering College, Nerul, Navi Mumbai",Mumbai,Un-Aided,Non-Autonomous,Mumbai University,Mumbai University,0319019110,Civil Engineering,LOPENH,101207,66.9498069,Stage I,2025-26,1,104
03190,"Terna Engineering College, Nerul, Navi Mumbai",Mumbai,Un-Aided,Non-Autonomous,Mumbai University,Mumbai University,0319019110,Civil Engineering,LSCH,105039,65.630713,Stage I,2025-26,1,104
03190,"Terna Engineering College, Nerul, Navi Mumbai",Mumbai,Un-Aided,Non-Autonomous,Mumbai University,Mumbai University,0319019110,Civil Engineering,LOBCH,107408,64.3453843,Stage I,2025-26,1,104
03190,"Terna Engineering College, Nerul, Navi Mumbai",Mumbai,Un-Aided,Non-Autonomous,Mumbai University,Mumbai University,0319019110,Civil Engineering,LSEBCH,137824,50.3223138,Stage I,2025-26,1,104
03190,"Terna Engineering College, Nerul, Navi Mumbai",Mumbai,Un-Aided,Non-Autonomous,Mumbai University,Mumbai University,0319019110,Civil Engineering,GOPENO,54450,83.7239356,Stage I,2025-26,1,104
03190,"Terna Engineering College, Nerul, Navi Mumbai",Mumbai,Un-Aided,Non-Autonomous,Mumbai University,Mumbai University,0319019110,Civil Engineering,GSCO,123593,57.4017459,Stage I,2025-26,1,104
03190,"Terna Engineering College, Nerul, Navi Mumbai",Mumbai,Un-Aided,Non-Autonomous,Mumbai University,Mumbai University,0319019110,Civil Engineering,GOBCO,65080,80.0,Stage I,2025-26,1,104
03190,"Terna Engineering College, Nerul, Navi Mumbai",Mumbai,Un-Aided,Non-Autonomous,Mumbai University,Mumbai University,0319019110,Civil Engineering,GSEBCO,116888,60.3213757,Stage I,2025-26,1,104
03190,"Terna Engineering College, Nerul, Navi Mumbai",Mumbai,Un-Aided,Non-Autonomous,Mumbai University,Mumbai University,0319019110,Civil Engineering,LOPENO,87834,72.102802,Stage I,2025-26,1,104
03190,"Terna Engineering College, Nerul, Navi Mumbai",Mumbai,Un-Aided,Non-Autonomous,Mumbai University,Mumbai University,0319019110,Civil Engineering,LVJO,139214,49.4020979,Stage I,2025-26,1,104
03190,"Terna Engineering College, Nerul, Navi Mumbai",Mumbai,Un-Aided,Non-Autonomous,Mumbai University,Mumbai University,0319019110,Civil Engineering,LOBCO,122974,57.4376852,Stage I,2025-26,1,104
03190,"Terna Engineering College, Nerul, Navi Mumbai",Mumbai,Un-Aided,Non-Autonomous,Mumbai University,Mumbai University,0319019110,Civil Engineering,LSEBCO,131579,53.2657343,Stage II,2025-26,1,104
03190,"Terna Engineering College, Nerul, Navi Mumbai",Mumbai,Un-Aided,Non-Autonomous,Mumbai University,Mumbai University,0319019110,Civil Engineering,LNT1O,95638,69.2179237,Stage II,2025-26,1,104
03190,"Terna Engineering College, Nerul, Navi Mumbai",Mumbai,Un-Aided,Non-Autonomous,Mumbai University,Mumbai University,0319019110,Civil Engineering,TFWS,89651,71.5562808,Stage I,2025-26,1,104
03190,"Terna Engineering College, Nerul, Navi Mumbai",Mumbai,Un-Aided,Non-Autonomous,Mumbai University,Mumbai University,0319019110,Civil Engineering,EWS,193408,11.5879038,Stage I,2025-26,1,104
03190,"Terna Engineering College, Nerul, Navi Mumbai",Mumbai,Un-Aided,Non-Autonomous,Mumbai University,Mumbai University,0319024510,Computer Engineering,GOPENH,24141,92.9765542,Stage I,2025-26,1,105
03190,"Terna Engineering College, Nerul, Navi Mumbai",Mumbai,Un-Aided,Non-Autonomous,Mumbai University,Mumbai University,0319024510,Computer Engineering,GSCH,37822,88.7823852,Stage I,2025-26,1,105
03190,"Terna Engineering College, Nerul, Navi Mumbai",Mumbai,Un-Aided,Non-Autonomous,Mumbai University,Mumbai University,0319024510,Computer Engineering,GSTH,154732,40.0432529,Stage I,2025-26,1,105
03190,"Terna Engineering College, Nerul, Navi Mumbai",Mumbai,Un-Aided,Non-Autonomous,Mumbai University,Mumbai University,0319024510,Computer Engineering,GVJH,46506,85.9982332,Stage I,2025-26,1,105
03190,"Terna Engineering College, Nerul, Navi Mumbai",Mumbai,Un-Aided,Non-Autonomous,Mumbai University,Mumbai University,0319024510,Computer Engineering,GNT1H,35340,89.6391842,Stage I,2025-26,1,105
03190,"Terna Engineering College, Nerul, Navi Mumbai",Mumbai,Un-Aided,Non-Autonomous,Mumbai University,Mumbai University,0319024510,Computer Engineering,GNT2H,26393,92.2706158,Stage I,2025-26,1,105
03190,"Terna Engineering College, Nerul, Navi Mumbai",Mumbai,Un-Aided,Non-Autonomous,Mumbai University,Mumbai University,0319024510,Computer Engineering,GNT3H,32931,90.3099038,Stage I,2025-26,1,105
03190,"Terna Engineering College, Nerul, Navi Mumbai",Mumbai,Un-Aided,Non-Autonomous,Mumbai University,Mumbai University,0319024510,Computer Engineering,GOBCH,26946,92.0891128,Stage I,2025-26,1,105
03190,"Terna Engineering College, Nerul, Navi Mumbai",Mumbai,Un-Aided,Non-Autonomous,Mumbai University,Mumbai University,0319024510,Computer Engineering,GSEBCH,35018,89.682715,Stage I,2025-26,1,105
03190,"Terna Engineering College, Nerul, Navi Mumbai",Mumbai,Un-Aided,Non-Autonomous,Mumbai University,Mumbai University,0319024510,Computer Engineering,LOPENH,24497,92.8770798,Stage I,2025-26,1,105
03190,"Terna Engineering College, Nerul, Navi Mumbai",Mumbai,Un-Aided,Non-Autonomous,Mumbai University,Mumbai University,0319024510,Computer Engineering,LSCH,31757,90.6674583,Stage I,2025-26,1,105
03190,"Terna Engineering College, Nerul, Navi Mumbai",Mumbai,Un-Aided,Non-Autonomous,Mumbai University,Mumbai University,0319024510,Computer Engineering,LSTH,87644,72.102802,Stage I,2025-26,1,105
03190,"Terna Engineering College, Nerul, Navi Mumbai",Mumbai,Un-Aided,Non-Autonomous,Mumbai University,Mumbai University,0319024510,Computer Engineering,LVJH,129784,54.0903901,Stage I,2025-26,1,105
03190,"Terna Engineering College, Nerul, Navi Mumbai",Mumbai,Un-Aided,Non-Autonomous,Mumbai University,Mumbai University,0319024510,Computer Engineering,LNT1H,34015,90.0175917,Stage I,2025-26,1,105
03190,"Terna Engineering College, Nerul, Navi Mumbai",Mumbai,Un-Aided,Non-Autonomous,Mumbai University,Mumbai University,0319024510,Computer Engineering,LNT2H,30737,91.0114841,Stage I,2025-26,1,105
03190,"Terna Engineering College, Nerul, Navi Mumbai",Mumbai,Un-Aided,Non-Autonomous,Mumbai University,Mumbai University,0319024510,Computer Engineering,LNT3H,66580,79.7185003,Stage I,2025-26,1,105
03190,"Terna Engineering College, Nerul, Navi Mumbai",Mumbai,Un-Aided,Non-Autonomous,Mumbai University,Mumbai University,0319024510,Computer Engineering,LOBCH,28518,91.699564,Stage I,2025-26,1,105
03190,"Terna Engineering College, Nerul, Navi Mumbai",Mumbai,Un-Aided,Non-Autonomous,Mumbai University,Mumbai University,0319024510,Computer Engineering,LSEBCH,32359,90.5015276,Stage I,2025-26,1,105
03190,"Terna Engineering College, Nerul, Navi Mumbai",Mumbai,Un-Aided,Non-Autonomous,Mumbai University,Mumbai University,0319024510,Computer Engineering,GOPENO,32856,90.3566434,Stage I,2025-26,1,105
03190,"Terna Engineering College, Nerul, Navi Mumbai",Mumbai,Un-Aided,Non-Autonomous,Mumbai University,Mumbai University,0319024510,Computer Engineering,GSCO,49483,85.1919561,Stage I,2025-26,1,105
03190,"Terna Engineering College, Nerul, Navi Mumbai",Mumbai,Un-Aided,Non-Autonomous,Mumbai University,Mumbai University,0319024510,Computer Engineering,GSTO,140124,49.1540892,Stage I,2025-26,1,105
03190,"Terna Engineering College, Nerul, Navi Mumbai",Mumbai,Un-Aided,Non-Autonomous,Mumbai University,Mumbai University,0319024510,Computer Engineering,GVJO,54919,83.4924535,Stage I,2025-26,1,105
03190,"Terna Engineering College, Nerul, Navi Mumbai",Mumbai,Un-Aided,Non-Autonomous,Mumbai University,Mumbai University,0319024510,Computer Engineering,GNT2O,40963,87.9235179,Stage I,2025-26,1,105
03190,"Terna Engineering College, Nerul, Navi Mumbai",Mumbai,Un-Aided,Non-Autonomous,Mumbai University,Mumbai University,0319024510,Computer Engineering,GNT3O,34673,89.8391608,Stage I,2025-26,1,105
03190,"Terna Engineering College, Nerul, Navi Mumbai",Mumbai,Un-Aided,Non-Autonomous,Mumbai University,Mumbai University,0319024510,Computer Engineering,GOBCO,36780,89.1725752,Stage I,2025-26,1,105
03190,"Terna Engineering College, Nerul, Navi Mumbai",Mumbai,Un-Aided,Non-Autonomous,Mumbai University,Mumbai University,0319024510,Computer Engineering,GSEBCO,33552,90.1404001,Stage I,2025-26,1,105
03190,"Terna Engineering College, Nerul, Navi Mumbai",Mumbai,Un-Aided,Non-Autonomous,Mumbai University,Mumbai University,0319024510,Computer Engineering,LOPENO,30072,91.1459607,Stage I,2025-26,1,105
03190,"Terna Engineering College, Nerul, Navi Mumbai",Mumbai,Un-Aided,Non-Autonomous,Mumbai University,Mumbai University,0319024510,Computer Engineering,LSCO,39788,88.188033,Stage I,2025-26,1,105
03190,"Terna Engineering College, Nerul, Navi Mumbai",Mumbai,Un-Aided,Non-Autonomous,Mumbai University,Mumbai University,0319024510,Computer Engineering,LSTO,192805,11.9485358,Stage I,2025-26,1,105
03190,"Terna Engineering College, Nerul, Navi Mumbai",Mumbai,Un-Aided,Non-Autonomous,Mumbai University,Mumbai University,0319024510,Computer Engineering,LOBCO,37729,88.8689717,Stage I,2025-26,1,105
03190,"Terna Engineering College, Nerul, Navi Mumbai",Mumbai,Un-Aided,Non-Autonomous,Mumbai University,Mumbai University,0319024510,Computer Engineering,DEFOPENS,53903,83.880237,Stage I,2025-26,1,105
03190,"Terna Engineering College, Nerul, Navi Mumbai",Mumbai,Un-Aided,Non-Autonomous,Mumbai University,Mumbai University,0319024510,Computer Engineering,DEFSCS,156177,39.6653303,Stage I,2025-26,1,105
03190,"Terna Engineering College, Nerul, Navi Mumbai",Mumbai,Un-Aided,Non-Autonomous,Mumbai University,Mumbai University,0319024510,Computer Engineering,DEFOBCS,76807,76.2716859,Stage I,2025-26,1,105
03190,"Terna Engineering College, Nerul, Navi Mumbai",Mumbai,Un-Aided,Non-Autonomous,Mumbai University,Mumbai University,0319024510,Computer Engineering,DEFSEBCS,73602,77.161886,Stage I,2025-26,1,105
03190,"Terna Engineering College, Nerul, Navi Mumbai",Mumbai,Un-Aided,Non-Autonomous,Mumbai University,Mumbai University,0319024510,Computer Engineering,TFWS,20721,93.9883008,Stage I,2025-26,1,105
03190,"Terna Engineering College, Nerul, Navi Mumbai",Mumbai,Un-Aided,Non-Autonomous,Mumbai University,Mumbai University,0319024510,Computer Engineering,DEFRSEBCS,63136,80.9669596,Stage I,2025-26,1,105
03190,"Terna Engineering College, Nerul, Navi Mumbai",Mumbai,Un-Aided,Non-Autonomous,Mumbai University,Mumbai University,0319024510,Computer Engineering,EWS,73799,77.1296846,Stage I,2025-26,1,105
03190,"Terna Engineering College, Nerul, Navi Mumbai",Mumbai,Un-Aided,Non-Autonomous,Mumbai University,Mumbai University,0319024610,Information Technology,GOPENH,26086,92.3826851,Stage I,2025-26,1,106
03190,"Terna Engineering College, Nerul, Navi Mumbai",Mumbai,Un-Aided,Non-Autonomous,Mumbai University,Mumbai University,0319024610,Information Technology,GSCH,44909,86.6751751,Stage I,2025-26,1,106
03190,"Terna Engineering College, Nerul, Navi Mumbai",Mumbai,Un-Aided,Non-Autonomous,Mumbai University,Mumbai University,0319024610,Information Technology,GSTH,120427,58.6907687,Stage I,2025-26,1,106
03190,"Terna Engineering College, Nerul, Navi Mumbai",Mumbai,Un-Aided,Non-Autonomous,Mumbai University,Mumbai University,0319024610,Information Technology,GVJH,97532,68.4702591,Stage I,2025-26,1,106
03190,"Terna Engineering College, Nerul, Navi Mumbai",Mumbai,Un-Aided,Non-Autonomous,Mumbai University,Mumbai University,0319024610,Information Technology,GNT2H,33317,90.1610143,Stage I,2025-26,1,106
03190,"Terna Engineering College, Nerul, Navi Mumbai",Mumbai,Un-Aided,Non-Autonomous,Mumbai University,Mumbai University,0319024610,Information Technology,GNT3H,44685,86.6827486,Stage I,2025-26,1,106
03190,"Terna Engineering College, Nerul, Navi Mumbai",Mumbai,Un-Aided,Non-Autonomous,Mumbai University,Mumbai University,0319024610,Information Technology,GOBCH,28866,91.503982,Stage I,2025-26,1,106
03190,"Terna Engineering College, Nerul, Navi Mumbai",Mumbai,Un-Aided,Non-Autonomous,Mumbai University,Mumbai University,0319024610,Information Technology,GSEBCH,42384,87.4115391,Stage I,2025-26,1,106
03190,"Terna Engineering College, Nerul, Navi Mumbai",Mumbai,Un-Aided,Non-Autonomous,Mumbai University,Mumbai University,0319024610,Information Technology,LOPENH,25887,92.4172762,Stage I,2025-26,1,106
03190,"Terna Engineering College, Nerul, Navi Mumbai",Mumbai,Un-Aided,Non-Autonomous,Mumbai University,Mumbai University,0319024610,Information Technology,LSCH,42745,87.3196408,Stage I,2025-26,1,106
03190,"Terna Engineering College, Nerul, Navi Mumbai",Mumbai,Un-Aided,Non-Autonomous,Mumbai University,Mumbai University,0319024610,Information Technology,LSTH,88057,71.8498844,Stage I,2025-26,1,106
03190,"Terna Engineering College, Nerul, Navi Mumbai",Mumbai,Un-Aided,Non-Autonomous,Mumbai University,Mumbai University,0319024610,Information Technology,LOBCH,30791,90.970538,Stage I,2025-26,1,106
03190,"Terna Engineering College, Nerul, Navi Mumbai",Mumbai,Un-Aided,Non-Autonomous,Mumbai University,Mumbai University,0319024610,Information Technology,LSEBCH,42957,87.3029561,Stage I,2025-26,1,106
03190,"Terna Engineering College, Nerul, Navi Mumbai",Mumbai,Un-Aided,Non-Autonomous,Mumbai University,Mumbai University,0319024610,Information Technology,GOPENO,29360,91.3593874,Stage I,2025-26,1,106
03190,"Terna Engineering College, Nerul, Navi Mumbai",Mumbai,Un-Aided,Non-Autonomous,Mumbai University,Mumbai University,0319024610,Information Technology,GSCO,55641,83.2103258,Stage I,2025-26,1,106
03190,"Terna Engineering College, Nerul, Navi Mumbai",Mumbai,Un-Aided,Non-Autonomous,Mumbai University,Mumbai University,0319024610,Information Technology,GNT1O,61487,81.2846613,Stage I,2025-26,1,106
03190,"Terna Engineering College, Nerul, Navi Mumbai",Mumbai,Un-Aided,Non-Autonomous,Mumbai University,Mumbai University,0319024610,Information Technology,GOBCO,37424,88.9609194,Stage I,2025-26,1,106
03190,"Terna Engineering College, Nerul, Navi Mumbai",Mumbai,Un-Aided,Non-Autonomous,Mumbai University,Mumbai University,0319024610,Information Technology,LOPENO,31914,90.6536517,Stage I,2025-26,1,106
03190,"Terna Engineering College, Nerul, Navi Mumbai",Mumbai,Un-Aided,Non-Autonomous,Mumbai University,Mumbai University,0319024610,Information Technology,LSEBCO,48137,85.6421968,Stage I,2025-26,1,106
03190,"Terna Engineering College, Nerul, Navi Mumbai",Mumbai,Un-Aided,Non-Autonomous,Mumbai University,Mumbai University,0319024610,Information Technology,LSTO,138765,49.4020979,Stage I,2025-26,1,106
03190,"Terna Engineering College, Nerul, Navi Mumbai",Mumbai,Un-Aided,Non-Autonomous,Mumbai University,Mumbai University,0319024610,Information Technology,DEFOPENS,30627,91.0465074,Stage I,2025-26,1,106
03190,"Terna Engineering College, Nerul, Navi Mumbai",Mumbai,Un-Aided,Non-Autonomous,Mumbai University,Mumbai University,0319024610,Information Technology,TFWS,22674,93.4220965,Stage I,2025-26,1,106
03190,"Terna Engineering College, Nerul, Navi Mumbai",Mumbai,Un-Aided,Non-Autonomous,Mumbai University,Mumbai University,0319024610,Information Technology,DEFROBCS,96618,68.8687467,Stage I,2025-26,1,106
03190,"Terna Engineering College, Nerul, Navi Mumbai",Mumbai,Un-Aided,Non-Autonomous,Mumbai University,Mumbai University,0319024610,Information Technology,EWS,95028,69.3295893,Stage I,2025-26,1,106
03190,"Terna Engineering College, Nerul, Navi Mumbai",Mumbai,Un-Aided,Non-Autonomous,Mumbai University,Mumbai University,0319026310,Artificial Intelligence (Ai) And Data Science,GOPENH,23751,93.0875099,Stage I,2025-26,1,107
03190,"Terna Engineering College, Nerul, Navi Mumbai",Mumbai,Un-Aided,Non-Autonomous,Mumbai University,Mumbai University,0319026310,Artificial Intelligence (Ai) And Data Science,GSCH,38744,88.5573886,Stage I,2025-26,1,107
03190,"Terna Engineering College, Nerul, Navi Mumbai",Mumbai,Un-Aided,Non-Autonomous,Mumbai University,Mumbai University,0319026310,Artificial Intelligence (Ai) And Data Science,GSTH,102039,66.3866132,Stage I,2025-26,1,107
03190,"Terna Engineering College, Nerul, Navi Mumbai",Mumbai,Un-Aided,Non-Autonomous,Mumbai University,Mumbai University,0319026310,Artificial Intelligence (Ai) And Data Science,GVJH,42008,87.5666075,Stage I,2025-26,1,107
03190,"Terna Engineering College, Nerul, Navi Mumbai",Mumbai,Un-Aided,Non-Autonomous,Mumbai University,Mumbai University,0319026310,Artificial Intelligence (Ai) And Data Science,GNT1H,39227,88.4967904,Stage I,2025-26,1,107
03190,"Terna Engineering College, Nerul, Navi Mumbai",Mumbai,Un-Aided,Non-Autonomous,Mumbai University,Mumbai University,0319026310,Artificial Intelligence (Ai) And Data Science,GNT2H,27746,91.8528438,Stage I,2025-26,1,107
03190,"Terna Engineering College, Nerul, Navi Mumbai",Mumbai,Un-Aided,Non-Autonomous,Mumbai University,Mumbai University,0319026310,Artificial Intelligence (Ai) And Data Science,GOBCH,28676,91.6544074,Stage I,2025-26,1,107
03190,"Terna Engineering College, Nerul, Navi Mumbai",Mumbai,Un-Aided,Non-Autonomous,Mumbai University,Mumbai University,0319026310,Artificial Intelligence (Ai) And Data Science,GSEBCH,34787,89.8231024,Stage I,2025-26,1,107
03190,"Terna Engineering College, Nerul, Navi Mumbai",Mumbai,Un-Aided,Non-Autonomous,Mumbai University,Mumbai University,0319026310,Artificial Intelligence (Ai) And Data Science,LOPENH,24793,92.7805181,Stage I,2025-26,1,107
03190,"Terna Engineering College, Nerul, Navi Mumbai",Mumbai,Un-Aided,Non-Autonomous,Mumbai University,Mumbai University,0319026310,Artificial Intelligence (Ai) And Data Science,LSCH,37139,89.0680212,Stage I,2025-26,1,107
03190,"Terna Engineering College, Nerul, Navi Mumbai",Mumbai,Un-Aided,Non-Autonomous,Mumbai University,Mumbai University,0319026310,Artificial Intelligence (Ai) And Data Science,LVJH,133486,52.3622324,Stage I,2025-26,1,107
03190,"Terna Engineering College, Nerul, Navi Mumbai",Mumbai,Un-Aided,Non-Autonomous,Mumbai University,Mumbai University,0319026310,Artificial Intelligence (Ai) And Data Science,LOBCH,29727,91.3082283,Stage I,2025-26,1,107
03190,"Terna Engineering College, Nerul, Navi Mumbai",Mumbai,Un-Aided,Non-Autonomous,Mumbai University,Mumbai University,0319026310,Artificial Intelligence (Ai) And Data Science,LSEBCH,28671,91.6544074,Stage I,2025-26,1,107
03190,"Terna Engineering College, Nerul, Navi Mumbai",Mumbai,Un-Aided,Non-Autonomous,Mumbai University,Mumbai University,0319026310,Artificial Intelligence (Ai) And Data Science,GOPENO,34571,89.8520525,Stage I,2025-26,1,107
03190,"Terna Engineering College, Nerul, Navi Mumbai",Mumbai,Un-Aided,Non-Autonomous,Mumbai University,Mumbai University,0319026310,Artificial Intelligence (Ai) And Data Science,GSCO,46415,86.2041018,Stage I,2025-26,1,107
03190,"Terna Engineering College, Nerul, Navi Mumbai",Mumbai,Un-Aided,Non-Autonomous,Mumbai University,Mumbai University,0319026310,Artificial Intelligence (Ai) And Data Science,GSTO,88629,71.6607627,Stage I,2025-26,1,107
03190,"Terna Engineering College, Nerul, Navi Mumbai",Mumbai,Un-Aided,Non-Autonomous,Mumbai University,Mumbai University,0319026310,Artificial Intelligence (Ai) And Data Science,GOBCO,35556,89.51289,Stage I,2025-26,1,107
03190,"Terna Engineering College, Nerul, Navi Mumbai",Mumbai,Un-Aided,Non-Autonomous,Mumbai University,Mumbai University,0319026310,Artificial Intelligence (Ai) And Data Science,GSEBCO,37202,89.0414266,Stage I,2025-26,1,107
03190,"Terna Engineering College, Nerul, Navi Mumbai",Mumbai,Un-Aided,Non-Autonomous,Mumbai University,Mumbai University,0319026310,Artificial Intelligence (Ai) And Data Science,LOPENO,10156,97.0950888,Stage I,2025-26,1,107
03190,"Terna Engineering College, Nerul, Navi Mumbai",Mumbai,Un-Aided,Non-Autonomous,Mumbai University,Mumbai University,0319026310,Artificial Intelligence (Ai) And Data Science,LSCO,63104,80.9669596,Stage I,2025-26,1,107
03190,"Terna Engineering College, Nerul, Navi Mumbai",Mumbai,Un-Aided,Non-Autonomous,Mumbai University,Mumbai University,0319026310,Artificial Intelligence (Ai) And Data Science,LNT2O,57836,82.4521073,Stage I,2025-26,1,107
03190,"Terna Engineering College, Nerul, Navi Mumbai",Mumbai,Un-Aided,Non-Autonomous,Mumbai University,Mumbai University,0319026310,Artificial Intelligence (Ai) And Data Science,LOBCO,33313,90.1610143,Stage I,2025-26,1,107
03190,"Terna Engineering College, Nerul, Navi Mumbai",Mumbai,Un-Aided,Non-Autonomous,Mumbai University,Mumbai University,0319026310,Artificial Intelligence (Ai) And Data Science,DEFOPENS,40303,88.0599617,Stage I,2025-26,1,107
03190,"Terna Engineering College, Nerul, Navi Mumbai",Mumbai,Un-Aided,Non-Autonomous,Mumbai University,Mumbai University,0319026310,Artificial Intelligence (Ai) And Data Science,TFWS,23841,93.0581679,Stage I,2025-26,1,107
03190,"Terna Engineering College, Nerul, Navi Mumbai",Mumbai,Un-Aided,Non-Autonomous,Mumbai University,Mumbai University,0319026310,Artificial Intelligence (Ai) And Data Science,EWS,63190,80.8599071,Stage I,2025-26,1,107
03190,"Terna Engineering College, Nerul, Navi Mumbai",Mumbai,Un-Aided,Non-Autonomous,Mumbai University,Mumbai University,0319037210,Electronics And Telecommunication Engg,GOPENH,46824,85.9646097,Stage I,2025-26,1,108
03190,"Terna Engineering College, Nerul, Navi Mumbai",Mumbai,Un-Aided,Non-Autonomous,Mumbai University,Mumbai University,0319037210,Electronics And Telecommunication Engg,GSCH,72444,77.9513058,Stage I,2025-26,1,108
03190,"Terna Engineering College, Nerul, Navi Mumbai",Mumbai,Un-Aided,Non-Autonomous,Mumbai University,Mumbai University,0319037210,Electronics And Telecommunication Engg,GVJH,126677,55.4922986,Stage I,2025-26,1,108
03190,"Terna Engineering College, Nerul, Navi Mumbai",Mumbai,Un-Aided,Non-Autonomous,Mumbai University,Mumbai University,0319037210,Electronics And Telecommunication Engg,GNT2H,70774,78.4242636,Stage I,2025-26,1,108
03190,"Terna Engineering College, Nerul, Navi Mumbai",Mumbai,Un-Aided,Non-Autonomous,Mumbai University,Mumbai University,0319037210,Electronics And Telecommunication Engg,GNT3H,85002,73.4354379,Stage I,2025-26,1,108
03190,"Terna Engineering College, Nerul, Navi Mumbai",Mumbai,Un-Aided,Non-Autonomous,Mumbai University,Mumbai University,0319037210,Electronics And Telecommunication Engg,GOBCH,55468,83.3397246,Stage I,2025-26,1,108
03190,"Terna Engineering College, Nerul, Navi Mumbai",Mumbai,Un-Aided,Non-Autonomous,Mumbai University,Mumbai University,0319037210,Electronics And Telecommunication Engg,GSEBCH,84426,73.4722277,Stage I,2025-26,1,108
03190,"Terna Engineering College, Nerul, Navi Mumbai",Mumbai,Un-Aided,Non-Autonomous,Mumbai University,Mumbai University,0319037210,Electronics And Telecommunication Engg,LOPENH,51528,84.5627208,Stage I,2025-26,1,108
03190,"Terna Engineering College, Nerul, Navi Mumbai",Mumbai,Un-Aided,Non-Autonomous,Mumbai University,Mumbai University,0319037210,Electronics And Telecommunication Engg,LSCH,69940,78.5819586,Stage I,2025-26,1,108
03190,"Terna Engineering College, Nerul, Navi Mumbai",Mumbai,Un-Aided,Non-Autonomous,Mumbai University,Mumbai University,0319037210,Electronics And Telecommunication Engg,LNT1H,101909,66.4263323,Stage I,2025-26,1,108
03190,"Terna Engineering College, Nerul, Navi Mumbai",Mumbai,Un-Aided,Non-Autonomous,Mumbai University,Mumbai University,0319037210,Electronics And Telecommunication Engg,LNT2H,103423,66.1695365,Stage I,2025-26,1,108
03190,"Terna Engineering College, Nerul, Navi Mumbai",Mumbai,Un-Aided,Non-Autonomous,Mumbai University,Mumbai University,0319037210,Electronics And Telecommunication Engg,LOBCH,55598,83.2103258,Stage I,2025-26,1,108
03190,"Terna Engineering College, Nerul, Navi Mumbai",Mumbai,Un-Aided,Non-Autonomous,Mumbai University,Mumbai University,0319037210,Electronics And Telecommunication Engg,LSEBCH,78478,75.4880541,Stage I,2025-26,1,108
03190,"Terna Engineering College, Nerul, Navi Mumbai",Mumbai,Un-Aided,Non-Autonomous,Mumbai University,Mumbai University,0319037210,Electronics And Telecommunication Engg,GOPENO,45849,86.3869833,Stage I,2025-26,1,108
03190,"Terna Engineering College, Nerul, Navi Mumbai",Mumbai,Un-Aided,Non-Autonomous,Mumbai University,Mumbai University,0319037210,Electronics And Telecommunication Engg,GSCO,78705,75.4048881,Stage I,2025-26,1,108
03190,"Terna Engineering College, Nerul, Navi Mumbai",Mumbai,Un-Aided,Non-Autonomous,Mumbai University,Mumbai University,0319037210,Electronics And Telecommunication Engg,GVJO,71890,78.1688442,Stage I,2025-26,1,108
03190,"Terna Engineering College, Nerul, Navi Mumbai",Mumbai,Un-Aided,Non-Autonomous,Mumbai University,Mumbai University,0319037210,Electronics And Telecommunication Engg,GNT1O,102155,66.3866132,Stage I,2025-26,1,108
03190,"Terna Engineering College, Nerul, Navi Mumbai",Mumbai,Un-Aided,Non-Autonomous,Mumbai University,Mumbai University,0319037210,Electronics And Telecommunication Engg,GNT2O,67956,79.3730892,Stage I,2025-26,1,108
03190,"Terna Engineering College, Nerul, Navi Mumbai",Mumbai,Un-Aided,Non-Autonomous,Mumbai University,Mumbai University,0319037210,Electronics And Telecommunication Engg,GOBCO,53915,83.7934335,Stage I,2025-26,1,108
03190,"Terna Engineering College, Nerul, Navi Mumbai",Mumbai,Un-Aided,Non-Autonomous,Mumbai University,Mumbai University,0319037210,Electronics And Telecommunication Engg,GSEBCO,68440,79.027972,Stage I,2025-26,1,108
03190,"Terna Engineering College, Nerul, Navi Mumbai",Mumbai,Un-Aided,Non-Autonomous,Mumbai University,Mumbai University,0319037210,Electronics And Telecommunication Engg,LOPENO,44395,86.7181467,Stage I,2025-26,1,108
03190,"Terna Engineering College, Nerul, Navi Mumbai",Mumbai,Un-Aided,Non-Autonomous,Mumbai University,Mumbai University,0319037210,Electronics And Telecommunication Engg,LSCO,64603,80.3575863,Stage I,2025-26,1,108
03190,"Terna Engineering College, Nerul, Navi Mumbai",Mumbai,Un-Aided,Non-Autonomous,Mumbai University,Mumbai University,0319037210,Electronics And Telecommunication Engg,LNT3O,94972,69.4561708,Stage I,2025-26,1,108
03190,"Terna Engineering College, Nerul, Navi Mumbai",Mumbai,Un-Aided,Non-Autonomous,Mumbai University,Mumbai University,0319037210,Electronics And Telecommunication Engg,LOBCO,49993,85.0571556,Stage I,2025-26,1,108
03190,"Terna Engineering College, Nerul, Navi Mumbai",Mumbai,Un-Aided,Non-Autonomous,Mumbai University,Mumbai University,0319037210,Electronics And Telecommunication Engg,LSEBCO,55329,83.3397246,Stage I,2025-26,1,108
03190,"Terna Engineering College, Nerul, Navi Mumbai",Mumbai,Un-Aided,Non-Autonomous,Mumbai University,Mumbai University,0319037210,Electronics And Telecommunication Engg,DEFOPENS,86466,72.7429418,Stage I,2025-26,1,108
03190,"Terna Engineering College, Nerul, Navi Mumbai",Mumbai,Un-Aided,Non-Autonomous,Mumbai University,Mumbai University,0319037210,Electronics And Telecommunication Engg,TFWS,46883,85.9646097,Stage I,2025-26,1,108
03190,"Terna Engineering College, Nerul, Navi Mumbai",Mumbai,Un-Aided,Non-Autonomous,Mumbai University,Mumbai University,0319037210,Electronics And Telecommunication Engg,EWS,139364,49.3416227,Stage I,2025-26,1,108
03190,"Terna Engineering College, Nerul, Navi Mumbai",Mumbai,Un-Aided,Non-Autonomous,Mumbai University,Mumbai University,0319037610,Electronics Engineering,GOPENH,57596,82.5532062,Stage I,2025-26,1,109
03190,"Terna Engineering College, Nerul, Navi Mumbai",Mumbai,Un-Aided,Non-Autonomous,Mumbai University,Mumbai University,0319037610,Electronics Engineering,GSCH,84642,73.4722277,Stage I,2025-26,1,109
03190,"Terna Engineering College, Nerul, Navi Mumbai",Mumbai,Un-Aided,Non-Autonomous,Mumbai University,Mumbai University,0319037610,Electronics Engineering,GSTH,194268,10.8523619,Stage I,2025-26,1,109
03190,"Terna Engineering College, Nerul, Navi Mumbai",Mumbai,Un-Aided,Non-Autonomous,Mumbai University,Mumbai University,0319037610,Electronics Engineering,GVJH,116258,60.4378874,Stage I,2025-26,1,109
03190,"Terna Engineering College, Nerul, Navi Mumbai",Mumbai,Un-Aided,Non-Autonomous,Mumbai University,Mumbai University,0319037610,Electronics Engineering,GNT1H,108343,63.8244514,Stage I,2025-26,1,109
03190,"Terna Engineering College, Nerul, Navi Mumbai",Mumbai,Un-Aided,Non-Autonomous,Mumbai University,Mumbai University,0319037610,Electronics Engineering,GNT2H,87038,72.3760958,Stage I,2025-26,1,109
03190,"Terna Engineering College, Nerul, Navi Mumbai",Mumbai,Un-Aided,Non-Autonomous,Mumbai University,Mumbai University,0319037610,Electronics Engineering,GNT3H,113078,61.796967,Stage I,2025-26,1,109
03190,"Terna Engineering College, Nerul, Navi Mumbai",Mumbai,Un-Aided,Non-Autonomous,Mumbai University,Mumbai University,0319037610,Electronics Engineering,GOBCH,74954,76.8973331,Stage I,2025-26,1,109
03190,"Terna Engineering College, Nerul, Navi Mumbai",Mumbai,Un-Aided,Non-Autonomous,Mumbai University,Mumbai University,0319037610,Electronics Engineering,GSEBCH,101690,66.4263323,Stage I,2025-26,1,109
03190,"Terna Engineering College, Nerul, Navi Mumbai",Mumbai,Un-Aided,Non-Autonomous,Mumbai University,Mumbai University,0319037610,Electronics Engineering,LOPENH,60986,81.5804905,Stage I,2025-26,1,109
03190,"Terna Engineering College, Nerul, Navi Mumbai",Mumbai,Un-Aided,Non-Autonomous,Mumbai University,Mumbai University,0319037610,Electronics Engineering,LSCH,73510,77.161886,Stage I,2025-26,1,109
03190,"Terna Engineering College, Nerul, Navi Mumbai",Mumbai,Un-Aided,Non-Autonomous,Mumbai University,Mumbai University,0319037610,Electronics Engineering,LOBCH,69377,78.6167398,Stage I,2025-26,1,109
03190,"Terna Engineering College, Nerul, Navi Mumbai",Mumbai,Un-Aided,Non-Autonomous,Mumbai University,Mumbai University,0319037610,Electronics Engineering,LSEBCH,82977,73.7482517,Stage I,2025-26,1,109
03190,"Terna Engineering College, Nerul, Navi Mumbai",Mumbai,Un-Aided,Non-Autonomous,Mumbai University,Mumbai University,0319037610,Electronics Engineering,GOPENO,57348,82.8332926,Stage I,2025-26,1,109
03190,"Terna Engineering College, Nerul, Navi Mumbai",Mumbai,Un-Aided,Non-Autonomous,Mumbai University,Mumbai University,0319037610,Electronics Engineering,GSCO,112027,62.1412608,Stage I,2025-26,1,109
03190,"Terna Engineering College, Nerul, Navi Mumbai",Mumbai,Un-Aided,Non-Autonomous,Mumbai University,Mumbai University,0319037610,Electronics Engineering,GSTO,171596,29.0442453,Stage I,2025-26,1,109
03190,"Terna Engineering College, Nerul, Navi Mumbai",Mumbai,Un-Aided,Non-Autonomous,Mumbai University,Mumbai University,0319037610,Electronics Engineering,GOBCO,92689,70.5005064,Stage I,2025-26,1,109
03190,"Terna Engineering College, Nerul, Navi Mumbai",Mumbai,Un-Aided,Non-Autonomous,Mumbai University,Mumbai University,0319037610,Electronics Engineering,GSEBCO,147605,44.2599775,Stage I,2025-26,1,109
03190,"Terna Engineering College, Nerul, Navi Mumbai",Mumbai,Un-Aided,Non-Autonomous,Mumbai University,Mumbai University,0319037610,Electronics Engineering,LOPENO,74460,76.9322569,Stage I,2025-26,1,109
03190,"Terna Engineering College, Nerul, Navi Mumbai",Mumbai,Un-Aided,Non-Autonomous,Mumbai University,Mumbai University,0319037610,Electronics Engineering,TFWS,53139,84.0359888,Stage I,2025-26,1,109
03190,"Terna Engineering College, Nerul, Navi Mumbai",Mumbai,Un-Aided,Non-Autonomous,Mumbai University,Mumbai University,0319037610,Electronics Engineering,EWS,171889,28.984931,Stage I,2025-26,1,109
03190,"Terna Engineering College, Nerul, Navi Mumbai",Mumbai,Un-Aided,Non-Autonomous,Mumbai University,Mumbai University,0319061210,Mechanical Engineering,GOPENH,56168,83.0707711,Stage I,2025-26,1,110
03190,"Terna Engineering College, Nerul, Navi Mumbai",Mumbai,Un-Aided,Non-Autonomous,Mumbai University,Mumbai University,0319061210,Mechanical Engineering,GSCH,77904,75.6075065,Stage I,2025-26,1,110
03190,"Terna Engineering College, Nerul, Navi Mumbai",Mumbai,Un-Aided,Non-Autonomous,Mumbai University,Mumbai University,0319061210,Mechanical Engineering,GNT1H,80691,75.1620214,Stage I,2025-26,1,110
03190,"Terna Engineering College, Nerul, Navi Mumbai",Mumbai,Un-Aided,Non-Autonomous,Mumbai University,Mumbai University,0319061210,Mechanical Engineering,GOBCH,68538,79.027972,Stage I,2025-26,1,110
03190,"Terna Engineering College, Nerul, Navi Mumbai",Mumbai,Un-Aided,Non-Autonomous,Mumbai University,Mumbai University,0319061210,Mechanical Engineering,GSEBCH,107753,64.2631037,Stage I,2025-26,1,110
03190,"Terna Engineering College, Nerul, Navi Mumbai",Mumbai,Un-Aided,Non-Autonomous,Mumbai University,Mumbai University,0319061210,Mechanical Engineering,LOPENH,78943,75.3562654,Stage I,2025-26,1,110
03190,"Terna Engineering College, Nerul, Navi Mumbai",Mumbai,Un-Aided,Non-Autonomous,Mumbai University,Mumbai University,0319061210,Mechanical Engineering,LSCH,87351,72.1363369,Stage I,2025-26,1,110
03190,"Terna Engineering College, Nerul, Navi Mumbai",Mumbai,Un-Aided,Non-Autonomous,Mumbai University,Mumbai University,0319061210,Mechanical Engineering,LNT2H,90806,71.173087,Stage I,2025-26,1,110
03190,"Terna Engineering College, Nerul, Navi Mumbai",Mumbai,Un-Aided,Non-Autonomous,Mumbai University,Mumbai University,0319061210,Mechanical Engineering,LOBCH,117648,60.2517483,Stage I,2025-26,1,110
03190,"Terna Engineering College, Nerul, Navi Mumbai",Mumbai,Un-Aided,Non-Autonomous,Mumbai University,Mumbai University,0319061210,Mechanical Engineering,LSEBCH,161295,36.1161649,Stage I,2025-26,1,110
03190,"Terna Engineering College, Nerul, Navi Mumbai",Mumbai,Un-Aided,Non-Autonomous,Mumbai University,Mumbai University,0319061210,Mechanical Engineering,GOPENO,73743,77.1296846,Stage I,2025-26,1,110
03190,"Terna Engineering College, Nerul, Navi Mumbai",Mumbai,Un-Aided,Non-Autonomous,Mumbai University,Mumbai University,0319061210,Mechanical Engineering,GSCO,125193,56.5039753,Stage I,2025-26,1,110
03190,"Terna Engineering College, Nerul, Navi Mumbai",Mumbai,Un-Aided,Non-Autonomous,Mumbai University,Mumbai University,0319061210,Mechanical Engineering,GNT2O,187245,16.860405,Stage I,2025-26,1,110
03190,"Terna Engineering College, Nerul, Navi Mumbai",Mumbai,Un-Aided,Non-Autonomous,Mumbai University,Mumbai University,0319061210,Mechanical Engineering,GNT3O,116532,60.422115,Stage I,2025-26,1,110
03190,"Terna Engineering College, Nerul, Navi Mumbai",Mumbai,Un-Aided,Non-Autonomous,Mumbai University,Mumbai University,0319061210,Mechanical Engineering,GOBCO,96161,69.0979021,Stage I,2025-26,1,110
03190,"Terna Engineering College, Nerul, Navi Mumbai",Mumbai,Un-Aided,Non-Autonomous,Mumbai University,Mumbai University,0319061210,Mechanical Engineering,GSEBCO,113226,61.796967,Stage I,2025-26,1,110
03190,"Terna Engineering College, Nerul, Navi Mumbai",Mumbai,Un-Aided,Non-Autonomous,Mumbai University,Mumbai University,0319061210,Mechanical Engineering,LOPENO,105455,65.3084343,Stage I,2025-26,1,110
03190,"Terna Engineering College, Nerul, Navi Mumbai",Mumbai,Un-Aided,Non-Autonomous,Mumbai University,Mumbai University,0319061210,Mechanical Engineering,LOBCO,121570,57.8195751,Stage I,2025-26,1,110
03190,"Terna Engineering College, Nerul, Navi Mumbai",Mumbai,Un-Aided,Non-Autonomous,Mumbai University,Mumbai University,0319061210,Mechanical Engineering,LVJO,110577,63.200058,Stage II,2025-26,1,110
03190,"Terna Engineering College, Nerul, Navi Mumbai",Mumbai,Un-Aided,Non-Autonomous,Mumbai University,Mumbai University,0319061210,Mechanical Engineering,DEFOPENS,86673,72.6730266,Stage I,2025-26,1,110
03190,"Terna Engineering College, Nerul, Navi Mumbai",Mumbai,Un-Aided,Non-Autonomous,Mumbai University,Mumbai University,0319061210,Mechanical Engineering,TFWS,51051,84.6429815,Stage I,2025-26,1,110
03190,"Terna Engineering College, Nerul, Navi Mumbai",Mumbai,Un-Aided,Non-Autonomous,Mumbai University,Mumbai University,0319061210,Mechanical Engineering,EWS,188533,15.9545455,Stage I,2025-26,1,110
03190,"Terna Engineering College, Nerul, Navi Mumbai",Mumbai,Un-Aided,Non-Autonomous,Mumbai University,Mumbai University,0319062410,Mechatronics Engineering,GOPENH,61967,81.1324174,Stage I,2025-26,1,111
03190,"Terna Engineering College, Nerul, Navi Mumbai",Mumbai,Un-Aided,Non-Autonomous,Mumbai University,Mumbai University,0319062410,Mechatronics Engineering,GSCH,102006,66.3866132,Stage I,2025-26,1,111
03190,"Terna Engineering College, Nerul, Navi Mumbai",Mumbai,Un-Aided,Non-Autonomous,Mumbai University,Mumbai University,0319062410,Mechatronics Engineering,GVJH,81008,74.9785452,Stage I,2025-26,1,111
03190,"Terna Engineering College, Nerul, Navi Mumbai",Mumbai,Un-Aided,Non-Autonomous,Mumbai University,Mumbai University,0319062410,Mechatronics Engineering,GNT2H,122027,57.6249683,Stage I,2025-26,1,111
03190,"Terna Engineering College, Nerul, Navi Mumbai",Mumbai,Un-Aided,Non-Autonomous,Mumbai University,Mumbai University,0319062410,Mechatronics Engineering,GOBCH,81498,74.6802716,Stage I,2025-26,1,111
03190,"Terna Engineering College, Nerul, Navi Mumbai",Mumbai,Un-Aided,Non-Autonomous,Mumbai University,Mumbai University,0319062410,Mechatronics Engineering,GSEBCH,142356,47.3563218,Stage I,2025-26,1,111
03190,"Terna Engineering College, Nerul, Navi Mumbai",Mumbai,Un-Aided,Non-Autonomous,Mumbai University,Mumbai University,0319062410,Mechatronics Engineering,LOPENH,71341,78.272232,Stage I,2025-26,1,111
03190,"Terna Engineering College, Nerul, Navi Mumbai",Mumbai,Un-Aided,Non-Autonomous,Mumbai University,Mumbai University,0319062410,Mechatronics Engineering,LSCH,125577,56.2929777,Stage I,2025-26,1,111
03190,"Terna Engineering College, Nerul, Navi Mumbai",Mumbai,Un-Aided,Non-Autonomous,Mumbai University,Mumbai University,0319062410,Mechatronics Engineering,LOBCH,75049,76.8973331,Stage I,2025-26,1,111
03190,"Terna Engineering College, Nerul, Navi Mumbai",Mumbai,Un-Aided,Non-Autonomous,Mumbai University,Mumbai University,0319062410,Mechatronics Engineering,GOPENO,69315,78.6167398,Stage I,2025-26,1,111
03190,"Terna Engineering College, Nerul, Navi Mumbai",Mumbai,Un-Aided,Non-Autonomous,Mumbai University,Mumbai University,0319062410,Mechatronics Engineering,GOBCO,72520,77.9513058,Stage I,2025-26,1,111
03190,"Terna Engineering College, Nerul, Navi Mumbai",Mumbai,Un-Aided,Non-Autonomous,Mumbai University,Mumbai University,0319062410,Mechatronics Engineering,LOPENO,124723,56.6213771,Stage I,2025-26,1,111
03190,"Terna Engineering College, Nerul, Navi Mumbai",Mumbai,Un-Aided,Non-Autonomous,Mumbai University,Mumbai University,0319062410,Mechatronics Engineering,LSCO,187600,16.5233632,Stage I,2025-26,1,111
03190,"Terna Engineering College, Nerul, Navi Mumbai",Mumbai,Un-Aided,Non-Autonomous,Mumbai University,Mumbai University,0319062410,Mechatronics Engineering,LOBCO,161244,36.1161649,Stage I,2025-26,1,111
03190,"Terna Engineering College, Nerul, Navi Mumbai",Mumbai,Un-Aided,Non-Autonomous,Mumbai University,Mumbai University,0319062410,Mechatronics Engineering,LSEBCO,188396,15.9545455,Stage I,2025-26,1,111
03190,"Terna Engineering College, Nerul, Navi Mumbai",Mumbai,Un-Aided,Non-Autonomous,Mumbai University,Mumbai University,0319062410,Mechatronics Engineering,TFWS,51183,84.6429815,Stage I,2025-26,1,111
03192,"Smt. Indira Gandhi College Of Engineering, Navi Mumbai",Mumbai,Un-Aided,Autonomous,Mumbai University,Autonomous Institute,0319224510,Computer Engineering,GOPENS,35444,89.5355262,Stage I,2025-26,1,112
03192,"Smt. Indira Gandhi College Of Engineering, Navi Mumbai",Mumbai,Un-Aided,Autonomous,Mumbai University,Autonomous Institute,0319224510,Computer Engineering,GSCS,53050,84.0903324,Stage I,2025-26,1,112
03192,"Smt. Indira Gandhi College Of Engineering, Navi Mumbai",Mumbai,Un-Aided,Autonomous,Mumbai University,Autonomous Institute,0319224510,Computer Engineering,GSTS,154717,40.0432529,Stage I,2025-26,1,112
03192,"Smt. Indira Gandhi College Of Engineering, Navi Mumbai",Mumbai,Un-Aided,Autonomous,Mumbai University,Autonomous Institute,0319224510,Computer Engineering,GVJS,63711,80.7175218,Stage I,2025-26,1,112
03192,"Smt. Indira Gandhi College Of Engineering, Navi Mumbai",Mumbai,Un-Aided,Autonomous,Mumbai University,Autonomous Institute,0319224510,Computer Engineering,GNT1S,61658,81.2846613,Stage I,2025-26,1,112
03192,"Smt. Indira Gandhi College Of Engineering, Navi Mumbai",Mumbai,Un-Aided,Autonomous,Mumbai University,Autonomous Institute,0319224510,Computer Engineering,GNT2S,65825,79.9072027,Stage I,2025-26,1,112
03192,"Smt. Indira Gandhi College Of Engineering, Navi Mumbai",Mumbai,Un-Aided,Autonomous,Mumbai University,Autonomous Institute,0319224510,Computer Engineering,GNT3S,60866,81.6328671,Stage I,2025-26,1,112
03192,"Smt. Indira Gandhi College Of Engineering, Navi Mumbai",Mumbai,Un-Aided,Autonomous,Mumbai University,Autonomous Institute,0319224510,Computer Engineering,GOBCS,40614,87.9466479,Stage I,2025-26,1,112
03192,"Smt. Indira Gandhi College Of Engineering, Navi Mumbai",Mumbai,Un-Aided,Autonomous,Mumbai University,Autonomous Institute,0319224510,Computer Engineering,GSEBCS,58816,82.2162613,Stage I,2025-26,1,112
03192,"Smt. Indira Gandhi College Of Engineering, Navi Mumbai",Mumbai,Un-Aided,Autonomous,Mumbai University,Autonomous Institute,0319224510,Computer Engineering,LOPENS,35843,89.4898417,Stage I,2025-26,1,112
03192,"Smt. Indira Gandhi College Of Engineering, Navi Mumbai",Mumbai,Un-Aided,Autonomous,Mumbai University,Autonomous Institute,0319224510,Computer Engineering,LSCS,58704,82.2162613,Stage I,2025-26,1,112
03192,"Smt. Indira Gandhi College Of Engineering, Navi Mumbai",Mumbai,Un-Aided,Autonomous,Mumbai University,Autonomous Institute,0319224510,Computer Engineering,LSTS,170437,29.5314685,Stage I,2025-26,1,112
03192,"Smt. Indira Gandhi College Of Engineering, Navi Mumbai",Mumbai,Un-Aided,Autonomous,Mumbai University,Autonomous Institute,0319224510,Computer Engineering,LNT3S,47639,85.8501253,Stage I,2025-26,1,112
03192,"Smt. Indira Gandhi College Of Engineering, Navi Mumbai",Mumbai,Un-Aided,Autonomous,Mumbai University,Autonomous Institute,0319224510,Computer Engineering,LOBCS,42152,87.4135301,Stage I,2025-26,1,112
03192,"Smt. Indira Gandhi College Of Engineering, Navi Mumbai",Mumbai,Un-Aided,Autonomous,Mumbai University,Autonomous Institute,0319224510,Computer Engineering,LSEBCS,55390,83.3397246,Stage I,2025-26,1,112
03192,"Smt. Indira Gandhi College Of Engineering, Navi Mumbai",Mumbai,Un-Aided,Autonomous,Mumbai University,Autonomous Institute,0319224510,Computer Engineering,PWDOPENS,164562,33.6209084,Stage I,2025-26,1,112
03192,"Smt. Indira Gandhi College Of Engineering, Navi Mumbai",Mumbai,Un-Aided,Autonomous,Mumbai University,Autonomous Institute,0319224510,Computer Engineering,DEFOPENS,62515,81.0403668,Stage I,2025-26,1,112
03192,"Smt. Indira Gandhi College Of Engineering, Navi Mumbai",Mumbai,Un-Aided,Autonomous,Mumbai University,Autonomous Institute,0319224510,Computer Engineering,DEFOBCS,72011,78.010417,Stage I,2025-26,1,112
03192,"Smt. Indira Gandhi College Of Engineering, Navi Mumbai",Mumbai,Un-Aided,Autonomous,Mumbai University,Autonomous Institute,0319224510,Computer Engineering,TFWS,32601,90.4253432,Stage I,2025-26,1,112
03192,"Smt. Indira Gandhi College Of Engineering, Navi Mumbai",Mumbai,Un-Aided,Autonomous,Mumbai University,Autonomous Institute,0319224510,Computer Engineering,EWS,130725,53.6771201,Stage I,2025-26,1,112
03192,"Smt. Indira Gandhi College Of Engineering, Navi Mumbai",Mumbai,Un-Aided,Autonomous,Mumbai University,Autonomous Institute,0319226310,Artificial Intelligence (Ai) And Data Science,GOPENS,35165,89.6700597,Stage I,2025-26,1,112
03192,"Smt. Indira Gandhi College Of Engineering, Navi Mumbai",Mumbai,Un-Aided,Autonomous,Mumbai University,Autonomous Institute,0319226310,Artificial Intelligence (Ai) And Data Science,GSCS,61972,81.1324174,Stage I,2025-26,1,112
03192,"Smt. Indira Gandhi College Of Engineering, Navi Mumbai",Mumbai,Un-Aided,Autonomous,Mumbai University,Autonomous Institute,0319226310,Artificial Intelligence (Ai) And Data Science,GSTS,156140,39.6653303,Stage I,2025-26,1,112
03192,"Smt. Indira Gandhi College Of Engineering, Navi Mumbai",Mumbai,Un-Aided,Autonomous,Mumbai University,Autonomous Institute,0319226310,Artificial Intelligence (Ai) And Data Science,GNT3S,55408,83.3397246,Stage I,2025-26,1,112
03192,"Smt. Indira Gandhi College Of Engineering, Navi Mumbai",Mumbai,Un-Aided,Autonomous,Mumbai University,Autonomous Institute,0319226310,Artificial Intelligence (Ai) And Data Science,GOBCS,43881,86.9651776,Stage I,2025-26,1,112
03192,"Smt. Indira Gandhi College Of Engineering, Navi Mumbai",Mumbai,Un-Aided,Autonomous,Mumbai University,Autonomous Institute,0319226310,Artificial Intelligence (Ai) And Data Science,GSEBCS,57870,82.4521073,Stage I,2025-26,1,112
03192,"Smt. Indira Gandhi College Of Engineering, Navi Mumbai",Mumbai,Un-Aided,Autonomous,Mumbai University,Autonomous Institute,0319226310,Artificial Intelligence (Ai) And Data Science,LOPENS,35251,89.6391842,Stage I,2025-26,1,112
03192,"Smt. Indira Gandhi College Of Engineering, Navi Mumbai",Mumbai,Un-Aided,Autonomous,Mumbai University,Autonomous Institute,0319226310,Artificial Intelligence (Ai) And Data Science,LSCS,47826,85.8461538,Stage I,2025-26,1,112
03192,"Smt. Indira Gandhi College Of Engineering, Navi Mumbai",Mumbai,Un-Aided,Autonomous,Mumbai University,Autonomous Institute,0319226310,Artificial Intelligence (Ai) And Data Science,LVJS,111227,62.918458,Stage I,2025-26,1,112
03192,"Smt. Indira Gandhi College Of Engineering, Navi Mumbai",Mumbai,Un-Aided,Autonomous,Mumbai University,Autonomous Institute,0319226310,Artificial Intelligence (Ai) And Data Science,LNT1S,64919,80.0,Stage I,2025-26,1,112
03192,"Smt. Indira Gandhi College Of Engineering, Navi Mumbai",Mumbai,Un-Aided,Autonomous,Mumbai University,Autonomous Institute,0319226310,Artificial Intelligence (Ai) And Data Science,LNT2S,59246,82.1319232,Stage I,2025-26,1,112
03192,"Smt. Indira Gandhi College Of Engineering, Navi Mumbai",Mumbai,Un-Aided,Autonomous,Mumbai University,Autonomous Institute,0319226310,Artificial Intelligence (Ai) And Data Science,LOBCS,42158,87.4135301,Stage I,2025-26,1,112
03192,"Smt. Indira Gandhi College Of Engineering, Navi Mumbai",Mumbai,Un-Aided,Autonomous,Mumbai University,Autonomous Institute,0319226310,Artificial Intelligence (Ai) And Data Science,LSEBCS,38843,88.5563899,Stage I,2025-26,1,112
03192,"Smt. Indira Gandhi College Of Engineering, Navi Mumbai",Mumbai,Un-Aided,Autonomous,Mumbai University,Autonomous Institute,0319226310,Artificial Intelligence (Ai) And Data Science,DEFOPENS,132022,53.2228937,Stage I,2025-26,1,112
03192,"Smt. Indira Gandhi College Of Engineering, Navi Mumbai",Mumbai,Un-Aided,Autonomous,Mumbai University,Autonomous Institute,0319226310,Artificial Intelligence (Ai) And Data Science,TFWS,28095,91.7521019,Stage I,2025-26,1,112
03192,"Smt. Indira Gandhi College Of Engineering, Navi Mumbai",Mumbai,Un-Aided,Autonomous,Mumbai University,Autonomous Institute,0319226310,Artificial Intelligence (Ai) And Data Science,EWS,120990,58.4401523,Stage I,2025-26,1,112
03192,"Smt. Indira Gandhi College Of Engineering, Navi Mumbai",Mumbai,Un-Aided,Autonomous,Mumbai University,Autonomous Institute,0319229310,Electrical Engineering,GOPENS,76814,76.2716859,Stage I,2025-26,1,112
03192,"Smt. Indira Gandhi College Of Engineering, Navi Mumbai",Mumbai,Un-Aided,Autonomous,Mumbai University,Autonomous Institute,0319229310,Electrical Engineering,GSCS,108596,63.6512871,Stage I,2025-26,1,112
03192,"Smt. Indira Gandhi College Of Engineering, Navi Mumbai",Mumbai,Un-Aided,Autonomous,Mumbai University,Autonomous Institute,0319229310,Electrical Engineering,GSTS,195672,9.4338928,Stage I,2025-26,1,112
03192,"Smt. Indira Gandhi College Of Engineering, Navi Mumbai",Mumbai,Un-Aided,Autonomous,Mumbai University,Autonomous Institute,0319229310,Electrical Engineering,GVJS,164052,35.1590106,Stage I,2025-26,1,112
03192,"Smt. Indira Gandhi College Of Engineering, Navi Mumbai",Mumbai,Un-Aided,Autonomous,Mumbai University,Autonomous Institute,0319229310,Electrical Engineering,GNT1S,133404,52.3622324,Stage I,2025-26,1,112
03192,"Smt. Indira Gandhi College Of Engineering, Navi Mumbai",Mumbai,Un-Aided,Autonomous,Mumbai University,Autonomous Institute,0319229310,Electrical Engineering,GNT2S,81084,74.9785452,Stage I,2025-26,1,112
03192,"Smt. Indira Gandhi College Of Engineering, Navi Mumbai",Mumbai,Un-Aided,Autonomous,Mumbai University,Autonomous Institute,0319229310,Electrical Engineering,GNT3S,131149,53.6060165,Stage I,2025-26,1,112
03192,"Smt. Indira Gandhi College Of Engineering, Navi Mumbai",Mumbai,Un-Aided,Autonomous,Mumbai University,Autonomous Institute,0319229310,Electrical Engineering,GOBCS,89286,71.5830116,Stage I,2025-26,1,112
03192,"Smt. Indira Gandhi College Of Engineering, Navi Mumbai",Mumbai,Un-Aided,Autonomous,Mumbai University,Autonomous Institute,0319229310,Electrical Engineering,GSEBCS,153015,41.4458186,Stage I,2025-26,1,112
03192,"Smt. Indira Gandhi College Of Engineering, Navi Mumbai",Mumbai,Un-Aided,Autonomous,Mumbai University,Autonomous Institute,0319229310,Electrical Engineering,LOPENS,97336,68.4887011,Stage I,2025-26,1,112
03192,"Smt. Indira Gandhi College Of Engineering, Navi Mumbai",Mumbai,Un-Aided,Autonomous,Mumbai University,Autonomous Institute,0319229310,Electrical Engineering,LSCS,123428,57.4017459,Stage I,2025-26,1,112
03192,"Smt. Indira Gandhi College Of Engineering, Navi Mumbai",Mumbai,Un-Aided,Autonomous,Mumbai University,Autonomous Institute,0319229310,Electrical Engineering,LSTS,107081,64.3871019,Stage I,2025-26,1,112
03192,"Smt. Indira Gandhi College Of Engineering, Navi Mumbai",Mumbai,Un-Aided,Autonomous,Mumbai University,Autonomous Institute,0319229310,Electrical Engineering,LOBCS,133907,52.1817116,Stage I,2025-26,1,112
03192,"Smt. Indira Gandhi College Of Engineering, Navi Mumbai",Mumbai,Un-Aided,Autonomous,Mumbai University,Autonomous Institute,0319229310,Electrical Engineering,TFWS,78577,75.4048881,Stage I,2025-26,1,112
03192,"Smt. Indira Gandhi College Of Engineering, Navi Mumbai",Mumbai,Un-Aided,Autonomous,Mumbai University,Autonomous Institute,0319229310,Electrical Engineering,EWS,159726,37.1950556,Stage I,2025-26,1,112
03192,"Smt. Indira Gandhi College Of Engineering, Navi Mumbai",Mumbai,Un-Aided,Autonomous,Mumbai University,Autonomous Institute,0319229310,Electrical Engineering,LSEBCS,153996,40.6822054,Stage II,2025-26,1,112
03192,"Smt. Indira Gandhi College Of Engineering, Navi Mumbai",Mumbai,Un-Aided,Autonomous,Mumbai University,Autonomous Institute,0319261210,Mechanical Engineering,GOPENS,83422,73.6328536,Stage I,2025-26,1,112
03192,"Smt. Indira Gandhi College Of Engineering, Navi Mumbai",Mumbai,Un-Aided,Autonomous,Mumbai University,Autonomous Institute,0319261210,Mechanical Engineering,GSCS,112539,62.1365556,Stage I,2025-26,1,112
03192,"Smt. Indira Gandhi College Of Engineering, Navi Mumbai",Mumbai,Un-Aided,Autonomous,Mumbai University,Autonomous Institute,0319261210,Mechanical Engineering,GSTS,147995,44.2599775,Stage I,2025-26,1,112
03192,"Smt. Indira Gandhi College Of Engineering, Navi Mumbai",Mumbai,Un-Aided,Autonomous,Mumbai University,Autonomous Institute,0319261210,Mechanical Engineering,GVJS,129956,54.0903901,Stage I,2025-26,1,112
03192,"Smt. Indira Gandhi College Of Engineering, Navi Mumbai",Mumbai,Un-Aided,Autonomous,Mumbai University,Autonomous Institute,0319261210,Mechanical Engineering,GNT1S,133764,52.1817116,Stage I,2025-26,1,112
03192,"Smt. Indira Gandhi College Of Engineering, Navi Mumbai",Mumbai,Un-Aided,Autonomous,Mumbai University,Autonomous Institute,0319261210,Mechanical Engineering,GNT2S,161806,35.9909439,Stage I,2025-26,1,112
03192,"Smt. Indira Gandhi College Of Engineering, Navi Mumbai",Mumbai,Un-Aided,Autonomous,Mumbai University,Autonomous Institute,0319261210,Mechanical Engineering,GOBCS,96165,69.0979021,Stage I,2025-26,1,112
03192,"Smt. Indira Gandhi College Of Engineering, Navi Mumbai",Mumbai,Un-Aided,Autonomous,Mumbai University,Autonomous Institute,0319261210,Mechanical Engineering,GSEBCS,136996,50.5909012,Stage I,2025-26,1,112
03192,"Smt. Indira Gandhi College Of Engineering, Navi Mumbai",Mumbai,Un-Aided,Autonomous,Mumbai University,Autonomous Institute,0319261210,Mechanical Engineering,LOPENS,103852,65.8992965,Stage I,2025-26,1,112
03192,"Smt. Indira Gandhi College Of Engineering, Navi Mumbai",Mumbai,Un-Aided,Autonomous,Mumbai University,Autonomous Institute,0319261210,Mechanical Engineering,LSCS,120135,58.8525307,Stage I,2025-26,1,112
03192,"Smt. Indira Gandhi College Of Engineering, Navi Mumbai",Mumbai,Un-Aided,Autonomous,Mumbai University,Autonomous Institute,0319261210,Mechanical Engineering,LVJS,125497,56.2929777,Stage I,2025-26,1,112
03192,"Smt. Indira Gandhi College Of Engineering, Navi Mumbai",Mumbai,Un-Aided,Autonomous,Mumbai University,Autonomous Institute,0319261210,Mechanical Engineering,LNT2S,116434,60.422115,Stage I,2025-26,1,112
03192,"Smt. Indira Gandhi College Of Engineering, Navi Mumbai",Mumbai,Un-Aided,Autonomous,Mumbai University,Autonomous Institute,0319261210,Mechanical Engineering,LOBCS,140865,48.5587427,Stage I,2025-26,1,112
03192,"Smt. Indira Gandhi College Of Engineering, Navi Mumbai",Mumbai,Un-Aided,Autonomous,Mumbai University,Autonomous Institute,0319261210,Mechanical Engineering,LSEBCS,173862,28.3031822,Stage I,2025-26,1,112
03192,"Smt. Indira Gandhi College Of Engineering, Navi Mumbai",Mumbai,Un-Aided,Autonomous,Mumbai University,Autonomous Institute,0319261210,Mechanical Engineering,TFWS,93163,70.2628092,Stage I,2025-26,1,112
03192,"Smt. Indira Gandhi College Of Engineering, Navi Mumbai",Mumbai,Un-Aided,Autonomous,Mumbai University,Autonomous Institute,0319261210,Mechanical Engineering,EWS,141618,47.8015007,Stage I,2025-26,1,112
03192,"Smt. Indira Gandhi College Of Engineering, Navi Mumbai",Mumbai,Un-Aided,Autonomous,Mumbai University,Autonomous Institute,0319291110,Computer Science And Engineering(Artificial Intelligence And Machine Learning),GOPENS,38598,88.6282029,Stage I,2025-26,1,113
03192,"Smt. Indira Gandhi College Of Engineering, Navi Mumbai",Mumbai,Un-Aided,Autonomous,Mumbai University,Autonomous Institute,0319291110,Computer Science And Engineering(Artificial Intelligence And Machine Learning),GSCS,61267,81.3270637,Stage I,2025-26,1,113
03192,"Smt. Indira Gandhi College Of Engineering, Navi Mumbai",Mumbai,Un-Aided,Autonomous,Mumbai University,Autonomous Institute,0319291110,Computer Science And Engineering(Artificial Intelligence And Machine Learning),GSTS,136320,50.7016833,Stage I,2025-26,1,113
03192,"Smt. Indira Gandhi College Of Engineering, Navi Mumbai",Mumbai,Un-Aided,Autonomous,Mumbai University,Autonomous Institute,0319291110,Computer Science And Engineering(Artificial Intelligence And Machine Learning),GVJS,73897,77.1296846,Stage I,2025-26,1,113
03192,"Smt. Indira Gandhi College Of Engineering, Navi Mumbai",Mumbai,Un-Aided,Autonomous,Mumbai University,Autonomous Institute,0319291110,Computer Science And Engineering(Artificial Intelligence And Machine Learning),GNT1S,56460,82.9717485,Stage I,2025-26,1,113
03192,"Smt. Indira Gandhi College Of Engineering, Navi Mumbai",Mumbai,Un-Aided,Autonomous,Mumbai University,Autonomous Institute,0319291110,Computer Science And Engineering(Artificial Intelligence And Machine Learning),GNT2S,57218,82.8332926,Stage I,2025-26,1,113
03192,"Smt. Indira Gandhi College Of Engineering, Navi Mumbai",Mumbai,Un-Aided,Autonomous,Mumbai University,Autonomous Institute,0319291110,Computer Science And Engineering(Artificial Intelligence And Machine Learning),GNT3S,47027,85.9124978,Stage I,2025-26,1,113
03192,"Smt. Indira Gandhi College Of Engineering, Navi Mumbai",Mumbai,Un-Aided,Autonomous,Mumbai University,Autonomous Institute,0319291110,Computer Science And Engineering(Artificial Intelligence And Machine Learning),GOBCS,41786,87.6322867,Stage I,2025-26,1,113
03192,"Smt. Indira Gandhi College Of Engineering, Navi Mumbai",Mumbai,Un-Aided,Autonomous,Mumbai University,Autonomous Institute,0319291110,Computer Science And Engineering(Artificial Intelligence And Machine Learning),GSEBCS,59304,82.1319232,Stage I,2025-26,1,113
03192,"Smt. Indira Gandhi College Of Engineering, Navi Mumbai",Mumbai,Un-Aided,Autonomous,Mumbai University,Autonomous Institute,0319291110,Computer Science And Engineering(Artificial Intelligence And Machine Learning),LOPENS,37346,88.9773781,Stage I,2025-26,1,113
03192,"Smt. Indira Gandhi College Of Engineering, Navi Mumbai",Mumbai,Un-Aided,Autonomous,Mumbai University,Autonomous Institute,0319291110,Computer Science And Engineering(Artificial Intelligence And Machine Learning),LSCS,68918,78.6729363,Stage I,2025-26,1,113
03192,"Smt. Indira Gandhi College Of Engineering, Navi Mumbai",Mumbai,Un-Aided,Autonomous,Mumbai University,Autonomous Institute,0319291110,Computer Science And Engineering(Artificial Intelligence And Machine Learning),LOBCS,45588,86.4120225,Stage I,2025-26,1,113
03192,"Smt. Indira Gandhi College Of Engineering, Navi Mumbai",Mumbai,Un-Aided,Autonomous,Mumbai University,Autonomous Institute,0319291110,Computer Science And Engineering(Artificial Intelligence And Machine Learning),LSEBCS,60696,81.6328671,Stage I,2025-26,1,113
03192,"Smt. Indira Gandhi College Of Engineering, Navi Mumbai",Mumbai,Un-Aided,Autonomous,Mumbai University,Autonomous Institute,0319291110,Computer Science And Engineering(Artificial Intelligence And Machine Learning),DEFOPENS,55522,83.3397246,Stage I,2025-26,1,113
03192,"Smt. Indira Gandhi College Of Engineering, Navi Mumbai",Mumbai,Un-Aided,Autonomous,Mumbai University,Autonomous Institute,0319291110,Computer Science And Engineering(Artificial Intelligence And Machine Learning),TFWS,29335,91.3979682,Stage I,2025-26,1,113
03192,"Smt. Indira Gandhi College Of Engineering, Navi Mumbai",Mumbai,Un-Aided,Autonomous,Mumbai University,Autonomous Institute,0319291110,Computer Science And Engineering(Artificial Intelligence And Machine Learning),DEFROBCS,124144,56.8426573,Stage I,2025-26,1,113
03192,"Smt. Indira Gandhi College Of Engineering, Navi Mumbai",Mumbai,Un-Aided,Autonomous,Mumbai University,Autonomous Institute,0319291110,Computer Science And Engineering(Artificial Intelligence And Machine Learning),EWS,106730,64.713186,Stage I,2025-26,1,113
03192,"Smt. Indira Gandhi College Of Engineering, Navi Mumbai",Mumbai,Un-Aided,Autonomous,Mumbai University,Autonomous Institute,0319292010,Computer Science And Engineering (Internet Of Things And Cyber Security Including Block Chain,GOPENS,45357,86.552754,Stage I,2025-26,1,113
03192,"Smt. Indira Gandhi College Of Engineering, Navi Mumbai",Mumbai,Un-Aided,Autonomous,Mumbai University,Autonomous Institute,0319292010,Computer Science And Engineering (Internet Of Things And Cyber Security Including Block Chain,GSCS,68584,78.8357161,Stage I,2025-26,1,113
03192,"Smt. Indira Gandhi College Of Engineering, Navi Mumbai",Mumbai,Un-Aided,Autonomous,Mumbai University,Autonomous Institute,0319292010,Computer Science And Engineering (Internet Of Things And Cyber Security Including Block Chain,GSTS,172382,28.8537986,Stage I,2025-26,1,113
03192,"Smt. Indira Gandhi College Of Engineering, Navi Mumbai",Mumbai,Un-Aided,Autonomous,Mumbai University,Autonomous Institute,0319292010,Computer Science And Engineering (Internet Of Things And Cyber Security Including Block Chain,GVJS,93555,69.8941051,Stage I,2025-26,1,113
03192,"Smt. Indira Gandhi College Of Engineering, Navi Mumbai",Mumbai,Un-Aided,Autonomous,Mumbai University,Autonomous Institute,0319292010,Computer Science And Engineering (Internet Of Things And Cyber Security Including Block Chain,GNT2S,75306,76.8955509,Stage I,2025-26,1,113
03192,"Smt. Indira Gandhi College Of Engineering, Navi Mumbai",Mumbai,Un-Aided,Autonomous,Mumbai University,Autonomous Institute,0319292010,Computer Science And Engineering (Internet Of Things And Cyber Security Including Block Chain,GOBCS,54328,83.7239356,Stage I,2025-26,1,113
03192,"Smt. Indira Gandhi College Of Engineering, Navi Mumbai",Mumbai,Un-Aided,Autonomous,Mumbai University,Autonomous Institute,0319292010,Computer Science And Engineering (Internet Of Things And Cyber Security Including Block Chain,GSEBCS,67304,79.6033896,Stage I,2025-26,1,113
03192,"Smt. Indira Gandhi College Of Engineering, Navi Mumbai",Mumbai,Un-Aided,Autonomous,Mumbai University,Autonomous Institute,0319292010,Computer Science And Engineering (Internet Of Things And Cyber Security Including Block Chain,LOPENS,42061,87.5666075,Stage I,2025-26,1,113
03192,"Smt. Indira Gandhi College Of Engineering, Navi Mumbai",Mumbai,Un-Aided,Autonomous,Mumbai University,Autonomous Institute,0319292010,Computer Science And Engineering (Internet Of Things And Cyber Security Including Block Chain,LSCS,71343,78.272232,Stage I,2025-26,1,113
03192,"Smt. Indira Gandhi College Of Engineering, Navi Mumbai",Mumbai,Un-Aided,Autonomous,Mumbai University,Autonomous Institute,0319292010,Computer Science And Engineering (Internet Of Things And Cyber Security Including Block Chain,LNT1S,105013,65.630713,Stage I,2025-26,1,113
03192,"Smt. Indira Gandhi College Of Engineering, Navi Mumbai",Mumbai,Un-Aided,Autonomous,Mumbai University,Autonomous Institute,0319292010,Computer Science And Engineering (Internet Of Things And Cyber Security Including Block Chain,LNT3S,83639,73.6328536,Stage I,2025-26,1,113
03192,"Smt. Indira Gandhi College Of Engineering, Navi Mumbai",Mumbai,Un-Aided,Autonomous,Mumbai University,Autonomous Institute,0319292010,Computer Science And Engineering (Internet Of Things And Cyber Security Including Block Chain,LOBCS,51061,84.6429815,Stage I,2025-26,1,113
03192,"Smt. Indira Gandhi College Of Engineering, Navi Mumbai",Mumbai,Un-Aided,Autonomous,Mumbai University,Autonomous Institute,0319292010,Computer Science And Engineering (Internet Of Things And Cyber Security Including Block Chain,LSEBCS,63318,80.8599071,Stage I,2025-26,1,113
03192,"Smt. Indira Gandhi College Of Engineering, Navi Mumbai",Mumbai,Un-Aided,Autonomous,Mumbai University,Autonomous Institute,0319292010,Computer Science And Engineering (Internet Of Things And Cyber Security Including Block Chain,DEFOPENS,60965,81.5804905,Stage I,2025-26,1,113
03192,"Smt. Indira Gandhi College Of Engineering, Navi Mumbai",Mumbai,Un-Aided,Autonomous,Mumbai University,Autonomous Institute,0319292010,Computer Science And Engineering (Internet Of Things And Cyber Security Including Block Chain,TFWS,37490,88.9609194,Stage I,2025-26,1,113
03193,"Shivajirao S. Jondhale College Of Engineering, Dombivali,Mumbai",Mumbai,Un-Aided,Non-Autonomous,Mumbai University,Mumbai University,0319324510,Computer Engineering,GOPENH,46302,86.2326458,Stage I,2025-26,1,114
03193,"Shivajirao S. Jondhale College Of Engineering, Dombivali,Mumbai",Mumbai,Un-Aided,Non-Autonomous,Mumbai University,Mumbai University,0319324510,Computer Engineering,GSCH,76344,76.5279741,Stage I,2025-26,1,114
03193,"Shivajirao S. Jondhale College Of Engineering, Dombivali,Mumbai",Mumbai,Un-Aided,Non-Autonomous,Mumbai University,Mumbai University,0319324510,Computer Engineering,GSTH,130673,53.6771201,Stage I,2025-26,1,114
03193,"Shivajirao S. Jondhale College Of Engineering, Dombivali,Mumbai",Mumbai,Un-Aided,Non-Autonomous,Mumbai University,Mumbai University,0319324510,Computer Engineering,GVJH,85581,73.1347962,Stage I,2025-26,1,114
03193,"Shivajirao S. Jondhale College Of Engineering, Dombivali,Mumbai",Mumbai,Un-Aided,Non-Autonomous,Mumbai University,Mumbai University,0319324510,Computer Engineering,GNT2H,72151,78.010417,Stage I,2025-26,1,114
03193,"Shivajirao S. Jondhale College Of Engineering, Dombivali,Mumbai",Mumbai,Un-Aided,Non-Autonomous,Mumbai University,Mumbai University,0319324510,Computer Engineering,GOBCH,57148,82.837277,Stage I,2025-26,1,114
03193,"Shivajirao S. Jondhale College Of Engineering, Dombivali,Mumbai",Mumbai,Un-Aided,Non-Autonomous,Mumbai University,Mumbai University,0319324510,Computer Engineering,GSEBCH,70981,78.3357644,Stage I,2025-26,1,114
03193,"Shivajirao S. Jondhale College Of Engineering, Dombivali,Mumbai",Mumbai,Un-Aided,Non-Autonomous,Mumbai University,Mumbai University,0319324510,Computer Engineering,LOPENH,40536,87.9466479,Stage I,2025-26,1,114
03193,"Shivajirao S. Jondhale College Of Engineering, Dombivali,Mumbai",Mumbai,Un-Aided,Non-Autonomous,Mumbai University,Mumbai University,0319324510,Computer Engineering,LSCH,59592,81.9705913,Stage I,2025-26,1,114
03193,"Shivajirao S. Jondhale College Of Engineering, Dombivali,Mumbai",Mumbai,Un-Aided,Non-Autonomous,Mumbai University,Mumbai University,0319324510,Computer Engineering,LNT2H,75053,76.8973331,Stage I,2025-26,1,114
03193,"Shivajirao S. Jondhale College Of Engineering, Dombivali,Mumbai",Mumbai,Un-Aided,Non-Autonomous,Mumbai University,Mumbai University,0319324510,Computer Engineering,LOBCH,54043,83.7934335,Stage I,2025-26,1,114
03193,"Shivajirao S. Jondhale College Of Engineering, Dombivali,Mumbai",Mumbai,Un-Aided,Non-Autonomous,Mumbai University,Mumbai University,0319324510,Computer Engineering,LSEBCH,87179,72.3760958,Stage I,2025-26,1,114
03193,"Shivajirao S. Jondhale College Of Engineering, Dombivali,Mumbai",Mumbai,Un-Aided,Non-Autonomous,Mumbai University,Mumbai University,0319324510,Computer Engineering,GOPENO,58829,82.2162613,Stage I,2025-26,1,114
03193,"Shivajirao S. Jondhale College Of Engineering, Dombivali,Mumbai",Mumbai,Un-Aided,Non-Autonomous,Mumbai University,Mumbai University,0319324510,Computer Engineering,GSCO,79499,75.210728,Stage I,2025-26,1,114
03193,"Shivajirao S. Jondhale College Of Engineering, Dombivali,Mumbai",Mumbai,Un-Aided,Non-Autonomous,Mumbai University,Mumbai University,0319324510,Computer Engineering,GNT3O,91392,70.7504568,Stage I,2025-26,1,114
03193,"Shivajirao S. Jondhale College Of Engineering, Dombivali,Mumbai",Mumbai,Un-Aided,Non-Autonomous,Mumbai University,Mumbai University,0319324510,Computer Engineering,GOBCO,73448,77.161886,Stage I,2025-26,1,114
03193,"Shivajirao S. Jondhale College Of Engineering, Dombivali,Mumbai",Mumbai,Un-Aided,Non-Autonomous,Mumbai University,Mumbai University,0319324510,Computer Engineering,GSEBCO,90318,71.4755245,Stage I,2025-26,1,114
03193,"Shivajirao S. Jondhale College Of Engineering, Dombivali,Mumbai",Mumbai,Un-Aided,Non-Autonomous,Mumbai University,Mumbai University,0319324510,Computer Engineering,LOPENO,76179,76.67552,Stage I,2025-26,1,114
03193,"Shivajirao S. Jondhale College Of Engineering, Dombivali,Mumbai",Mumbai,Un-Aided,Non-Autonomous,Mumbai University,Mumbai University,0319324510,Computer Engineering,LSCO,119985,58.8525307,Stage I,2025-26,1,114
03193,"Shivajirao S. Jondhale College Of Engineering, Dombivali,Mumbai",Mumbai,Un-Aided,Non-Autonomous,Mumbai University,Mumbai University,0319324510,Computer Engineering,LNT1O,97332,68.4887011,Stage I,2025-26,1,114
03193,"Shivajirao S. Jondhale College Of Engineering, Dombivali,Mumbai",Mumbai,Un-Aided,Non-Autonomous,Mumbai University,Mumbai University,0319324510,Computer Engineering,GSTO,188746,15.8481365,Stage I,2025-26,1,114
03193,"Shivajirao S. Jondhale College Of Engineering, Dombivali,Mumbai",Mumbai,Un-Aided,Non-Autonomous,Mumbai University,Mumbai University,0319324510,Computer Engineering,DEFOPENS,87238,72.3760958,Stage I,2025-26,1,114
03193,"Shivajirao S. Jondhale College Of Engineering, Dombivali,Mumbai",Mumbai,Un-Aided,Non-Autonomous,Mumbai University,Mumbai University,0319324510,Computer Engineering,DEFOBCS,178472,24.7167509,Stage I,2025-26,1,114
03193,"Shivajirao S. Jondhale College Of Engineering, Dombivali,Mumbai",Mumbai,Un-Aided,Non-Autonomous,Mumbai University,Mumbai University,0319324510,Computer Engineering,TFWS,42978,87.3029561,Stage I,2025-26,1,114
03193,"Shivajirao S. Jondhale College Of Engineering, Dombivali,Mumbai",Mumbai,Un-Aided,Non-Autonomous,Mumbai University,Mumbai University,0319324510,Computer Engineering,DEFRSCS,169457,31.5596589,Stage I,2025-26,1,114
03193,"Shivajirao S. Jondhale College Of Engineering, Dombivali,Mumbai",Mumbai,Un-Aided,Non-Autonomous,Mumbai University,Mumbai University,0319324510,Computer Engineering,EWS,190354,14.0716041,Stage I,2025-26,1,114
03193,"Shivajirao S. Jondhale College Of Engineering, Dombivali,Mumbai",Mumbai,Un-Aided,Non-Autonomous,Mumbai University,Mumbai University,0319324610,Information Technology,GOPENH,54431,83.7239356,Stage I,2025-26,1,115
03193,"Shivajirao S. Jondhale College Of Engineering, Dombivali,Mumbai",Mumbai,Un-Aided,Non-Autonomous,Mumbai University,Mumbai University,0319324610,Information Technology,GSCH,87113,72.3760958,Stage I,2025-26,1,115
03193,"Shivajirao S. Jondhale College Of Engineering, Dombivali,Mumbai",Mumbai,Un-Aided,Non-Autonomous,Mumbai University,Mumbai University,0319324610,Information Technology,GOBCH,61775,81.1967017,Stage I,2025-26,1,115
03193,"Shivajirao S. Jondhale College Of Engineering, Dombivali,Mumbai",Mumbai,Un-Aided,Non-Autonomous,Mumbai University,Mumbai University,0319324610,Information Technology,GSEBCH,82430,74.0094972,Stage I,2025-26,1,115
03193,"Shivajirao S. Jondhale College Of Engineering, Dombivali,Mumbai",Mumbai,Un-Aided,Non-Autonomous,Mumbai University,Mumbai University,0319324610,Information Technology,LOPENH,53341,83.9367933,Stage I,2025-26,1,115
03193,"Shivajirao S. Jondhale College Of Engineering, Dombivali,Mumbai",Mumbai,Un-Aided,Non-Autonomous,Mumbai University,Mumbai University,0319324610,Information Technology,LSCH,77487,75.6538462,Stage I,2025-26,1,115
03193,"Shivajirao S. Jondhale College Of Engineering, Dombivali,Mumbai",Mumbai,Un-Aided,Non-Autonomous,Mumbai University,Mumbai University,0319324610,Information Technology,LNT3H,101171,66.9498069,Stage I,2025-26,1,115
03193,"Shivajirao S. Jondhale College Of Engineering, Dombivali,Mumbai",Mumbai,Un-Aided,Non-Autonomous,Mumbai University,Mumbai University,0319324610,Information Technology,LOBCH,60136,81.8021201,Stage I,2025-26,1,115
03193,"Shivajirao S. Jondhale College Of Engineering, Dombivali,Mumbai",Mumbai,Un-Aided,Non-Autonomous,Mumbai University,Mumbai University,0319324610,Information Technology,GOPENO,71093,78.3357644,Stage I,2025-26,1,115
03193,"Shivajirao S. Jondhale College Of Engineering, Dombivali,Mumbai",Mumbai,Un-Aided,Non-Autonomous,Mumbai University,Mumbai University,0319324610,Information Technology,GVJO,133362,52.3622324,Stage I,2025-26,1,115
03193,"Shivajirao S. Jondhale College Of Engineering, Dombivali,Mumbai",Mumbai,Un-Aided,Non-Autonomous,Mumbai University,Mumbai University,0319324610,Information Technology,LOBCO,82422,74.0094972,Stage I,2025-26,1,115
03193,"Shivajirao S. Jondhale College Of Engineering, Dombivali,Mumbai",Mumbai,Un-Aided,Non-Autonomous,Mumbai University,Mumbai University,0319324610,Information Technology,LSEBCO,126510,55.6405756,Stage I,2025-26,1,115
03193,"Shivajirao S. Jondhale College Of Engineering, Dombivali,Mumbai",Mumbai,Un-Aided,Non-Autonomous,Mumbai University,Mumbai University,0319324610,Information Technology,LNT2O,65431,79.98947,Stage I,2025-26,1,115
03193,"Shivajirao S. Jondhale College Of Engineering, Dombivali,Mumbai",Mumbai,Un-Aided,Non-Autonomous,Mumbai University,Mumbai University,0319324610,Information Technology,TFWS,50395,84.8811189,Stage I,2025-26,1,115
03193,"Shivajirao S. Jondhale College Of Engineering, Dombivali,Mumbai",Mumbai,Un-Aided,Non-Autonomous,Mumbai University,Mumbai University,0319324610,Information Technology,EWS,165521,33.0802795,Stage I,2025-26,1,115
03193,"Shivajirao S. Jondhale College Of Engineering, Dombivali,Mumbai",Mumbai,Un-Aided,Non-Autonomous,Mumbai University,Mumbai University,0319337210,Electronics And Telecommunication Engg,GOPENH,75348,76.8955509,Stage I,2025-26,1,116
03193,"Shivajirao S. Jondhale College Of Engineering, Dombivali,Mumbai",Mumbai,Un-Aided,Non-Autonomous,Mumbai University,Mumbai University,0319337210,Electronics And Telecommunication Engg,GSCH,109194,63.4714222,Stage I,2025-26,1,116
03193,"Shivajirao S. Jondhale College Of Engineering, Dombivali,Mumbai",Mumbai,Un-Aided,Non-Autonomous,Mumbai University,Mumbai University,0319337210,Electronics And Telecommunication Engg,GVJH,154779,40.0432529,Stage I,2025-26,1,116
03193,"Shivajirao S. Jondhale College Of Engineering, Dombivali,Mumbai",Mumbai,Un-Aided,Non-Autonomous,Mumbai University,Mumbai University,0319337210,Electronics And Telecommunication Engg,GNT2H,133308,52.3622324,Stage I,2025-26,1,116
03193,"Shivajirao S. Jondhale College Of Engineering, Dombivali,Mumbai",Mumbai,Un-Aided,Non-Autonomous,Mumbai University,Mumbai University,0319337210,Electronics And Telecommunication Engg,GOBCH,79108,75.3562654,Stage I,2025-26,1,116
03193,"Shivajirao S. Jondhale College Of Engineering, Dombivali,Mumbai",Mumbai,Un-Aided,Non-Autonomous,Mumbai University,Mumbai University,0319337210,Electronics And Telecommunication Engg,GSEBCH,118722,59.2797111,Stage I,2025-26,1,116
03193,"Shivajirao S. Jondhale College Of Engineering, Dombivali,Mumbai",Mumbai,Un-Aided,Non-Autonomous,Mumbai University,Mumbai University,0319337210,Electronics And Telecommunication Engg,LOPENH,77016,75.8001957,Stage I,2025-26,1,116
03193,"Shivajirao S. Jondhale College Of Engineering, Dombivali,Mumbai",Mumbai,Un-Aided,Non-Autonomous,Mumbai University,Mumbai University,0319337210,Electronics And Telecommunication Engg,LSCH,78032,75.6075065,Stage I,2025-26,1,116
03193,"Shivajirao S. Jondhale College Of Engineering, Dombivali,Mumbai",Mumbai,Un-Aided,Non-Autonomous,Mumbai University,Mumbai University,0319337210,Electronics And Telecommunication Engg,LOBCH,82421,74.0094972,Stage I,2025-26,1,116
03193,"Shivajirao S. Jondhale College Of Engineering, Dombivali,Mumbai",Mumbai,Un-Aided,Non-Autonomous,Mumbai University,Mumbai University,0319337210,Electronics And Telecommunication Engg,LSEBCH,127701,55.1895416,Stage I,2025-26,1,116
03193,"Shivajirao S. Jondhale College Of Engineering, Dombivali,Mumbai",Mumbai,Un-Aided,Non-Autonomous,Mumbai University,Mumbai University,0319337210,Electronics And Telecommunication Engg,LVJH,173795,28.3031822,Stage II,2025-26,1,116
03193,"Shivajirao S. Jondhale College Of Engineering, Dombivali,Mumbai",Mumbai,Un-Aided,Non-Autonomous,Mumbai University,Mumbai University,0319337210,Electronics And Telecommunication Engg,LNT1H,106135,64.7148712,Stage II,2025-26,1,116
03193,"Shivajirao S. Jondhale College Of Engineering, Dombivali,Mumbai",Mumbai,Un-Aided,Non-Autonomous,Mumbai University,Mumbai University,0319337210,Electronics And Telecommunication Engg,GOPENO,84899,73.4354379,Stage I,2025-26,1,116
03193,"Shivajirao S. Jondhale College Of Engineering, Dombivali,Mumbai",Mumbai,Un-Aided,Non-Autonomous,Mumbai University,Mumbai University,0319337210,Electronics And Telecommunication Engg,GSCO,129069,54.4314351,Stage I,2025-26,1,116
03193,"Shivajirao S. Jondhale College Of Engineering, Dombivali,Mumbai",Mumbai,Un-Aided,Non-Autonomous,Mumbai University,Mumbai University,0319337210,Electronics And Telecommunication Engg,GOBCO,104418,65.6692751,Stage I,2025-26,1,116
03193,"Shivajirao S. Jondhale College Of Engineering, Dombivali,Mumbai",Mumbai,Un-Aided,Non-Autonomous,Mumbai University,Mumbai University,0319337210,Electronics And Telecommunication Engg,GSEBCO,108838,63.5767823,Stage I,2025-26,1,116
03193,"Shivajirao S. Jondhale College Of Engineering, Dombivali,Mumbai",Mumbai,Un-Aided,Non-Autonomous,Mumbai University,Mumbai University,0319337210,Electronics And Telecommunication Engg,LOPENO,110198,63.2914656,Stage I,2025-26,1,116
03193,"Shivajirao S. Jondhale College Of Engineering, Dombivali,Mumbai",Mumbai,Un-Aided,Non-Autonomous,Mumbai University,Mumbai University,0319337210,Electronics And Telecommunication Engg,DEFOPENS,179877,22.8933117,Stage I,2025-26,1,116
03193,"Shivajirao S. Jondhale College Of Engineering, Dombivali,Mumbai",Mumbai,Un-Aided,Non-Autonomous,Mumbai University,Mumbai University,0319337210,Electronics And Telecommunication Engg,TFWS,82387,74.0094972,Stage I,2025-26,1,116
03193,"Shivajirao S. Jondhale College Of Engineering, Dombivali,Mumbai",Mumbai,Un-Aided,Non-Autonomous,Mumbai University,Mumbai University,0319337210,Electronics And Telecommunication Engg,EWS,176435,25.5643537,Stage I,2025-26,1,116
03193,"Shivajirao S. Jondhale College Of Engineering, Dombivali,Mumbai",Mumbai,Un-Aided,Non-Autonomous,Mumbai University,Mumbai University,0319350710,Chemical Engineering,GOPENH,81117,74.9785452,Stage I,2025-26,1,117
03193,"Shivajirao S. Jondhale College Of Engineering, Dombivali,Mumbai",Mumbai,Un-Aided,Non-Autonomous,Mumbai University,Mumbai University,0319350710,Chemical Engineering,GSCH,194623,10.4152841,Stage I,2025-26,1,117
03193,"Shivajirao S. Jondhale College Of Engineering, Dombivali,Mumbai",Mumbai,Un-Aided,Non-Autonomous,Mumbai University,Mumbai University,0319350710,Chemical Engineering,GOBCH,89129,71.5830116,Stage I,2025-26,1,117
03193,"Shivajirao S. Jondhale College Of Engineering, Dombivali,Mumbai",Mumbai,Un-Aided,Non-Autonomous,Mumbai University,Mumbai University,0319350710,Chemical Engineering,LOPENH,73357,77.1631566,Stage I,2025-26,1,117
03193,"Shivajirao S. Jondhale College Of Engineering, Dombivali,Mumbai",Mumbai,Un-Aided,Non-Autonomous,Mumbai University,Mumbai University,0319350710,Chemical Engineering,LSCH,133411,52.3622324,Stage I,2025-26,1,117
03193,"Shivajirao S. Jondhale College Of Engineering, Dombivali,Mumbai",Mumbai,Un-Aided,Non-Autonomous,Mumbai University,Mumbai University,0319350710,Chemical Engineering,LOBCH,74633,76.9213781,Stage I,2025-26,1,117
03193,"Shivajirao S. Jondhale College Of Engineering, Dombivali,Mumbai",Mumbai,Un-Aided,Non-Autonomous,Mumbai University,Mumbai University,0319350710,Chemical Engineering,LSEBCH,176309,25.5643537,Stage I,2025-26,1,117
03193,"Shivajirao S. Jondhale College Of Engineering, Dombivali,Mumbai",Mumbai,Un-Aided,Non-Autonomous,Mumbai University,Mumbai University,0319350710,Chemical Engineering,GVJH,166244,32.5553935,Stage I,2025-26,1,117
03193,"Shivajirao S. Jondhale College Of Engineering, Dombivali,Mumbai",Mumbai,Un-Aided,Non-Autonomous,Mumbai University,Mumbai University,0319350710,Chemical Engineering,GOPENO,90058,71.4842352,Stage I,2025-26,1,117
03193,"Shivajirao S. Jondhale College Of Engineering, Dombivali,Mumbai",Mumbai,Un-Aided,Non-Autonomous,Mumbai University,Mumbai University,0319350710,Chemical Engineering,GSCO,180501,22.3617813,Stage I,2025-26,1,117
03193,"Shivajirao S. Jondhale College Of Engineering, Dombivali,Mumbai",Mumbai,Un-Aided,Non-Autonomous,Mumbai University,Mumbai University,0319350710,Chemical Engineering,GOBCO,116536,60.422115,Stage I,2025-26,1,117
03193,"Shivajirao S. Jondhale College Of Engineering, Dombivali,Mumbai",Mumbai,Un-Aided,Non-Autonomous,Mumbai University,Mumbai University,0319350710,Chemical Engineering,GSEBCO,138299,49.7291102,Stage I,2025-26,1,117
03193,"Shivajirao S. Jondhale College Of Engineering, Dombivali,Mumbai",Mumbai,Un-Aided,Non-Autonomous,Mumbai University,Mumbai University,0319350710,Chemical Engineering,LOPENO,123184,57.4376852,Stage I,2025-26,1,117
03193,"Shivajirao S. Jondhale College Of Engineering, Dombivali,Mumbai",Mumbai,Un-Aided,Non-Autonomous,Mumbai University,Mumbai University,0319350710,Chemical Engineering,LOBCO,147471,44.5303298,Stage I,2025-26,1,117
03193,"Shivajirao S. Jondhale College Of Engineering, Dombivali,Mumbai",Mumbai,Un-Aided,Non-Autonomous,Mumbai University,Mumbai University,0319350710,Chemical Engineering,LSCO,199422,5.4917171,Stage I,2025-26,1,117
03193,"Shivajirao S. Jondhale College Of Engineering, Dombivali,Mumbai",Mumbai,Un-Aided,Non-Autonomous,Mumbai University,Mumbai University,0319361210,Mechanical Engineering,GOPENH,101974,66.4263323,Stage I,2025-26,1,118
03193,"Shivajirao S. Jondhale College Of Engineering, Dombivali,Mumbai",Mumbai,Un-Aided,Non-Autonomous,Mumbai University,Mumbai University,0319361210,Mechanical Engineering,GSCH,129818,54.0903901,Stage I,2025-26,1,118
03193,"Shivajirao S. Jondhale College Of Engineering, Dombivali,Mumbai",Mumbai,Un-Aided,Non-Autonomous,Mumbai University,Mumbai University,0319361210,Mechanical Engineering,GOBCH,122931,57.4376852,Stage I,2025-26,1,118
03193,"Shivajirao S. Jondhale College Of Engineering, Dombivali,Mumbai",Mumbai,Un-Aided,Non-Autonomous,Mumbai University,Mumbai University,0319361210,Mechanical Engineering,GSEBCH,123923,57.0133407,Stage I,2025-26,1,118
03193,"Shivajirao S. Jondhale College Of Engineering, Dombivali,Mumbai",Mumbai,Un-Aided,Non-Autonomous,Mumbai University,Mumbai University,0319361210,Mechanical Engineering,LOPENH,136586,50.7016833,Stage I,2025-26,1,118
03193,"Shivajirao S. Jondhale College Of Engineering, Dombivali,Mumbai",Mumbai,Un-Aided,Non-Autonomous,Mumbai University,Mumbai University,0319361210,Mechanical Engineering,LOBCH,175262,25.9873754,Stage I,2025-26,1,118
03193,"Shivajirao S. Jondhale College Of Engineering, Dombivali,Mumbai",Mumbai,Un-Aided,Non-Autonomous,Mumbai University,Mumbai University,0319361210,Mechanical Engineering,LSCH,135853,50.8281802,Stage II,2025-26,1,118
03193,"Shivajirao S. Jondhale College Of Engineering, Dombivali,Mumbai",Mumbai,Un-Aided,Non-Autonomous,Mumbai University,Mumbai University,0319361210,Mechanical Engineering,LOBCH,131067,53.6060165,Stage II,2025-26,1,118
03193,"Shivajirao S. Jondhale College Of Engineering, Dombivali,Mumbai",Mumbai,Un-Aided,Non-Autonomous,Mumbai University,Mumbai University,0319361210,Mechanical Engineering,LNT2H,192978,11.8670556,Stage II,2025-26,1,118
03193,"Shivajirao S. Jondhale College Of Engineering, Dombivali,Mumbai",Mumbai,Un-Aided,Non-Autonomous,Mumbai University,Mumbai University,0319361210,Mechanical Engineering,GOPENO,136179,50.7016833,Stage I,2025-26,1,118
03193,"Shivajirao S. Jondhale College Of Engineering, Dombivali,Mumbai",Mumbai,Un-Aided,Non-Autonomous,Mumbai University,Mumbai University,0319361210,Mechanical Engineering,GSCO,184627,19.2051273,Stage I,2025-26,1,118
03193,"Shivajirao S. Jondhale College Of Engineering, Dombivali,Mumbai",Mumbai,Un-Aided,Non-Autonomous,Mumbai University,Mumbai University,0319361210,Mechanical Engineering,GSTO,165050,33.465035,Stage I,2025-26,1,118
03193,"Shivajirao S. Jondhale College Of Engineering, Dombivali,Mumbai",Mumbai,Un-Aided,Non-Autonomous,Mumbai University,Mumbai University,0319361210,Mechanical Engineering,GOBCO,137919,50.3223138,Stage I,2025-26,1,118
03193,"Shivajirao S. Jondhale College Of Engineering, Dombivali,Mumbai",Mumbai,Un-Aided,Non-Autonomous,Mumbai University,Mumbai University,0319361210,Mechanical Engineering,LOPENO,139502,49.3416227,Stage I,2025-26,1,118
03193,"Shivajirao S. Jondhale College Of Engineering, Dombivali,Mumbai",Mumbai,Un-Aided,Non-Autonomous,Mumbai University,Mumbai University,0319361210,Mechanical Engineering,LOBCO,152325,42.2674623,Stage II,2025-26,1,118
03193,"Shivajirao S. Jondhale College Of Engineering, Dombivali,Mumbai",Mumbai,Un-Aided,Non-Autonomous,Mumbai University,Mumbai University,0319361210,Mechanical Engineering,GNT1O,186604,17.7120141,Stage I,2025-26,1,118
03193,"Shivajirao S. Jondhale College Of Engineering, Dombivali,Mumbai",Mumbai,Un-Aided,Non-Autonomous,Mumbai University,Mumbai University,0319361210,Mechanical Engineering,LNT3O,162490,35.7798895,Stage II,2025-26,1,118
03193,"Shivajirao S. Jondhale College Of Engineering, Dombivali,Mumbai",Mumbai,Un-Aided,Non-Autonomous,Mumbai University,Mumbai University,0319361210,Mechanical Engineering,LSEBCO,146914,45.2322221,Stage II,2025-26,1,118
03193,"Shivajirao S. Jondhale College Of Engineering, Dombivali,Mumbai",Mumbai,Un-Aided,Non-Autonomous,Mumbai University,Mumbai University,0319392110,Artificial Intelligence And Machine Learning,GOPENH,42421,87.3499473,Stage I,2025-26,1,119
03193,"Shivajirao S. Jondhale College Of Engineering, Dombivali,Mumbai",Mumbai,Un-Aided,Non-Autonomous,Mumbai University,Mumbai University,0319392110,Artificial Intelligence And Machine Learning,GNT1H,73230,77.1631566,Stage I,2025-26,1,119
03193,"Shivajirao S. Jondhale College Of Engineering, Dombivali,Mumbai",Mumbai,Un-Aided,Non-Autonomous,Mumbai University,Mumbai University,0319392110,Artificial Intelligence And Machine Learning,GNT2H,116668,60.422115,Stage I,2025-26,1,119
03193,"Shivajirao S. Jondhale College Of Engineering, Dombivali,Mumbai",Mumbai,Un-Aided,Non-Autonomous,Mumbai University,Mumbai University,0319392110,Artificial Intelligence And Machine Learning,GOBCH,59464,82.1124479,Stage I,2025-26,1,119
03193,"Shivajirao S. Jondhale College Of Engineering, Dombivali,Mumbai",Mumbai,Un-Aided,Non-Autonomous,Mumbai University,Mumbai University,0319392110,Artificial Intelligence And Machine Learning,LOPENH,38589,88.6282029,Stage I,2025-26,1,119
03193,"Shivajirao S. Jondhale College Of Engineering, Dombivali,Mumbai",Mumbai,Un-Aided,Non-Autonomous,Mumbai University,Mumbai University,0319392110,Artificial Intelligence And Machine Learning,LSCH,87347,72.1363369,Stage I,2025-26,1,119
03193,"Shivajirao S. Jondhale College Of Engineering, Dombivali,Mumbai",Mumbai,Un-Aided,Non-Autonomous,Mumbai University,Mumbai University,0319392110,Artificial Intelligence And Machine Learning,LOBCH,54323,83.7239356,Stage I,2025-26,1,119
03193,"Shivajirao S. Jondhale College Of Engineering, Dombivali,Mumbai",Mumbai,Un-Aided,Non-Autonomous,Mumbai University,Mumbai University,0319392110,Artificial Intelligence And Machine Learning,LSEBCH,94990,69.4561708,Stage I,2025-26,1,119
03193,"Shivajirao S. Jondhale College Of Engineering, Dombivali,Mumbai",Mumbai,Un-Aided,Non-Autonomous,Mumbai University,Mumbai University,0319392110,Artificial Intelligence And Machine Learning,LSTH,123810,57.0133407,Stage II,2025-26,1,119
03193,"Shivajirao S. Jondhale College Of Engineering, Dombivali,Mumbai",Mumbai,Un-Aided,Non-Autonomous,Mumbai University,Mumbai University,0319392110,Artificial Intelligence And Machine Learning,GOPENO,57583,82.5532062,Stage I,2025-26,1,119
03193,"Shivajirao S. Jondhale College Of Engineering, Dombivali,Mumbai",Mumbai,Un-Aided,Non-Autonomous,Mumbai University,Mumbai University,0319392110,Artificial Intelligence And Machine Learning,GSCO,109203,63.4714222,Stage I,2025-26,1,119
03193,"Shivajirao S. Jondhale College Of Engineering, Dombivali,Mumbai",Mumbai,Un-Aided,Non-Autonomous,Mumbai University,Mumbai University,0319392110,Artificial Intelligence And Machine Learning,GOBCO,65404,79.98947,Stage I,2025-26,1,119
03193,"Shivajirao S. Jondhale College Of Engineering, Dombivali,Mumbai",Mumbai,Un-Aided,Non-Autonomous,Mumbai University,Mumbai University,0319392110,Artificial Intelligence And Machine Learning,GSEBCO,86334,72.7429418,Stage I,2025-26,1,119
03193,"Shivajirao S. Jondhale College Of Engineering, Dombivali,Mumbai",Mumbai,Un-Aided,Non-Autonomous,Mumbai University,Mumbai University,0319392110,Artificial Intelligence And Machine Learning,LOPENO,35039,89.682715,Stage I,2025-26,1,119
03193,"Shivajirao S. Jondhale College Of Engineering, Dombivali,Mumbai",Mumbai,Un-Aided,Non-Autonomous,Mumbai University,Mumbai University,0319392110,Artificial Intelligence And Machine Learning,TFWS,49508,85.1919561,Stage I,2025-26,1,119
03193,"Shivajirao S. Jondhale College Of Engineering, Dombivali,Mumbai",Mumbai,Un-Aided,Non-Autonomous,Mumbai University,Mumbai University,0319392110,Artificial Intelligence And Machine Learning,EWS,148324,43.9154166,Stage I,2025-26,1,119
03194,"Vidyavardhini'S College Of Engineering And Technology, Vasai",Mumbai,Un-Aided,Non-Autonomous,Mumbai University,Mumbai University,0319419110,Civil Engineering,GOPENH,73570,77.161886,Stage I,2025-26,1,120
03194,"Vidyavardhini'S College Of Engineering And Technology, Vasai",Mumbai,Un-Aided,Non-Autonomous,Mumbai University,Mumbai University,0319419110,Civil Engineering,GSCH,123226,57.4017459,Stage I,2025-26,1,120
03194,"Vidyavardhini'S College Of Engineering And Technology, Vasai",Mumbai,Un-Aided,Non-Autonomous,Mumbai University,Mumbai University,0319419110,Civil Engineering,GNT3H,167848,32.1281783,Stage I,2025-26,1,120
03194,"Vidyavardhini'S College Of Engineering And Technology, Vasai",Mumbai,Un-Aided,Non-Autonomous,Mumbai University,Mumbai University,0319419110,Civil Engineering,GOBCH,117278,60.2517483,Stage I,2025-26,1,120
03194,"Vidyavardhini'S College Of Engineering And Technology, Vasai",Mumbai,Un-Aided,Non-Autonomous,Mumbai University,Mumbai University,0319419110,Civil Engineering,GSEBCH,153367,41.4020979,Stage I,2025-26,1,120
03194,"Vidyavardhini'S College Of Engineering And Technology, Vasai",Mumbai,Un-Aided,Non-Autonomous,Mumbai University,Mumbai University,0319419110,Civil Engineering,LOPENH,122717,57.5410529,Stage I,2025-26,1,120
03194,"Vidyavardhini'S College Of Engineering And Technology, Vasai",Mumbai,Un-Aided,Non-Autonomous,Mumbai University,Mumbai University,0319419110,Civil Engineering,LSCH,139150,49.4020979,Stage I,2025-26,1,120
03194,"Vidyavardhini'S College Of Engineering And Technology, Vasai",Mumbai,Un-Aided,Non-Autonomous,Mumbai University,Mumbai University,0319419110,Civil Engineering,LNT2H,129219,54.4314351,Stage I,2025-26,1,120
03194,"Vidyavardhini'S College Of Engineering And Technology, Vasai",Mumbai,Un-Aided,Non-Autonomous,Mumbai University,Mumbai University,0319419110,Civil Engineering,LOBCH,126096,55.9381337,Stage I,2025-26,1,120
03194,"Vidyavardhini'S College Of Engineering And Technology, Vasai",Mumbai,Un-Aided,Non-Autonomous,Mumbai University,Mumbai University,0319419110,Civil Engineering,LSEBCH,179915,22.8214173,Stage I,2025-26,1,120
03194,"Vidyavardhini'S College Of Engineering And Technology, Vasai",Mumbai,Un-Aided,Non-Autonomous,Mumbai University,Mumbai University,0319419110,Civil Engineering,LOBCH,142032,47.7841578,Stage II,2025-26,1,120
03194,"Vidyavardhini'S College Of Engineering And Technology, Vasai",Mumbai,Un-Aided,Non-Autonomous,Mumbai University,Mumbai University,0319419110,Civil Engineering,GOPENO,126305,55.6405756,Stage I,2025-26,1,120
03194,"Vidyavardhini'S College Of Engineering And Technology, Vasai",Mumbai,Un-Aided,Non-Autonomous,Mumbai University,Mumbai University,0319419110,Civil Engineering,GSCO,168904,31.9280223,Stage I,2025-26,1,120
03194,"Vidyavardhini'S College Of Engineering And Technology, Vasai",Mumbai,Un-Aided,Non-Autonomous,Mumbai University,Mumbai University,0319419110,Civil Engineering,GOBCO,157873,39.230205,Stage I,2025-26,1,120
03194,"Vidyavardhini'S College Of Engineering And Technology, Vasai",Mumbai,Un-Aided,Non-Autonomous,Mumbai University,Mumbai University,0319419110,Civil Engineering,LOPENO,159326,37.6293706,Stage I,2025-26,1,120
03194,"Vidyavardhini'S College Of Engineering And Technology, Vasai",Mumbai,Un-Aided,Non-Autonomous,Mumbai University,Mumbai University,0319419110,Civil Engineering,LSCO,165359,33.0802795,Stage I,2025-26,1,120
03194,"Vidyavardhini'S College Of Engineering And Technology, Vasai",Mumbai,Un-Aided,Non-Autonomous,Mumbai University,Mumbai University,0319419110,Civil Engineering,GNT2O,81813,74.5404987,Stage I,2025-26,1,120
03194,"Vidyavardhini'S College Of Engineering And Technology, Vasai",Mumbai,Un-Aided,Non-Autonomous,Mumbai University,Mumbai University,0319419110,Civil Engineering,GSEBCO,202012,2.4406683,Stage I,2025-26,1,120
03194,"Vidyavardhini'S College Of Engineering And Technology, Vasai",Mumbai,Un-Aided,Non-Autonomous,Mumbai University,Mumbai University,0319419110,Civil Engineering,LOBCO,165825,32.6791073,Stage I,2025-26,1,120
03194,"Vidyavardhini'S College Of Engineering And Technology, Vasai",Mumbai,Un-Aided,Non-Autonomous,Mumbai University,Mumbai University,0319419110,Civil Engineering,TFWS,56544,82.8811189,Stage I,2025-26,1,120
03194,"Vidyavardhini'S College Of Engineering And Technology, Vasai",Mumbai,Un-Aided,Non-Autonomous,Mumbai University,Mumbai University,0319419110,Civil Engineering,EWS,131645,53.2657343,Stage I,2025-26,1,120
03194,"Vidyavardhini'S College Of Engineering And Technology, Vasai",Mumbai,Un-Aided,Non-Autonomous,Mumbai University,Mumbai University,0319424510,Computer Engineering,GOPENH,25970,92.4011947,Stage I,2025-26,1,121
03194,"Vidyavardhini'S College Of Engineering And Technology, Vasai",Mumbai,Un-Aided,Non-Autonomous,Mumbai University,Mumbai University,0319424510,Computer Engineering,GSCH,50376,84.8811189,Stage I,2025-26,1,121
03194,"Vidyavardhini'S College Of Engineering And Technology, Vasai",Mumbai,Un-Aided,Non-Autonomous,Mumbai University,Mumbai University,0319424510,Computer Engineering,GSTH,125377,56.2929777,Stage I,2025-26,1,121
03194,"Vidyavardhini'S College Of Engineering And Technology, Vasai",Mumbai,Un-Aided,Non-Autonomous,Mumbai University,Mumbai University,0319424510,Computer Engineering,GVJH,59351,82.1124479,Stage I,2025-26,1,121
03194,"Vidyavardhini'S College Of Engineering And Technology, Vasai",Mumbai,Un-Aided,Non-Autonomous,Mumbai University,Mumbai University,0319424510,Computer Engineering,GNT1H,56591,82.8811189,Stage I,2025-26,1,121
03194,"Vidyavardhini'S College Of Engineering And Technology, Vasai",Mumbai,Un-Aided,Non-Autonomous,Mumbai University,Mumbai University,0319424510,Computer Engineering,GNT2H,35938,89.3717407,Stage I,2025-26,1,121
03194,"Vidyavardhini'S College Of Engineering And Technology, Vasai",Mumbai,Un-Aided,Non-Autonomous,Mumbai University,Mumbai University,0319424510,Computer Engineering,GNT3H,40896,87.9272878,Stage I,2025-26,1,121
03194,"Vidyavardhini'S College Of Engineering And Technology, Vasai",Mumbai,Un-Aided,Non-Autonomous,Mumbai University,Mumbai University,0319424510,Computer Engineering,GOBCH,32005,90.6332693,Stage I,2025-26,1,121
03194,"Vidyavardhini'S College Of Engineering And Technology, Vasai",Mumbai,Un-Aided,Non-Autonomous,Mumbai University,Mumbai University,0319424510,Computer Engineering,GSEBCH,52212,84.3296195,Stage I,2025-26,1,121
03194,"Vidyavardhini'S College Of Engineering And Technology, Vasai",Mumbai,Un-Aided,Non-Autonomous,Mumbai University,Mumbai University,0319424510,Computer Engineering,LOPENH,25402,92.5853623,Stage I,2025-26,1,121
03194,"Vidyavardhini'S College Of Engineering And Technology, Vasai",Mumbai,Un-Aided,Non-Autonomous,Mumbai University,Mumbai University,0319424510,Computer Engineering,LSCH,62184,81.1324174,Stage I,2025-26,1,121
03194,"Vidyavardhini'S College Of Engineering And Technology, Vasai",Mumbai,Un-Aided,Non-Autonomous,Mumbai University,Mumbai University,0319424510,Computer Engineering,LSTH,77614,75.652265,Stage I,2025-26,1,121
03194,"Vidyavardhini'S College Of Engineering And Technology, Vasai",Mumbai,Un-Aided,Non-Autonomous,Mumbai University,Mumbai University,0319424510,Computer Engineering,LNT3H,43457,87.1376478,Stage I,2025-26,1,121
03194,"Vidyavardhini'S College Of Engineering And Technology, Vasai",Mumbai,Un-Aided,Non-Autonomous,Mumbai University,Mumbai University,0319424510,Computer Engineering,LOBCH,35143,89.6700597,Stage I,2025-26,1,121
03194,"Vidyavardhini'S College Of Engineering And Technology, Vasai",Mumbai,Un-Aided,Non-Autonomous,Mumbai University,Mumbai University,0319424510,Computer Engineering,LSEBCH,33931,90.0175917,Stage I,2025-26,1,121
03194,"Vidyavardhini'S College Of Engineering And Technology, Vasai",Mumbai,Un-Aided,Non-Autonomous,Mumbai University,Mumbai University,0319424510,Computer Engineering,PWDOPENH,133932,52.1817116,Stage I,2025-26,1,121
03194,"Vidyavardhini'S College Of Engineering And Technology, Vasai",Mumbai,Un-Aided,Non-Autonomous,Mumbai University,Mumbai University,0319424510,Computer Engineering,GOPENO,38400,88.6328671,Stage I,2025-26,1,121
03194,"Vidyavardhini'S College Of Engineering And Technology, Vasai",Mumbai,Un-Aided,Non-Autonomous,Mumbai University,Mumbai University,0319424510,Computer Engineering,GSCO,58354,82.3736697,Stage I,2025-26,1,121
03194,"Vidyavardhini'S College Of Engineering And Technology, Vasai",Mumbai,Un-Aided,Non-Autonomous,Mumbai University,Mumbai University,0319424510,Computer Engineering,GSTO,153276,41.4458186,Stage I,2025-26,1,121
03194,"Vidyavardhini'S College Of Engineering And Technology, Vasai",Mumbai,Un-Aided,Non-Autonomous,Mumbai University,Mumbai University,0319424510,Computer Engineering,GVJO,63409,80.7807182,Stage I,2025-26,1,121
03194,"Vidyavardhini'S College Of Engineering And Technology, Vasai",Mumbai,Un-Aided,Non-Autonomous,Mumbai University,Mumbai University,0319424510,Computer Engineering,GNT1O,41080,87.9159305,Stage I,2025-26,1,121
03194,"Vidyavardhini'S College Of Engineering And Technology, Vasai",Mumbai,Un-Aided,Non-Autonomous,Mumbai University,Mumbai University,0319424510,Computer Engineering,GNT2O,42123,87.4135301,Stage I,2025-26,1,121
03194,"Vidyavardhini'S College Of Engineering And Technology, Vasai",Mumbai,Un-Aided,Non-Autonomous,Mumbai University,Mumbai University,0319424510,Computer Engineering,GNT3O,55459,83.3397246,Stage I,2025-26,1,121
03194,"Vidyavardhini'S College Of Engineering And Technology, Vasai",Mumbai,Un-Aided,Non-Autonomous,Mumbai University,Mumbai University,0319424510,Computer Engineering,GOBCO,43248,87.1431548,Stage I,2025-26,1,121
03194,"Vidyavardhini'S College Of Engineering And Technology, Vasai",Mumbai,Un-Aided,Non-Autonomous,Mumbai University,Mumbai University,0319424510,Computer Engineering,GSEBCO,44058,86.9194446,Stage I,2025-26,1,121
03194,"Vidyavardhini'S College Of Engineering And Technology, Vasai",Mumbai,Un-Aided,Non-Autonomous,Mumbai University,Mumbai University,0319424510,Computer Engineering,LOPENO,41938,87.5995489,Stage I,2025-26,1,121
03194,"Vidyavardhini'S College Of Engineering And Technology, Vasai",Mumbai,Un-Aided,Non-Autonomous,Mumbai University,Mumbai University,0319424510,Computer Engineering,LSCO,68888,78.6729363,Stage I,2025-26,1,121
03194,"Vidyavardhini'S College Of Engineering And Technology, Vasai",Mumbai,Un-Aided,Non-Autonomous,Mumbai University,Mumbai University,0319424510,Computer Engineering,LOBCO,54762,83.4924535,Stage I,2025-26,1,121
03194,"Vidyavardhini'S College Of Engineering And Technology, Vasai",Mumbai,Un-Aided,Non-Autonomous,Mumbai University,Mumbai University,0319424510,Computer Engineering,LSEBCO,47362,85.901157,Stage I,2025-26,1,121
03194,"Vidyavardhini'S College Of Engineering And Technology, Vasai",Mumbai,Un-Aided,Non-Autonomous,Mumbai University,Mumbai University,0319424510,Computer Engineering,GSTO,137155,50.4913264,Stage I,2025-26,1,121
03194,"Vidyavardhini'S College Of Engineering And Technology, Vasai",Mumbai,Un-Aided,Non-Autonomous,Mumbai University,Mumbai University,0319424510,Computer Engineering,LVJO,168036,32.1281783,Stage I,2025-26,1,121
03194,"Vidyavardhini'S College Of Engineering And Technology, Vasai",Mumbai,Un-Aided,Non-Autonomous,Mumbai University,Mumbai University,0319424510,Computer Engineering,DEFOPENS,47030,85.9124978,Stage I,2025-26,1,121
03194,"Vidyavardhini'S College Of Engineering And Technology, Vasai",Mumbai,Un-Aided,Non-Autonomous,Mumbai University,Mumbai University,0319424510,Computer Engineering,DEFOBCS,110451,63.2914656,Stage I,2025-26,1,121
03194,"Vidyavardhini'S College Of Engineering And Technology, Vasai",Mumbai,Un-Aided,Non-Autonomous,Mumbai University,Mumbai University,0319424510,Computer Engineering,TFWS,21228,93.8574939,Stage I,2025-26,1,121
03194,"Vidyavardhini'S College Of Engineering And Technology, Vasai",Mumbai,Un-Aided,Non-Autonomous,Mumbai University,Mumbai University,0319424510,Computer Engineering,DEFRSEBCS,69917,78.5819586,Stage I,2025-26,1,121
03194,"Vidyavardhini'S College Of Engineering And Technology, Vasai",Mumbai,Un-Aided,Non-Autonomous,Mumbai University,Mumbai University,0319424510,Computer Engineering,EWS,84704,73.4722277,Stage I,2025-26,1,121
03194,"Vidyavardhini'S College Of Engineering And Technology, Vasai",Mumbai,Un-Aided,Non-Autonomous,Mumbai University,Mumbai University,0319424610,Information Technology,GOPENH,27952,91.7968608,Stage I,2025-26,1,122
03194,"Vidyavardhini'S College Of Engineering And Technology, Vasai",Mumbai,Un-Aided,Non-Autonomous,Mumbai University,Mumbai University,0319424610,Information Technology,GSCH,54148,83.7674516,Stage I,2025-26,1,122
03194,"Vidyavardhini'S College Of Engineering And Technology, Vasai",Mumbai,Un-Aided,Non-Autonomous,Mumbai University,Mumbai University,0319424610,Information Technology,GSTH,44006,86.9322507,Stage I,2025-26,1,122
03194,"Vidyavardhini'S College Of Engineering And Technology, Vasai",Mumbai,Un-Aided,Non-Autonomous,Mumbai University,Mumbai University,0319424610,Information Technology,GNT3H,42543,87.3285356,Stage I,2025-26,1,122
03194,"Vidyavardhini'S College Of Engineering And Technology, Vasai",Mumbai,Un-Aided,Non-Autonomous,Mumbai University,Mumbai University,0319424610,Information Technology,GOBCH,38242,88.727183,Stage I,2025-26,1,122
03194,"Vidyavardhini'S College Of Engineering And Technology, Vasai",Mumbai,Un-Aided,Non-Autonomous,Mumbai University,Mumbai University,0319424610,Information Technology,GSEBCH,46015,86.3462208,Stage I,2025-26,1,122
03194,"Vidyavardhini'S College Of Engineering And Technology, Vasai",Mumbai,Un-Aided,Non-Autonomous,Mumbai University,Mumbai University,0319424610,Information Technology,LOPENH,29087,91.4692991,Stage I,2025-26,1,122
03194,"Vidyavardhini'S College Of Engineering And Technology, Vasai",Mumbai,Un-Aided,Non-Autonomous,Mumbai University,Mumbai University,0319424610,Information Technology,LSCH,44526,86.7181467,Stage I,2025-26,1,122
03194,"Vidyavardhini'S College Of Engineering And Technology, Vasai",Mumbai,Un-Aided,Non-Autonomous,Mumbai University,Mumbai University,0319424610,Information Technology,LSTH,106429,64.713186,Stage I,2025-26,1,122
03194,"Vidyavardhini'S College Of Engineering And Technology, Vasai",Mumbai,Un-Aided,Non-Autonomous,Mumbai University,Mumbai University,0319424610,Information Technology,LOBCH,41830,87.6322867,Stage I,2025-26,1,122
03194,"Vidyavardhini'S College Of Engineering And Technology, Vasai",Mumbai,Un-Aided,Non-Autonomous,Mumbai University,Mumbai University,0319424610,Information Technology,LSEBCH,116314,60.4378874,Stage I,2025-26,1,122
03194,"Vidyavardhini'S College Of Engineering And Technology, Vasai",Mumbai,Un-Aided,Non-Autonomous,Mumbai University,Mumbai University,0319424610,Information Technology,PWDOPENH,30924,90.9306237,Stage I,2025-26,1,122
03194,"Vidyavardhini'S College Of Engineering And Technology, Vasai",Mumbai,Un-Aided,Non-Autonomous,Mumbai University,Mumbai University,0319424610,Information Technology,LVJH,98845,68.1164395,Stage II,2025-26,1,122
03194,"Vidyavardhini'S College Of Engineering And Technology, Vasai",Mumbai,Un-Aided,Non-Autonomous,Mumbai University,Mumbai University,0319424610,Information Technology,GOPENO,43340,87.1376478,Stage I,2025-26,1,122
03194,"Vidyavardhini'S College Of Engineering And Technology, Vasai",Mumbai,Un-Aided,Non-Autonomous,Mumbai University,Mumbai University,0319424610,Information Technology,GSCO,60241,81.7705077,Stage I,2025-26,1,122
03194,"Vidyavardhini'S College Of Engineering And Technology, Vasai",Mumbai,Un-Aided,Non-Autonomous,Mumbai University,Mumbai University,0319424610,Information Technology,GNT1O,75953,76.7635852,Stage I,2025-26,1,122
03194,"Vidyavardhini'S College Of Engineering And Technology, Vasai",Mumbai,Un-Aided,Non-Autonomous,Mumbai University,Mumbai University,0319424610,Information Technology,GOBCO,46610,85.9982332,Stage I,2025-26,1,122
03194,"Vidyavardhini'S College Of Engineering And Technology, Vasai",Mumbai,Un-Aided,Non-Autonomous,Mumbai University,Mumbai University,0319424610,Information Technology,GSEBCO,43827,86.9651776,Stage I,2025-26,1,122
03194,"Vidyavardhini'S College Of Engineering And Technology, Vasai",Mumbai,Un-Aided,Non-Autonomous,Mumbai University,Mumbai University,0319424610,Information Technology,LOPENO,25520,92.5540912,Stage I,2025-26,1,122
03194,"Vidyavardhini'S College Of Engineering And Technology, Vasai",Mumbai,Un-Aided,Non-Autonomous,Mumbai University,Mumbai University,0319424610,Information Technology,LSCO,77393,75.6538462,Stage I,2025-26,1,122
03194,"Vidyavardhini'S College Of Engineering And Technology, Vasai",Mumbai,Un-Aided,Non-Autonomous,Mumbai University,Mumbai University,0319424610,Information Technology,LNT2O,58171,82.3938224,Stage I,2025-26,1,122
03194,"Vidyavardhini'S College Of Engineering And Technology, Vasai",Mumbai,Un-Aided,Non-Autonomous,Mumbai University,Mumbai University,0319424610,Information Technology,LSTO,77473,75.6538462,Stage II,2025-26,1,122
03194,"Vidyavardhini'S College Of Engineering And Technology, Vasai",Mumbai,Un-Aided,Non-Autonomous,Mumbai University,Mumbai University,0319424610,Information Technology,DEFOPENS,117192,60.3213757,Stage I,2025-26,1,122
03194,"Vidyavardhini'S College Of Engineering And Technology, Vasai",Mumbai,Un-Aided,Non-Autonomous,Mumbai University,Mumbai University,0319424610,Information Technology,TFWS,25774,92.4545035,Stage I,2025-26,1,122
03194,"Vidyavardhini'S College Of Engineering And Technology, Vasai",Mumbai,Un-Aided,Non-Autonomous,Mumbai University,Mumbai University,0319424610,Information Technology,DEFROBCS,136386,50.7016833,Stage I,2025-26,1,122
03194,"Vidyavardhini'S College Of Engineering And Technology, Vasai",Mumbai,Un-Aided,Non-Autonomous,Mumbai University,Mumbai University,0319424610,Information Technology,EWS,112527,62.1365556,Stage I,2025-26,1,122
03194,"Vidyavardhini'S College Of Engineering And Technology, Vasai",Mumbai,Un-Aided,Non-Autonomous,Mumbai University,Mumbai University,0319437210,Electronics And Telecommunication Engg,GOPENH,45806,86.3869833,Stage I,2025-26,1,123
03194,"Vidyavardhini'S College Of Engineering And Technology, Vasai",Mumbai,Un-Aided,Non-Autonomous,Mumbai University,Mumbai University,0319437210,Electronics And Telecommunication Engg,GSCH,74545,76.9322569,Stage I,2025-26,1,123
03194,"Vidyavardhini'S College Of Engineering And Technology, Vasai",Mumbai,Un-Aided,Non-Autonomous,Mumbai University,Mumbai University,0319437210,Electronics And Telecommunication Engg,GVJH,171398,29.0442453,Stage I,2025-26,1,123
03194,"Vidyavardhini'S College Of Engineering And Technology, Vasai",Mumbai,Un-Aided,Non-Autonomous,Mumbai University,Mumbai University,0319437210,Electronics And Telecommunication Engg,GNT2H,62847,81.0133535,Stage I,2025-26,1,123
03194,"Vidyavardhini'S College Of Engineering And Technology, Vasai",Mumbai,Un-Aided,Non-Autonomous,Mumbai University,Mumbai University,0319437210,Electronics And Telecommunication Engg,GOBCH,56175,83.0707711,Stage I,2025-26,1,123
03194,"Vidyavardhini'S College Of Engineering And Technology, Vasai",Mumbai,Un-Aided,Non-Autonomous,Mumbai University,Mumbai University,0319437210,Electronics And Telecommunication Engg,GSEBCH,122233,57.6249683,Stage I,2025-26,1,123
03194,"Vidyavardhini'S College Of Engineering And Technology, Vasai",Mumbai,Un-Aided,Non-Autonomous,Mumbai University,Mumbai University,0319437210,Electronics And Telecommunication Engg,LOPENH,44796,86.675963,Stage I,2025-26,1,123
03194,"Vidyavardhini'S College Of Engineering And Technology, Vasai",Mumbai,Un-Aided,Non-Autonomous,Mumbai University,Mumbai University,0319437210,Electronics And Telecommunication Engg,LSCH,86871,72.6730266,Stage I,2025-26,1,123
03194,"Vidyavardhini'S College Of Engineering And Technology, Vasai",Mumbai,Un-Aided,Non-Autonomous,Mumbai University,Mumbai University,0319437210,Electronics And Telecommunication Engg,LNT1H,74968,76.8973331,Stage I,2025-26,1,123
03194,"Vidyavardhini'S College Of Engineering And Technology, Vasai",Mumbai,Un-Aided,Non-Autonomous,Mumbai University,Mumbai University,0319437210,Electronics And Telecommunication Engg,LNT2H,168164,32.0884521,Stage I,2025-26,1,123
03194,"Vidyavardhini'S College Of Engineering And Technology, Vasai",Mumbai,Un-Aided,Non-Autonomous,Mumbai University,Mumbai University,0319437210,Electronics And Telecommunication Engg,LOBCH,59007,82.135869,Stage I,2025-26,1,123
03194,"Vidyavardhini'S College Of Engineering And Technology, Vasai",Mumbai,Un-Aided,Non-Autonomous,Mumbai University,Mumbai University,0319437210,Electronics And Telecommunication Engg,LSEBCH,136256,50.7016833,Stage I,2025-26,1,123
03194,"Vidyavardhini'S College Of Engineering And Technology, Vasai",Mumbai,Un-Aided,Non-Autonomous,Mumbai University,Mumbai University,0319437210,Electronics And Telecommunication Engg,GOPENO,61194,81.3270637,Stage I,2025-26,1,123
03194,"Vidyavardhini'S College Of Engineering And Technology, Vasai",Mumbai,Un-Aided,Non-Autonomous,Mumbai University,Mumbai University,0319437210,Electronics And Telecommunication Engg,GSCO,85197,73.2612864,Stage I,2025-26,1,123
03194,"Vidyavardhini'S College Of Engineering And Technology, Vasai",Mumbai,Un-Aided,Non-Autonomous,Mumbai University,Mumbai University,0319437210,Electronics And Telecommunication Engg,GOBCO,68349,79.027972,Stage I,2025-26,1,123
03194,"Vidyavardhini'S College Of Engineering And Technology, Vasai",Mumbai,Un-Aided,Non-Autonomous,Mumbai University,Mumbai University,0319437210,Electronics And Telecommunication Engg,LOPENO,54693,83.5597353,Stage I,2025-26,1,123
03194,"Vidyavardhini'S College Of Engineering And Technology, Vasai",Mumbai,Un-Aided,Non-Autonomous,Mumbai University,Mumbai University,0319437210,Electronics And Telecommunication Engg,LOBCO,72210,78.010417,Stage I,2025-26,1,123
03194,"Vidyavardhini'S College Of Engineering And Technology, Vasai",Mumbai,Un-Aided,Non-Autonomous,Mumbai University,Mumbai University,0319437210,Electronics And Telecommunication Engg,LSEBCO,87496,72.1363369,Stage I,2025-26,1,123
03194,"Vidyavardhini'S College Of Engineering And Technology, Vasai",Mumbai,Un-Aided,Non-Autonomous,Mumbai University,Mumbai University,0319437210,Electronics And Telecommunication Engg,TFWS,45368,86.552754,Stage I,2025-26,1,123
03194,"Vidyavardhini'S College Of Engineering And Technology, Vasai",Mumbai,Un-Aided,Non-Autonomous,Mumbai University,Mumbai University,0319437210,Electronics And Telecommunication Engg,EWS,192375,12.5776664,Stage I,2025-26,1,123
03194,"Vidyavardhini'S College Of Engineering And Technology, Vasai",Mumbai,Un-Aided,Non-Autonomous,Mumbai University,Mumbai University,0319461210,Mechanical Engineering,GOPENH,54751,83.4924535,Stage I,2025-26,1,124
03194,"Vidyavardhini'S College Of Engineering And Technology, Vasai",Mumbai,Un-Aided,Non-Autonomous,Mumbai University,Mumbai University,0319461210,Mechanical Engineering,GSCH,99746,67.8210479,Stage I,2025-26,1,124
03194,"Vidyavardhini'S College Of Engineering And Technology, Vasai",Mumbai,Un-Aided,Non-Autonomous,Mumbai University,Mumbai University,0319461210,Mechanical Engineering,GSTH,134651,51.57164,Stage I,2025-26,1,124
03194,"Vidyavardhini'S College Of Engineering And Technology, Vasai",Mumbai,Un-Aided,Non-Autonomous,Mumbai University,Mumbai University,0319461210,Mechanical Engineering,GVJH,76566,76.5279741,Stage I,2025-26,1,124
03194,"Vidyavardhini'S College Of Engineering And Technology, Vasai",Mumbai,Un-Aided,Non-Autonomous,Mumbai University,Mumbai University,0319461210,Mechanical Engineering,GNT1H,137402,50.4913264,Stage I,2025-26,1,124
03194,"Vidyavardhini'S College Of Engineering And Technology, Vasai",Mumbai,Un-Aided,Non-Autonomous,Mumbai University,Mumbai University,0319461210,Mechanical Engineering,GNT2H,102233,66.3866132,Stage I,2025-26,1,124
03194,"Vidyavardhini'S College Of Engineering And Technology, Vasai",Mumbai,Un-Aided,Non-Autonomous,Mumbai University,Mumbai University,0319461210,Mechanical Engineering,GOBCH,71862,78.1688442,Stage I,2025-26,1,124
03194,"Vidyavardhini'S College Of Engineering And Technology, Vasai",Mumbai,Un-Aided,Non-Autonomous,Mumbai University,Mumbai University,0319461210,Mechanical Engineering,GSEBCH,102392,66.3866132,Stage I,2025-26,1,124
03194,"Vidyavardhini'S College Of Engineering And Technology, Vasai",Mumbai,Un-Aided,Non-Autonomous,Mumbai University,Mumbai University,0319461210,Mechanical Engineering,LOPENH,77961,75.6075065,Stage I,2025-26,1,124
03194,"Vidyavardhini'S College Of Engineering And Technology, Vasai",Mumbai,Un-Aided,Non-Autonomous,Mumbai University,Mumbai University,0319461210,Mechanical Engineering,LSCH,143149,47.13962,Stage I,2025-26,1,124
03194,"Vidyavardhini'S College Of Engineering And Technology, Vasai",Mumbai,Un-Aided,Non-Autonomous,Mumbai University,Mumbai University,0319461210,Mechanical Engineering,LOBCH,143929,47.0502678,Stage I,2025-26,1,124
03194,"Vidyavardhini'S College Of Engineering And Technology, Vasai",Mumbai,Un-Aided,Non-Autonomous,Mumbai University,Mumbai University,0319461210,Mechanical Engineering,LNT3H,67744,79.4832155,Stage II,2025-26,1,124
03194,"Vidyavardhini'S College Of Engineering And Technology, Vasai",Mumbai,Un-Aided,Non-Autonomous,Mumbai University,Mumbai University,0319461210,Mechanical Engineering,LSEBCH,162295,35.9295868,Stage II,2025-26,1,124
03194,"Vidyavardhini'S College Of Engineering And Technology, Vasai",Mumbai,Un-Aided,Non-Autonomous,Mumbai University,Mumbai University,0319461210,Mechanical Engineering,GOPENO,78853,75.4048881,Stage I,2025-26,1,124
03194,"Vidyavardhini'S College Of Engineering And Technology, Vasai",Mumbai,Un-Aided,Non-Autonomous,Mumbai University,Mumbai University,0319461210,Mechanical Engineering,GSCO,129074,54.4314351,Stage I,2025-26,1,124
03194,"Vidyavardhini'S College Of Engineering And Technology, Vasai",Mumbai,Un-Aided,Non-Autonomous,Mumbai University,Mumbai University,0319461210,Mechanical Engineering,GVJO,141978,47.7841578,Stage I,2025-26,1,124
03194,"Vidyavardhini'S College Of Engineering And Technology, Vasai",Mumbai,Un-Aided,Non-Autonomous,Mumbai University,Mumbai University,0319461210,Mechanical Engineering,GOBCO,111964,62.1412608,Stage I,2025-26,1,124
03194,"Vidyavardhini'S College Of Engineering And Technology, Vasai",Mumbai,Un-Aided,Non-Autonomous,Mumbai University,Mumbai University,0319461210,Mechanical Engineering,GSEBCO,177282,25.0722391,Stage I,2025-26,1,124
03194,"Vidyavardhini'S College Of Engineering And Technology, Vasai",Mumbai,Un-Aided,Non-Autonomous,Mumbai University,Mumbai University,0319461210,Mechanical Engineering,LOPENO,175182,25.9873754,Stage I,2025-26,1,124
03194,"Vidyavardhini'S College Of Engineering And Technology, Vasai",Mumbai,Un-Aided,Non-Autonomous,Mumbai University,Mumbai University,0319461210,Mechanical Engineering,GNT2O,132966,52.5968356,Stage I,2025-26,1,124
03194,"Vidyavardhini'S College Of Engineering And Technology, Vasai",Mumbai,Un-Aided,Non-Autonomous,Mumbai University,Mumbai University,0319461210,Mechanical Engineering,LOPENO,77840,75.652265,Stage I,2025-26,1,124
03194,"Vidyavardhini'S College Of Engineering And Technology, Vasai",Mumbai,Un-Aided,Non-Autonomous,Mumbai University,Mumbai University,0319461210,Mechanical Engineering,LSCO,159453,37.6293706,Stage I,2025-26,1,124
03194,"Vidyavardhini'S College Of Engineering And Technology, Vasai",Mumbai,Un-Aided,Non-Autonomous,Mumbai University,Mumbai University,0319461210,Mechanical Engineering,LOBCO,120171,58.6907687,Stage I,2025-26,1,124
03194,"Vidyavardhini'S College Of Engineering And Technology, Vasai",Mumbai,Un-Aided,Non-Autonomous,Mumbai University,Mumbai University,0319461210,Mechanical Engineering,TFWS,75893,76.7635852,Stage I,2025-26,1,124
03194,"Vidyavardhini'S College Of Engineering And Technology, Vasai",Mumbai,Un-Aided,Non-Autonomous,Mumbai University,Mumbai University,0319461210,Mechanical Engineering,EWS,134166,51.7009371,Stage I,2025-26,1,124
03194,"Vidyavardhini'S College Of Engineering And Technology, Vasai",Mumbai,Un-Aided,Non-Autonomous,Mumbai University,Mumbai University,0319491210,Computer Science And Engineering(Data Science),GOPENH,34805,89.8231024,Stage I,2025-26,1,125
03194,"Vidyavardhini'S College Of Engineering And Technology, Vasai",Mumbai,Un-Aided,Non-Autonomous,Mumbai University,Mumbai University,0319491210,Computer Science And Engineering(Data Science),GSCH,64198,80.4732503,Stage I,2025-26,1,125
03194,"Vidyavardhini'S College Of Engineering And Technology, Vasai",Mumbai,Un-Aided,Non-Autonomous,Mumbai University,Mumbai University,0319491210,Computer Science And Engineering(Data Science),GSTH,157704,39.230205,Stage I,2025-26,1,125
03194,"Vidyavardhini'S College Of Engineering And Technology, Vasai",Mumbai,Un-Aided,Non-Autonomous,Mumbai University,Mumbai University,0319491210,Computer Science And Engineering(Data Science),GVJH,75800,76.7635852,Stage I,2025-26,1,125
03194,"Vidyavardhini'S College Of Engineering And Technology, Vasai",Mumbai,Un-Aided,Non-Autonomous,Mumbai University,Mumbai University,0319491210,Computer Science And Engineering(Data Science),GNT1H,61106,81.5804905,Stage I,2025-26,1,125
03194,"Vidyavardhini'S College Of Engineering And Technology, Vasai",Mumbai,Un-Aided,Non-Autonomous,Mumbai University,Mumbai University,0319491210,Computer Science And Engineering(Data Science),GNT2H,49078,85.2260888,Stage I,2025-26,1,125
03194,"Vidyavardhini'S College Of Engineering And Technology, Vasai",Mumbai,Un-Aided,Non-Autonomous,Mumbai University,Mumbai University,0319491210,Computer Science And Engineering(Data Science),GNT3H,48305,85.6182564,Stage I,2025-26,1,125
03194,"Vidyavardhini'S College Of Engineering And Technology, Vasai",Mumbai,Un-Aided,Non-Autonomous,Mumbai University,Mumbai University,0319491210,Computer Science And Engineering(Data Science),GOBCH,44915,86.6751751,Stage I,2025-26,1,125
03194,"Vidyavardhini'S College Of Engineering And Technology, Vasai",Mumbai,Un-Aided,Non-Autonomous,Mumbai University,Mumbai University,0319491210,Computer Science And Engineering(Data Science),GSEBCH,101465,66.9039004,Stage I,2025-26,1,125
03194,"Vidyavardhini'S College Of Engineering And Technology, Vasai",Mumbai,Un-Aided,Non-Autonomous,Mumbai University,Mumbai University,0319491210,Computer Science And Engineering(Data Science),LOPENH,37229,89.0414266,Stage I,2025-26,1,125
03194,"Vidyavardhini'S College Of Engineering And Technology, Vasai",Mumbai,Un-Aided,Non-Autonomous,Mumbai University,Mumbai University,0319491210,Computer Science And Engineering(Data Science),LSCH,67282,79.6925092,Stage I,2025-26,1,125
03194,"Vidyavardhini'S College Of Engineering And Technology, Vasai",Mumbai,Un-Aided,Non-Autonomous,Mumbai University,Mumbai University,0319491210,Computer Science And Engineering(Data Science),LSTH,68938,78.6729363,Stage I,2025-26,1,125
03194,"Vidyavardhini'S College Of Engineering And Technology, Vasai",Mumbai,Un-Aided,Non-Autonomous,Mumbai University,Mumbai University,0319491210,Computer Science And Engineering(Data Science),LVJH,118330,59.3210117,Stage I,2025-26,1,125
03194,"Vidyavardhini'S College Of Engineering And Technology, Vasai",Mumbai,Un-Aided,Non-Autonomous,Mumbai University,Mumbai University,0319491210,Computer Science And Engineering(Data Science),LNT1H,73249,77.1631566,Stage I,2025-26,1,125
03194,"Vidyavardhini'S College Of Engineering And Technology, Vasai",Mumbai,Un-Aided,Non-Autonomous,Mumbai University,Mumbai University,0319491210,Computer Science And Engineering(Data Science),LNT2H,153488,41.4020979,Stage I,2025-26,1,125
03194,"Vidyavardhini'S College Of Engineering And Technology, Vasai",Mumbai,Un-Aided,Non-Autonomous,Mumbai University,Mumbai University,0319491210,Computer Science And Engineering(Data Science),LOBCH,47580,85.8824755,Stage I,2025-26,1,125
03194,"Vidyavardhini'S College Of Engineering And Technology, Vasai",Mumbai,Un-Aided,Non-Autonomous,Mumbai University,Mumbai University,0319491210,Computer Science And Engineering(Data Science),LSEBCH,82209,74.0094972,Stage I,2025-26,1,125
03194,"Vidyavardhini'S College Of Engineering And Technology, Vasai",Mumbai,Un-Aided,Non-Autonomous,Mumbai University,Mumbai University,0319491210,Computer Science And Engineering(Data Science),GOPENO,55978,83.1060395,Stage I,2025-26,1,125
03194,"Vidyavardhini'S College Of Engineering And Technology, Vasai",Mumbai,Un-Aided,Non-Autonomous,Mumbai University,Mumbai University,0319491210,Computer Science And Engineering(Data Science),GSCO,71306,78.272232,Stage I,2025-26,1,125
03194,"Vidyavardhini'S College Of Engineering And Technology, Vasai",Mumbai,Un-Aided,Non-Autonomous,Mumbai University,Mumbai University,0319491210,Computer Science And Engineering(Data Science),GVJO,84152,73.5570613,Stage I,2025-26,1,125
03194,"Vidyavardhini'S College Of Engineering And Technology, Vasai",Mumbai,Un-Aided,Non-Autonomous,Mumbai University,Mumbai University,0319491210,Computer Science And Engineering(Data Science),GNT2O,76203,76.67552,Stage I,2025-26,1,125
03194,"Vidyavardhini'S College Of Engineering And Technology, Vasai",Mumbai,Un-Aided,Non-Autonomous,Mumbai University,Mumbai University,0319491210,Computer Science And Engineering(Data Science),GNT3O,80555,75.1620214,Stage I,2025-26,1,125
03194,"Vidyavardhini'S College Of Engineering And Technology, Vasai",Mumbai,Un-Aided,Non-Autonomous,Mumbai University,Mumbai University,0319491210,Computer Science And Engineering(Data Science),GOBCO,66051,79.8919296,Stage I,2025-26,1,125
03194,"Vidyavardhini'S College Of Engineering And Technology, Vasai",Mumbai,Un-Aided,Non-Autonomous,Mumbai University,Mumbai University,0319491210,Computer Science And Engineering(Data Science),GSEBCO,86564,72.7429418,Stage I,2025-26,1,125
03194,"Vidyavardhini'S College Of Engineering And Technology, Vasai",Mumbai,Un-Aided,Non-Autonomous,Mumbai University,Mumbai University,0319491210,Computer Science And Engineering(Data Science),LOPENO,67420,79.6033896,Stage I,2025-26,1,125
03194,"Vidyavardhini'S College Of Engineering And Technology, Vasai",Mumbai,Un-Aided,Non-Autonomous,Mumbai University,Mumbai University,0319491210,Computer Science And Engineering(Data Science),LSCO,101799,66.4263323,Stage I,2025-26,1,125
03194,"Vidyavardhini'S College Of Engineering And Technology, Vasai",Mumbai,Un-Aided,Non-Autonomous,Mumbai University,Mumbai University,0319491210,Computer Science And Engineering(Data Science),LNT1O,129648,54.1537389,Stage I,2025-26,1,125
03194,"Vidyavardhini'S College Of Engineering And Technology, Vasai",Mumbai,Un-Aided,Non-Autonomous,Mumbai University,Mumbai University,0319491210,Computer Science And Engineering(Data Science),LOBCO,76804,76.2716859,Stage I,2025-26,1,125
03194,"Vidyavardhini'S College Of Engineering And Technology, Vasai",Mumbai,Un-Aided,Non-Autonomous,Mumbai University,Mumbai University,0319491210,Computer Science And Engineering(Data Science),LSEBCO,181770,22.0346747,Stage I,2025-26,1,125
03194,"Vidyavardhini'S College Of Engineering And Technology, Vasai",Mumbai,Un-Aided,Non-Autonomous,Mumbai University,Mumbai University,0319491210,Computer Science And Engineering(Data Science),GSTO,177576,24.9543245,Stage I,2025-26,1,125
03194,"Vidyavardhini'S College Of Engineering And Technology, Vasai",Mumbai,Un-Aided,Non-Autonomous,Mumbai University,Mumbai University,0319491210,Computer Science And Engineering(Data Science),DEFOPENS,92489,70.507201,Stage I,2025-26,1,125
03194,"Vidyavardhini'S College Of Engineering And Technology, Vasai",Mumbai,Un-Aided,Non-Autonomous,Mumbai University,Mumbai University,0319491210,Computer Science And Engineering(Data Science),TFWS,29690,91.3082283,Stage I,2025-26,1,125
03194,"Vidyavardhini'S College Of Engineering And Technology, Vasai",Mumbai,Un-Aided,Non-Autonomous,Mumbai University,Mumbai University,0319491210,Computer Science And Engineering(Data Science),EWS,175229,25.9873754,Stage I,2025-26,1,125
03194,"Vidyavardhini'S College Of Engineering And Technology, Vasai",Mumbai,Un-Aided,Non-Autonomous,Mumbai University,Mumbai University,0319499510,Artificial Intelligence And Data Science,GOPENH,30909,90.9306237,Stage I,2025-26,1,126
03194,"Vidyavardhini'S College Of Engineering And Technology, Vasai",Mumbai,Un-Aided,Non-Autonomous,Mumbai University,Mumbai University,0319499510,Artificial Intelligence And Data Science,GSCH,54969,83.4741816,Stage I,2025-26,1,126
03194,"Vidyavardhini'S College Of Engineering And Technology, Vasai",Mumbai,Un-Aided,Non-Autonomous,Mumbai University,Mumbai University,0319499510,Artificial Intelligence And Data Science,GSTH,69995,78.5819586,Stage I,2025-26,1,126
03194,"Vidyavardhini'S College Of Engineering And Technology, Vasai",Mumbai,Un-Aided,Non-Autonomous,Mumbai University,Mumbai University,0319499510,Artificial Intelligence And Data Science,GVJH,79801,75.210728,Stage I,2025-26,1,126
03194,"Vidyavardhini'S College Of Engineering And Technology, Vasai",Mumbai,Un-Aided,Non-Autonomous,Mumbai University,Mumbai University,0319499510,Artificial Intelligence And Data Science,GNT2H,47681,85.8501253,Stage I,2025-26,1,126
03194,"Vidyavardhini'S College Of Engineering And Technology, Vasai",Mumbai,Un-Aided,Non-Autonomous,Mumbai University,Mumbai University,0319499510,Artificial Intelligence And Data Science,GOBCH,38221,88.727183,Stage I,2025-26,1,126
03194,"Vidyavardhini'S College Of Engineering And Technology, Vasai",Mumbai,Un-Aided,Non-Autonomous,Mumbai University,Mumbai University,0319499510,Artificial Intelligence And Data Science,GSEBCH,64133,80.4732503,Stage I,2025-26,1,126
03194,"Vidyavardhini'S College Of Engineering And Technology, Vasai",Mumbai,Un-Aided,Non-Autonomous,Mumbai University,Mumbai University,0319499510,Artificial Intelligence And Data Science,LOPENH,29634,91.3084967,Stage I,2025-26,1,126
03194,"Vidyavardhini'S College Of Engineering And Technology, Vasai",Mumbai,Un-Aided,Non-Autonomous,Mumbai University,Mumbai University,0319499510,Artificial Intelligence And Data Science,LSCH,59101,82.135869,Stage I,2025-26,1,126
03194,"Vidyavardhini'S College Of Engineering And Technology, Vasai",Mumbai,Un-Aided,Non-Autonomous,Mumbai University,Mumbai University,0319499510,Artificial Intelligence And Data Science,LSTH,127376,55.2744499,Stage I,2025-26,1,126
03194,"Vidyavardhini'S College Of Engineering And Technology, Vasai",Mumbai,Un-Aided,Non-Autonomous,Mumbai University,Mumbai University,0319499510,Artificial Intelligence And Data Science,LVJH,177691,24.9543245,Stage I,2025-26,1,126
03194,"Vidyavardhini'S College Of Engineering And Technology, Vasai",Mumbai,Un-Aided,Non-Autonomous,Mumbai University,Mumbai University,0319499510,Artificial Intelligence And Data Science,LNT2H,36981,89.1256809,Stage I,2025-26,1,126
03194,"Vidyavardhini'S College Of Engineering And Technology, Vasai",Mumbai,Un-Aided,Non-Autonomous,Mumbai University,Mumbai University,0319499510,Artificial Intelligence And Data Science,LOBCH,38976,88.5372351,Stage I,2025-26,1,126
03194,"Vidyavardhini'S College Of Engineering And Technology, Vasai",Mumbai,Un-Aided,Non-Autonomous,Mumbai University,Mumbai University,0319499510,Artificial Intelligence And Data Science,LSEBCH,133154,52.5968356,Stage I,2025-26,1,126
03194,"Vidyavardhini'S College Of Engineering And Technology, Vasai",Mumbai,Un-Aided,Non-Autonomous,Mumbai University,Mumbai University,0319499510,Artificial Intelligence And Data Science,GOPENO,51468,84.5627208,Stage I,2025-26,1,126
03194,"Vidyavardhini'S College Of Engineering And Technology, Vasai",Mumbai,Un-Aided,Non-Autonomous,Mumbai University,Mumbai University,0319499510,Artificial Intelligence And Data Science,GSCO,54002,83.7934335,Stage I,2025-26,1,126
03194,"Vidyavardhini'S College Of Engineering And Technology, Vasai",Mumbai,Un-Aided,Non-Autonomous,Mumbai University,Mumbai University,0319499510,Artificial Intelligence And Data Science,GNT1O,53174,84.0359888,Stage I,2025-26,1,126
03194,"Vidyavardhini'S College Of Engineering And Technology, Vasai",Mumbai,Un-Aided,Non-Autonomous,Mumbai University,Mumbai University,0319499510,Artificial Intelligence And Data Science,GOBCO,55923,83.2058578,Stage I,2025-26,1,126
03194,"Vidyavardhini'S College Of Engineering And Technology, Vasai",Mumbai,Un-Aided,Non-Autonomous,Mumbai University,Mumbai University,0319499510,Artificial Intelligence And Data Science,GSEBCO,65418,79.98947,Stage I,2025-26,1,126
03194,"Vidyavardhini'S College Of Engineering And Technology, Vasai",Mumbai,Un-Aided,Non-Autonomous,Mumbai University,Mumbai University,0319499510,Artificial Intelligence And Data Science,LOPENO,56020,83.1060395,Stage I,2025-26,1,126
03194,"Vidyavardhini'S College Of Engineering And Technology, Vasai",Mumbai,Un-Aided,Non-Autonomous,Mumbai University,Mumbai University,0319499510,Artificial Intelligence And Data Science,LSCO,79126,75.3562654,Stage I,2025-26,1,126
03194,"Vidyavardhini'S College Of Engineering And Technology, Vasai",Mumbai,Un-Aided,Non-Autonomous,Mumbai University,Mumbai University,0319499510,Artificial Intelligence And Data Science,LNT2O,118522,59.2797111,Stage I,2025-26,1,126
03194,"Vidyavardhini'S College Of Engineering And Technology, Vasai",Mumbai,Un-Aided,Non-Autonomous,Mumbai University,Mumbai University,0319499510,Artificial Intelligence And Data Science,LNT3O,90317,71.4755245,Stage I,2025-26,1,126
03194,"Vidyavardhini'S College Of Engineering And Technology, Vasai",Mumbai,Un-Aided,Non-Autonomous,Mumbai University,Mumbai University,0319499510,Artificial Intelligence And Data Science,LOBCO,60229,81.8021201,Stage I,2025-26,1,126
03194,"Vidyavardhini'S College Of Engineering And Technology, Vasai",Mumbai,Un-Aided,Non-Autonomous,Mumbai University,Mumbai University,0319499510,Artificial Intelligence And Data Science,LSEBCO,65909,79.9072027,Stage II,2025-26,1,126
03194,"Vidyavardhini'S College Of Engineering And Technology, Vasai",Mumbai,Un-Aided,Non-Autonomous,Mumbai University,Mumbai University,0319499510,Artificial Intelligence And Data Science,GSTO,78490,75.4880541,Stage I,2025-26,1,126
03194,"Vidyavardhini'S College Of Engineering And Technology, Vasai",Mumbai,Un-Aided,Non-Autonomous,Mumbai University,Mumbai University,0319499510,Artificial Intelligence And Data Science,LSTO,164445,34.896751,Stage II,2025-26,1,126
03194,"Vidyavardhini'S College Of Engineering And Technology, Vasai",Mumbai,Un-Aided,Non-Autonomous,Mumbai University,Mumbai University,0319499510,Artificial Intelligence And Data Science,DEFOPENS,164750,33.6209084,Stage I,2025-26,1,126
03194,"Vidyavardhini'S College Of Engineering And Technology, Vasai",Mumbai,Un-Aided,Non-Autonomous,Mumbai University,Mumbai University,0319499510,Artificial Intelligence And Data Science,TFWS,22495,93.4773416,Stage I,2025-26,1,126
03194,"Vidyavardhini'S College Of Engineering And Technology, Vasai",Mumbai,Un-Aided,Non-Autonomous,Mumbai University,Mumbai University,0319499510,Artificial Intelligence And Data Science,EWS,93096,70.2628092,Stage I,2025-26,1,126
03196,"Lokmanya Tilak College Of Engineering, Kopar Khairane, Navi Mumbai",Mumbai,Un-Aided Linguistic Minority - Hindi,Autonomous,Mumbai University,Autonomous Institute,0319624510,Computer Engineering,GOPENS,30768,90.970538,Stage I,2025-26,1,127
03196,"Lokmanya Tilak College Of Engineering, Kopar Khairane, Navi Mumbai",Mumbai,Un-Aided Linguistic Minority - Hindi,Autonomous,Mumbai University,Autonomous Institute,0319624510,Computer Engineering,LOPENS,27921,91.8376367,Stage I,2025-26,1,127
03196,"Lokmanya Tilak College Of Engineering, Kopar Khairane, Navi Mumbai",Mumbai,Un-Aided Linguistic Minority - Hindi,Autonomous,Mumbai University,Autonomous Institute,0319624510,Computer Engineering,MI,56882,82.8437868,Stage I,2025-26,1,127
03196,"Lokmanya Tilak College Of Engineering, Kopar Khairane, Navi Mumbai",Mumbai,Un-Aided Linguistic Minority - Hindi,Autonomous,Mumbai University,Autonomous Institute,0319624510,Computer Engineering,TFWS,24148,92.933589,Stage I,2025-26,1,127
03196,"Lokmanya Tilak College Of Engineering, Kopar Khairane, Navi Mumbai",Mumbai,Un-Aided Linguistic Minority - Hindi,Autonomous,Mumbai University,Autonomous Institute,0319629310,Electrical Engineering,GOPENS,68616,78.8357161,Stage I,2025-26,1,127
03196,"Lokmanya Tilak College Of Engineering, Kopar Khairane, Navi Mumbai",Mumbai,Un-Aided Linguistic Minority - Hindi,Autonomous,Mumbai University,Autonomous Institute,0319629310,Electrical Engineering,LOPENS,66695,79.7185003,Stage I,2025-26,1,127
03196,"Lokmanya Tilak College Of Engineering, Kopar Khairane, Navi Mumbai",Mumbai,Un-Aided Linguistic Minority - Hindi,Autonomous,Mumbai University,Autonomous Institute,0319629310,Electrical Engineering,MI,199469,5.3482038,Stage I,2025-26,1,127
03196,"Lokmanya Tilak College Of Engineering, Kopar Khairane, Navi Mumbai",Mumbai,Un-Aided Linguistic Minority - Hindi,Autonomous,Mumbai University,Autonomous Institute,0319629310,Electrical Engineering,TFWS,61398,81.3270637,Stage I,2025-26,1,127
03196,"Lokmanya Tilak College Of Engineering, Kopar Khairane, Navi Mumbai",Mumbai,Un-Aided Linguistic Minority - Hindi,Autonomous,Mumbai University,Autonomous Institute,0319637210,Electronics And Telecommunication Engg,GOPENS,58219,82.3736697,Stage I,2025-26,1,127
03196,"Lokmanya Tilak College Of Engineering, Kopar Khairane, Navi Mumbai",Mumbai,Un-Aided Linguistic Minority - Hindi,Autonomous,Mumbai University,Autonomous Institute,0319637210,Electronics And Telecommunication Engg,LOPENS,59262,82.1319232,Stage I,2025-26,1,127
03196,"Lokmanya Tilak College Of Engineering, Kopar Khairane, Navi Mumbai",Mumbai,Un-Aided Linguistic Minority - Hindi,Autonomous,Mumbai University,Autonomous Institute,0319637210,Electronics And Telecommunication Engg,MI,122778,57.5410529,Stage I,2025-26,1,127
03196,"Lokmanya Tilak College Of Engineering, Kopar Khairane, Navi Mumbai",Mumbai,Un-Aided Linguistic Minority - Hindi,Autonomous,Mumbai University,Autonomous Institute,0319637210,Electronics And Telecommunication Engg,TFWS,46783,85.977536,Stage I,2025-26,1,127
03196,"Lokmanya Tilak College Of Engineering, Kopar Khairane, Navi Mumbai",Mumbai,Un-Aided Linguistic Minority - Hindi,Autonomous,Mumbai University,Autonomous Institute,0319661210,Mechanical Engineering,GOPENS,73945,77.0149774,Stage I,2025-26,1,127
03196,"Lokmanya Tilak College Of Engineering, Kopar Khairane, Navi Mumbai",Mumbai,Un-Aided Linguistic Minority - Hindi,Autonomous,Mumbai University,Autonomous Institute,0319661210,Mechanical Engineering,LOPENS,87337,72.1363369,Stage I,2025-26,1,127
03196,"Lokmanya Tilak College Of Engineering, Kopar Khairane, Navi Mumbai",Mumbai,Un-Aided Linguistic Minority - Hindi,Autonomous,Mumbai University,Autonomous Institute,0319661210,Mechanical Engineering,MI,197885,7.1701886,Stage I,2025-26,1,127
03196,"Lokmanya Tilak College Of Engineering, Kopar Khairane, Navi Mumbai",Mumbai,Un-Aided Linguistic Minority - Hindi,Autonomous,Mumbai University,Autonomous Institute,0319661210,Mechanical Engineering,TFWS,51689,84.5176078,Stage I,2025-26,1,127
03196,"Lokmanya Tilak College Of Engineering, Kopar Khairane, Navi Mumbai",Mumbai,Un-Aided Linguistic Minority - Hindi,Autonomous,Mumbai University,Autonomous Institute,0319691110,Computer Science And Engineering(Artificial Intelligence And Machine Learning),GOPENS,35373,89.5868952,Stage I,2025-26,1,128
03196,"Lokmanya Tilak College Of Engineering, Kopar Khairane, Navi Mumbai",Mumbai,Un-Aided Linguistic Minority - Hindi,Autonomous,Mumbai University,Autonomous Institute,0319691110,Computer Science And Engineering(Artificial Intelligence And Machine Learning),LOPENS,35136,89.682715,Stage I,2025-26,1,128
03196,"Lokmanya Tilak College Of Engineering, Kopar Khairane, Navi Mumbai",Mumbai,Un-Aided Linguistic Minority - Hindi,Autonomous,Mumbai University,Autonomous Institute,0319691110,Computer Science And Engineering(Artificial Intelligence And Machine Learning),MI,62925,81.0133535,Stage I,2025-26,1,128
03196,"Lokmanya Tilak College Of Engineering, Kopar Khairane, Navi Mumbai",Mumbai,Un-Aided Linguistic Minority - Hindi,Autonomous,Mumbai University,Autonomous Institute,0319691110,Computer Science And Engineering(Artificial Intelligence And Machine Learning),TFWS,25888,92.4172762,Stage I,2025-26,1,128
03196,"Lokmanya Tilak College Of Engineering, Kopar Khairane, Navi Mumbai",Mumbai,Un-Aided Linguistic Minority - Hindi,Autonomous,Mumbai University,Autonomous Institute,0319691210,Computer Science And Engineering(Data Science),GOPENS,33954,90.0175917,Stage I,2025-26,1,128
03196,"Lokmanya Tilak College Of Engineering, Kopar Khairane, Navi Mumbai",Mumbai,Un-Aided Linguistic Minority - Hindi,Autonomous,Mumbai University,Autonomous Institute,0319691210,Computer Science And Engineering(Data Science),LOPENS,33415,90.1551333,Stage I,2025-26,1,128
03196,"Lokmanya Tilak College Of Engineering, Kopar Khairane, Navi Mumbai",Mumbai,Un-Aided Linguistic Minority - Hindi,Autonomous,Mumbai University,Autonomous Institute,0319691210,Computer Science And Engineering(Data Science),MI,64242,80.4732503,Stage I,2025-26,1,128
03196,"Lokmanya Tilak College Of Engineering, Kopar Khairane, Navi Mumbai",Mumbai,Un-Aided Linguistic Minority - Hindi,Autonomous,Mumbai University,Autonomous Institute,0319691210,Computer Science And Engineering(Data Science),TFWS,27394,92.0354593,Stage I,2025-26,1,128
03196,"Lokmanya Tilak College Of Engineering, Kopar Khairane, Navi Mumbai",Mumbai,Un-Aided Linguistic Minority - Hindi,Autonomous,Mumbai University,Autonomous Institute,0319692010,Computer Science And Engineering (Internet Of Things And Cyber Security Including Block Chain,GOPENS,36652,89.1962092,Stage I,2025-26,1,128
03196,"Lokmanya Tilak College Of Engineering, Kopar Khairane, Navi Mumbai",Mumbai,Un-Aided Linguistic Minority - Hindi,Autonomous,Mumbai University,Autonomous Institute,0319692010,Computer Science And Engineering (Internet Of Things And Cyber Security Including Block Chain,LOPENS,34941,89.7089209,Stage I,2025-26,1,128
03196,"Lokmanya Tilak College Of Engineering, Kopar Khairane, Navi Mumbai",Mumbai,Un-Aided Linguistic Minority - Hindi,Autonomous,Mumbai University,Autonomous Institute,0319692010,Computer Science And Engineering (Internet Of Things And Cyber Security Including Block Chain,MI,70454,78.4342571,Stage I,2025-26,1,128
03196,"Lokmanya Tilak College Of Engineering, Kopar Khairane, Navi Mumbai",Mumbai,Un-Aided Linguistic Minority - Hindi,Autonomous,Mumbai University,Autonomous Institute,0319692010,Computer Science And Engineering (Internet Of Things And Cyber Security Including Block Chain,TFWS,31668,90.668828,Stage I,2025-26,1,128
03197,"Agnel Charities' Fr. C. Rodrigues Institute Of Technology, Vashi, Navi Mumbai",Mumbai,Un-Aided Religious Minority - Christian,Autonomous,Mumbai University,Autonomous Institute,0319724210,Computer Science And Engineering,GOPENS,11267,96.7783105,Stage I,2025-26,1,129
03197,"Agnel Charities' Fr. C. Rodrigues Institute Of Technology, Vashi, Navi Mumbai",Mumbai,Un-Aided Religious Minority - Christian,Autonomous,Mumbai University,Autonomous Institute,0319724210,Computer Science And Engineering,LOPENS,12025,96.5454743,Stage I,2025-26,1,129
03197,"Agnel Charities' Fr. C. Rodrigues Institute Of Technology, Vashi, Navi Mumbai",Mumbai,Un-Aided Religious Minority - Christian,Autonomous,Mumbai University,Autonomous Institute,0319724210,Computer Science And Engineering,MI,152604,41.7471281,Stage I,2025-26,1,129
03197,"Agnel Charities' Fr. C. Rodrigues Institute Of Technology, Vashi, Navi Mumbai",Mumbai,Un-Aided Religious Minority - Christian,Autonomous,Mumbai University,Autonomous Institute,0319724210,Computer Science And Engineering,TFWS,9728,97.2247624,Stage I,2025-26,1,129
03197,"Agnel Charities' Fr. C. Rodrigues Institute Of Technology, Vashi, Navi Mumbai",Mumbai,Un-Aided Religious Minority - Christian,Autonomous,Mumbai University,Autonomous Institute,0319724510,Computer Engineering,GOPENS,10570,96.972028,Stage I,2025-26,1,129
03197,"Agnel Charities' Fr. C. Rodrigues Institute Of Technology, Vashi, Navi Mumbai",Mumbai,Un-Aided Religious Minority - Christian,Autonomous,Mumbai University,Autonomous Institute,0319724510,Computer Engineering,LOPENS,10274,97.0577076,Stage I,2025-26,1,129
03197,"Agnel Charities' Fr. C. Rodrigues Institute Of Technology, Vashi, Navi Mumbai",Mumbai,Un-Aided Religious Minority - Christian,Autonomous,Mumbai University,Autonomous Institute,0319724510,Computer Engineering,MI,201048,3.5482921,Stage I,2025-26,1,129
03197,"Agnel Charities' Fr. C. Rodrigues Institute Of Technology, Vashi, Navi Mumbai",Mumbai,Un-Aided Religious Minority - Christian,Autonomous,Mumbai University,Autonomous Institute,0319724510,Computer Engineering,TFWS,9233,97.344042,Stage I,2025-26,1,129
03197,"Agnel Charities' Fr. C. Rodrigues Institute Of Technology, Vashi, Navi Mumbai",Mumbai,Un-Aided Religious Minority - Christian,Autonomous,Mumbai University,Autonomous Institute,0319729310,Electrical Engineering,GOPENS,25979,92.4011947,Stage I,2025-26,1,129
03197,"Agnel Charities' Fr. C. Rodrigues Institute Of Technology, Vashi, Navi Mumbai",Mumbai,Un-Aided Religious Minority - Christian,Autonomous,Mumbai University,Autonomous Institute,0319729310,Electrical Engineering,LOPENS,26655,92.2398466,Stage I,2025-26,1,129
03197,"Agnel Charities' Fr. C. Rodrigues Institute Of Technology, Vashi, Navi Mumbai",Mumbai,Un-Aided Religious Minority - Christian,Autonomous,Mumbai University,Autonomous Institute,0319729310,Electrical Engineering,MI,199763,5.1070551,Stage I,2025-26,1,129
03197,"Agnel Charities' Fr. C. Rodrigues Institute Of Technology, Vashi, Navi Mumbai",Mumbai,Un-Aided Religious Minority - Christian,Autonomous,Mumbai University,Autonomous Institute,0319729310,Electrical Engineering,TFWS,22101,93.5806832,Stage I,2025-26,1,129
03197,"Agnel Charities' Fr. C. Rodrigues Institute Of Technology, Vashi, Navi Mumbai",Mumbai,Un-Aided Religious Minority - Christian,Autonomous,Mumbai University,Autonomous Institute,0319737210,Electronics And Telecommunication Engg,GOPENS,13057,96.2611882,Stage I,2025-26,1,129
03197,"Agnel Charities' Fr. C. Rodrigues Institute Of Technology, Vashi, Navi Mumbai",Mumbai,Un-Aided Religious Minority - Christian,Autonomous,Mumbai University,Autonomous Institute,0319737210,Electronics And Telecommunication Engg,LOPENS,14298,95.8806117,Stage I,2025-26,1,129
03197,"Agnel Charities' Fr. C. Rodrigues Institute Of Technology, Vashi, Navi Mumbai",Mumbai,Un-Aided Religious Minority - Christian,Autonomous,Mumbai University,Autonomous Institute,0319737210,Electronics And Telecommunication Engg,MI,134308,51.7009371,Stage I,2025-26,1,129
03197,"Agnel Charities' Fr. C. Rodrigues Institute Of Technology, Vashi, Navi Mumbai",Mumbai,Un-Aided Religious Minority - Christian,Autonomous,Mumbai University,Autonomous Institute,0319737210,Electronics And Telecommunication Engg,TFWS,16635,95.2281725,Stage I,2025-26,1,129
03197,"Agnel Charities' Fr. C. Rodrigues Institute Of Technology, Vashi, Navi Mumbai",Mumbai,Un-Aided Religious Minority - Christian,Autonomous,Mumbai University,Autonomous Institute,0319761210,Mechanical Engineering,GOPENS,23831,93.0581679,Stage I,2025-26,1,130
03197,"Agnel Charities' Fr. C. Rodrigues Institute Of Technology, Vashi, Navi Mumbai",Mumbai,Un-Aided Religious Minority - Christian,Autonomous,Mumbai University,Autonomous Institute,0319761210,Mechanical Engineering,LOPENS,39548,88.2544975,Stage I,2025-26,1,130
03197,"Agnel Charities' Fr. C. Rodrigues Institute Of Technology, Vashi, Navi Mumbai",Mumbai,Un-Aided Religious Minority - Christian,Autonomous,Mumbai University,Autonomous Institute,0319761210,Mechanical Engineering,MI,172712,28.6767287,Stage I,2025-26,1,130
03197,"Agnel Charities' Fr. C. Rodrigues Institute Of Technology, Vashi, Navi Mumbai",Mumbai,Un-Aided Religious Minority - Christian,Autonomous,Mumbai University,Autonomous Institute,0319761210,Mechanical Engineering,TFWS,25591,92.5367989,Stage I,2025-26,1,130
03199,"Shri Vile Parle Kelvani Mandal'S Dwarkadas J. Sanghvi College Of Engineering, Vile Parle,Mumbai",Mumbai,Un-Aided Linguistic Minority - Gujarathi,Autonomous,Mumbai University,Autonomous Institute,0319924510,Computer Engineering,GOPENS,1584,99.486004,Stage I,2025-26,1,136
03199,"Shri Vile Parle Kelvani Mandal'S Dwarkadas J. Sanghvi College Of Engineering, Vile Parle,Mumbai",Mumbai,Un-Aided Linguistic Minority - Gujarathi,Autonomous,Mumbai University,Autonomous Institute,0319924510,Computer Engineering,LOPENS,2004,99.3620183,Stage I,2025-26,1,136
03199,"Shri Vile Parle Kelvani Mandal'S Dwarkadas J. Sanghvi College Of Engineering, Vile Parle,Mumbai",Mumbai,Un-Aided Linguistic Minority - Gujarathi,Autonomous,Mumbai University,Autonomous Institute,0319924510,Computer Engineering,MI,3963,98.8286713,Stage I,2025-26,1,136
03199,"Shri Vile Parle Kelvani Mandal'S Dwarkadas J. Sanghvi College Of Engineering, Vile Parle,Mumbai",Mumbai,Un-Aided Linguistic Minority - Gujarathi,Autonomous,Mumbai University,Autonomous Institute,0319924510,Computer Engineering,TFWS,1788,99.4202089,Stage I,2025-26,1,136
03199,"Shri Vile Parle Kelvani Mandal'S Dwarkadas J. Sanghvi College Of Engineering, Vile Parle,Mumbai",Mumbai,Un-Aided Linguistic Minority - Gujarathi,Autonomous,Mumbai University,Autonomous Institute,0319924610,Information Technology,GOPENS,2436,99.2447552,Stage I,2025-26,1,136
03199,"Shri Vile Parle Kelvani Mandal'S Dwarkadas J. Sanghvi College Of Engineering, Vile Parle,Mumbai",Mumbai,Un-Aided Linguistic Minority - Gujarathi,Autonomous,Mumbai University,Autonomous Institute,0319924610,Information Technology,LOPENS,3664,98.9097204,Stage I,2025-26,1,136
03199,"Shri Vile Parle Kelvani Mandal'S Dwarkadas J. Sanghvi College Of Engineering, Vile Parle,Mumbai",Mumbai,Un-Aided Linguistic Minority - Gujarathi,Autonomous,Mumbai University,Autonomous Institute,0319924610,Information Technology,MI,9278,97.3440033,Stage I,2025-26,1,136
03199,"Shri Vile Parle Kelvani Mandal'S Dwarkadas J. Sanghvi College Of Engineering, Vile Parle,Mumbai",Mumbai,Un-Aided Linguistic Minority - Gujarathi,Autonomous,Mumbai University,Autonomous Institute,0319924610,Information Technology,TFWS,2586,99.2000846,Stage I,2025-26,1,136
03199,"Shri Vile Parle Kelvani Mandal'S Dwarkadas J. Sanghvi College Of Engineering, Vile Parle,Mumbai",Mumbai,Un-Aided Linguistic Minority - Gujarathi,Autonomous,Mumbai University,Autonomous Institute,0319926310,Artificial Intelligence (Ai) And Data Science,GOPENS,2558,99.2061478,Stage I,2025-26,1,136
03199,"Shri Vile Parle Kelvani Mandal'S Dwarkadas J. Sanghvi College Of Engineering, Vile Parle,Mumbai",Mumbai,Un-Aided Linguistic Minority - Gujarathi,Autonomous,Mumbai University,Autonomous Institute,0319926310,Artificial Intelligence (Ai) And Data Science,LOPENS,3515,98.9411355,Stage I,2025-26,1,136
03199,"Shri Vile Parle Kelvani Mandal'S Dwarkadas J. Sanghvi College Of Engineering, Vile Parle,Mumbai",Mumbai,Un-Aided Linguistic Minority - Gujarathi,Autonomous,Mumbai University,Autonomous Institute,0319926310,Artificial Intelligence (Ai) And Data Science,MI,11426,96.7467781,Stage I,2025-26,1,136
03199,"Shri Vile Parle Kelvani Mandal'S Dwarkadas J. Sanghvi College Of Engineering, Vile Parle,Mumbai",Mumbai,Un-Aided Linguistic Minority - Gujarathi,Autonomous,Mumbai University,Autonomous Institute,0319926310,Artificial Intelligence (Ai) And Data Science,TFWS,2801,99.1485401,Stage I,2025-26,1,136
03199,"Shri Vile Parle Kelvani Mandal'S Dwarkadas J. Sanghvi College Of Engineering, Vile Parle,Mumbai",Mumbai,Un-Aided Linguistic Minority - Gujarathi,Autonomous,Mumbai University,Autonomous Institute,0319937210,Electronics And Telecommunication Engg,GOPENS,4404,98.7076945,Stage I,2025-26,1,136
03199,"Shri Vile Parle Kelvani Mandal'S Dwarkadas J. Sanghvi College Of Engineering, Vile Parle,Mumbai",Mumbai,Un-Aided Linguistic Minority - Gujarathi,Autonomous,Mumbai University,Autonomous Institute,0319937210,Electronics And Telecommunication Engg,LOPENS,6381,98.1718464,Stage I,2025-26,1,136
03199,"Shri Vile Parle Kelvani Mandal'S Dwarkadas J. Sanghvi College Of Engineering, Vile Parle,Mumbai",Mumbai,Un-Aided Linguistic Minority - Gujarathi,Autonomous,Mumbai University,Autonomous Institute,0319937210,Electronics And Telecommunication Engg,MI,18327,94.7364547,Stage I,2025-26,1,136
03199,"Shri Vile Parle Kelvani Mandal'S Dwarkadas J. Sanghvi College Of Engineering, Vile Parle,Mumbai",Mumbai,Un-Aided Linguistic Minority - Gujarathi,Autonomous,Mumbai University,Autonomous Institute,0319937210,Electronics And Telecommunication Engg,TFWS,5886,98.2843648,Stage I,2025-26,1,136
03199,"Shri Vile Parle Kelvani Mandal'S Dwarkadas J. Sanghvi College Of Engineering, Vile Parle,Mumbai",Mumbai,Un-Aided Linguistic Minority - Gujarathi,Autonomous,Mumbai University,Autonomous Institute,0319961210,Mechanical Engineering,GOPENS,7451,97.857952,Stage I,2025-26,1,137
03199,"Shri Vile Parle Kelvani Mandal'S Dwarkadas J. Sanghvi College Of Engineering, Vile Parle,Mumbai",Mumbai,Un-Aided Linguistic Minority - Gujarathi,Autonomous,Mumbai University,Autonomous Institute,0319961210,Mechanical Engineering,LOPENS,14605,95.8120216,Stage I,2025-26,1,137
03199,"Shri Vile Parle Kelvani Mandal'S Dwarkadas J. Sanghvi College Of Engineering, Vile Parle,Mumbai",Mumbai,Un-Aided Linguistic Minority - Gujarathi,Autonomous,Mumbai University,Autonomous Institute,0319961210,Mechanical Engineering,MI,31155,90.8833776,Stage I,2025-26,1,137
03199,"Shri Vile Parle Kelvani Mandal'S Dwarkadas J. Sanghvi College Of Engineering, Vile Parle,Mumbai",Mumbai,Un-Aided Linguistic Minority - Gujarathi,Autonomous,Mumbai University,Autonomous Institute,0319961210,Mechanical Engineering,TFWS,14250,95.918508,Stage I,2025-26,1,137
03199,"Shri Vile Parle Kelvani Mandal'S Dwarkadas J. Sanghvi College Of Engineering, Vile Parle,Mumbai",Mumbai,Un-Aided Linguistic Minority - Gujarathi,Autonomous,Mumbai University,Autonomous Institute,0319991210,Computer Science And Engineering(Data Science),GOPENS,3017,99.0864904,Stage I,2025-26,1,137
03199,"Shri Vile Parle Kelvani Mandal'S Dwarkadas J. Sanghvi College Of Engineering, Vile Parle,Mumbai",Mumbai,Un-Aided Linguistic Minority - Gujarathi,Autonomous,Mumbai University,Autonomous Institute,0319991210,Computer Science And Engineering(Data Science),LOPENS,4068,98.7832133,Stage I,2025-26,1,137
03199,"Shri Vile Parle Kelvani Mandal'S Dwarkadas J. Sanghvi College Of Engineering, Vile Parle,Mumbai",Mumbai,Un-Aided Linguistic Minority - Gujarathi,Autonomous,Mumbai University,Autonomous Institute,0319991210,Computer Science And Engineering(Data Science),MI,11371,96.7527319,Stage I,2025-26,1,137
03199,"Shri Vile Parle Kelvani Mandal'S Dwarkadas J. Sanghvi College Of Engineering, Vile Parle,Mumbai",Mumbai,Un-Aided Linguistic Minority - Gujarathi,Autonomous,Mumbai University,Autonomous Institute,0319991210,Computer Science And Engineering(Data Science),TFWS,3064,99.0733591,Stage I,2025-26,1,137
03199,"Shri Vile Parle Kelvani Mandal'S Dwarkadas J. Sanghvi College Of Engineering, Vile Parle,Mumbai",Mumbai,Un-Aided Linguistic Minority - Gujarathi,Autonomous,Mumbai University,Autonomous Institute,0319992010,Computer Science And Engineering (Internet Of Things And Cyber Security Including Block Chain,GOPENS,3246,99.0185463,Stage I,2025-26,1,137
03199,"Shri Vile Parle Kelvani Mandal'S Dwarkadas J. Sanghvi College Of Engineering, Vile Parle,Mumbai",Mumbai,Un-Aided Linguistic Minority - Gujarathi,Autonomous,Mumbai University,Autonomous Institute,0319992010,Computer Science And Engineering (Internet Of Things And Cyber Security Including Block Chain,LOPENS,4750,98.6028629,Stage I,2025-26,1,137
03199,"Shri Vile Parle Kelvani Mandal'S Dwarkadas J. Sanghvi College Of Engineering, Vile Parle,Mumbai",Mumbai,Un-Aided Linguistic Minority - Gujarathi,Autonomous,Mumbai University,Autonomous Institute,0319992010,Computer Science And Engineering (Internet Of Things And Cyber Security Including Block Chain,MI,14058,95.9807017,Stage I,2025-26,1,137
03199,"Shri Vile Parle Kelvani Mandal'S Dwarkadas J. Sanghvi College Of Engineering, Vile Parle,Mumbai",Mumbai,Un-Aided Linguistic Minority - Gujarathi,Autonomous,Mumbai University,Autonomous Institute,0319992010,Computer Science And Engineering (Internet Of Things And Cyber Security Including Block Chain,TFWS,3753,98.88435,Stage I,2025-26,1,137
03199,"Shri Vile Parle Kelvani Mandal'S Dwarkadas J. Sanghvi College Of Engineering, Vile Parle,Mumbai",Mumbai,Un-Aided Linguistic Minority - Gujarathi,Autonomous,Mumbai University,Autonomous Institute,0319992110,Artificial Intelligence And Machine Learning,GOPENS,3094,99.0559885,Stage I,2025-26,1,137
03199,"Shri Vile Parle Kelvani Mandal'S Dwarkadas J. Sanghvi College Of Engineering, Vile Parle,Mumbai",Mumbai,Un-Aided Linguistic Minority - Gujarathi,Autonomous,Mumbai University,Autonomous Institute,0319992110,Artificial Intelligence And Machine Learning,LOPENS,4358,98.7176394,Stage I,2025-26,1,137
03199,"Shri Vile Parle Kelvani Mandal'S Dwarkadas J. Sanghvi College Of Engineering, Vile Parle,Mumbai",Mumbai,Un-Aided Linguistic Minority - Gujarathi,Autonomous,Mumbai University,Autonomous Institute,0319992110,Artificial Intelligence And Machine Learning,MI,12855,96.3320463,Stage I,2025-26,1,137
03199,"Shri Vile Parle Kelvani Mandal'S Dwarkadas J. Sanghvi College Of Engineering, Vile Parle,Mumbai",Mumbai,Un-Aided Linguistic Minority - Gujarathi,Autonomous,Mumbai University,Autonomous Institute,0319992110,Artificial Intelligence And Machine Learning,TFWS,3439,98.9760212,Stage I,2025-26,1,137
03201,"Rizvi Education Society'S Rizvi College Of Engineering, Bandra,Mumbai",Mumbai,Un-Aided Religious Minority - Muslim,Non-Autonomous,Mumbai University,Mumbai University,0320119110,Civil Engineering,GOPENH,59856,81.940403,Stage I,2025-26,1,145
03201,"Rizvi Education Society'S Rizvi College Of Engineering, Bandra,Mumbai",Mumbai,Un-Aided Religious Minority - Muslim,Non-Autonomous,Mumbai University,Mumbai University,0320119110,Civil Engineering,LOPENH,91957,70.6189283,Stage I,2025-26,1,145
03201,"Rizvi Education Society'S Rizvi College Of Engineering, Bandra,Mumbai",Mumbai,Un-Aided Religious Minority - Muslim,Non-Autonomous,Mumbai University,Mumbai University,0320119110,Civil Engineering,GOPENO,81533,74.5404987,Stage I,2025-26,1,145
03201,"Rizvi Education Society'S Rizvi College Of Engineering, Bandra,Mumbai",Mumbai,Un-Aided Religious Minority - Muslim,Non-Autonomous,Mumbai University,Mumbai University,0320119110,Civil Engineering,LOPENO,169692,31.5596589,Stage I,2025-26,1,145
03201,"Rizvi Education Society'S Rizvi College Of Engineering, Bandra,Mumbai",Mumbai,Un-Aided Religious Minority - Muslim,Non-Autonomous,Mumbai University,Mumbai University,0320119110,Civil Engineering,MI,190681,13.9509479,Stage I,2025-26,1,145
03201,"Rizvi Education Society'S Rizvi College Of Engineering, Bandra,Mumbai",Mumbai,Un-Aided Religious Minority - Muslim,Non-Autonomous,Mumbai University,Mumbai University,0320119110,Civil Engineering,TFWS,64329,80.4732503,Stage I,2025-26,1,145
03201,"Rizvi Education Society'S Rizvi College Of Engineering, Bandra,Mumbai",Mumbai,Un-Aided Religious Minority - Muslim,Non-Autonomous,Mumbai University,Mumbai University,0320124510,Computer Engineering,GOPENH,30723,91.0114841,Stage I,2025-26,1,146
03201,"Rizvi Education Society'S Rizvi College Of Engineering, Bandra,Mumbai",Mumbai,Un-Aided Religious Minority - Muslim,Non-Autonomous,Mumbai University,Mumbai University,0320124510,Computer Engineering,LOPENH,31027,90.8847092,Stage I,2025-26,1,146
03201,"Rizvi Education Society'S Rizvi College Of Engineering, Bandra,Mumbai",Mumbai,Un-Aided Religious Minority - Muslim,Non-Autonomous,Mumbai University,Mumbai University,0320124510,Computer Engineering,GOPENO,43297,87.1431548,Stage I,2025-26,1,146
03201,"Rizvi Education Society'S Rizvi College Of Engineering, Bandra,Mumbai",Mumbai,Un-Aided Religious Minority - Muslim,Non-Autonomous,Mumbai University,Mumbai University,0320124510,Computer Engineering,LOPENO,35295,89.6391842,Stage I,2025-26,1,146
03201,"Rizvi Education Society'S Rizvi College Of Engineering, Bandra,Mumbai",Mumbai,Un-Aided Religious Minority - Muslim,Non-Autonomous,Mumbai University,Mumbai University,0320124510,Computer Engineering,MI,64241,80.4732503,Stage I,2025-26,1,146
03201,"Rizvi Education Society'S Rizvi College Of Engineering, Bandra,Mumbai",Mumbai,Un-Aided Religious Minority - Muslim,Non-Autonomous,Mumbai University,Mumbai University,0320124510,Computer Engineering,TFWS,28473,91.699564,Stage I,2025-26,1,146
03201,"Rizvi Education Society'S Rizvi College Of Engineering, Bandra,Mumbai",Mumbai,Un-Aided Religious Minority - Muslim,Non-Autonomous,Mumbai University,Mumbai University,0320161210,Mechanical Engineering,GOPENH,66919,79.6986029,Stage I,2025-26,1,147
03201,"Rizvi Education Society'S Rizvi College Of Engineering, Bandra,Mumbai",Mumbai,Un-Aided Religious Minority - Muslim,Non-Autonomous,Mumbai University,Mumbai University,0320161210,Mechanical Engineering,LOPENH,79063,75.3562654,Stage I,2025-26,1,147
03201,"Rizvi Education Society'S Rizvi College Of Engineering, Bandra,Mumbai",Mumbai,Un-Aided Religious Minority - Muslim,Non-Autonomous,Mumbai University,Mumbai University,0320161210,Mechanical Engineering,GOPENO,97723,68.3753318,Stage I,2025-26,1,147
03201,"Rizvi Education Society'S Rizvi College Of Engineering, Bandra,Mumbai",Mumbai,Un-Aided Religious Minority - Muslim,Non-Autonomous,Mumbai University,Mumbai University,0320161210,Mechanical Engineering,LOPENO,160134,36.5248856,Stage I,2025-26,1,147
03201,"Rizvi Education Society'S Rizvi College Of Engineering, Bandra,Mumbai",Mumbai,Un-Aided Religious Minority - Muslim,Non-Autonomous,Mumbai University,Mumbai University,0320161210,Mechanical Engineering,MI,189607,15.1144829,Stage I,2025-26,1,147
03201,"Rizvi Education Society'S Rizvi College Of Engineering, Bandra,Mumbai",Mumbai,Un-Aided Religious Minority - Muslim,Non-Autonomous,Mumbai University,Mumbai University,0320190010,Electronics And Computer Science,GOPENH,39311,88.3826292,Stage I,2025-26,1,148
03201,"Rizvi Education Society'S Rizvi College Of Engineering, Bandra,Mumbai",Mumbai,Un-Aided Religious Minority - Muslim,Non-Autonomous,Mumbai University,Mumbai University,0320190010,Electronics And Computer Science,LOPENH,44306,86.7202099,Stage I,2025-26,1,148
03201,"Rizvi Education Society'S Rizvi College Of Engineering, Bandra,Mumbai",Mumbai,Un-Aided Religious Minority - Muslim,Non-Autonomous,Mumbai University,Mumbai University,0320190010,Electronics And Computer Science,GOPENO,63031,80.9669596,Stage I,2025-26,1,148
03201,"Rizvi Education Society'S Rizvi College Of Engineering, Bandra,Mumbai",Mumbai,Un-Aided Religious Minority - Muslim,Non-Autonomous,Mumbai University,Mumbai University,0320190010,Electronics And Computer Science,LOPENO,65937,79.9072027,Stage I,2025-26,1,148
03201,"Rizvi Education Society'S Rizvi College Of Engineering, Bandra,Mumbai",Mumbai,Un-Aided Religious Minority - Muslim,Non-Autonomous,Mumbai University,Mumbai University,0320190010,Electronics And Computer Science,MI,112890,62.0615406,Stage I,2025-26,1,148
03201,"Rizvi Education Society'S Rizvi College Of Engineering, Bandra,Mumbai",Mumbai,Un-Aided Religious Minority - Muslim,Non-Autonomous,Mumbai University,Mumbai University,0320190010,Electronics And Computer Science,TFWS,37315,88.9773781,Stage I,2025-26,1,148
03201,"Rizvi Education Society'S Rizvi College Of Engineering, Bandra,Mumbai",Mumbai,Un-Aided Religious Minority - Muslim,Non-Autonomous,Mumbai University,Mumbai University,0320199510,Artificial Intelligence And Data Science,GOPENH,28157,91.7513251,Stage I,2025-26,1,149
03201,"Rizvi Education Society'S Rizvi College Of Engineering, Bandra,Mumbai",Mumbai,Un-Aided Religious Minority - Muslim,Non-Autonomous,Mumbai University,Mumbai University,0320199510,Artificial Intelligence And Data Science,LOPENH,31718,90.6674583,Stage I,2025-26,1,149
03201,"Rizvi Education Society'S Rizvi College Of Engineering, Bandra,Mumbai",Mumbai,Un-Aided Religious Minority - Muslim,Non-Autonomous,Mumbai University,Mumbai University,0320199510,Artificial Intelligence And Data Science,GOPENO,47431,85.901157,Stage I,2025-26,1,149
03201,"Rizvi Education Society'S Rizvi College Of Engineering, Bandra,Mumbai",Mumbai,Un-Aided Religious Minority - Muslim,Non-Autonomous,Mumbai University,Mumbai University,0320199510,Artificial Intelligence And Data Science,LOPENO,46566,85.9982332,Stage I,2025-26,1,149
03201,"Rizvi Education Society'S Rizvi College Of Engineering, Bandra,Mumbai",Mumbai,Un-Aided Religious Minority - Muslim,Non-Autonomous,Mumbai University,Mumbai University,0320199510,Artificial Intelligence And Data Science,MI,65962,79.8919296,Stage I,2025-26,1,149
03201,"Rizvi Education Society'S Rizvi College Of Engineering, Bandra,Mumbai",Mumbai,Un-Aided Religious Minority - Muslim,Non-Autonomous,Mumbai University,Mumbai University,0320199510,Artificial Intelligence And Data Science,TFWS,30148,91.082078,Stage I,2025-26,1,149
03203,"Atharva College Of Engineering,Malad(West),Mumbai",Mumbai,Un-Aided,Non-Autonomous,Mumbai University,Mumbai University,0320324510,Computer Engineering,GOPENH,19703,94.294414,Stage I,2025-26,1,154
03203,"Atharva College Of Engineering,Malad(West),Mumbai",Mumbai,Un-Aided,Non-Autonomous,Mumbai University,Mumbai University,0320324510,Computer Engineering,GSCH,36065,89.3412389,Stage I,2025-26,1,154
03203,"Atharva College Of Engineering,Malad(West),Mumbai",Mumbai,Un-Aided,Non-Autonomous,Mumbai University,Mumbai University,0320324510,Computer Engineering,GSTH,114437,61.1295449,Stage I,2025-26,1,154
03203,"Atharva College Of Engineering,Malad(West),Mumbai",Mumbai,Un-Aided,Non-Autonomous,Mumbai University,Mumbai University,0320324510,Computer Engineering,GVJH,51592,84.5627208,Stage I,2025-26,1,154
03203,"Atharva College Of Engineering,Malad(West),Mumbai",Mumbai,Un-Aided,Non-Autonomous,Mumbai University,Mumbai University,0320324510,Computer Engineering,GNT1H,30431,91.0675835,Stage I,2025-26,1,154
03203,"Atharva College Of Engineering,Malad(West),Mumbai",Mumbai,Un-Aided,Non-Autonomous,Mumbai University,Mumbai University,0320324510,Computer Engineering,GNT2H,23902,93.0332708,Stage I,2025-26,1,154
03203,"Atharva College Of Engineering,Malad(West),Mumbai",Mumbai,Un-Aided,Non-Autonomous,Mumbai University,Mumbai University,0320324510,Computer Engineering,GOBCH,24704,92.8125754,Stage I,2025-26,1,154
03203,"Atharva College Of Engineering,Malad(West),Mumbai",Mumbai,Un-Aided,Non-Autonomous,Mumbai University,Mumbai University,0320324510,Computer Engineering,GSEBCH,36754,89.1725752,Stage I,2025-26,1,154
03203,"Atharva College Of Engineering,Malad(West),Mumbai",Mumbai,Un-Aided,Non-Autonomous,Mumbai University,Mumbai University,0320324510,Computer Engineering,LOPENH,23870,93.0581679,Stage I,2025-26,1,154
03203,"Atharva College Of Engineering,Malad(West),Mumbai",Mumbai,Un-Aided,Non-Autonomous,Mumbai University,Mumbai University,0320324510,Computer Engineering,LSCH,43852,86.9651776,Stage I,2025-26,1,154
03203,"Atharva College Of Engineering,Malad(West),Mumbai",Mumbai,Un-Aided,Non-Autonomous,Mumbai University,Mumbai University,0320324510,Computer Engineering,LVJH,55611,83.2103258,Stage I,2025-26,1,154
03203,"Atharva College Of Engineering,Malad(West),Mumbai",Mumbai,Un-Aided,Non-Autonomous,Mumbai University,Mumbai University,0320324510,Computer Engineering,LNT3H,54579,83.5597353,Stage I,2025-26,1,154
03203,"Atharva College Of Engineering,Malad(West),Mumbai",Mumbai,Un-Aided,Non-Autonomous,Mumbai University,Mumbai University,0320324510,Computer Engineering,LOBCH,26933,92.0891128,Stage I,2025-26,1,154
03203,"Atharva College Of Engineering,Malad(West),Mumbai",Mumbai,Un-Aided,Non-Autonomous,Mumbai University,Mumbai University,0320324510,Computer Engineering,LSEBCH,39316,88.3826292,Stage I,2025-26,1,154
03203,"Atharva College Of Engineering,Malad(West),Mumbai",Mumbai,Un-Aided,Non-Autonomous,Mumbai University,Mumbai University,0320324510,Computer Engineering,PWDOPENH,171203,29.2375397,Stage I,2025-26,1,154
03203,"Atharva College Of Engineering,Malad(West),Mumbai",Mumbai,Un-Aided,Non-Autonomous,Mumbai University,Mumbai University,0320324510,Computer Engineering,LSTH,115128,60.8775137,Stage II,2025-26,1,154
03203,"Atharva College Of Engineering,Malad(West),Mumbai",Mumbai,Un-Aided,Non-Autonomous,Mumbai University,Mumbai University,0320324510,Computer Engineering,GOPENO,24983,92.7190965,Stage I,2025-26,1,154
03203,"Atharva College Of Engineering,Malad(West),Mumbai",Mumbai,Un-Aided,Non-Autonomous,Mumbai University,Mumbai University,0320324510,Computer Engineering,GSCO,36836,89.1476381,Stage I,2025-26,1,154
03203,"Atharva College Of Engineering,Malad(West),Mumbai",Mumbai,Un-Aided,Non-Autonomous,Mumbai University,Mumbai University,0320324510,Computer Engineering,GSTO,123791,57.0133407,Stage I,2025-26,1,154
03203,"Atharva College Of Engineering,Malad(West),Mumbai",Mumbai,Un-Aided,Non-Autonomous,Mumbai University,Mumbai University,0320324510,Computer Engineering,GNT1O,33164,90.249489,Stage I,2025-26,1,154
03203,"Atharva College Of Engineering,Malad(West),Mumbai",Mumbai,Un-Aided,Non-Autonomous,Mumbai University,Mumbai University,0320324510,Computer Engineering,GNT2O,32394,90.5015276,Stage I,2025-26,1,154
03203,"Atharva College Of Engineering,Malad(West),Mumbai",Mumbai,Un-Aided,Non-Autonomous,Mumbai University,Mumbai University,0320324510,Computer Engineering,GNT3O,32406,90.5015276,Stage I,2025-26,1,154
03203,"Atharva College Of Engineering,Malad(West),Mumbai",Mumbai,Un-Aided,Non-Autonomous,Mumbai University,Mumbai University,0320324510,Computer Engineering,GOBCO,26450,92.2575417,Stage I,2025-26,1,154
03203,"Atharva College Of Engineering,Malad(West),Mumbai",Mumbai,Un-Aided,Non-Autonomous,Mumbai University,Mumbai University,0320324510,Computer Engineering,GSEBCO,38300,88.680102,Stage I,2025-26,1,154
03203,"Atharva College Of Engineering,Malad(West),Mumbai",Mumbai,Un-Aided,Non-Autonomous,Mumbai University,Mumbai University,0320324510,Computer Engineering,LOPENO,26155,92.3780367,Stage I,2025-26,1,154
03203,"Atharva College Of Engineering,Malad(West),Mumbai",Mumbai,Un-Aided,Non-Autonomous,Mumbai University,Mumbai University,0320324510,Computer Engineering,LOBCO,26300,92.3341523,Stage I,2025-26,1,154
03203,"Atharva College Of Engineering,Malad(West),Mumbai",Mumbai,Un-Aided,Non-Autonomous,Mumbai University,Mumbai University,0320324510,Computer Engineering,LSEBCO,37702,88.8689717,Stage I,2025-26,1,154
03203,"Atharva College Of Engineering,Malad(West),Mumbai",Mumbai,Un-Aided,Non-Autonomous,Mumbai University,Mumbai University,0320324510,Computer Engineering,LSTO,162820,35.6771832,Stage I,2025-26,1,154
03203,"Atharva College Of Engineering,Malad(West),Mumbai",Mumbai,Un-Aided,Non-Autonomous,Mumbai University,Mumbai University,0320324510,Computer Engineering,DEFOPENS,50727,84.8736599,Stage I,2025-26,1,154
03203,"Atharva College Of Engineering,Malad(West),Mumbai",Mumbai,Un-Aided,Non-Autonomous,Mumbai University,Mumbai University,0320324510,Computer Engineering,DEFOBCS,69159,78.6729363,Stage I,2025-26,1,154
03203,"Atharva College Of Engineering,Malad(West),Mumbai",Mumbai,Un-Aided,Non-Autonomous,Mumbai University,Mumbai University,0320324510,Computer Engineering,TFWS,19389,94.4148845,Stage I,2025-26,1,154
03203,"Atharva College Of Engineering,Malad(West),Mumbai",Mumbai,Un-Aided,Non-Autonomous,Mumbai University,Mumbai University,0320324510,Computer Engineering,EWS,49340,85.2053352,Stage I,2025-26,1,154
03203,"Atharva College Of Engineering,Malad(West),Mumbai",Mumbai,Un-Aided,Non-Autonomous,Mumbai University,Mumbai University,0320324610,Information Technology,GOPENH,24037,92.9807126,Stage I,2025-26,1,155
03203,"Atharva College Of Engineering,Malad(West),Mumbai",Mumbai,Un-Aided,Non-Autonomous,Mumbai University,Mumbai University,0320324610,Information Technology,GSCH,42733,87.3196408,Stage I,2025-26,1,155
03203,"Atharva College Of Engineering,Malad(West),Mumbai",Mumbai,Un-Aided,Non-Autonomous,Mumbai University,Mumbai University,0320324610,Information Technology,GSTH,153511,41.4020979,Stage I,2025-26,1,155
03203,"Atharva College Of Engineering,Malad(West),Mumbai",Mumbai,Un-Aided,Non-Autonomous,Mumbai University,Mumbai University,0320324610,Information Technology,GVJH,55063,83.4741816,Stage I,2025-26,1,155
03203,"Atharva College Of Engineering,Malad(West),Mumbai",Mumbai,Un-Aided,Non-Autonomous,Mumbai University,Mumbai University,0320324610,Information Technology,GNT2H,38141,88.7615737,Stage I,2025-26,1,155
03203,"Atharva College Of Engineering,Malad(West),Mumbai",Mumbai,Un-Aided,Non-Autonomous,Mumbai University,Mumbai University,0320324610,Information Technology,GNT3H,33189,90.1729075,Stage I,2025-26,1,155
03203,"Atharva College Of Engineering,Malad(West),Mumbai",Mumbai,Un-Aided,Non-Autonomous,Mumbai University,Mumbai University,0320324610,Information Technology,GOBCH,26131,92.3826851,Stage I,2025-26,1,155
03203,"Atharva College Of Engineering,Malad(West),Mumbai",Mumbai,Un-Aided,Non-Autonomous,Mumbai University,Mumbai University,0320324610,Information Technology,GSEBCH,42278,87.4115391,Stage I,2025-26,1,155
03203,"Atharva College Of Engineering,Malad(West),Mumbai",Mumbai,Un-Aided,Non-Autonomous,Mumbai University,Mumbai University,0320324610,Information Technology,LOPENH,27056,92.0769231,Stage I,2025-26,1,155
03203,"Atharva College Of Engineering,Malad(West),Mumbai",Mumbai,Un-Aided,Non-Autonomous,Mumbai University,Mumbai University,0320324610,Information Technology,LSCH,44222,86.7202099,Stage I,2025-26,1,155
03203,"Atharva College Of Engineering,Malad(West),Mumbai",Mumbai,Un-Aided,Non-Autonomous,Mumbai University,Mumbai University,0320324610,Information Technology,LSTH,160978,36.1161649,Stage I,2025-26,1,155
03203,"Atharva College Of Engineering,Malad(West),Mumbai",Mumbai,Un-Aided,Non-Autonomous,Mumbai University,Mumbai University,0320324610,Information Technology,LNT1H,68122,79.3004726,Stage I,2025-26,1,155
03203,"Atharva College Of Engineering,Malad(West),Mumbai",Mumbai,Un-Aided,Non-Autonomous,Mumbai University,Mumbai University,0320324610,Information Technology,LNT2H,42295,87.4115391,Stage I,2025-26,1,155
03203,"Atharva College Of Engineering,Malad(West),Mumbai",Mumbai,Un-Aided,Non-Autonomous,Mumbai University,Mumbai University,0320324610,Information Technology,LOBCH,33886,90.0449693,Stage I,2025-26,1,155
03203,"Atharva College Of Engineering,Malad(West),Mumbai",Mumbai,Un-Aided,Non-Autonomous,Mumbai University,Mumbai University,0320324610,Information Technology,LSEBCH,39830,88.188033,Stage I,2025-26,1,155
03203,"Atharva College Of Engineering,Malad(West),Mumbai",Mumbai,Un-Aided,Non-Autonomous,Mumbai University,Mumbai University,0320324610,Information Technology,PWDOPENH,139366,49.3416227,Stage I,2025-26,1,155
03203,"Atharva College Of Engineering,Malad(West),Mumbai",Mumbai,Un-Aided,Non-Autonomous,Mumbai University,Mumbai University,0320324610,Information Technology,GOPENO,29531,91.3131313,Stage I,2025-26,1,155
03203,"Atharva College Of Engineering,Malad(West),Mumbai",Mumbai,Un-Aided,Non-Autonomous,Mumbai University,Mumbai University,0320324610,Information Technology,GSCO,46319,86.2326458,Stage I,2025-26,1,155
03203,"Atharva College Of Engineering,Malad(West),Mumbai",Mumbai,Un-Aided,Non-Autonomous,Mumbai University,Mumbai University,0320324610,Information Technology,GSTO,190207,14.3147873,Stage I,2025-26,1,155
03203,"Atharva College Of Engineering,Malad(West),Mumbai",Mumbai,Un-Aided,Non-Autonomous,Mumbai University,Mumbai University,0320324610,Information Technology,GNT1O,74079,77.0149774,Stage I,2025-26,1,155
03203,"Atharva College Of Engineering,Malad(West),Mumbai",Mumbai,Un-Aided,Non-Autonomous,Mumbai University,Mumbai University,0320324610,Information Technology,GOBCO,32939,90.3099038,Stage I,2025-26,1,155
03203,"Atharva College Of Engineering,Malad(West),Mumbai",Mumbai,Un-Aided,Non-Autonomous,Mumbai University,Mumbai University,0320324610,Information Technology,GSEBCO,43724,87.0316109,Stage I,2025-26,1,155
03203,"Atharva College Of Engineering,Malad(West),Mumbai",Mumbai,Un-Aided,Non-Autonomous,Mumbai University,Mumbai University,0320324610,Information Technology,LOPENO,36015,89.3412389,Stage I,2025-26,1,155
03203,"Atharva College Of Engineering,Malad(West),Mumbai",Mumbai,Un-Aided,Non-Autonomous,Mumbai University,Mumbai University,0320324610,Information Technology,LSCO,39681,88.2484746,Stage I,2025-26,1,155
03203,"Atharva College Of Engineering,Malad(West),Mumbai",Mumbai,Un-Aided,Non-Autonomous,Mumbai University,Mumbai University,0320324610,Information Technology,LVJO,142002,47.7841578,Stage I,2025-26,1,155
03203,"Atharva College Of Engineering,Malad(West),Mumbai",Mumbai,Un-Aided,Non-Autonomous,Mumbai University,Mumbai University,0320324610,Information Technology,LNT2O,55866,83.2058578,Stage I,2025-26,1,155
03203,"Atharva College Of Engineering,Malad(West),Mumbai",Mumbai,Un-Aided,Non-Autonomous,Mumbai University,Mumbai University,0320324610,Information Technology,LOBCO,36651,89.1962092,Stage I,2025-26,1,155
03203,"Atharva College Of Engineering,Malad(West),Mumbai",Mumbai,Un-Aided,Non-Autonomous,Mumbai University,Mumbai University,0320324610,Information Technology,LSEBCO,39098,88.5033286,Stage I,2025-26,1,155
03203,"Atharva College Of Engineering,Malad(West),Mumbai",Mumbai,Un-Aided,Non-Autonomous,Mumbai University,Mumbai University,0320324610,Information Technology,GSTO,201032,3.5713055,Stage I,2025-26,1,155
03203,"Atharva College Of Engineering,Malad(West),Mumbai",Mumbai,Un-Aided,Non-Autonomous,Mumbai University,Mumbai University,0320324610,Information Technology,DEFOPENS,63124,80.9669596,Stage I,2025-26,1,155
03203,"Atharva College Of Engineering,Malad(West),Mumbai",Mumbai,Un-Aided,Non-Autonomous,Mumbai University,Mumbai University,0320324610,Information Technology,DEFOBCS,76850,76.2716859,Stage I,2025-26,1,155
03203,"Atharva College Of Engineering,Malad(West),Mumbai",Mumbai,Un-Aided,Non-Autonomous,Mumbai University,Mumbai University,0320324610,Information Technology,TFWS,22073,93.5806832,Stage I,2025-26,1,155
03203,"Atharva College Of Engineering,Malad(West),Mumbai",Mumbai,Un-Aided,Non-Autonomous,Mumbai University,Mumbai University,0320324610,Information Technology,EWS,58052,82.3938224,Stage I,2025-26,1,155
03203,"Atharva College Of Engineering,Malad(West),Mumbai",Mumbai,Un-Aided,Non-Autonomous,Mumbai University,Mumbai University,0320329310,Electrical Engineering,GOPENH,48404,85.5729148,Stage I,2025-26,1,156
03203,"Atharva College Of Engineering,Malad(West),Mumbai",Mumbai,Un-Aided,Non-Autonomous,Mumbai University,Mumbai University,0320329310,Electrical Engineering,GSCH,88023,71.8498844,Stage I,2025-26,1,156
03203,"Atharva College Of Engineering,Malad(West),Mumbai",Mumbai,Un-Aided,Non-Autonomous,Mumbai University,Mumbai University,0320329310,Electrical Engineering,GSTH,106527,64.713186,Stage I,2025-26,1,156
03203,"Atharva College Of Engineering,Malad(West),Mumbai",Mumbai,Un-Aided,Non-Autonomous,Mumbai University,Mumbai University,0320329310,Electrical Engineering,GNT1H,146822,45.3566434,Stage I,2025-26,1,156
03203,"Atharva College Of Engineering,Malad(West),Mumbai",Mumbai,Un-Aided,Non-Autonomous,Mumbai University,Mumbai University,0320329310,Electrical Engineering,GNT3H,59162,82.1319232,Stage I,2025-26,1,156
03203,"Atharva College Of Engineering,Malad(West),Mumbai",Mumbai,Un-Aided,Non-Autonomous,Mumbai University,Mumbai University,0320329310,Electrical Engineering,GOBCH,76740,76.2716859,Stage I,2025-26,1,156
03203,"Atharva College Of Engineering,Malad(West),Mumbai",Mumbai,Un-Aided,Non-Autonomous,Mumbai University,Mumbai University,0320329310,Electrical Engineering,GSEBCH,123448,57.4017459,Stage I,2025-26,1,156
03203,"Atharva College Of Engineering,Malad(West),Mumbai",Mumbai,Un-Aided,Non-Autonomous,Mumbai University,Mumbai University,0320329310,Electrical Engineering,LOPENH,46155,86.2351996,Stage I,2025-26,1,156
03203,"Atharva College Of Engineering,Malad(West),Mumbai",Mumbai,Un-Aided,Non-Autonomous,Mumbai University,Mumbai University,0320329310,Electrical Engineering,LSCH,85739,73.1347962,Stage I,2025-26,1,156
03203,"Atharva College Of Engineering,Malad(West),Mumbai",Mumbai,Un-Aided,Non-Autonomous,Mumbai University,Mumbai University,0320329310,Electrical Engineering,LOBCH,92361,70.507201,Stage I,2025-26,1,156
03203,"Atharva College Of Engineering,Malad(West),Mumbai",Mumbai,Un-Aided,Non-Autonomous,Mumbai University,Mumbai University,0320329310,Electrical Engineering,GVJH,108335,63.8244514,Stage I,2025-26,1,156
03203,"Atharva College Of Engineering,Malad(West),Mumbai",Mumbai,Un-Aided,Non-Autonomous,Mumbai University,Mumbai University,0320329310,Electrical Engineering,GNT2H,150664,43.031473,Stage I,2025-26,1,156
03203,"Atharva College Of Engineering,Malad(West),Mumbai",Mumbai,Un-Aided,Non-Autonomous,Mumbai University,Mumbai University,0320329310,Electrical Engineering,GOPENO,54932,83.4741816,Stage I,2025-26,1,156
03203,"Atharva College Of Engineering,Malad(West),Mumbai",Mumbai,Un-Aided,Non-Autonomous,Mumbai University,Mumbai University,0320329310,Electrical Engineering,GSCO,120603,58.4401523,Stage I,2025-26,1,156
03203,"Atharva College Of Engineering,Malad(West),Mumbai",Mumbai,Un-Aided,Non-Autonomous,Mumbai University,Mumbai University,0320329310,Electrical Engineering,GOBCO,78645,75.4048881,Stage I,2025-26,1,156
03203,"Atharva College Of Engineering,Malad(West),Mumbai",Mumbai,Un-Aided,Non-Autonomous,Mumbai University,Mumbai University,0320329310,Electrical Engineering,GSEBCO,73075,77.2287062,Stage I,2025-26,1,156
03203,"Atharva College Of Engineering,Malad(West),Mumbai",Mumbai,Un-Aided,Non-Autonomous,Mumbai University,Mumbai University,0320329310,Electrical Engineering,LOPENO,46152,86.2351996,Stage I,2025-26,1,156
03203,"Atharva College Of Engineering,Malad(West),Mumbai",Mumbai,Un-Aided,Non-Autonomous,Mumbai University,Mumbai University,0320329310,Electrical Engineering,LOBCO,85548,73.1347962,Stage I,2025-26,1,156
03203,"Atharva College Of Engineering,Malad(West),Mumbai",Mumbai,Un-Aided,Non-Autonomous,Mumbai University,Mumbai University,0320329310,Electrical Engineering,DEFOPENS,100765,67.1459332,Stage I,2025-26,1,156
03203,"Atharva College Of Engineering,Malad(West),Mumbai",Mumbai,Un-Aided,Non-Autonomous,Mumbai University,Mumbai University,0320329310,Electrical Engineering,TFWS,58177,82.3938224,Stage I,2025-26,1,156
03203,"Atharva College Of Engineering,Malad(West),Mumbai",Mumbai,Un-Aided,Non-Autonomous,Mumbai University,Mumbai University,0320329310,Electrical Engineering,EWS,191050,13.6137728,Stage I,2025-26,1,156
03203,"Atharva College Of Engineering,Malad(West),Mumbai",Mumbai,Un-Aided,Non-Autonomous,Mumbai University,Mumbai University,0320337210,Electronics And Telecommunication Engg,GOPENH,41727,87.6322867,Stage I,2025-26,1,157
03203,"Atharva College Of Engineering,Malad(West),Mumbai",Mumbai,Un-Aided,Non-Autonomous,Mumbai University,Mumbai University,0320337210,Electronics And Telecommunication Engg,GSCH,61001,81.5804905,Stage I,2025-26,1,157
03203,"Atharva College Of Engineering,Malad(West),Mumbai",Mumbai,Un-Aided,Non-Autonomous,Mumbai University,Mumbai University,0320337210,Electronics And Telecommunication Engg,GSTH,191219,13.4300699,Stage I,2025-26,1,157
03203,"Atharva College Of Engineering,Malad(West),Mumbai",Mumbai,Un-Aided,Non-Autonomous,Mumbai University,Mumbai University,0320337210,Electronics And Telecommunication Engg,GVJH,103453,66.1695365,Stage I,2025-26,1,157
03203,"Atharva College Of Engineering,Malad(West),Mumbai",Mumbai,Un-Aided,Non-Autonomous,Mumbai University,Mumbai University,0320337210,Electronics And Telecommunication Engg,GNT1H,48290,85.6182564,Stage I,2025-26,1,157
03203,"Atharva College Of Engineering,Malad(West),Mumbai",Mumbai,Un-Aided,Non-Autonomous,Mumbai University,Mumbai University,0320337210,Electronics And Telecommunication Engg,GOBCH,51562,84.5627208,Stage I,2025-26,1,157
03203,"Atharva College Of Engineering,Malad(West),Mumbai",Mumbai,Un-Aided,Non-Autonomous,Mumbai University,Mumbai University,0320337210,Electronics And Telecommunication Engg,GSEBCH,97377,68.4702591,Stage I,2025-26,1,157
03203,"Atharva College Of Engineering,Malad(West),Mumbai",Mumbai,Un-Aided,Non-Autonomous,Mumbai University,Mumbai University,0320337210,Electronics And Telecommunication Engg,LOPENH,40134,88.0840044,Stage I,2025-26,1,157
03203,"Atharva College Of Engineering,Malad(West),Mumbai",Mumbai,Un-Aided,Non-Autonomous,Mumbai University,Mumbai University,0320337210,Electronics And Telecommunication Engg,LSCH,71953,78.1688442,Stage I,2025-26,1,157
03203,"Atharva College Of Engineering,Malad(West),Mumbai",Mumbai,Un-Aided,Non-Autonomous,Mumbai University,Mumbai University,0320337210,Electronics And Telecommunication Engg,LVJH,142931,47.1398578,Stage I,2025-26,1,157
03203,"Atharva College Of Engineering,Malad(West),Mumbai",Mumbai,Un-Aided,Non-Autonomous,Mumbai University,Mumbai University,0320337210,Electronics And Telecommunication Engg,LNT2H,165173,33.465035,Stage I,2025-26,1,157
03203,"Atharva College Of Engineering,Malad(West),Mumbai",Mumbai,Un-Aided,Non-Autonomous,Mumbai University,Mumbai University,0320337210,Electronics And Telecommunication Engg,LOBCH,47637,85.8501253,Stage I,2025-26,1,157
03203,"Atharva College Of Engineering,Malad(West),Mumbai",Mumbai,Un-Aided,Non-Autonomous,Mumbai University,Mumbai University,0320337210,Electronics And Telecommunication Engg,LSEBCH,81892,74.0630785,Stage I,2025-26,1,157
03203,"Atharva College Of Engineering,Malad(West),Mumbai",Mumbai,Un-Aided,Non-Autonomous,Mumbai University,Mumbai University,0320337210,Electronics And Telecommunication Engg,PWDOPENH,183275,20.3327444,Stage I,2025-26,1,157
03203,"Atharva College Of Engineering,Malad(West),Mumbai",Mumbai,Un-Aided,Non-Autonomous,Mumbai University,Mumbai University,0320337210,Electronics And Telecommunication Engg,GOPENO,47463,85.901157,Stage I,2025-26,1,157
03203,"Atharva College Of Engineering,Malad(West),Mumbai",Mumbai,Un-Aided,Non-Autonomous,Mumbai University,Mumbai University,0320337210,Electronics And Telecommunication Engg,GSCO,67365,79.6033896,Stage I,2025-26,1,157
03203,"Atharva College Of Engineering,Malad(West),Mumbai",Mumbai,Un-Aided,Non-Autonomous,Mumbai University,Mumbai University,0320337210,Electronics And Telecommunication Engg,GVJO,70471,78.4342571,Stage I,2025-26,1,157
03203,"Atharva College Of Engineering,Malad(West),Mumbai",Mumbai,Un-Aided,Non-Autonomous,Mumbai University,Mumbai University,0320337210,Electronics And Telecommunication Engg,GNT1O,78573,75.4880541,Stage I,2025-26,1,157
03203,"Atharva College Of Engineering,Malad(West),Mumbai",Mumbai,Un-Aided,Non-Autonomous,Mumbai University,Mumbai University,0320337210,Electronics And Telecommunication Engg,GNT2O,61205,81.3270637,Stage I,2025-26,1,157
03203,"Atharva College Of Engineering,Malad(West),Mumbai",Mumbai,Un-Aided,Non-Autonomous,Mumbai University,Mumbai University,0320337210,Electronics And Telecommunication Engg,GNT3O,56954,82.8437868,Stage I,2025-26,1,157
03203,"Atharva College Of Engineering,Malad(West),Mumbai",Mumbai,Un-Aided,Non-Autonomous,Mumbai University,Mumbai University,0320337210,Electronics And Telecommunication Engg,GOBCO,47834,85.8461538,Stage I,2025-26,1,157
03203,"Atharva College Of Engineering,Malad(West),Mumbai",Mumbai,Un-Aided,Non-Autonomous,Mumbai University,Mumbai University,0320337210,Electronics And Telecommunication Engg,GSEBCO,51319,84.621564,Stage I,2025-26,1,157
03203,"Atharva College Of Engineering,Malad(West),Mumbai",Mumbai,Un-Aided,Non-Autonomous,Mumbai University,Mumbai University,0320337210,Electronics And Telecommunication Engg,LOPENO,34382,89.861767,Stage I,2025-26,1,157
03203,"Atharva College Of Engineering,Malad(West),Mumbai",Mumbai,Un-Aided,Non-Autonomous,Mumbai University,Mumbai University,0320337210,Electronics And Telecommunication Engg,LSCO,77073,75.8001957,Stage I,2025-26,1,157
03203,"Atharva College Of Engineering,Malad(West),Mumbai",Mumbai,Un-Aided,Non-Autonomous,Mumbai University,Mumbai University,0320337210,Electronics And Telecommunication Engg,LOBCO,39746,88.2484746,Stage I,2025-26,1,157
03203,"Atharva College Of Engineering,Malad(West),Mumbai",Mumbai,Un-Aided,Non-Autonomous,Mumbai University,Mumbai University,0320337210,Electronics And Telecommunication Engg,LSEBCO,40595,87.9466479,Stage I,2025-26,1,157
03203,"Atharva College Of Engineering,Malad(West),Mumbai",Mumbai,Un-Aided,Non-Autonomous,Mumbai University,Mumbai University,0320337210,Electronics And Telecommunication Engg,DEFOPENS,66902,79.6986029,Stage I,2025-26,1,157
03203,"Atharva College Of Engineering,Malad(West),Mumbai",Mumbai,Un-Aided,Non-Autonomous,Mumbai University,Mumbai University,0320337210,Electronics And Telecommunication Engg,TFWS,41876,87.5995489,Stage I,2025-26,1,157
03203,"Atharva College Of Engineering,Malad(West),Mumbai",Mumbai,Un-Aided,Non-Autonomous,Mumbai University,Mumbai University,0320337210,Electronics And Telecommunication Engg,EWS,186242,18.1456181,Stage I,2025-26,1,157
03203,"Atharva College Of Engineering,Malad(West),Mumbai",Mumbai,Un-Aided,Non-Autonomous,Mumbai University,Mumbai University,0320390010,Electronics And Computer Science,GOPENH,30535,91.051072,Stage I,2025-26,1,158
03203,"Atharva College Of Engineering,Malad(West),Mumbai",Mumbai,Un-Aided,Non-Autonomous,Mumbai University,Mumbai University,0320390010,Electronics And Computer Science,GSCH,59069,82.135869,Stage I,2025-26,1,158
03203,"Atharva College Of Engineering,Malad(West),Mumbai",Mumbai,Un-Aided,Non-Autonomous,Mumbai University,Mumbai University,0320390010,Electronics And Computer Science,GNT2H,76820,76.2716859,Stage I,2025-26,1,158
03203,"Atharva College Of Engineering,Malad(West),Mumbai",Mumbai,Un-Aided,Non-Autonomous,Mumbai University,Mumbai University,0320390010,Electronics And Computer Science,GOBCH,38136,88.7615737,Stage I,2025-26,1,158
03203,"Atharva College Of Engineering,Malad(West),Mumbai",Mumbai,Un-Aided,Non-Autonomous,Mumbai University,Mumbai University,0320390010,Electronics And Computer Science,GSEBCH,38926,88.5372351,Stage I,2025-26,1,158
03203,"Atharva College Of Engineering,Malad(West),Mumbai",Mumbai,Un-Aided,Non-Autonomous,Mumbai University,Mumbai University,0320390010,Electronics And Computer Science,LOPENH,29421,91.3593874,Stage I,2025-26,1,158
03203,"Atharva College Of Engineering,Malad(West),Mumbai",Mumbai,Un-Aided,Non-Autonomous,Mumbai University,Mumbai University,0320390010,Electronics And Computer Science,LSCH,52262,84.3296195,Stage I,2025-26,1,158
03203,"Atharva College Of Engineering,Malad(West),Mumbai",Mumbai,Un-Aided,Non-Autonomous,Mumbai University,Mumbai University,0320390010,Electronics And Computer Science,LNT1H,43822,86.9651776,Stage I,2025-26,1,158
03203,"Atharva College Of Engineering,Malad(West),Mumbai",Mumbai,Un-Aided,Non-Autonomous,Mumbai University,Mumbai University,0320390010,Electronics And Computer Science,LOBCH,40329,88.0599617,Stage I,2025-26,1,158
03203,"Atharva College Of Engineering,Malad(West),Mumbai",Mumbai,Un-Aided,Non-Autonomous,Mumbai University,Mumbai University,0320390010,Electronics And Computer Science,LSEBCH,53786,83.880237,Stage I,2025-26,1,158
03203,"Atharva College Of Engineering,Malad(West),Mumbai",Mumbai,Un-Aided,Non-Autonomous,Mumbai University,Mumbai University,0320390010,Electronics And Computer Science,LNT3H,49111,85.2260888,Stage II,2025-26,1,158
03203,"Atharva College Of Engineering,Malad(West),Mumbai",Mumbai,Un-Aided,Non-Autonomous,Mumbai University,Mumbai University,0320390010,Electronics And Computer Science,GOPENO,39703,88.2484746,Stage I,2025-26,1,158
03203,"Atharva College Of Engineering,Malad(West),Mumbai",Mumbai,Un-Aided,Non-Autonomous,Mumbai University,Mumbai University,0320390010,Electronics And Computer Science,GSCO,59943,81.940403,Stage I,2025-26,1,158
03203,"Atharva College Of Engineering,Malad(West),Mumbai",Mumbai,Un-Aided,Non-Autonomous,Mumbai University,Mumbai University,0320390010,Electronics And Computer Science,GVJO,91251,71.0971787,Stage I,2025-26,1,158
03203,"Atharva College Of Engineering,Malad(West),Mumbai",Mumbai,Un-Aided,Non-Autonomous,Mumbai University,Mumbai University,0320390010,Electronics And Computer Science,GNT2O,66240,79.7946282,Stage I,2025-26,1,158
03203,"Atharva College Of Engineering,Malad(West),Mumbai",Mumbai,Un-Aided,Non-Autonomous,Mumbai University,Mumbai University,0320390010,Electronics And Computer Science,GOBCO,46886,85.9646097,Stage I,2025-26,1,158
03203,"Atharva College Of Engineering,Malad(West),Mumbai",Mumbai,Un-Aided,Non-Autonomous,Mumbai University,Mumbai University,0320390010,Electronics And Computer Science,GSEBCO,47842,85.8461538,Stage I,2025-26,1,158
03203,"Atharva College Of Engineering,Malad(West),Mumbai",Mumbai,Un-Aided,Non-Autonomous,Mumbai University,Mumbai University,0320390010,Electronics And Computer Science,LOPENO,47096,85.9124978,Stage I,2025-26,1,158
03203,"Atharva College Of Engineering,Malad(West),Mumbai",Mumbai,Un-Aided,Non-Autonomous,Mumbai University,Mumbai University,0320390010,Electronics And Computer Science,LSCO,57934,82.4521073,Stage I,2025-26,1,158
03203,"Atharva College Of Engineering,Malad(West),Mumbai",Mumbai,Un-Aided,Non-Autonomous,Mumbai University,Mumbai University,0320390010,Electronics And Computer Science,LOBCO,54886,83.4924535,Stage I,2025-26,1,158
03203,"Atharva College Of Engineering,Malad(West),Mumbai",Mumbai,Un-Aided,Non-Autonomous,Mumbai University,Mumbai University,0320390010,Electronics And Computer Science,DEFOPENS,56480,82.9717485,Stage I,2025-26,1,158
03203,"Atharva College Of Engineering,Malad(West),Mumbai",Mumbai,Un-Aided,Non-Autonomous,Mumbai University,Mumbai University,0320390010,Electronics And Computer Science,TFWS,37780,88.7823852,Stage I,2025-26,1,158
03203,"Atharva College Of Engineering,Malad(West),Mumbai",Mumbai,Un-Aided,Non-Autonomous,Mumbai University,Mumbai University,0320390010,Electronics And Computer Science,EWS,97136,68.4887011,Stage I,2025-26,1,158
03204,"St. Francis Institute Of Technology,Borivali, Mumbai",Mumbai,Un-Aided Religious Minority - Christian,Autonomous,Mumbai University,Autonomous Institute,0320424510,Computer Engineering,GOPENS,16904,95.1229826,Stage I,2025-26,1,159
03204,"St. Francis Institute Of Technology,Borivali, Mumbai",Mumbai,Un-Aided Religious Minority - Christian,Autonomous,Mumbai University,Autonomous Institute,0320424510,Computer Engineering,LOPENS,16821,95.1329723,Stage I,2025-26,1,159
03204,"St. Francis Institute Of Technology,Borivali, Mumbai",Mumbai,Un-Aided Religious Minority - Christian,Autonomous,Mumbai University,Autonomous Institute,0320424510,Computer Engineering,MI,114737,60.9090909,Stage I,2025-26,1,159
03204,"St. Francis Institute Of Technology,Borivali, Mumbai",Mumbai,Un-Aided Religious Minority - Christian,Autonomous,Mumbai University,Autonomous Institute,0320424510,Computer Engineering,TFWS,12838,96.3320463,Stage I,2025-26,1,159
03204,"St. Francis Institute Of Technology,Borivali, Mumbai",Mumbai,Un-Aided Religious Minority - Christian,Autonomous,Mumbai University,Autonomous Institute,0320424610,Information Technology,GOPENS,19530,94.3275746,Stage I,2025-26,1,159
03204,"St. Francis Institute Of Technology,Borivali, Mumbai",Mumbai,Un-Aided Religious Minority - Christian,Autonomous,Mumbai University,Autonomous Institute,0320424610,Information Technology,LOPENS,19567,94.3275746,Stage I,2025-26,1,159
03204,"St. Francis Institute Of Technology,Borivali, Mumbai",Mumbai,Un-Aided Religious Minority - Christian,Autonomous,Mumbai University,Autonomous Institute,0320424610,Information Technology,MI,192376,12.4732664,Stage I,2025-26,1,159
03204,"St. Francis Institute Of Technology,Borivali, Mumbai",Mumbai,Un-Aided Religious Minority - Christian,Autonomous,Mumbai University,Autonomous Institute,0320424610,Information Technology,TFWS,17150,95.0636221,Stage I,2025-26,1,159
03204,"St. Francis Institute Of Technology,Borivali, Mumbai",Mumbai,Un-Aided Religious Minority - Christian,Autonomous,Mumbai University,Autonomous Institute,0320429310,Electrical Engineering,GOPENS,45431,86.5435447,Stage I,2025-26,1,159
03204,"St. Francis Institute Of Technology,Borivali, Mumbai",Mumbai,Un-Aided Religious Minority - Christian,Autonomous,Mumbai University,Autonomous Institute,0320429310,Electrical Engineering,LOPENS,45699,86.4120225,Stage I,2025-26,1,159
03204,"St. Francis Institute Of Technology,Borivali, Mumbai",Mumbai,Un-Aided Religious Minority - Christian,Autonomous,Mumbai University,Autonomous Institute,0320429310,Electrical Engineering,MI,141869,47.7841578,Stage I,2025-26,1,159
03204,"St. Francis Institute Of Technology,Borivali, Mumbai",Mumbai,Un-Aided Religious Minority - Christian,Autonomous,Mumbai University,Autonomous Institute,0320429310,Electrical Engineering,TFWS,51427,84.621564,Stage I,2025-26,1,159
03204,"St. Francis Institute Of Technology,Borivali, Mumbai",Mumbai,Un-Aided Religious Minority - Christian,Autonomous,Mumbai University,Autonomous Institute,0320437210,Electronics And Telecommunication Engg,GOPENS,28112,91.7521019,Stage I,2025-26,1,159
03204,"St. Francis Institute Of Technology,Borivali, Mumbai",Mumbai,Un-Aided Religious Minority - Christian,Autonomous,Mumbai University,Autonomous Institute,0320437210,Electronics And Telecommunication Engg,LOPENS,29953,91.2937063,Stage I,2025-26,1,159
03204,"St. Francis Institute Of Technology,Borivali, Mumbai",Mumbai,Un-Aided Religious Minority - Christian,Autonomous,Mumbai University,Autonomous Institute,0320437210,Electronics And Telecommunication Engg,MI,155419,39.7546871,Stage I,2025-26,1,159
03204,"St. Francis Institute Of Technology,Borivali, Mumbai",Mumbai,Un-Aided Religious Minority - Christian,Autonomous,Mumbai University,Autonomous Institute,0320437210,Electronics And Telecommunication Engg,TFWS,29842,91.3015715,Stage I,2025-26,1,159
03204,"St. Francis Institute Of Technology,Borivali, Mumbai",Mumbai,Un-Aided Religious Minority - Christian,Autonomous,Mumbai University,Autonomous Institute,0320461210,Mechanical Engineering,GOPENS,45261,86.6223776,Stage I,2025-26,1,160
03204,"St. Francis Institute Of Technology,Borivali, Mumbai",Mumbai,Un-Aided Religious Minority - Christian,Autonomous,Mumbai University,Autonomous Institute,0320461210,Mechanical Engineering,LOPENS,61960,81.1324174,Stage I,2025-26,1,160
03204,"St. Francis Institute Of Technology,Borivali, Mumbai",Mumbai,Un-Aided Religious Minority - Christian,Autonomous,Mumbai University,Autonomous Institute,0320461210,Mechanical Engineering,MI,158968,38.2479385,Stage I,2025-26,1,160
03204,"St. Francis Institute Of Technology,Borivali, Mumbai",Mumbai,Un-Aided Religious Minority - Christian,Autonomous,Mumbai University,Autonomous Institute,0320461210,Mechanical Engineering,TFWS,46168,86.2351996,Stage I,2025-26,1,160
03204,"St. Francis Institute Of Technology,Borivali, Mumbai",Mumbai,Un-Aided Religious Minority - Christian,Autonomous,Mumbai University,Autonomous Institute,0320490010,Electronics And Computer Science,GOPENS,22584,93.4570631,Stage I,2025-26,1,160
03204,"St. Francis Institute Of Technology,Borivali, Mumbai",Mumbai,Un-Aided Religious Minority - Christian,Autonomous,Mumbai University,Autonomous Institute,0320490010,Electronics And Computer Science,LOPENS,21963,93.6410363,Stage I,2025-26,1,160
03204,"St. Francis Institute Of Technology,Borivali, Mumbai",Mumbai,Un-Aided Religious Minority - Christian,Autonomous,Mumbai University,Autonomous Institute,0320490010,Electronics And Computer Science,MI,198704,6.2359571,Stage I,2025-26,1,160
03204,"St. Francis Institute Of Technology,Borivali, Mumbai",Mumbai,Un-Aided Religious Minority - Christian,Autonomous,Mumbai University,Autonomous Institute,0320490010,Electronics And Computer Science,TFWS,20178,94.1659305,Stage I,2025-26,1,160
03204,"St. Francis Institute Of Technology,Borivali, Mumbai",Mumbai,Un-Aided Religious Minority - Christian,Autonomous,Mumbai University,Autonomous Institute,0320492110,Artificial Intelligence And Machine Learning,GOPENS,17705,94.8874728,Stage I,2025-26,1,160
03204,"St. Francis Institute Of Technology,Borivali, Mumbai",Mumbai,Un-Aided Religious Minority - Christian,Autonomous,Mumbai University,Autonomous Institute,0320492110,Artificial Intelligence And Machine Learning,LOPENS,18420,94.7159159,Stage I,2025-26,1,160
03204,"St. Francis Institute Of Technology,Borivali, Mumbai",Mumbai,Un-Aided Religious Minority - Christian,Autonomous,Mumbai University,Autonomous Institute,0320492110,Artificial Intelligence And Machine Learning,MI,125179,56.5039753,Stage I,2025-26,1,160
03204,"St. Francis Institute Of Technology,Borivali, Mumbai",Mumbai,Un-Aided Religious Minority - Christian,Autonomous,Mumbai University,Autonomous Institute,0320492110,Artificial Intelligence And Machine Learning,TFWS,16074,95.3847746,Stage I,2025-26,1,160
03207,"Mahatma Education Society'S Pillai College Of Engineering, New Panvel",Mumbai,Un-Aided Linguistic Minority - Malyalam,Autonomous,Mumbai University,Autonomous Institute,0320724510,Computer Engineering,GOPENS,22387,93.515499,Stage I,2025-26,1,167
03207,"Mahatma Education Society'S Pillai College Of Engineering, New Panvel",Mumbai,Un-Aided Linguistic Minority - Malyalam,Autonomous,Mumbai University,Autonomous Institute,0320724510,Computer Engineering,LOPENS,23159,93.2751767,Stage I,2025-26,1,167
03207,"Mahatma Education Society'S Pillai College Of Engineering, New Panvel",Mumbai,Un-Aided Linguistic Minority - Malyalam,Autonomous,Mumbai University,Autonomous Institute,0320724510,Computer Engineering,MI,201947,2.5131625,Stage I,2025-26,1,167
03207,"Mahatma Education Society'S Pillai College Of Engineering, New Panvel",Mumbai,Un-Aided Linguistic Minority - Malyalam,Autonomous,Mumbai University,Autonomous Institute,0320724510,Computer Engineering,TFWS,17769,94.8490546,Stage I,2025-26,1,167
03207,"Mahatma Education Society'S Pillai College Of Engineering, New Panvel",Mumbai,Un-Aided Linguistic Minority - Malyalam,Autonomous,Mumbai University,Autonomous Institute,0320724610,Information Technology,GOPENS,25846,92.4230769,Stage I,2025-26,1,167
03207,"Mahatma Education Society'S Pillai College Of Engineering, New Panvel",Mumbai,Un-Aided Linguistic Minority - Malyalam,Autonomous,Mumbai University,Autonomous Institute,0320724610,Information Technology,LOPENS,28080,91.7521019,Stage I,2025-26,1,167
03207,"Mahatma Education Society'S Pillai College Of Engineering, New Panvel",Mumbai,Un-Aided Linguistic Minority - Malyalam,Autonomous,Mumbai University,Autonomous Institute,0320724610,Information Technology,MI,202542,1.7301157,Stage I,2025-26,1,167
03207,"Mahatma Education Society'S Pillai College Of Engineering, New Panvel",Mumbai,Un-Aided Linguistic Minority - Malyalam,Autonomous,Mumbai University,Autonomous Institute,0320724610,Information Technology,TFWS,20939,93.9119037,Stage I,2025-26,1,167
03207,"Mahatma Education Society'S Pillai College Of Engineering, New Panvel",Mumbai,Un-Aided Linguistic Minority - Malyalam,Autonomous,Mumbai University,Autonomous Institute,0320737210,Electronics And Telecommunication Engg,GOPENS,43380,87.1376478,Stage I,2025-26,1,167
03207,"Mahatma Education Society'S Pillai College Of Engineering, New Panvel",Mumbai,Un-Aided Linguistic Minority - Malyalam,Autonomous,Mumbai University,Autonomous Institute,0320737210,Electronics And Telecommunication Engg,LOPENS,40830,87.9272878,Stage I,2025-26,1,167
03207,"Mahatma Education Society'S Pillai College Of Engineering, New Panvel",Mumbai,Un-Aided Linguistic Minority - Malyalam,Autonomous,Mumbai University,Autonomous Institute,0320737210,Electronics And Telecommunication Engg,MI,201668,2.800418,Stage I,2025-26,1,167
03207,"Mahatma Education Society'S Pillai College Of Engineering, New Panvel",Mumbai,Un-Aided Linguistic Minority - Malyalam,Autonomous,Mumbai University,Autonomous Institute,0320737210,Electronics And Telecommunication Engg,TFWS,39095,88.5033286,Stage I,2025-26,1,167
03207,"Mahatma Education Society'S Pillai College Of Engineering, New Panvel",Mumbai,Un-Aided Linguistic Minority - Malyalam,Autonomous,Mumbai University,Autonomous Institute,0320760210,Automobile Engineering,GOPENS,71471,78.2396759,Stage I,2025-26,1,167
03207,"Mahatma Education Society'S Pillai College Of Engineering, New Panvel",Mumbai,Un-Aided Linguistic Minority - Malyalam,Autonomous,Mumbai University,Autonomous Institute,0320760210,Automobile Engineering,LOPENS,83204,73.6345056,Stage I,2025-26,1,167
03207,"Mahatma Education Society'S Pillai College Of Engineering, New Panvel",Mumbai,Un-Aided Linguistic Minority - Malyalam,Autonomous,Mumbai University,Autonomous Institute,0320760210,Automobile Engineering,MI,84584,73.4722277,Stage I,2025-26,1,167
03207,"Mahatma Education Society'S Pillai College Of Engineering, New Panvel",Mumbai,Un-Aided Linguistic Minority - Malyalam,Autonomous,Mumbai University,Autonomous Institute,0320760210,Automobile Engineering,TFWS,62070,81.1324174,Stage I,2025-26,1,167
03207,"Mahatma Education Society'S Pillai College Of Engineering, New Panvel",Mumbai,Un-Aided Linguistic Minority - Malyalam,Autonomous,Mumbai University,Autonomous Institute,0320761210,Mechanical Engineering,GOPENS,50468,84.8811189,Stage I,2025-26,1,168
03207,"Mahatma Education Society'S Pillai College Of Engineering, New Panvel",Mumbai,Un-Aided Linguistic Minority - Malyalam,Autonomous,Mumbai University,Autonomous Institute,0320761210,Mechanical Engineering,LOPENS,51565,84.5627208,Stage I,2025-26,1,168
03207,"Mahatma Education Society'S Pillai College Of Engineering, New Panvel",Mumbai,Un-Aided Linguistic Minority - Malyalam,Autonomous,Mumbai University,Autonomous Institute,0320761210,Mechanical Engineering,MI,195128,9.8110718,Stage I,2025-26,1,168
03207,"Mahatma Education Society'S Pillai College Of Engineering, New Panvel",Mumbai,Un-Aided Linguistic Minority - Malyalam,Autonomous,Mumbai University,Autonomous Institute,0320761210,Mechanical Engineering,TFWS,35818,89.4898417,Stage I,2025-26,1,168
03207,"Mahatma Education Society'S Pillai College Of Engineering, New Panvel",Mumbai,Un-Aided Linguistic Minority - Malyalam,Autonomous,Mumbai University,Autonomous Institute,0320790010,Electronics And Computer Science,GOPENS,34755,89.8231024,Stage I,2025-26,1,168
03207,"Mahatma Education Society'S Pillai College Of Engineering, New Panvel",Mumbai,Un-Aided Linguistic Minority - Malyalam,Autonomous,Mumbai University,Autonomous Institute,0320790010,Electronics And Computer Science,LOPENS,33858,90.0449693,Stage I,2025-26,1,168
03207,"Mahatma Education Society'S Pillai College Of Engineering, New Panvel",Mumbai,Un-Aided Linguistic Minority - Malyalam,Autonomous,Mumbai University,Autonomous Institute,0320790010,Electronics And Computer Science,MI,197615,7.2413793,Stage I,2025-26,1,168
03207,"Mahatma Education Society'S Pillai College Of Engineering, New Panvel",Mumbai,Un-Aided Linguistic Minority - Malyalam,Autonomous,Mumbai University,Autonomous Institute,0320790010,Electronics And Computer Science,TFWS,34481,89.8520525,Stage I,2025-26,1,168
03208,"Don Bosco Institute Of Technology, Mumbai",Mumbai,Un-Aided Religious Minority - Roman Catholics,Autonomous,Mumbai University,Autonomous Institute,0320824510,Computer Engineering,GOPENS,15788,95.4290064,Stage I,2025-26,1,169
03208,"Don Bosco Institute Of Technology, Mumbai",Mumbai,Un-Aided Religious Minority - Roman Catholics,Autonomous,Mumbai University,Autonomous Institute,0320824510,Computer Engineering,LOPENS,15837,95.4261304,Stage I,2025-26,1,169
03208,"Don Bosco Institute Of Technology, Mumbai",Mumbai,Un-Aided Religious Minority - Roman Catholics,Autonomous,Mumbai University,Autonomous Institute,0320824510,Computer Engineering,MI,187364,16.860405,Stage I,2025-26,1,169
03208,"Don Bosco Institute Of Technology, Mumbai",Mumbai,Un-Aided Religious Minority - Roman Catholics,Autonomous,Mumbai University,Autonomous Institute,0320824510,Computer Engineering,TFWS,11176,96.807386,Stage I,2025-26,1,169
03208,"Don Bosco Institute Of Technology, Mumbai",Mumbai,Un-Aided Religious Minority - Roman Catholics,Autonomous,Mumbai University,Autonomous Institute,0320824610,Information Technology,GOPENS,17568,94.9191128,Stage I,2025-26,1,169
03208,"Don Bosco Institute Of Technology, Mumbai",Mumbai,Un-Aided Religious Minority - Roman Catholics,Autonomous,Mumbai University,Autonomous Institute,0320824610,Information Technology,LOPENS,18206,94.7424061,Stage I,2025-26,1,169
03208,"Don Bosco Institute Of Technology, Mumbai",Mumbai,Un-Aided Religious Minority - Roman Catholics,Autonomous,Mumbai University,Autonomous Institute,0320824610,Information Technology,MI,189812,14.9055715,Stage I,2025-26,1,169
03208,"Don Bosco Institute Of Technology, Mumbai",Mumbai,Un-Aided Religious Minority - Roman Catholics,Autonomous,Mumbai University,Autonomous Institute,0320824610,Information Technology,TFWS,14524,95.830721,Stage I,2025-26,1,169
03208,"Don Bosco Institute Of Technology, Mumbai",Mumbai,Un-Aided Religious Minority - Roman Catholics,Autonomous,Mumbai University,Autonomous Institute,0320837210,Electronics And Telecommunication Engg,GOPENS,28714,91.6321516,Stage I,2025-26,1,169
03208,"Don Bosco Institute Of Technology, Mumbai",Mumbai,Un-Aided Religious Minority - Roman Catholics,Autonomous,Mumbai University,Autonomous Institute,0320837210,Electronics And Telecommunication Engg,LOPENS,29433,91.3593874,Stage I,2025-26,1,169
03208,"Don Bosco Institute Of Technology, Mumbai",Mumbai,Un-Aided Religious Minority - Roman Catholics,Autonomous,Mumbai University,Autonomous Institute,0320837210,Electronics And Telecommunication Engg,MI,129080,54.4314351,Stage I,2025-26,1,169
03208,"Don Bosco Institute Of Technology, Mumbai",Mumbai,Un-Aided Religious Minority - Roman Catholics,Autonomous,Mumbai University,Autonomous Institute,0320837210,Electronics And Telecommunication Engg,TFWS,22638,93.4220965,Stage I,2025-26,1,169
03208,"Don Bosco Institute Of Technology, Mumbai",Mumbai,Un-Aided Religious Minority - Roman Catholics,Autonomous,Mumbai University,Autonomous Institute,0320861210,Mechanical Engineering,GOPENS,38010,88.7700729,Stage I,2025-26,1,169
03208,"Don Bosco Institute Of Technology, Mumbai",Mumbai,Un-Aided Religious Minority - Roman Catholics,Autonomous,Mumbai University,Autonomous Institute,0320861210,Mechanical Engineering,LOPENS,49649,85.113912,Stage I,2025-26,1,169
03208,"Don Bosco Institute Of Technology, Mumbai",Mumbai,Un-Aided Religious Minority - Roman Catholics,Autonomous,Mumbai University,Autonomous Institute,0320861210,Mechanical Engineering,MI,171334,29.2375397,Stage I,2025-26,1,169
03208,"Don Bosco Institute Of Technology, Mumbai",Mumbai,Un-Aided Religious Minority - Roman Catholics,Autonomous,Mumbai University,Autonomous Institute,0320861210,Mechanical Engineering,TFWS,25618,92.5367989,Stage I,2025-26,1,169
03210,"Excelsior Education Society'S K.C. College Of Engineering And Management Studies And Research, Kopri, Thane (E)",Mumbai,Un-Aided Linguistic Minority - Punjabi,Non-Autonomous,Mumbai University,Mumbai University,0321024510,Computer Engineering,GOPENH,46591,85.9982332,Stage I,2025-26,1,170
03210,"Excelsior Education Society'S K.C. College Of Engineering And Management Studies And Research, Kopri, Thane (E)",Mumbai,Un-Aided Linguistic Minority - Punjabi,Non-Autonomous,Mumbai University,Mumbai University,0321024510,Computer Engineering,LOPENH,45836,86.3869833,Stage I,2025-26,1,170
03210,"Excelsior Education Society'S K.C. College Of Engineering And Management Studies And Research, Kopri, Thane (E)",Mumbai,Un-Aided Linguistic Minority - Punjabi,Non-Autonomous,Mumbai University,Mumbai University,0321024510,Computer Engineering,GOPENO,84685,73.4722277,Stage I,2025-26,1,170
03210,"Excelsior Education Society'S K.C. College Of Engineering And Management Studies And Research, Kopri, Thane (E)",Mumbai,Un-Aided Linguistic Minority - Punjabi,Non-Autonomous,Mumbai University,Mumbai University,0321024510,Computer Engineering,LOPENO,83482,73.6328536,Stage I,2025-26,1,170
03210,"Excelsior Education Society'S K.C. College Of Engineering And Management Studies And Research, Kopri, Thane (E)",Mumbai,Un-Aided Linguistic Minority - Punjabi,Non-Autonomous,Mumbai University,Mumbai University,0321024510,Computer Engineering,MI,184732,19.1697794,Stage I,2025-26,1,170
03210,"Excelsior Education Society'S K.C. College Of Engineering And Management Studies And Research, Kopri, Thane (E)",Mumbai,Un-Aided Linguistic Minority - Punjabi,Non-Autonomous,Mumbai University,Mumbai University,0321024510,Computer Engineering,TFWS,42083,87.5666075,Stage I,2025-26,1,170
03210,"Excelsior Education Society'S K.C. College Of Engineering And Management Studies And Research, Kopri, Thane (E)",Mumbai,Un-Aided Linguistic Minority - Punjabi,Non-Autonomous,Mumbai University,Mumbai University,0321024610,Information Technology,GOPENH,56055,83.1060395,Stage I,2025-26,1,171
03210,"Excelsior Education Society'S K.C. College Of Engineering And Management Studies And Research, Kopri, Thane (E)",Mumbai,Un-Aided Linguistic Minority - Punjabi,Non-Autonomous,Mumbai University,Mumbai University,0321024610,Information Technology,LOPENH,52627,84.1437716,Stage I,2025-26,1,171
03210,"Excelsior Education Society'S K.C. College Of Engineering And Management Studies And Research, Kopri, Thane (E)",Mumbai,Un-Aided Linguistic Minority - Punjabi,Non-Autonomous,Mumbai University,Mumbai University,0321024610,Information Technology,GOPENO,95707,69.2179237,Stage I,2025-26,1,171
03210,"Excelsior Education Society'S K.C. College Of Engineering And Management Studies And Research, Kopri, Thane (E)",Mumbai,Un-Aided Linguistic Minority - Punjabi,Non-Autonomous,Mumbai University,Mumbai University,0321024610,Information Technology,LOPENO,99862,67.8210479,Stage I,2025-26,1,171
03210,"Excelsior Education Society'S K.C. College Of Engineering And Management Studies And Research, Kopri, Thane (E)",Mumbai,Un-Aided Linguistic Minority - Punjabi,Non-Autonomous,Mumbai University,Mumbai University,0321024610,Information Technology,MI,124229,56.8426573,Stage I,2025-26,1,171
03210,"Excelsior Education Society'S K.C. College Of Engineering And Management Studies And Research, Kopri, Thane (E)",Mumbai,Un-Aided Linguistic Minority - Punjabi,Non-Autonomous,Mumbai University,Mumbai University,0321024610,Information Technology,TFWS,55681,83.2103258,Stage I,2025-26,1,171
03210,"Excelsior Education Society'S K.C. College Of Engineering And Management Studies And Research, Kopri, Thane (E)",Mumbai,Un-Aided Linguistic Minority - Punjabi,Non-Autonomous,Mumbai University,Mumbai University,0321037210,Electronics And Telecommunication Engg,GOPENH,65754,79.9072027,Stage I,2025-26,1,172
03210,"Excelsior Education Society'S K.C. College Of Engineering And Management Studies And Research, Kopri, Thane (E)",Mumbai,Un-Aided Linguistic Minority - Punjabi,Non-Autonomous,Mumbai University,Mumbai University,0321037210,Electronics And Telecommunication Engg,LOPENH,63858,80.7175218,Stage I,2025-26,1,172
03210,"Excelsior Education Society'S K.C. College Of Engineering And Management Studies And Research, Kopri, Thane (E)",Mumbai,Un-Aided Linguistic Minority - Punjabi,Non-Autonomous,Mumbai University,Mumbai University,0321037210,Electronics And Telecommunication Engg,GOPENO,108170,63.8244514,Stage I,2025-26,1,172
03210,"Excelsior Education Society'S K.C. College Of Engineering And Management Studies And Research, Kopri, Thane (E)",Mumbai,Un-Aided Linguistic Minority - Punjabi,Non-Autonomous,Mumbai University,Mumbai University,0321037210,Electronics And Telecommunication Engg,LOPENO,119481,58.8994542,Stage I,2025-26,1,172
03210,"Excelsior Education Society'S K.C. College Of Engineering And Management Studies And Research, Kopri, Thane (E)",Mumbai,Un-Aided Linguistic Minority - Punjabi,Non-Autonomous,Mumbai University,Mumbai University,0321037210,Electronics And Telecommunication Engg,TFWS,67934,79.3730892,Stage I,2025-26,1,172
03211,"S.I.E.S. Graduate School Of Technology, Nerul, Navi Mumbai",Mumbai,Un-Aided Linguistic Minority - Tamil,Autonomous,Mumbai University,Autonomous Institute,0321124510,Computer Engineering,GOPENS,15568,95.5372663,Stage I,2025-26,1,173
03211,"S.I.E.S. Graduate School Of Technology, Nerul, Navi Mumbai",Mumbai,Un-Aided Linguistic Minority - Tamil,Autonomous,Mumbai University,Autonomous Institute,0321124510,Computer Engineering,LOPENS,15302,95.6179188,Stage I,2025-26,1,173
03211,"S.I.E.S. Graduate School Of Technology, Nerul, Navi Mumbai",Mumbai,Un-Aided Linguistic Minority - Tamil,Autonomous,Mumbai University,Autonomous Institute,0321124510,Computer Engineering,MI,180116,22.8214173,Stage I,2025-26,1,173
03211,"S.I.E.S. Graduate School Of Technology, Nerul, Navi Mumbai",Mumbai,Un-Aided Linguistic Minority - Tamil,Autonomous,Mumbai University,Autonomous Institute,0321124510,Computer Engineering,TFWS,12749,96.3424067,Stage I,2025-26,1,173
03211,"S.I.E.S. Graduate School Of Technology, Nerul, Navi Mumbai",Mumbai,Un-Aided Linguistic Minority - Tamil,Autonomous,Mumbai University,Autonomous Institute,0321124610,Information Technology,GOPENS,19357,94.419684,Stage I,2025-26,1,173
03211,"S.I.E.S. Graduate School Of Technology, Nerul, Navi Mumbai",Mumbai,Un-Aided Linguistic Minority - Tamil,Autonomous,Mumbai University,Autonomous Institute,0321124610,Information Technology,LOPENS,17813,94.8426756,Stage I,2025-26,1,173
03211,"S.I.E.S. Graduate School Of Technology, Nerul, Navi Mumbai",Mumbai,Un-Aided Linguistic Minority - Tamil,Autonomous,Mumbai University,Autonomous Institute,0321124610,Information Technology,MI,203505,0.3577134,Stage I,2025-26,1,173
03211,"S.I.E.S. Graduate School Of Technology, Nerul, Navi Mumbai",Mumbai,Un-Aided Linguistic Minority - Tamil,Autonomous,Mumbai University,Autonomous Institute,0321124610,Information Technology,TFWS,17951,94.816106,Stage I,2025-26,1,173
03211,"S.I.E.S. Graduate School Of Technology, Nerul, Navi Mumbai",Mumbai,Un-Aided Linguistic Minority - Tamil,Autonomous,Mumbai University,Autonomous Institute,0321126310,Artificial Intelligence (Ai) And Data Science,GOPENS,19696,94.294414,Stage I,2025-26,1,173
03211,"S.I.E.S. Graduate School Of Technology, Nerul, Navi Mumbai",Mumbai,Un-Aided Linguistic Minority - Tamil,Autonomous,Mumbai University,Autonomous Institute,0321126310,Artificial Intelligence (Ai) And Data Science,LOPENS,20747,93.9883008,Stage I,2025-26,1,173
03211,"S.I.E.S. Graduate School Of Technology, Nerul, Navi Mumbai",Mumbai,Un-Aided Linguistic Minority - Tamil,Autonomous,Mumbai University,Autonomous Institute,0321126310,Artificial Intelligence (Ai) And Data Science,MI,201907,2.5131625,Stage I,2025-26,1,173
03211,"S.I.E.S. Graduate School Of Technology, Nerul, Navi Mumbai",Mumbai,Un-Aided Linguistic Minority - Tamil,Autonomous,Mumbai University,Autonomous Institute,0321126310,Artificial Intelligence (Ai) And Data Science,TFWS,17435,94.958042,Stage I,2025-26,1,173
03211,"S.I.E.S. Graduate School Of Technology, Nerul, Navi Mumbai",Mumbai,Un-Aided Linguistic Minority - Tamil,Autonomous,Mumbai University,Autonomous Institute,0321137210,Electronics And Telecommunication Engg,GOPENS,26718,92.2299976,Stage I,2025-26,1,173
03211,"S.I.E.S. Graduate School Of Technology, Nerul, Navi Mumbai",Mumbai,Un-Aided Linguistic Minority - Tamil,Autonomous,Mumbai University,Autonomous Institute,0321137210,Electronics And Telecommunication Engg,LOPENS,25460,92.5745163,Stage I,2025-26,1,173
03211,"S.I.E.S. Graduate School Of Technology, Nerul, Navi Mumbai",Mumbai,Un-Aided Linguistic Minority - Tamil,Autonomous,Mumbai University,Autonomous Institute,0321137210,Electronics And Telecommunication Engg,MI,193070,11.7097752,Stage I,2025-26,1,173
03211,"S.I.E.S. Graduate School Of Technology, Nerul, Navi Mumbai",Mumbai,Un-Aided Linguistic Minority - Tamil,Autonomous,Mumbai University,Autonomous Institute,0321137210,Electronics And Telecommunication Engg,TFWS,25675,92.52184,Stage I,2025-26,1,173
03211,"S.I.E.S. Graduate School Of Technology, Nerul, Navi Mumbai",Mumbai,Un-Aided Linguistic Minority - Tamil,Autonomous,Mumbai University,Autonomous Institute,0321190010,Electronics And Computer Science,GOPENS,24852,92.7805181,Stage I,2025-26,1,174
03211,"S.I.E.S. Graduate School Of Technology, Nerul, Navi Mumbai",Mumbai,Un-Aided Linguistic Minority - Tamil,Autonomous,Mumbai University,Autonomous Institute,0321190010,Electronics And Computer Science,LOPENS,24888,92.7307558,Stage I,2025-26,1,174
03211,"S.I.E.S. Graduate School Of Technology, Nerul, Navi Mumbai",Mumbai,Un-Aided Linguistic Minority - Tamil,Autonomous,Mumbai University,Autonomous Institute,0321190010,Electronics And Computer Science,MI,156030,39.6653303,Stage I,2025-26,1,174
03211,"S.I.E.S. Graduate School Of Technology, Nerul, Navi Mumbai",Mumbai,Un-Aided Linguistic Minority - Tamil,Autonomous,Mumbai University,Autonomous Institute,0321190010,Electronics And Computer Science,TFWS,22637,93.4220965,Stage I,2025-26,1,174
03211,"S.I.E.S. Graduate School Of Technology, Nerul, Navi Mumbai",Mumbai,Un-Aided Linguistic Minority - Tamil,Autonomous,Mumbai University,Autonomous Institute,0321192010,Computer Science And Engineering (Internet Of Things And Cyber Security Including Block Chain,GOPENS,20969,93.8935512,Stage I,2025-26,1,174
03211,"S.I.E.S. Graduate School Of Technology, Nerul, Navi Mumbai",Mumbai,Un-Aided Linguistic Minority - Tamil,Autonomous,Mumbai University,Autonomous Institute,0321192010,Computer Science And Engineering (Internet Of Things And Cyber Security Including Block Chain,LOPENS,18250,94.7424061,Stage I,2025-26,1,174
03211,"S.I.E.S. Graduate School Of Technology, Nerul, Navi Mumbai",Mumbai,Un-Aided Linguistic Minority - Tamil,Autonomous,Mumbai University,Autonomous Institute,0321192010,Computer Science And Engineering (Internet Of Things And Cyber Security Including Block Chain,MI,201405,3.1812183,Stage I,2025-26,1,174
03211,"S.I.E.S. Graduate School Of Technology, Nerul, Navi Mumbai",Mumbai,Un-Aided Linguistic Minority - Tamil,Autonomous,Mumbai University,Autonomous Institute,0321192010,Computer Science And Engineering (Internet Of Things And Cyber Security Including Block Chain,TFWS,18158,94.7692308,Stage I,2025-26,1,174
03211,"S.I.E.S. Graduate School Of Technology, Nerul, Navi Mumbai",Mumbai,Un-Aided Linguistic Minority - Tamil,Autonomous,Mumbai University,Autonomous Institute,0321192110,Artificial Intelligence And Machine Learning,GOPENS,18145,94.7771148,Stage I,2025-26,1,174
03211,"S.I.E.S. Graduate School Of Technology, Nerul, Navi Mumbai",Mumbai,Un-Aided Linguistic Minority - Tamil,Autonomous,Mumbai University,Autonomous Institute,0321192110,Artificial Intelligence And Machine Learning,LOPENS,20034,94.2050981,Stage I,2025-26,1,174
03211,"S.I.E.S. Graduate School Of Technology, Nerul, Navi Mumbai",Mumbai,Un-Aided Linguistic Minority - Tamil,Autonomous,Mumbai University,Autonomous Institute,0321192110,Artificial Intelligence And Machine Learning,MI,149093,43.658874,Stage I,2025-26,1,174
03211,"S.I.E.S. Graduate School Of Technology, Nerul, Navi Mumbai",Mumbai,Un-Aided Linguistic Minority - Tamil,Autonomous,Mumbai University,Autonomous Institute,0321192110,Artificial Intelligence And Machine Learning,TFWS,14957,95.6797519,Stage I,2025-26,1,174
03214,"Xavier Institute Of Engineering C/O Xavier Technical Institute,Mahim,Mumbai",Mumbai,Un-Aided Religious Minority - Christian,Autonomous,Mumbai University,Autonomous Institute,0321424510,Computer Engineering,GOPENS,16882,95.1229826,Stage I,2025-26,1,177
03214,"Xavier Institute Of Engineering C/O Xavier Technical Institute,Mahim,Mumbai",Mumbai,Un-Aided Religious Minority - Christian,Autonomous,Mumbai University,Autonomous Institute,0321424510,Computer Engineering,LOPENS,16046,95.3983854,Stage I,2025-26,1,177
03214,"Xavier Institute Of Engineering C/O Xavier Technical Institute,Mahim,Mumbai",Mumbai,Un-Aided Religious Minority - Christian,Autonomous,Mumbai University,Autonomous Institute,0321424510,Computer Engineering,MI,202991,1.1356533,Stage I,2025-26,1,177
03214,"Xavier Institute Of Engineering C/O Xavier Technical Institute,Mahim,Mumbai",Mumbai,Un-Aided Religious Minority - Christian,Autonomous,Mumbai University,Autonomous Institute,0321424510,Computer Engineering,TFWS,17519,94.9425795,Stage I,2025-26,1,177
03214,"Xavier Institute Of Engineering C/O Xavier Technical Institute,Mahim,Mumbai",Mumbai,Un-Aided Religious Minority - Christian,Autonomous,Mumbai University,Autonomous Institute,0321424610,Information Technology,GOPENS,18697,94.5865408,Stage I,2025-26,1,177
03214,"Xavier Institute Of Engineering C/O Xavier Technical Institute,Mahim,Mumbai",Mumbai,Un-Aided Religious Minority - Christian,Autonomous,Mumbai University,Autonomous Institute,0321424610,Information Technology,LOPENS,20671,93.9899228,Stage I,2025-26,1,177
03214,"Xavier Institute Of Engineering C/O Xavier Technical Institute,Mahim,Mumbai",Mumbai,Un-Aided Religious Minority - Christian,Autonomous,Mumbai University,Autonomous Institute,0321424610,Information Technology,MI,202346,2.0436563,Stage I,2025-26,1,177
03214,"Xavier Institute Of Engineering C/O Xavier Technical Institute,Mahim,Mumbai",Mumbai,Un-Aided Religious Minority - Christian,Autonomous,Mumbai University,Autonomous Institute,0321424610,Information Technology,TFWS,17470,94.9432659,Stage I,2025-26,1,177
03214,"Xavier Institute Of Engineering C/O Xavier Technical Institute,Mahim,Mumbai",Mumbai,Un-Aided Religious Minority - Christian,Autonomous,Mumbai University,Autonomous Institute,0321484410,Electronics And Computer Engineering,GOPENS,22581,93.4570631,Stage I,2025-26,1,177
03214,"Xavier Institute Of Engineering C/O Xavier Technical Institute,Mahim,Mumbai",Mumbai,Un-Aided Religious Minority - Christian,Autonomous,Mumbai University,Autonomous Institute,0321484410,Electronics And Computer Engineering,LOPENS,24252,92.9202613,Stage I,2025-26,1,177
03214,"Xavier Institute Of Engineering C/O Xavier Technical Institute,Mahim,Mumbai",Mumbai,Un-Aided Religious Minority - Christian,Autonomous,Mumbai University,Autonomous Institute,0321484410,Electronics And Computer Engineering,MI,196930,7.9877752,Stage I,2025-26,1,177
03214,"Xavier Institute Of Engineering C/O Xavier Technical Institute,Mahim,Mumbai",Mumbai,Un-Aided Religious Minority - Christian,Autonomous,Mumbai University,Autonomous Institute,0321484410,Electronics And Computer Engineering,TFWS,25484,92.5745163,Stage I,2025-26,1,177
03214,"Xavier Institute Of Engineering C/O Xavier Technical Institute,Mahim,Mumbai",Mumbai,Un-Aided Religious Minority - Christian,Autonomous,Mumbai University,Autonomous Institute,0321492010,Computer Science And Engineering (Internet Of Things And Cyber Security Including Block Chain,GOPENS,21438,93.8107171,Stage I,2025-26,1,177
03214,"Xavier Institute Of Engineering C/O Xavier Technical Institute,Mahim,Mumbai",Mumbai,Un-Aided Religious Minority - Christian,Autonomous,Mumbai University,Autonomous Institute,0321492010,Computer Science And Engineering (Internet Of Things And Cyber Security Including Block Chain,LOPENS,20764,93.9883008,Stage I,2025-26,1,177
03214,"Xavier Institute Of Engineering C/O Xavier Technical Institute,Mahim,Mumbai",Mumbai,Un-Aided Religious Minority - Christian,Autonomous,Mumbai University,Autonomous Institute,0321492010,Computer Science And Engineering (Internet Of Things And Cyber Security Including Block Chain,MI,196604,8.5366296,Stage I,2025-26,1,177
03214,"Xavier Institute Of Engineering C/O Xavier Technical Institute,Mahim,Mumbai",Mumbai,Un-Aided Religious Minority - Christian,Autonomous,Mumbai University,Autonomous Institute,0321492010,Computer Science And Engineering (Internet Of Things And Cyber Security Including Block Chain,TFWS,18093,94.7823058,Stage I,2025-26,1,177
03215,"Bhartiya Vidya Bhavan'S Sardar Patel Institute Of Technology , Andheri, Mumbai",Mumbai,Un-Aided,Autonomous,Mumbai University,Autonomous Institute,0321524210,Computer Science And Engineering,GOPENS,504,99.8014629,Stage I,2025-26,1,178
03215,"Bhartiya Vidya Bhavan'S Sardar Patel Institute Of Technology , Andheri, Mumbai",Mumbai,Un-Aided,Autonomous,Mumbai University,Autonomous Institute,0321524210,Computer Science And Engineering,GSCS,6140,98.2046366,Stage I,2025-26,1,178
03215,"Bhartiya Vidya Bhavan'S Sardar Patel Institute Of Technology , Andheri, Mumbai",Mumbai,Un-Aided,Autonomous,Mumbai University,Autonomous Institute,0321524210,Computer Science And Engineering,GSTS,24610,92.8376317,Stage I,2025-26,1,178
03215,"Bhartiya Vidya Bhavan'S Sardar Patel Institute Of Technology , Andheri, Mumbai",Mumbai,Un-Aided,Autonomous,Mumbai University,Autonomous Institute,0321524210,Computer Science And Engineering,GVJS,2561,99.2053638,Stage I,2025-26,1,178
03215,"Bhartiya Vidya Bhavan'S Sardar Patel Institute Of Technology , Andheri, Mumbai",Mumbai,Un-Aided,Autonomous,Mumbai University,Autonomous Institute,0321524210,Computer Science And Engineering,GNT1S,2703,99.1611092,Stage I,2025-26,1,178
03215,"Bhartiya Vidya Bhavan'S Sardar Patel Institute Of Technology , Andheri, Mumbai",Mumbai,Un-Aided,Autonomous,Mumbai University,Autonomous Institute,0321524210,Computer Science And Engineering,GNT2S,2765,99.1547623,Stage I,2025-26,1,178
03215,"Bhartiya Vidya Bhavan'S Sardar Patel Institute Of Technology , Andheri, Mumbai",Mumbai,Un-Aided,Autonomous,Mumbai University,Autonomous Institute,0321524210,Computer Science And Engineering,GNT3S,2530,99.2159894,Stage I,2025-26,1,178
03215,"Bhartiya Vidya Bhavan'S Sardar Patel Institute Of Technology , Andheri, Mumbai",Mumbai,Un-Aided,Autonomous,Mumbai University,Autonomous Institute,0321524210,Computer Science And Engineering,GOBCS,1644,99.4662839,Stage I,2025-26,1,178
03215,"Bhartiya Vidya Bhavan'S Sardar Patel Institute Of Technology , Andheri, Mumbai",Mumbai,Un-Aided,Autonomous,Mumbai University,Autonomous Institute,0321524210,Computer Science And Engineering,GSEBCS,2070,99.3436133,Stage I,2025-26,1,178
03215,"Bhartiya Vidya Bhavan'S Sardar Patel Institute Of Technology , Andheri, Mumbai",Mumbai,Un-Aided,Autonomous,Mumbai University,Autonomous Institute,0321524210,Computer Science And Engineering,LOPENS,1131,99.6130382,Stage I,2025-26,1,178
03215,"Bhartiya Vidya Bhavan'S Sardar Patel Institute Of Technology , Andheri, Mumbai",Mumbai,Un-Aided,Autonomous,Mumbai University,Autonomous Institute,0321524210,Computer Science And Engineering,LSCS,12089,96.5290013,Stage I,2025-26,1,178
03215,"Bhartiya Vidya Bhavan'S Sardar Patel Institute Of Technology , Andheri, Mumbai",Mumbai,Un-Aided,Autonomous,Mumbai University,Autonomous Institute,0321524210,Computer Science And Engineering,LSTS,32388,90.5015276,Stage I,2025-26,1,178
03215,"Bhartiya Vidya Bhavan'S Sardar Patel Institute Of Technology , Andheri, Mumbai",Mumbai,Un-Aided,Autonomous,Mumbai University,Autonomous Institute,0321524210,Computer Science And Engineering,LVJS,9275,97.3440033,Stage I,2025-26,1,178
03215,"Bhartiya Vidya Bhavan'S Sardar Patel Institute Of Technology , Andheri, Mumbai",Mumbai,Un-Aided,Autonomous,Mumbai University,Autonomous Institute,0321524210,Computer Science And Engineering,LNT2S,3373,98.9886541,Stage I,2025-26,1,178
03215,"Bhartiya Vidya Bhavan'S Sardar Patel Institute Of Technology , Andheri, Mumbai",Mumbai,Un-Aided,Autonomous,Mumbai University,Autonomous Institute,0321524210,Computer Science And Engineering,LOBCS,2289,99.2859631,Stage I,2025-26,1,178
03215,"Bhartiya Vidya Bhavan'S Sardar Patel Institute Of Technology , Andheri, Mumbai",Mumbai,Un-Aided,Autonomous,Mumbai University,Autonomous Institute,0321524210,Computer Science And Engineering,LSEBCS,2241,99.2992853,Stage I,2025-26,1,178
03215,"Bhartiya Vidya Bhavan'S Sardar Patel Institute Of Technology , Andheri, Mumbai",Mumbai,Un-Aided,Autonomous,Mumbai University,Autonomous Institute,0321524210,Computer Science And Engineering,PWDOPENS,22035,93.5907336,Stage I,2025-26,1,178
03215,"Bhartiya Vidya Bhavan'S Sardar Patel Institute Of Technology , Andheri, Mumbai",Mumbai,Un-Aided,Autonomous,Mumbai University,Autonomous Institute,0321524210,Computer Science And Engineering,PWDSCS,43053,87.3029561,Stage I,2025-26,1,178
03215,"Bhartiya Vidya Bhavan'S Sardar Patel Institute Of Technology , Andheri, Mumbai",Mumbai,Un-Aided,Autonomous,Mumbai University,Autonomous Institute,0321524210,Computer Science And Engineering,PWDOBCS,49860,85.1002266,Stage I,2025-26,1,178
03215,"Bhartiya Vidya Bhavan'S Sardar Patel Institute Of Technology , Andheri, Mumbai",Mumbai,Un-Aided,Autonomous,Mumbai University,Autonomous Institute,0321524210,Computer Science And Engineering,DEFOPENS,3936,98.8330902,Stage I,2025-26,1,178
03215,"Bhartiya Vidya Bhavan'S Sardar Patel Institute Of Technology , Andheri, Mumbai",Mumbai,Un-Aided,Autonomous,Mumbai University,Autonomous Institute,0321524210,Computer Science And Engineering,DEFSCS,28564,91.6927138,Stage I,2025-26,1,178
03215,"Bhartiya Vidya Bhavan'S Sardar Patel Institute Of Technology , Andheri, Mumbai",Mumbai,Un-Aided,Autonomous,Mumbai University,Autonomous Institute,0321524210,Computer Science And Engineering,DEFOBCS,4350,98.7176394,Stage I,2025-26,1,178
03215,"Bhartiya Vidya Bhavan'S Sardar Patel Institute Of Technology , Andheri, Mumbai",Mumbai,Un-Aided,Autonomous,Mumbai University,Autonomous Institute,0321524210,Computer Science And Engineering,TFWS,981,99.6532903,Stage I,2025-26,1,178
03215,"Bhartiya Vidya Bhavan'S Sardar Patel Institute Of Technology , Andheri, Mumbai",Mumbai,Un-Aided,Autonomous,Mumbai University,Autonomous Institute,0321524210,Computer Science And Engineering,ORPHAN,116656,60.422115,Stage I,2025-26,1,178
03215,"Bhartiya Vidya Bhavan'S Sardar Patel Institute Of Technology , Andheri, Mumbai",Mumbai,Un-Aided,Autonomous,Mumbai University,Autonomous Institute,0321524210,Computer Science And Engineering,EWS,2584,99.2000846,Stage I,2025-26,1,178
03215,"Bhartiya Vidya Bhavan'S Sardar Patel Institute Of Technology , Andheri, Mumbai",Mumbai,Un-Aided,Autonomous,Mumbai University,Autonomous Institute,0321524510,Computer Engineering,GOPENS,684,99.7481977,Stage I,2025-26,1,178
03215,"Bhartiya Vidya Bhavan'S Sardar Patel Institute Of Technology , Andheri, Mumbai",Mumbai,Un-Aided,Autonomous,Mumbai University,Autonomous Institute,0321524510,Computer Engineering,GSCS,7330,97.8951049,Stage I,2025-26,1,178
03215,"Bhartiya Vidya Bhavan'S Sardar Patel Institute Of Technology , Andheri, Mumbai",Mumbai,Un-Aided,Autonomous,Mumbai University,Autonomous Institute,0321524510,Computer Engineering,GSTS,33451,90.1551333,Stage I,2025-26,1,178
03215,"Bhartiya Vidya Bhavan'S Sardar Patel Institute Of Technology , Andheri, Mumbai",Mumbai,Un-Aided,Autonomous,Mumbai University,Autonomous Institute,0321524510,Computer Engineering,GVJS,4972,98.5497647,Stage I,2025-26,1,178
03215,"Bhartiya Vidya Bhavan'S Sardar Patel Institute Of Technology , Andheri, Mumbai",Mumbai,Un-Aided,Autonomous,Mumbai University,Autonomous Institute,0321524510,Computer Engineering,GNT1S,2593,99.2000846,Stage I,2025-26,1,178
03215,"Bhartiya Vidya Bhavan'S Sardar Patel Institute Of Technology , Andheri, Mumbai",Mumbai,Un-Aided,Autonomous,Mumbai University,Autonomous Institute,0321524510,Computer Engineering,GNT2S,4312,98.7251829,Stage I,2025-26,1,178
03215,"Bhartiya Vidya Bhavan'S Sardar Patel Institute Of Technology , Andheri, Mumbai",Mumbai,Un-Aided,Autonomous,Mumbai University,Autonomous Institute,0321524510,Computer Engineering,GNT3S,1455,99.521161,Stage I,2025-26,1,178
03215,"Bhartiya Vidya Bhavan'S Sardar Patel Institute Of Technology , Andheri, Mumbai",Mumbai,Un-Aided,Autonomous,Mumbai University,Autonomous Institute,0321524510,Computer Engineering,GOBCS,1602,99.4805648,Stage I,2025-26,1,178
03215,"Bhartiya Vidya Bhavan'S Sardar Patel Institute Of Technology , Andheri, Mumbai",Mumbai,Un-Aided,Autonomous,Mumbai University,Autonomous Institute,0321524510,Computer Engineering,GSEBCS,2049,99.3496503,Stage I,2025-26,1,178
03215,"Bhartiya Vidya Bhavan'S Sardar Patel Institute Of Technology , Andheri, Mumbai",Mumbai,Un-Aided,Autonomous,Mumbai University,Autonomous Institute,0321524510,Computer Engineering,LOPENS,1086,99.6204193,Stage I,2025-26,1,178
03215,"Bhartiya Vidya Bhavan'S Sardar Patel Institute Of Technology , Andheri, Mumbai",Mumbai,Un-Aided,Autonomous,Mumbai University,Autonomous Institute,0321524510,Computer Engineering,LSCS,13223,96.2208795,Stage I,2025-26,1,178
03215,"Bhartiya Vidya Bhavan'S Sardar Patel Institute Of Technology , Andheri, Mumbai",Mumbai,Un-Aided,Autonomous,Mumbai University,Autonomous Institute,0321524510,Computer Engineering,LSTS,41702,87.6831328,Stage I,2025-26,1,178
03215,"Bhartiya Vidya Bhavan'S Sardar Patel Institute Of Technology , Andheri, Mumbai",Mumbai,Un-Aided,Autonomous,Mumbai University,Autonomous Institute,0321524510,Computer Engineering,LVJS,17503,94.9425795,Stage I,2025-26,1,178
03215,"Bhartiya Vidya Bhavan'S Sardar Patel Institute Of Technology , Andheri, Mumbai",Mumbai,Un-Aided,Autonomous,Mumbai University,Autonomous Institute,0321524510,Computer Engineering,LNT1S,6300,98.1869508,Stage I,2025-26,1,178
03215,"Bhartiya Vidya Bhavan'S Sardar Patel Institute Of Technology , Andheri, Mumbai",Mumbai,Un-Aided,Autonomous,Mumbai University,Autonomous Institute,0321524510,Computer Engineering,LNT2S,9203,97.3645465,Stage I,2025-26,1,178
03215,"Bhartiya Vidya Bhavan'S Sardar Patel Institute Of Technology , Andheri, Mumbai",Mumbai,Un-Aided,Autonomous,Mumbai University,Autonomous Institute,0321524510,Computer Engineering,LNT3S,2783,99.1528674,Stage I,2025-26,1,178
03215,"Bhartiya Vidya Bhavan'S Sardar Patel Institute Of Technology , Andheri, Mumbai",Mumbai,Un-Aided,Autonomous,Mumbai University,Autonomous Institute,0321524510,Computer Engineering,LOBCS,2965,99.1024868,Stage I,2025-26,1,178
03215,"Bhartiya Vidya Bhavan'S Sardar Patel Institute Of Technology , Andheri, Mumbai",Mumbai,Un-Aided,Autonomous,Mumbai University,Autonomous Institute,0321524510,Computer Engineering,LSEBCS,3826,98.8506155,Stage I,2025-26,1,178
03215,"Bhartiya Vidya Bhavan'S Sardar Patel Institute Of Technology , Andheri, Mumbai",Mumbai,Un-Aided,Autonomous,Mumbai University,Autonomous Institute,0321524510,Computer Engineering,PWDOPENS,21480,93.7635248,Stage I,2025-26,1,178
03215,"Bhartiya Vidya Bhavan'S Sardar Patel Institute Of Technology , Andheri, Mumbai",Mumbai,Un-Aided,Autonomous,Mumbai University,Autonomous Institute,0321524510,Computer Engineering,PWDOBCS,57276,82.8332926,Stage I,2025-26,1,178
03215,"Bhartiya Vidya Bhavan'S Sardar Patel Institute Of Technology , Andheri, Mumbai",Mumbai,Un-Aided,Autonomous,Mumbai University,Autonomous Institute,0321524510,Computer Engineering,PWDSEBCS,36169,89.2945239,Stage I,2025-26,1,178
03215,"Bhartiya Vidya Bhavan'S Sardar Patel Institute Of Technology , Andheri, Mumbai",Mumbai,Un-Aided,Autonomous,Mumbai University,Autonomous Institute,0321524510,Computer Engineering,DEFOPENS,4334,98.7237762,Stage I,2025-26,1,178
03215,"Bhartiya Vidya Bhavan'S Sardar Patel Institute Of Technology , Andheri, Mumbai",Mumbai,Un-Aided,Autonomous,Mumbai University,Autonomous Institute,0321524510,Computer Engineering,DEFSCS,22896,93.3597277,Stage I,2025-26,1,178
03215,"Bhartiya Vidya Bhavan'S Sardar Patel Institute Of Technology , Andheri, Mumbai",Mumbai,Un-Aided,Autonomous,Mumbai University,Autonomous Institute,0321524510,Computer Engineering,DEFOBCS,7478,97.857952,Stage I,2025-26,1,178
03215,"Bhartiya Vidya Bhavan'S Sardar Patel Institute Of Technology , Andheri, Mumbai",Mumbai,Un-Aided,Autonomous,Mumbai University,Autonomous Institute,0321524510,Computer Engineering,DEFSEBCS,6428,98.1583115,Stage I,2025-26,1,178
03215,"Bhartiya Vidya Bhavan'S Sardar Patel Institute Of Technology , Andheri, Mumbai",Mumbai,Un-Aided,Autonomous,Mumbai University,Autonomous Institute,0321524510,Computer Engineering,TFWS,839,99.6969697,Stage I,2025-26,1,178
03215,"Bhartiya Vidya Bhavan'S Sardar Patel Institute Of Technology , Andheri, Mumbai",Mumbai,Un-Aided,Autonomous,Mumbai University,Autonomous Institute,0321524510,Computer Engineering,PWDROBCS,22058,93.5806832,Stage I,2025-26,1,178
03215,"Bhartiya Vidya Bhavan'S Sardar Patel Institute Of Technology , Andheri, Mumbai",Mumbai,Un-Aided,Autonomous,Mumbai University,Autonomous Institute,0321524510,Computer Engineering,DEFRNT3S,5648,98.3654081,Stage I,2025-26,1,178
03215,"Bhartiya Vidya Bhavan'S Sardar Patel Institute Of Technology , Andheri, Mumbai",Mumbai,Un-Aided,Autonomous,Mumbai University,Autonomous Institute,0321524510,Computer Engineering,ORPHAN,187196,16.860405,Stage I,2025-26,1,178
03215,"Bhartiya Vidya Bhavan'S Sardar Patel Institute Of Technology , Andheri, Mumbai",Mumbai,Un-Aided,Autonomous,Mumbai University,Autonomous Institute,0321524510,Computer Engineering,EWS,3227,99.0285279,Stage I,2025-26,1,178
03215,"Bhartiya Vidya Bhavan'S Sardar Patel Institute Of Technology , Andheri, Mumbai",Mumbai,Un-Aided,Autonomous,Mumbai University,Autonomous Institute,0321537210,Electronics And Telecommunication Engg,GOPENS,1417,99.5308338,Stage I,2025-26,1,178
03215,"Bhartiya Vidya Bhavan'S Sardar Patel Institute Of Technology , Andheri, Mumbai",Mumbai,Un-Aided,Autonomous,Mumbai University,Autonomous Institute,0321537210,Electronics And Telecommunication Engg,GSCS,11673,96.6641485,Stage I,2025-26,1,178
03215,"Bhartiya Vidya Bhavan'S Sardar Patel Institute Of Technology , Andheri, Mumbai",Mumbai,Un-Aided,Autonomous,Mumbai University,Autonomous Institute,0321537210,Electronics And Telecommunication Engg,GSTS,37745,88.8689717,Stage I,2025-26,1,178
03215,"Bhartiya Vidya Bhavan'S Sardar Patel Institute Of Technology , Andheri, Mumbai",Mumbai,Un-Aided,Autonomous,Mumbai University,Autonomous Institute,0321537210,Electronics And Telecommunication Engg,GVJS,6699,98.0759881,Stage I,2025-26,1,178
03215,"Bhartiya Vidya Bhavan'S Sardar Patel Institute Of Technology , Andheri, Mumbai",Mumbai,Un-Aided,Autonomous,Mumbai University,Autonomous Institute,0321537210,Electronics And Telecommunication Engg,GNT1S,6133,98.2326849,Stage I,2025-26,1,178
03215,"Bhartiya Vidya Bhavan'S Sardar Patel Institute Of Technology , Andheri, Mumbai",Mumbai,Un-Aided,Autonomous,Mumbai University,Autonomous Institute,0321537210,Electronics And Telecommunication Engg,GNT2S,5016,98.5365513,Stage I,2025-26,1,178
03215,"Bhartiya Vidya Bhavan'S Sardar Patel Institute Of Technology , Andheri, Mumbai",Mumbai,Un-Aided,Autonomous,Mumbai University,Autonomous Institute,0321537210,Electronics And Telecommunication Engg,GNT3S,3099,99.0556065,Stage I,2025-26,1,178
03215,"Bhartiya Vidya Bhavan'S Sardar Patel Institute Of Technology , Andheri, Mumbai",Mumbai,Un-Aided,Autonomous,Mumbai University,Autonomous Institute,0321537210,Electronics And Telecommunication Engg,GOBCS,3110,99.0556065,Stage I,2025-26,1,178
03215,"Bhartiya Vidya Bhavan'S Sardar Patel Institute Of Technology , Andheri, Mumbai",Mumbai,Un-Aided,Autonomous,Mumbai University,Autonomous Institute,0321537210,Electronics And Telecommunication Engg,GSEBCS,4792,98.5969299,Stage I,2025-26,1,178
03215,"Bhartiya Vidya Bhavan'S Sardar Patel Institute Of Technology , Andheri, Mumbai",Mumbai,Un-Aided,Autonomous,Mumbai University,Autonomous Institute,0321537210,Electronics And Telecommunication Engg,LOPENS,2419,99.2485911,Stage I,2025-26,1,178
03215,"Bhartiya Vidya Bhavan'S Sardar Patel Institute Of Technology , Andheri, Mumbai",Mumbai,Un-Aided,Autonomous,Mumbai University,Autonomous Institute,0321537210,Electronics And Telecommunication Engg,LSCS,14657,95.7887398,Stage I,2025-26,1,178
03215,"Bhartiya Vidya Bhavan'S Sardar Patel Institute Of Technology , Andheri, Mumbai",Mumbai,Un-Aided,Autonomous,Mumbai University,Autonomous Institute,0321537210,Electronics And Telecommunication Engg,LSTS,85437,73.1347962,Stage I,2025-26,1,178
03215,"Bhartiya Vidya Bhavan'S Sardar Patel Institute Of Technology , Andheri, Mumbai",Mumbai,Un-Aided,Autonomous,Mumbai University,Autonomous Institute,0321537210,Electronics And Telecommunication Engg,LVJS,29558,91.3131313,Stage I,2025-26,1,178
03215,"Bhartiya Vidya Bhavan'S Sardar Patel Institute Of Technology , Andheri, Mumbai",Mumbai,Un-Aided,Autonomous,Mumbai University,Autonomous Institute,0321537210,Electronics And Telecommunication Engg,LNT2S,13825,96.0008239,Stage I,2025-26,1,178
03215,"Bhartiya Vidya Bhavan'S Sardar Patel Institute Of Technology , Andheri, Mumbai",Mumbai,Un-Aided,Autonomous,Mumbai University,Autonomous Institute,0321537210,Electronics And Telecommunication Engg,LNT3S,13535,96.139486,Stage I,2025-26,1,178
03215,"Bhartiya Vidya Bhavan'S Sardar Patel Institute Of Technology , Andheri, Mumbai",Mumbai,Un-Aided,Autonomous,Mumbai University,Autonomous Institute,0321537210,Electronics And Telecommunication Engg,LOBCS,5027,98.5365513,Stage I,2025-26,1,178
03215,"Bhartiya Vidya Bhavan'S Sardar Patel Institute Of Technology , Andheri, Mumbai",Mumbai,Un-Aided,Autonomous,Mumbai University,Autonomous Institute,0321537210,Electronics And Telecommunication Engg,LSEBCS,6678,98.0845148,Stage I,2025-26,1,178
03215,"Bhartiya Vidya Bhavan'S Sardar Patel Institute Of Technology , Andheri, Mumbai",Mumbai,Un-Aided,Autonomous,Mumbai University,Autonomous Institute,0321537210,Electronics And Telecommunication Engg,PWDOPENS,64519,80.3575863,Stage I,2025-26,1,178
03215,"Bhartiya Vidya Bhavan'S Sardar Patel Institute Of Technology , Andheri, Mumbai",Mumbai,Un-Aided,Autonomous,Mumbai University,Autonomous Institute,0321537210,Electronics And Telecommunication Engg,PWDOBCS,131902,53.2657343,Stage I,2025-26,1,178
03215,"Bhartiya Vidya Bhavan'S Sardar Patel Institute Of Technology , Andheri, Mumbai",Mumbai,Un-Aided,Autonomous,Mumbai University,Autonomous Institute,0321537210,Electronics And Telecommunication Engg,DEFOPENS,5350,98.4352625,Stage I,2025-26,1,178
03215,"Bhartiya Vidya Bhavan'S Sardar Patel Institute Of Technology , Andheri, Mumbai",Mumbai,Un-Aided,Autonomous,Mumbai University,Autonomous Institute,0321537210,Electronics And Telecommunication Engg,DEFSCS,30797,90.970538,Stage I,2025-26,1,178
03215,"Bhartiya Vidya Bhavan'S Sardar Patel Institute Of Technology , Andheri, Mumbai",Mumbai,Un-Aided,Autonomous,Mumbai University,Autonomous Institute,0321537210,Electronics And Telecommunication Engg,DEFOBCS,10236,97.0921673,Stage I,2025-26,1,178
03215,"Bhartiya Vidya Bhavan'S Sardar Patel Institute Of Technology , Andheri, Mumbai",Mumbai,Un-Aided,Autonomous,Mumbai University,Autonomous Institute,0321537210,Electronics And Telecommunication Engg,TFWS,2511,99.2173286,Stage I,2025-26,1,178
03215,"Bhartiya Vidya Bhavan'S Sardar Patel Institute Of Technology , Andheri, Mumbai",Mumbai,Un-Aided,Autonomous,Mumbai University,Autonomous Institute,0321537210,Electronics And Telecommunication Engg,EWS,4518,98.6768077,Stage I,2025-26,1,178
03217,"Vighnaharata Trust'S Shivajirao S. Jondhale College Of Engineering & Technology, Shahapur, Asangaon, Dist Thane",Mumbai,Un-Aided,Non-Autonomous,Mumbai University,Mumbai University,0321719110,Civil Engineering,GOPENH,144934,46.3957696,Stage I,2025-26,1,185
03217,"Vighnaharata Trust'S Shivajirao S. Jondhale College Of Engineering & Technology, Shahapur, Asangaon, Dist Thane",Mumbai,Un-Aided,Non-Autonomous,Mumbai University,Mumbai University,0321719110,Civil Engineering,GSTH,177092,25.2088452,Stage I,2025-26,1,185
03217,"Vighnaharata Trust'S Shivajirao S. Jondhale College Of Engineering & Technology, Shahapur, Asangaon, Dist Thane",Mumbai,Un-Aided,Non-Autonomous,Mumbai University,Mumbai University,0321719110,Civil Engineering,GNT2H,186200,18.1456181,Stage I,2025-26,1,185
03217,"Vighnaharata Trust'S Shivajirao S. Jondhale College Of Engineering & Technology, Shahapur, Asangaon, Dist Thane",Mumbai,Un-Aided,Non-Autonomous,Mumbai University,Mumbai University,0321719110,Civil Engineering,GOBCH,196065,8.9230769,Stage I,2025-26,1,185
03217,"Vighnaharata Trust'S Shivajirao S. Jondhale College Of Engineering & Technology, Shahapur, Asangaon, Dist Thane",Mumbai,Un-Aided,Non-Autonomous,Mumbai University,Mumbai University,0321719110,Civil Engineering,LOPENH,156673,39.3601986,Stage I,2025-26,1,185
03217,"Vighnaharata Trust'S Shivajirao S. Jondhale College Of Engineering & Technology, Shahapur, Asangaon, Dist Thane",Mumbai,Un-Aided,Non-Autonomous,Mumbai University,Mumbai University,0321719110,Civil Engineering,GOPENO,197718,7.1923077,Stage I,2025-26,1,185
03217,"Vighnaharata Trust'S Shivajirao S. Jondhale College Of Engineering & Technology, Shahapur, Asangaon, Dist Thane",Mumbai,Un-Aided,Non-Autonomous,Mumbai University,Mumbai University,0321719110,Civil Engineering,GOPENO,152392,42.2674623,Stage I,2025-26,1,185
03217,"Vighnaharata Trust'S Shivajirao S. Jondhale College Of Engineering & Technology, Shahapur, Asangaon, Dist Thane",Mumbai,Un-Aided,Non-Autonomous,Mumbai University,Mumbai University,0321719110,Civil Engineering,GVJO,179979,22.8214173,Stage I,2025-26,1,185
03217,"Vighnaharata Trust'S Shivajirao S. Jondhale College Of Engineering & Technology, Shahapur, Asangaon, Dist Thane",Mumbai,Un-Aided,Non-Autonomous,Mumbai University,Mumbai University,0321719110,Civil Engineering,GOBCO,168483,32.0008834,Stage I,2025-26,1,185
03217,"Vighnaharata Trust'S Shivajirao S. Jondhale College Of Engineering & Technology, Shahapur, Asangaon, Dist Thane",Mumbai,Un-Aided,Non-Autonomous,Mumbai University,Mumbai University,0321719110,Civil Engineering,LOPENO,191846,13.01665,Stage I,2025-26,1,185
03217,"Vighnaharata Trust'S Shivajirao S. Jondhale College Of Engineering & Technology, Shahapur, Asangaon, Dist Thane",Mumbai,Un-Aided,Non-Autonomous,Mumbai University,Mumbai University,0321719110,Civil Engineering,LOBCO,195049,9.8110718,Stage I,2025-26,1,185
03217,"Vighnaharata Trust'S Shivajirao S. Jondhale College Of Engineering & Technology, Shahapur, Asangaon, Dist Thane",Mumbai,Un-Aided,Non-Autonomous,Mumbai University,Mumbai University,0321724510,Computer Engineering,GOPENH,70055,78.5512207,Stage I,2025-26,1,186
03217,"Vighnaharata Trust'S Shivajirao S. Jondhale College Of Engineering & Technology, Shahapur, Asangaon, Dist Thane",Mumbai,Un-Aided,Non-Autonomous,Mumbai University,Mumbai University,0321724510,Computer Engineering,GSCH,82224,74.0094972,Stage I,2025-26,1,186
03217,"Vighnaharata Trust'S Shivajirao S. Jondhale College Of Engineering & Technology, Shahapur, Asangaon, Dist Thane",Mumbai,Un-Aided,Non-Autonomous,Mumbai University,Mumbai University,0321724510,Computer Engineering,GVJH,101370,66.9039004,Stage I,2025-26,1,186
03217,"Vighnaharata Trust'S Shivajirao S. Jondhale College Of Engineering & Technology, Shahapur, Asangaon, Dist Thane",Mumbai,Un-Aided,Non-Autonomous,Mumbai University,Mumbai University,0321724510,Computer Engineering,GNT1H,152173,42.6339209,Stage I,2025-26,1,186
03217,"Vighnaharata Trust'S Shivajirao S. Jondhale College Of Engineering & Technology, Shahapur, Asangaon, Dist Thane",Mumbai,Un-Aided,Non-Autonomous,Mumbai University,Mumbai University,0321724510,Computer Engineering,GNT3H,107165,64.3453843,Stage I,2025-26,1,186
03217,"Vighnaharata Trust'S Shivajirao S. Jondhale College Of Engineering & Technology, Shahapur, Asangaon, Dist Thane",Mumbai,Un-Aided,Non-Autonomous,Mumbai University,Mumbai University,0321724510,Computer Engineering,GOBCH,80636,75.1620214,Stage I,2025-26,1,186
03217,"Vighnaharata Trust'S Shivajirao S. Jondhale College Of Engineering & Technology, Shahapur, Asangaon, Dist Thane",Mumbai,Un-Aided,Non-Autonomous,Mumbai University,Mumbai University,0321724510,Computer Engineering,GSEBCH,107446,64.3453843,Stage I,2025-26,1,186
03217,"Vighnaharata Trust'S Shivajirao S. Jondhale College Of Engineering & Technology, Shahapur, Asangaon, Dist Thane",Mumbai,Un-Aided,Non-Autonomous,Mumbai University,Mumbai University,0321724510,Computer Engineering,LOPENH,70373,78.4342571,Stage I,2025-26,1,186
03217,"Vighnaharata Trust'S Shivajirao S. Jondhale College Of Engineering & Technology, Shahapur, Asangaon, Dist Thane",Mumbai,Un-Aided,Non-Autonomous,Mumbai University,Mumbai University,0321724510,Computer Engineering,LSCH,84628,73.4722277,Stage I,2025-26,1,186
03217,"Vighnaharata Trust'S Shivajirao S. Jondhale College Of Engineering & Technology, Shahapur, Asangaon, Dist Thane",Mumbai,Un-Aided,Non-Autonomous,Mumbai University,Mumbai University,0321724510,Computer Engineering,LOBCH,72511,77.9513058,Stage I,2025-26,1,186
03217,"Vighnaharata Trust'S Shivajirao S. Jondhale College Of Engineering & Technology, Shahapur, Asangaon, Dist Thane",Mumbai,Un-Aided,Non-Autonomous,Mumbai University,Mumbai University,0321724510,Computer Engineering,LSEBCH,119039,59.1762367,Stage I,2025-26,1,186
03217,"Vighnaharata Trust'S Shivajirao S. Jondhale College Of Engineering & Technology, Shahapur, Asangaon, Dist Thane",Mumbai,Un-Aided,Non-Autonomous,Mumbai University,Mumbai University,0321724510,Computer Engineering,PWDOPENH,165514,33.0802795,Stage I,2025-26,1,186
03217,"Vighnaharata Trust'S Shivajirao S. Jondhale College Of Engineering & Technology, Shahapur, Asangaon, Dist Thane",Mumbai,Un-Aided,Non-Autonomous,Mumbai University,Mumbai University,0321724510,Computer Engineering,GOPENO,88474,71.8197195,Stage I,2025-26,1,186
03217,"Vighnaharata Trust'S Shivajirao S. Jondhale College Of Engineering & Technology, Shahapur, Asangaon, Dist Thane",Mumbai,Un-Aided,Non-Autonomous,Mumbai University,Mumbai University,0321724510,Computer Engineering,GSCO,108364,63.6512871,Stage I,2025-26,1,186
03217,"Vighnaharata Trust'S Shivajirao S. Jondhale College Of Engineering & Technology, Shahapur, Asangaon, Dist Thane",Mumbai,Un-Aided,Non-Autonomous,Mumbai University,Mumbai University,0321724510,Computer Engineering,GOBCO,103907,65.8992965,Stage I,2025-26,1,186
03217,"Vighnaharata Trust'S Shivajirao S. Jondhale College Of Engineering & Technology, Shahapur, Asangaon, Dist Thane",Mumbai,Un-Aided,Non-Autonomous,Mumbai University,Mumbai University,0321724510,Computer Engineering,LOPENO,104425,65.6692751,Stage I,2025-26,1,186
03217,"Vighnaharata Trust'S Shivajirao S. Jondhale College Of Engineering & Technology, Shahapur, Asangaon, Dist Thane",Mumbai,Un-Aided,Non-Autonomous,Mumbai University,Mumbai University,0321724510,Computer Engineering,LSCO,185797,18.5475444,Stage I,2025-26,1,186
03217,"Vighnaharata Trust'S Shivajirao S. Jondhale College Of Engineering & Technology, Shahapur, Asangaon, Dist Thane",Mumbai,Un-Aided,Non-Autonomous,Mumbai University,Mumbai University,0321724510,Computer Engineering,LOBCO,138559,49.6043895,Stage I,2025-26,1,186
03217,"Vighnaharata Trust'S Shivajirao S. Jondhale College Of Engineering & Technology, Shahapur, Asangaon, Dist Thane",Mumbai,Un-Aided,Non-Autonomous,Mumbai University,Mumbai University,0321724510,Computer Engineering,GNT2O,120174,58.6907687,Stage I,2025-26,1,186
03217,"Vighnaharata Trust'S Shivajirao S. Jondhale College Of Engineering & Technology, Shahapur, Asangaon, Dist Thane",Mumbai,Un-Aided,Non-Autonomous,Mumbai University,Mumbai University,0321724510,Computer Engineering,LSEBCO,135299,51.1762787,Stage I,2025-26,1,186
03217,"Vighnaharata Trust'S Shivajirao S. Jondhale College Of Engineering & Technology, Shahapur, Asangaon, Dist Thane",Mumbai,Un-Aided,Non-Autonomous,Mumbai University,Mumbai University,0321724510,Computer Engineering,TFWS,55864,83.2058578,Stage I,2025-26,1,186
03217,"Vighnaharata Trust'S Shivajirao S. Jondhale College Of Engineering & Technology, Shahapur, Asangaon, Dist Thane",Mumbai,Un-Aided,Non-Autonomous,Mumbai University,Mumbai University,0321737210,Electronics And Telecommunication Engg,GOPENH,125043,56.5039753,Stage I,2025-26,1,187
03217,"Vighnaharata Trust'S Shivajirao S. Jondhale College Of Engineering & Technology, Shahapur, Asangaon, Dist Thane",Mumbai,Un-Aided,Non-Autonomous,Mumbai University,Mumbai University,0321737210,Electronics And Telecommunication Engg,GSCH,195383,9.6906054,Stage I,2025-26,1,187
03217,"Vighnaharata Trust'S Shivajirao S. Jondhale College Of Engineering & Technology, Shahapur, Asangaon, Dist Thane",Mumbai,Un-Aided,Non-Autonomous,Mumbai University,Mumbai University,0321737210,Electronics And Telecommunication Engg,GOBCH,144377,46.7613499,Stage I,2025-26,1,187
03217,"Vighnaharata Trust'S Shivajirao S. Jondhale College Of Engineering & Technology, Shahapur, Asangaon, Dist Thane",Mumbai,Un-Aided,Non-Autonomous,Mumbai University,Mumbai University,0321737210,Electronics And Telecommunication Engg,GSEBCH,170660,29.5314685,Stage I,2025-26,1,187
03217,"Vighnaharata Trust'S Shivajirao S. Jondhale College Of Engineering & Technology, Shahapur, Asangaon, Dist Thane",Mumbai,Un-Aided,Non-Autonomous,Mumbai University,Mumbai University,0321737210,Electronics And Telecommunication Engg,LOPENH,117675,60.2517483,Stage I,2025-26,1,187
03217,"Vighnaharata Trust'S Shivajirao S. Jondhale College Of Engineering & Technology, Shahapur, Asangaon, Dist Thane",Mumbai,Un-Aided,Non-Autonomous,Mumbai University,Mumbai University,0321737210,Electronics And Telecommunication Engg,LSCH,159090,37.6293706,Stage I,2025-26,1,187
03217,"Vighnaharata Trust'S Shivajirao S. Jondhale College Of Engineering & Technology, Shahapur, Asangaon, Dist Thane",Mumbai,Un-Aided,Non-Autonomous,Mumbai University,Mumbai University,0321737210,Electronics And Telecommunication Engg,LOBCH,140308,49.1540892,Stage I,2025-26,1,187
03217,"Vighnaharata Trust'S Shivajirao S. Jondhale College Of Engineering & Technology, Shahapur, Asangaon, Dist Thane",Mumbai,Un-Aided,Non-Autonomous,Mumbai University,Mumbai University,0321737210,Electronics And Telecommunication Engg,GOPENO,138266,49.7291102,Stage I,2025-26,1,187
03217,"Vighnaharata Trust'S Shivajirao S. Jondhale College Of Engineering & Technology, Shahapur, Asangaon, Dist Thane",Mumbai,Un-Aided,Non-Autonomous,Mumbai University,Mumbai University,0321737210,Electronics And Telecommunication Engg,GSCO,176253,25.5643537,Stage I,2025-26,1,187
03217,"Vighnaharata Trust'S Shivajirao S. Jondhale College Of Engineering & Technology, Shahapur, Asangaon, Dist Thane",Mumbai,Un-Aided,Non-Autonomous,Mumbai University,Mumbai University,0321737210,Electronics And Telecommunication Engg,GOBCO,171960,28.9513426,Stage I,2025-26,1,187
03217,"Vighnaharata Trust'S Shivajirao S. Jondhale College Of Engineering & Technology, Shahapur, Asangaon, Dist Thane",Mumbai,Un-Aided,Non-Autonomous,Mumbai University,Mumbai University,0321737210,Electronics And Telecommunication Engg,LOPENO,131635,53.2657343,Stage I,2025-26,1,187
03217,"Vighnaharata Trust'S Shivajirao S. Jondhale College Of Engineering & Technology, Shahapur, Asangaon, Dist Thane",Mumbai,Un-Aided,Non-Autonomous,Mumbai University,Mumbai University,0321737210,Electronics And Telecommunication Engg,TFWS,84128,73.5570613,Stage I,2025-26,1,187
03217,"Vighnaharata Trust'S Shivajirao S. Jondhale College Of Engineering & Technology, Shahapur, Asangaon, Dist Thane",Mumbai,Un-Aided,Non-Autonomous,Mumbai University,Mumbai University,0321761210,Mechanical Engineering,GOPENH,173804,28.3031822,Stage I,2025-26,1,188
03217,"Vighnaharata Trust'S Shivajirao S. Jondhale College Of Engineering & Technology, Shahapur, Asangaon, Dist Thane",Mumbai,Un-Aided,Non-Autonomous,Mumbai University,Mumbai University,0321761210,Mechanical Engineering,GOBCH,200320,4.4409613,Stage I,2025-26,1,188
03217,"Vighnaharata Trust'S Shivajirao S. Jondhale College Of Engineering & Technology, Shahapur, Asangaon, Dist Thane",Mumbai,Un-Aided,Non-Autonomous,Mumbai University,Mumbai University,0321761210,Mechanical Engineering,LOPENH,203713,0.0702001,Stage I,2025-26,1,188
03217,"Vighnaharata Trust'S Shivajirao S. Jondhale College Of Engineering & Technology, Shahapur, Asangaon, Dist Thane",Mumbai,Un-Aided,Non-Autonomous,Mumbai University,Mumbai University,0321761210,Mechanical Engineering,LOPENH,150835,43.031473,Stage II,2025-26,1,188
03217,"Vighnaharata Trust'S Shivajirao S. Jondhale College Of Engineering & Technology, Shahapur, Asangaon, Dist Thane",Mumbai,Un-Aided,Non-Autonomous,Mumbai University,Mumbai University,0321761210,Mechanical Engineering,GOPENO,188523,15.9545455,Stage I,2025-26,1,188
03217,"Vighnaharata Trust'S Shivajirao S. Jondhale College Of Engineering & Technology, Shahapur, Asangaon, Dist Thane",Mumbai,Un-Aided,Non-Autonomous,Mumbai University,Mumbai University,0321761210,Mechanical Engineering,GOPENO,169748,30.26063,Stage I,2025-26,1,188
03217,"Vighnaharata Trust'S Shivajirao S. Jondhale College Of Engineering & Technology, Shahapur, Asangaon, Dist Thane",Mumbai,Un-Aided,Non-Autonomous,Mumbai University,Mumbai University,0321761210,Mechanical Engineering,GOBCO,199788,5.1070551,Stage I,2025-26,1,188
03217,"Vighnaharata Trust'S Shivajirao S. Jondhale College Of Engineering & Technology, Shahapur, Asangaon, Dist Thane",Mumbai,Un-Aided,Non-Autonomous,Mumbai University,Mumbai University,0321761210,Mechanical Engineering,LOPENO,159001,38.2479385,Stage II,2025-26,1,188
03217,"Vighnaharata Trust'S Shivajirao S. Jondhale College Of Engineering & Technology, Shahapur, Asangaon, Dist Thane",Mumbai,Un-Aided,Non-Autonomous,Mumbai University,Mumbai University,0321791610,Automation And Robotics,GOPENH,119029,59.1762367,Stage I,2025-26,1,189
03217,"Vighnaharata Trust'S Shivajirao S. Jondhale College Of Engineering & Technology, Shahapur, Asangaon, Dist Thane",Mumbai,Un-Aided,Non-Autonomous,Mumbai University,Mumbai University,0321791610,Automation And Robotics,GSCH,173257,28.3463753,Stage I,2025-26,1,189
03217,"Vighnaharata Trust'S Shivajirao S. Jondhale College Of Engineering & Technology, Shahapur, Asangaon, Dist Thane",Mumbai,Un-Aided,Non-Autonomous,Mumbai University,Mumbai University,0321791610,Automation And Robotics,GOBCH,164587,33.6209084,Stage I,2025-26,1,189
03217,"Vighnaharata Trust'S Shivajirao S. Jondhale College Of Engineering & Technology, Shahapur, Asangaon, Dist Thane",Mumbai,Un-Aided,Non-Autonomous,Mumbai University,Mumbai University,0321791610,Automation And Robotics,GSEBCH,128830,54.4314351,Stage I,2025-26,1,189
03217,"Vighnaharata Trust'S Shivajirao S. Jondhale College Of Engineering & Technology, Shahapur, Asangaon, Dist Thane",Mumbai,Un-Aided,Non-Autonomous,Mumbai University,Mumbai University,0321791610,Automation And Robotics,LOPENH,155646,39.7546871,Stage I,2025-26,1,189
03217,"Vighnaharata Trust'S Shivajirao S. Jondhale College Of Engineering & Technology, Shahapur, Asangaon, Dist Thane",Mumbai,Un-Aided,Non-Autonomous,Mumbai University,Mumbai University,0321791610,Automation And Robotics,LOBCH,163175,35.6771832,Stage I,2025-26,1,189
03217,"Vighnaharata Trust'S Shivajirao S. Jondhale College Of Engineering & Technology, Shahapur, Asangaon, Dist Thane",Mumbai,Un-Aided,Non-Autonomous,Mumbai University,Mumbai University,0321791610,Automation And Robotics,GNT1H,190966,13.9047479,Stage I,2025-26,1,189
03217,"Vighnaharata Trust'S Shivajirao S. Jondhale College Of Engineering & Technology, Shahapur, Asangaon, Dist Thane",Mumbai,Un-Aided,Non-Autonomous,Mumbai University,Mumbai University,0321791610,Automation And Robotics,GOPENO,127415,55.2744499,Stage I,2025-26,1,189
03217,"Vighnaharata Trust'S Shivajirao S. Jondhale College Of Engineering & Technology, Shahapur, Asangaon, Dist Thane",Mumbai,Un-Aided,Non-Autonomous,Mumbai University,Mumbai University,0321791610,Automation And Robotics,GSCO,138911,49.4020979,Stage I,2025-26,1,189
03217,"Vighnaharata Trust'S Shivajirao S. Jondhale College Of Engineering & Technology, Shahapur, Asangaon, Dist Thane",Mumbai,Un-Aided,Non-Autonomous,Mumbai University,Mumbai University,0321791610,Automation And Robotics,GOBCO,180266,22.4248107,Stage I,2025-26,1,189
03217,"Vighnaharata Trust'S Shivajirao S. Jondhale College Of Engineering & Technology, Shahapur, Asangaon, Dist Thane",Mumbai,Un-Aided,Non-Autonomous,Mumbai University,Mumbai University,0321791610,Automation And Robotics,GSEBCO,165441,33.0802795,Stage I,2025-26,1,189
03217,"Vighnaharata Trust'S Shivajirao S. Jondhale College Of Engineering & Technology, Shahapur, Asangaon, Dist Thane",Mumbai,Un-Aided,Non-Autonomous,Mumbai University,Mumbai University,0321791610,Automation And Robotics,LOPENO,201700,2.7906814,Stage I,2025-26,1,189
03217,"Vighnaharata Trust'S Shivajirao S. Jondhale College Of Engineering & Technology, Shahapur, Asangaon, Dist Thane",Mumbai,Un-Aided,Non-Autonomous,Mumbai University,Mumbai University,0321791610,Automation And Robotics,GSCO,196703,8.3381964,Stage I,2025-26,1,189
03217,"Vighnaharata Trust'S Shivajirao S. Jondhale College Of Engineering & Technology, Shahapur, Asangaon, Dist Thane",Mumbai,Un-Aided,Non-Autonomous,Mumbai University,Mumbai University,0321791610,Automation And Robotics,LOBCO,158954,38.2479385,Stage I,2025-26,1,189
03221,"Vishnu Waman Thakur Charitable Trust'S Viva Institute Of Technology, Virar",Mumbai,Un-Aided,Non-Autonomous,Mumbai University,Mumbai University,0322119110,Civil Engineering,GOPENH,125856,55.9381337,Stage I,2025-26,1,204
03221,"Vishnu Waman Thakur Charitable Trust'S Viva Institute Of Technology, Virar",Mumbai,Un-Aided,Non-Autonomous,Mumbai University,Mumbai University,0322119110,Civil Engineering,GNT2H,180343,22.4248107,Stage I,2025-26,1,204
03221,"Vishnu Waman Thakur Charitable Trust'S Viva Institute Of Technology, Virar",Mumbai,Un-Aided,Non-Autonomous,Mumbai University,Mumbai University,0322119110,Civil Engineering,GOBCH,169546,31.5596589,Stage I,2025-26,1,204
03221,"Vishnu Waman Thakur Charitable Trust'S Viva Institute Of Technology, Virar",Mumbai,Un-Aided,Non-Autonomous,Mumbai University,Mumbai University,0322119110,Civil Engineering,LOPENH,181063,22.1118881,Stage I,2025-26,1,204
03221,"Vishnu Waman Thakur Charitable Trust'S Viva Institute Of Technology, Virar",Mumbai,Un-Aided,Non-Autonomous,Mumbai University,Mumbai University,0322119110,Civil Engineering,LOPENH,128827,54.5739657,Stage II,2025-26,1,204
03221,"Vishnu Waman Thakur Charitable Trust'S Viva Institute Of Technology, Virar",Mumbai,Un-Aided,Non-Autonomous,Mumbai University,Mumbai University,0322119110,Civil Engineering,LOBCH,194274,10.8523619,Stage II,2025-26,1,204
03221,"Vishnu Waman Thakur Charitable Trust'S Viva Institute Of Technology, Virar",Mumbai,Un-Aided,Non-Autonomous,Mumbai University,Mumbai University,0322119110,Civil Engineering,GNT3H,170926,29.4125763,Stage I,2025-26,1,204
03221,"Vishnu Waman Thakur Charitable Trust'S Viva Institute Of Technology, Virar",Mumbai,Un-Aided,Non-Autonomous,Mumbai University,Mumbai University,0322119110,Civil Engineering,GOPENO,133776,52.1817116,Stage I,2025-26,1,204
03221,"Vishnu Waman Thakur Charitable Trust'S Viva Institute Of Technology, Virar",Mumbai,Un-Aided,Non-Autonomous,Mumbai University,Mumbai University,0322119110,Civil Engineering,GOBCO,154587,40.0432529,Stage I,2025-26,1,204
03221,"Vishnu Waman Thakur Charitable Trust'S Viva Institute Of Technology, Virar",Mumbai,Un-Aided,Non-Autonomous,Mumbai University,Mumbai University,0322119110,Civil Engineering,LOPENO,148984,43.658874,Stage II,2025-26,1,204
03221,"Vishnu Waman Thakur Charitable Trust'S Viva Institute Of Technology, Virar",Mumbai,Un-Aided,Non-Autonomous,Mumbai University,Mumbai University,0322124510,Computer Engineering,GOPENH,58550,82.3322294,Stage I,2025-26,1,205
03221,"Vishnu Waman Thakur Charitable Trust'S Viva Institute Of Technology, Virar",Mumbai,Un-Aided,Non-Autonomous,Mumbai University,Mumbai University,0322124510,Computer Engineering,GSCH,76170,76.67552,Stage I,2025-26,1,205
03221,"Vishnu Waman Thakur Charitable Trust'S Viva Institute Of Technology, Virar",Mumbai,Un-Aided,Non-Autonomous,Mumbai University,Mumbai University,0322124510,Computer Engineering,GVJH,139574,49.3416227,Stage I,2025-26,1,205
03221,"Vishnu Waman Thakur Charitable Trust'S Viva Institute Of Technology, Virar",Mumbai,Un-Aided,Non-Autonomous,Mumbai University,Mumbai University,0322124510,Computer Engineering,GNT1H,82208,74.0094972,Stage I,2025-26,1,205
03221,"Vishnu Waman Thakur Charitable Trust'S Viva Institute Of Technology, Virar",Mumbai,Un-Aided,Non-Autonomous,Mumbai University,Mumbai University,0322124510,Computer Engineering,GNT2H,102956,66.2972028,Stage I,2025-26,1,205
03221,"Vishnu Waman Thakur Charitable Trust'S Viva Institute Of Technology, Virar",Mumbai,Un-Aided,Non-Autonomous,Mumbai University,Mumbai University,0322124510,Computer Engineering,GNT3H,67950,79.3730892,Stage I,2025-26,1,205
03221,"Vishnu Waman Thakur Charitable Trust'S Viva Institute Of Technology, Virar",Mumbai,Un-Aided,Non-Autonomous,Mumbai University,Mumbai University,0322124510,Computer Engineering,GOBCH,64959,80.0,Stage I,2025-26,1,205
03221,"Vishnu Waman Thakur Charitable Trust'S Viva Institute Of Technology, Virar",Mumbai,Un-Aided,Non-Autonomous,Mumbai University,Mumbai University,0322124510,Computer Engineering,LOPENH,57345,82.8332926,Stage I,2025-26,1,205
03221,"Vishnu Waman Thakur Charitable Trust'S Viva Institute Of Technology, Virar",Mumbai,Un-Aided,Non-Autonomous,Mumbai University,Mumbai University,0322124510,Computer Engineering,LSCH,59429,82.1124479,Stage I,2025-26,1,205
03221,"Vishnu Waman Thakur Charitable Trust'S Viva Institute Of Technology, Virar",Mumbai,Un-Aided,Non-Autonomous,Mumbai University,Mumbai University,0322124510,Computer Engineering,LNT2H,194691,10.4152841,Stage I,2025-26,1,205
03221,"Vishnu Waman Thakur Charitable Trust'S Viva Institute Of Technology, Virar",Mumbai,Un-Aided,Non-Autonomous,Mumbai University,Mumbai University,0322124510,Computer Engineering,LOBCH,62358,81.1295102,Stage I,2025-26,1,205
03221,"Vishnu Waman Thakur Charitable Trust'S Viva Institute Of Technology, Virar",Mumbai,Un-Aided,Non-Autonomous,Mumbai University,Mumbai University,0322124510,Computer Engineering,GSTH,118761,59.2797111,Stage I,2025-26,1,205
03221,"Vishnu Waman Thakur Charitable Trust'S Viva Institute Of Technology, Virar",Mumbai,Un-Aided,Non-Autonomous,Mumbai University,Mumbai University,0322124510,Computer Engineering,GSEBCH,184013,19.7061157,Stage I,2025-26,1,205
03221,"Vishnu Waman Thakur Charitable Trust'S Viva Institute Of Technology, Virar",Mumbai,Un-Aided,Non-Autonomous,Mumbai University,Mumbai University,0322124510,Computer Engineering,GOPENO,77944,75.6075065,Stage I,2025-26,1,205
03221,"Vishnu Waman Thakur Charitable Trust'S Viva Institute Of Technology, Virar",Mumbai,Un-Aided,Non-Autonomous,Mumbai University,Mumbai University,0322124510,Computer Engineering,GSCO,125044,56.5039753,Stage I,2025-26,1,205
03221,"Vishnu Waman Thakur Charitable Trust'S Viva Institute Of Technology, Virar",Mumbai,Un-Aided,Non-Autonomous,Mumbai University,Mumbai University,0322124510,Computer Engineering,GOBCO,95251,69.3295893,Stage I,2025-26,1,205
03221,"Vishnu Waman Thakur Charitable Trust'S Viva Institute Of Technology, Virar",Mumbai,Un-Aided,Non-Autonomous,Mumbai University,Mumbai University,0322124510,Computer Engineering,GSEBCO,142553,47.3563218,Stage I,2025-26,1,205
03221,"Vishnu Waman Thakur Charitable Trust'S Viva Institute Of Technology, Virar",Mumbai,Un-Aided,Non-Autonomous,Mumbai University,Mumbai University,0322124510,Computer Engineering,LOPENO,56169,83.0707711,Stage I,2025-26,1,205
03221,"Vishnu Waman Thakur Charitable Trust'S Viva Institute Of Technology, Virar",Mumbai,Un-Aided,Non-Autonomous,Mumbai University,Mumbai University,0322124510,Computer Engineering,LSCO,170378,29.5314685,Stage I,2025-26,1,205
03221,"Vishnu Waman Thakur Charitable Trust'S Viva Institute Of Technology, Virar",Mumbai,Un-Aided,Non-Autonomous,Mumbai University,Mumbai University,0322124510,Computer Engineering,LOBCO,100175,67.217709,Stage I,2025-26,1,205
03221,"Vishnu Waman Thakur Charitable Trust'S Viva Institute Of Technology, Virar",Mumbai,Un-Aided,Non-Autonomous,Mumbai University,Mumbai University,0322124510,Computer Engineering,DEFOPENS,165369,33.0802795,Stage I,2025-26,1,205
03221,"Vishnu Waman Thakur Charitable Trust'S Viva Institute Of Technology, Virar",Mumbai,Un-Aided,Non-Autonomous,Mumbai University,Mumbai University,0322124510,Computer Engineering,TFWS,45178,86.6223776,Stage I,2025-26,1,205
03221,"Vishnu Waman Thakur Charitable Trust'S Viva Institute Of Technology, Virar",Mumbai,Un-Aided,Non-Autonomous,Mumbai University,Mumbai University,0322124510,Computer Engineering,EWS,200941,3.5736677,Stage I,2025-26,1,205
03221,"Vishnu Waman Thakur Charitable Trust'S Viva Institute Of Technology, Virar",Mumbai,Un-Aided,Non-Autonomous,Mumbai University,Mumbai University,0322137210,Electronics And Telecommunication Engg,GOPENH,89271,71.5830116,Stage I,2025-26,1,206
03221,"Vishnu Waman Thakur Charitable Trust'S Viva Institute Of Technology, Virar",Mumbai,Un-Aided,Non-Autonomous,Mumbai University,Mumbai University,0322137210,Electronics And Telecommunication Engg,GSCH,132692,52.8806012,Stage I,2025-26,1,206
03221,"Vishnu Waman Thakur Charitable Trust'S Viva Institute Of Technology, Virar",Mumbai,Un-Aided,Non-Autonomous,Mumbai University,Mumbai University,0322137210,Electronics And Telecommunication Engg,GNT1H,198847,6.0307212,Stage I,2025-26,1,206
03221,"Vishnu Waman Thakur Charitable Trust'S Viva Institute Of Technology, Virar",Mumbai,Un-Aided,Non-Autonomous,Mumbai University,Mumbai University,0322137210,Electronics And Telecommunication Engg,GNT2H,157159,39.3344201,Stage I,2025-26,1,206
03221,"Vishnu Waman Thakur Charitable Trust'S Viva Institute Of Technology, Virar",Mumbai,Un-Aided,Non-Autonomous,Mumbai University,Mumbai University,0322137210,Electronics And Telecommunication Engg,GOBCH,123800,57.0133407,Stage I,2025-26,1,206
03221,"Vishnu Waman Thakur Charitable Trust'S Viva Institute Of Technology, Virar",Mumbai,Un-Aided,Non-Autonomous,Mumbai University,Mumbai University,0322137210,Electronics And Telecommunication Engg,GSEBCH,179336,23.4132019,Stage I,2025-26,1,206
03221,"Vishnu Waman Thakur Charitable Trust'S Viva Institute Of Technology, Virar",Mumbai,Un-Aided,Non-Autonomous,Mumbai University,Mumbai University,0322137210,Electronics And Telecommunication Engg,LOPENH,86156,72.8948543,Stage I,2025-26,1,206
03221,"Vishnu Waman Thakur Charitable Trust'S Viva Institute Of Technology, Virar",Mumbai,Un-Aided,Non-Autonomous,Mumbai University,Mumbai University,0322137210,Electronics And Telecommunication Engg,LOBCH,112960,62.0615406,Stage I,2025-26,1,206
03221,"Vishnu Waman Thakur Charitable Trust'S Viva Institute Of Technology, Virar",Mumbai,Un-Aided,Non-Autonomous,Mumbai University,Mumbai University,0322137210,Electronics And Telecommunication Engg,LSEBCH,173446,28.3463753,Stage I,2025-26,1,206
03221,"Vishnu Waman Thakur Charitable Trust'S Viva Institute Of Technology, Virar",Mumbai,Un-Aided,Non-Autonomous,Mumbai University,Mumbai University,0322137210,Electronics And Telecommunication Engg,LSCH,159387,37.6293706,Stage II,2025-26,1,206
03221,"Vishnu Waman Thakur Charitable Trust'S Viva Institute Of Technology, Virar",Mumbai,Un-Aided,Non-Autonomous,Mumbai University,Mumbai University,0322137210,Electronics And Telecommunication Engg,GOPENO,145611,45.9245973,Stage I,2025-26,1,206
03221,"Vishnu Waman Thakur Charitable Trust'S Viva Institute Of Technology, Virar",Mumbai,Un-Aided,Non-Autonomous,Mumbai University,Mumbai University,0322137210,Electronics And Telecommunication Engg,GNT3O,166829,32.4837011,Stage I,2025-26,1,206
03221,"Vishnu Waman Thakur Charitable Trust'S Viva Institute Of Technology, Virar",Mumbai,Un-Aided,Non-Autonomous,Mumbai University,Mumbai University,0322137210,Electronics And Telecommunication Engg,GOBCO,162768,35.7798895,Stage I,2025-26,1,206
03221,"Vishnu Waman Thakur Charitable Trust'S Viva Institute Of Technology, Virar",Mumbai,Un-Aided,Non-Autonomous,Mumbai University,Mumbai University,0322137210,Electronics And Telecommunication Engg,GSCO,129384,54.1537389,Stage I,2025-26,1,206
03221,"Vishnu Waman Thakur Charitable Trust'S Viva Institute Of Technology, Virar",Mumbai,Un-Aided,Non-Autonomous,Mumbai University,Mumbai University,0322137210,Electronics And Telecommunication Engg,LOPENO,88060,71.8498844,Stage I,2025-26,1,206
03221,"Vishnu Waman Thakur Charitable Trust'S Viva Institute Of Technology, Virar",Mumbai,Un-Aided,Non-Autonomous,Mumbai University,Mumbai University,0322137210,Electronics And Telecommunication Engg,LOBCO,119256,59.1762367,Stage I,2025-26,1,206
03221,"Vishnu Waman Thakur Charitable Trust'S Viva Institute Of Technology, Virar",Mumbai,Un-Aided,Non-Autonomous,Mumbai University,Mumbai University,0322137210,Electronics And Telecommunication Engg,TFWS,88961,71.6607627,Stage I,2025-26,1,206
03221,"Vishnu Waman Thakur Charitable Trust'S Viva Institute Of Technology, Virar",Mumbai,Un-Aided,Non-Autonomous,Mumbai University,Mumbai University,0322161210,Mechanical Engineering,GOPENH,120862,58.4401523,Stage I,2025-26,1,207
03221,"Vishnu Waman Thakur Charitable Trust'S Viva Institute Of Technology, Virar",Mumbai,Un-Aided,Non-Autonomous,Mumbai University,Mumbai University,0322161210,Mechanical Engineering,GSCH,184008,19.7061157,Stage I,2025-26,1,207
03221,"Vishnu Waman Thakur Charitable Trust'S Viva Institute Of Technology, Virar",Mumbai,Un-Aided,Non-Autonomous,Mumbai University,Mumbai University,0322161210,Mechanical Engineering,GSTH,189773,14.9055715,Stage I,2025-26,1,207
03221,"Vishnu Waman Thakur Charitable Trust'S Viva Institute Of Technology, Virar",Mumbai,Un-Aided,Non-Autonomous,Mumbai University,Mumbai University,0322161210,Mechanical Engineering,GVJH,200396,4.3679994,Stage I,2025-26,1,207
03221,"Vishnu Waman Thakur Charitable Trust'S Viva Institute Of Technology, Virar",Mumbai,Un-Aided,Non-Autonomous,Mumbai University,Mumbai University,0322161210,Mechanical Engineering,GNT1H,177027,25.2088452,Stage I,2025-26,1,207
03221,"Vishnu Waman Thakur Charitable Trust'S Viva Institute Of Technology, Virar",Mumbai,Un-Aided,Non-Autonomous,Mumbai University,Mumbai University,0322161210,Mechanical Engineering,GOBCH,156584,39.3601986,Stage I,2025-26,1,207
03221,"Vishnu Waman Thakur Charitable Trust'S Viva Institute Of Technology, Virar",Mumbai,Un-Aided,Non-Autonomous,Mumbai University,Mumbai University,0322161210,Mechanical Engineering,GSEBCH,184520,19.2051273,Stage I,2025-26,1,207
03221,"Vishnu Waman Thakur Charitable Trust'S Viva Institute Of Technology, Virar",Mumbai,Un-Aided,Non-Autonomous,Mumbai University,Mumbai University,0322161210,Mechanical Engineering,LOPENH,179469,22.9939635,Stage I,2025-26,1,207
03221,"Vishnu Waman Thakur Charitable Trust'S Viva Institute Of Technology, Virar",Mumbai,Un-Aided,Non-Autonomous,Mumbai University,Mumbai University,0322161210,Mechanical Engineering,LOPENH,131599,53.2657343,Stage II,2025-26,1,207
03221,"Vishnu Waman Thakur Charitable Trust'S Viva Institute Of Technology, Virar",Mumbai,Un-Aided,Non-Autonomous,Mumbai University,Mumbai University,0322161210,Mechanical Engineering,LOBCH,159234,37.6293706,Stage II,2025-26,1,207
03221,"Vishnu Waman Thakur Charitable Trust'S Viva Institute Of Technology, Virar",Mumbai,Un-Aided,Non-Autonomous,Mumbai University,Mumbai University,0322161210,Mechanical Engineering,GOPENO,196012,9.0142807,Stage I,2025-26,1,207
03221,"Vishnu Waman Thakur Charitable Trust'S Viva Institute Of Technology, Virar",Mumbai,Un-Aided,Non-Autonomous,Mumbai University,Mumbai University,0322161210,Mechanical Engineering,GOPENO,121579,57.8195751,Stage I,2025-26,1,207
03221,"Vishnu Waman Thakur Charitable Trust'S Viva Institute Of Technology, Virar",Mumbai,Un-Aided,Non-Autonomous,Mumbai University,Mumbai University,0322161210,Mechanical Engineering,GSCO,201473,3.1802973,Stage I,2025-26,1,207
03221,"Vishnu Waman Thakur Charitable Trust'S Viva Institute Of Technology, Virar",Mumbai,Un-Aided,Non-Autonomous,Mumbai University,Mumbai University,0322161210,Mechanical Engineering,GNT1O,190036,14.7567322,Stage I,2025-26,1,207
03221,"Vishnu Waman Thakur Charitable Trust'S Viva Institute Of Technology, Virar",Mumbai,Un-Aided,Non-Autonomous,Mumbai University,Mumbai University,0322161210,Mechanical Engineering,GOBCO,145252,45.9816283,Stage I,2025-26,1,207
03221,"Vishnu Waman Thakur Charitable Trust'S Viva Institute Of Technology, Virar",Mumbai,Un-Aided,Non-Autonomous,Mumbai University,Mumbai University,0322161210,Mechanical Engineering,LOPENO,130632,53.7591782,Stage II,2025-26,1,207
03221,"Vishnu Waman Thakur Charitable Trust'S Viva Institute Of Technology, Virar",Mumbai,Un-Aided,Non-Autonomous,Mumbai University,Mumbai University,0322191110,Computer Science And Engineering(Artificial Intelligence And Machine Learning),GOPENH,72711,77.5384615,Stage I,2025-26,1,208
03221,"Vishnu Waman Thakur Charitable Trust'S Viva Institute Of Technology, Virar",Mumbai,Un-Aided,Non-Autonomous,Mumbai University,Mumbai University,0322191110,Computer Science And Engineering(Artificial Intelligence And Machine Learning),GSCH,120107,58.8525307,Stage I,2025-26,1,208
03221,"Vishnu Waman Thakur Charitable Trust'S Viva Institute Of Technology, Virar",Mumbai,Un-Aided,Non-Autonomous,Mumbai University,Mumbai University,0322191110,Computer Science And Engineering(Artificial Intelligence And Machine Learning),GSTH,149482,43.5338318,Stage I,2025-26,1,208
03221,"Vishnu Waman Thakur Charitable Trust'S Viva Institute Of Technology, Virar",Mumbai,Un-Aided,Non-Autonomous,Mumbai University,Mumbai University,0322191110,Computer Science And Engineering(Artificial Intelligence And Machine Learning),GVJH,93369,70.2033567,Stage I,2025-26,1,208
03221,"Vishnu Waman Thakur Charitable Trust'S Viva Institute Of Technology, Virar",Mumbai,Un-Aided,Non-Autonomous,Mumbai University,Mumbai University,0322191110,Computer Science And Engineering(Artificial Intelligence And Machine Learning),GNT1H,81765,74.5404987,Stage I,2025-26,1,208
03221,"Vishnu Waman Thakur Charitable Trust'S Viva Institute Of Technology, Virar",Mumbai,Un-Aided,Non-Autonomous,Mumbai University,Mumbai University,0322191110,Computer Science And Engineering(Artificial Intelligence And Machine Learning),GNT2H,115943,60.634478,Stage I,2025-26,1,208
03221,"Vishnu Waman Thakur Charitable Trust'S Viva Institute Of Technology, Virar",Mumbai,Un-Aided,Non-Autonomous,Mumbai University,Mumbai University,0322191110,Computer Science And Engineering(Artificial Intelligence And Machine Learning),GNT3H,79032,75.3562654,Stage I,2025-26,1,208
03221,"Vishnu Waman Thakur Charitable Trust'S Viva Institute Of Technology, Virar",Mumbai,Un-Aided,Non-Autonomous,Mumbai University,Mumbai University,0322191110,Computer Science And Engineering(Artificial Intelligence And Machine Learning),GOBCH,96350,68.9620341,Stage I,2025-26,1,208
03221,"Vishnu Waman Thakur Charitable Trust'S Viva Institute Of Technology, Virar",Mumbai,Un-Aided,Non-Autonomous,Mumbai University,Mumbai University,0322191110,Computer Science And Engineering(Artificial Intelligence And Machine Learning),GSEBCH,183042,20.6428039,Stage I,2025-26,1,208
03221,"Vishnu Waman Thakur Charitable Trust'S Viva Institute Of Technology, Virar",Mumbai,Un-Aided,Non-Autonomous,Mumbai University,Mumbai University,0322191110,Computer Science And Engineering(Artificial Intelligence And Machine Learning),LOPENH,70760,78.4242636,Stage I,2025-26,1,208
03221,"Vishnu Waman Thakur Charitable Trust'S Viva Institute Of Technology, Virar",Mumbai,Un-Aided,Non-Autonomous,Mumbai University,Mumbai University,0322191110,Computer Science And Engineering(Artificial Intelligence And Machine Learning),LSCH,107759,64.2631037,Stage I,2025-26,1,208
03221,"Vishnu Waman Thakur Charitable Trust'S Viva Institute Of Technology, Virar",Mumbai,Un-Aided,Non-Autonomous,Mumbai University,Mumbai University,0322191110,Computer Science And Engineering(Artificial Intelligence And Machine Learning),LNT1H,166156,32.5553935,Stage I,2025-26,1,208
03221,"Vishnu Waman Thakur Charitable Trust'S Viva Institute Of Technology, Virar",Mumbai,Un-Aided,Non-Autonomous,Mumbai University,Mumbai University,0322191110,Computer Science And Engineering(Artificial Intelligence And Machine Learning),LOBCH,84930,73.4354379,Stage I,2025-26,1,208
03221,"Vishnu Waman Thakur Charitable Trust'S Viva Institute Of Technology, Virar",Mumbai,Un-Aided,Non-Autonomous,Mumbai University,Mumbai University,0322191110,Computer Science And Engineering(Artificial Intelligence And Machine Learning),LSEBCH,106119,64.7148712,Stage I,2025-26,1,208
03221,"Vishnu Waman Thakur Charitable Trust'S Viva Institute Of Technology, Virar",Mumbai,Un-Aided,Non-Autonomous,Mumbai University,Mumbai University,0322191110,Computer Science And Engineering(Artificial Intelligence And Machine Learning),GOPENO,108400,63.6512871,Stage I,2025-26,1,208
03221,"Vishnu Waman Thakur Charitable Trust'S Viva Institute Of Technology, Virar",Mumbai,Un-Aided,Non-Autonomous,Mumbai University,Mumbai University,0322191110,Computer Science And Engineering(Artificial Intelligence And Machine Learning),GSCO,186750,17.6786167,Stage I,2025-26,1,208
03221,"Vishnu Waman Thakur Charitable Trust'S Viva Institute Of Technology, Virar",Mumbai,Un-Aided,Non-Autonomous,Mumbai University,Mumbai University,0322191110,Computer Science And Engineering(Artificial Intelligence And Machine Learning),GNT2O,139780,49.2256217,Stage I,2025-26,1,208
03221,"Vishnu Waman Thakur Charitable Trust'S Viva Institute Of Technology, Virar",Mumbai,Un-Aided,Non-Autonomous,Mumbai University,Mumbai University,0322191110,Computer Science And Engineering(Artificial Intelligence And Machine Learning),GOBCO,140746,48.5587427,Stage I,2025-26,1,208
03221,"Vishnu Waman Thakur Charitable Trust'S Viva Institute Of Technology, Virar",Mumbai,Un-Aided,Non-Autonomous,Mumbai University,Mumbai University,0322191110,Computer Science And Engineering(Artificial Intelligence And Machine Learning),LOPENO,113767,61.6834321,Stage I,2025-26,1,208
03221,"Vishnu Waman Thakur Charitable Trust'S Viva Institute Of Technology, Virar",Mumbai,Un-Aided,Non-Autonomous,Mumbai University,Mumbai University,0322191110,Computer Science And Engineering(Artificial Intelligence And Machine Learning),LOBCO,143263,47.13962,Stage I,2025-26,1,208
03221,"Vishnu Waman Thakur Charitable Trust'S Viva Institute Of Technology, Virar",Mumbai,Un-Aided,Non-Autonomous,Mumbai University,Mumbai University,0322191110,Computer Science And Engineering(Artificial Intelligence And Machine Learning),DEFOPENS,111973,62.1412608,Stage I,2025-26,1,208
03221,"Vishnu Waman Thakur Charitable Trust'S Viva Institute Of Technology, Virar",Mumbai,Un-Aided,Non-Autonomous,Mumbai University,Mumbai University,0322191110,Computer Science And Engineering(Artificial Intelligence And Machine Learning),TFWS,70816,78.4242636,Stage I,2025-26,1,208
03221,"Vishnu Waman Thakur Charitable Trust'S Viva Institute Of Technology, Virar",Mumbai,Un-Aided,Non-Autonomous,Mumbai University,Mumbai University,0322191110,Computer Science And Engineering(Artificial Intelligence And Machine Learning),EWS,186800,17.6786167,Stage I,2025-26,1,208
03221,"Vishnu Waman Thakur Charitable Trust'S Viva Institute Of Technology, Virar",Mumbai,Un-Aided,Non-Autonomous,Mumbai University,Mumbai University,0322192610,Electrical And Computer Engineering,GOPENH,98255,68.2382408,Stage I,2025-26,1,209
03221,"Vishnu Waman Thakur Charitable Trust'S Viva Institute Of Technology, Virar",Mumbai,Un-Aided,Non-Autonomous,Mumbai University,Mumbai University,0322192610,Electrical And Computer Engineering,GSCH,156934,39.3601986,Stage I,2025-26,1,209
03221,"Vishnu Waman Thakur Charitable Trust'S Viva Institute Of Technology, Virar",Mumbai,Un-Aided,Non-Autonomous,Mumbai University,Mumbai University,0322192610,Electrical And Computer Engineering,GNT3H,141923,47.7841578,Stage I,2025-26,1,209
03221,"Vishnu Waman Thakur Charitable Trust'S Viva Institute Of Technology, Virar",Mumbai,Un-Aided,Non-Autonomous,Mumbai University,Mumbai University,0322192610,Electrical And Computer Engineering,GOBCH,134632,51.57164,Stage I,2025-26,1,209
03221,"Vishnu Waman Thakur Charitable Trust'S Viva Institute Of Technology, Virar",Mumbai,Un-Aided,Non-Autonomous,Mumbai University,Mumbai University,0322192610,Electrical And Computer Engineering,LOPENH,99901,67.8210479,Stage I,2025-26,1,209
03221,"Vishnu Waman Thakur Charitable Trust'S Viva Institute Of Technology, Virar",Mumbai,Un-Aided,Non-Autonomous,Mumbai University,Mumbai University,0322192610,Electrical And Computer Engineering,LSCH,128973,54.4314351,Stage I,2025-26,1,209
03221,"Vishnu Waman Thakur Charitable Trust'S Viva Institute Of Technology, Virar",Mumbai,Un-Aided,Non-Autonomous,Mumbai University,Mumbai University,0322192610,Electrical And Computer Engineering,LOBCH,158253,38.7925588,Stage I,2025-26,1,209
03221,"Vishnu Waman Thakur Charitable Trust'S Viva Institute Of Technology, Virar",Mumbai,Un-Aided,Non-Autonomous,Mumbai University,Mumbai University,0322192610,Electrical And Computer Engineering,GOPENO,134756,51.57164,Stage I,2025-26,1,209
03221,"Vishnu Waman Thakur Charitable Trust'S Viva Institute Of Technology, Virar",Mumbai,Un-Aided,Non-Autonomous,Mumbai University,Mumbai University,0322192610,Electrical And Computer Engineering,GOBCO,141063,47.8905633,Stage I,2025-26,1,209
03221,"Vishnu Waman Thakur Charitable Trust'S Viva Institute Of Technology, Virar",Mumbai,Un-Aided,Non-Autonomous,Mumbai University,Mumbai University,0322192610,Electrical And Computer Engineering,GSEBCO,172845,28.6767287,Stage I,2025-26,1,209
03221,"Vishnu Waman Thakur Charitable Trust'S Viva Institute Of Technology, Virar",Mumbai,Un-Aided,Non-Autonomous,Mumbai University,Mumbai University,0322192610,Electrical And Computer Engineering,LNT3O,154339,40.0936536,Stage II,2025-26,1,209
03221,"Vishnu Waman Thakur Charitable Trust'S Viva Institute Of Technology, Virar",Mumbai,Un-Aided,Non-Autonomous,Mumbai University,Mumbai University,0322192610,Electrical And Computer Engineering,GSCO,162305,35.9295868,Stage I,2025-26,1,209
03221,"Vishnu Waman Thakur Charitable Trust'S Viva Institute Of Technology, Virar",Mumbai,Un-Aided,Non-Autonomous,Mumbai University,Mumbai University,0322192610,Electrical And Computer Engineering,GNT1O,97962,68.3753318,Stage I,2025-26,1,209
03221,"Vishnu Waman Thakur Charitable Trust'S Viva Institute Of Technology, Virar",Mumbai,Un-Aided,Non-Autonomous,Mumbai University,Mumbai University,0322192610,Electrical And Computer Engineering,LOPENO,103635,65.8992965,Stage I,2025-26,1,209
03221,"Vishnu Waman Thakur Charitable Trust'S Viva Institute Of Technology, Virar",Mumbai,Un-Aided,Non-Autonomous,Mumbai University,Mumbai University,0322192610,Electrical And Computer Engineering,LOBCO,163507,35.5422955,Stage I,2025-26,1,209
03221,"Vishnu Waman Thakur Charitable Trust'S Viva Institute Of Technology, Virar",Mumbai,Un-Aided,Non-Autonomous,Mumbai University,Mumbai University,0322192610,Electrical And Computer Engineering,LSCO,166429,32.5451434,Stage II,2025-26,1,209
03221,"Vishnu Waman Thakur Charitable Trust'S Viva Institute Of Technology, Virar",Mumbai,Un-Aided,Non-Autonomous,Mumbai University,Mumbai University,0322192610,Electrical And Computer Engineering,TFWS,92465,70.507201,Stage I,2025-26,1,209
03221,"Vishnu Waman Thakur Charitable Trust'S Viva Institute Of Technology, Virar",Mumbai,Un-Aided,Non-Autonomous,Mumbai University,Mumbai University,0322192610,Electrical And Computer Engineering,EWS,189012,15.4704064,Stage I,2025-26,1,209
03257,"Vidya Prasarak Mandal'S College Of Engineering, Thane",Mumbai,Un-Aided,Non-Autonomous,Mumbai University,Mumbai University,0325724510,Computer Engineering,GOPENH,45722,86.3869833,Stage I,2025-26,1,224
03257,"Vidya Prasarak Mandal'S College Of Engineering, Thane",Mumbai,Un-Aided,Non-Autonomous,Mumbai University,Mumbai University,0325724510,Computer Engineering,GSCH,68128,79.3004726,Stage I,2025-26,1,224
03257,"Vidya Prasarak Mandal'S College Of Engineering, Thane",Mumbai,Un-Aided,Non-Autonomous,Mumbai University,Mumbai University,0325724510,Computer Engineering,GSTH,194215,10.8523619,Stage I,2025-26,1,224
03257,"Vidya Prasarak Mandal'S College Of Engineering, Thane",Mumbai,Un-Aided,Non-Autonomous,Mumbai University,Mumbai University,0325724510,Computer Engineering,GNT2H,88904,71.6607627,Stage I,2025-26,1,224
03257,"Vidya Prasarak Mandal'S College Of Engineering, Thane",Mumbai,Un-Aided,Non-Autonomous,Mumbai University,Mumbai University,0325724510,Computer Engineering,GOBCH,56078,83.1060395,Stage I,2025-26,1,224
03257,"Vidya Prasarak Mandal'S College Of Engineering, Thane",Mumbai,Un-Aided,Non-Autonomous,Mumbai University,Mumbai University,0325724510,Computer Engineering,GSEBCH,68264,79.3004726,Stage I,2025-26,1,224
03257,"Vidya Prasarak Mandal'S College Of Engineering, Thane",Mumbai,Un-Aided,Non-Autonomous,Mumbai University,Mumbai University,0325724510,Computer Engineering,LOPENH,33742,90.0917161,Stage I,2025-26,1,224
03257,"Vidya Prasarak Mandal'S College Of Engineering, Thane",Mumbai,Un-Aided,Non-Autonomous,Mumbai University,Mumbai University,0325724510,Computer Engineering,LNT3H,117107,60.3213757,Stage I,2025-26,1,224
03257,"Vidya Prasarak Mandal'S College Of Engineering, Thane",Mumbai,Un-Aided,Non-Autonomous,Mumbai University,Mumbai University,0325724510,Computer Engineering,LOBCH,50717,84.8736599,Stage I,2025-26,1,224
03257,"Vidya Prasarak Mandal'S College Of Engineering, Thane",Mumbai,Un-Aided,Non-Autonomous,Mumbai University,Mumbai University,0325724510,Computer Engineering,LSEBCH,65076,80.0,Stage I,2025-26,1,224
03257,"Vidya Prasarak Mandal'S College Of Engineering, Thane",Mumbai,Un-Aided,Non-Autonomous,Mumbai University,Mumbai University,0325724510,Computer Engineering,PWDOPENH,137732,50.3223138,Stage I,2025-26,1,224
03257,"Vidya Prasarak Mandal'S College Of Engineering, Thane",Mumbai,Un-Aided,Non-Autonomous,Mumbai University,Mumbai University,0325724510,Computer Engineering,GOPENO,58105,82.3938224,Stage I,2025-26,1,224
03257,"Vidya Prasarak Mandal'S College Of Engineering, Thane",Mumbai,Un-Aided,Non-Autonomous,Mumbai University,Mumbai University,0325724510,Computer Engineering,GSCO,78248,75.4880541,Stage I,2025-26,1,224
03257,"Vidya Prasarak Mandal'S College Of Engineering, Thane",Mumbai,Un-Aided,Non-Autonomous,Mumbai University,Mumbai University,0325724510,Computer Engineering,GSTO,165317,33.0802795,Stage I,2025-26,1,224
03257,"Vidya Prasarak Mandal'S College Of Engineering, Thane",Mumbai,Un-Aided,Non-Autonomous,Mumbai University,Mumbai University,0325724510,Computer Engineering,GNT1O,130521,53.7591782,Stage I,2025-26,1,224
03257,"Vidya Prasarak Mandal'S College Of Engineering, Thane",Mumbai,Un-Aided,Non-Autonomous,Mumbai University,Mumbai University,0325724510,Computer Engineering,GOBCO,61359,81.3270637,Stage I,2025-26,1,224
03257,"Vidya Prasarak Mandal'S College Of Engineering, Thane",Mumbai,Un-Aided,Non-Autonomous,Mumbai University,Mumbai University,0325724510,Computer Engineering,GSEBCO,61083,81.5804905,Stage I,2025-26,1,224
03257,"Vidya Prasarak Mandal'S College Of Engineering, Thane",Mumbai,Un-Aided,Non-Autonomous,Mumbai University,Mumbai University,0325724510,Computer Engineering,LOPENO,42027,87.5666075,Stage I,2025-26,1,224
03257,"Vidya Prasarak Mandal'S College Of Engineering, Thane",Mumbai,Un-Aided,Non-Autonomous,Mumbai University,Mumbai University,0325724510,Computer Engineering,LSCO,158150,38.7925588,Stage I,2025-26,1,224
03257,"Vidya Prasarak Mandal'S College Of Engineering, Thane",Mumbai,Un-Aided,Non-Autonomous,Mumbai University,Mumbai University,0325724510,Computer Engineering,LVJO,113423,61.6834321,Stage I,2025-26,1,224
03257,"Vidya Prasarak Mandal'S College Of Engineering, Thane",Mumbai,Un-Aided,Non-Autonomous,Mumbai University,Mumbai University,0325724510,Computer Engineering,DEFOPENS,80199,75.1716925,Stage I,2025-26,1,224
03257,"Vidya Prasarak Mandal'S College Of Engineering, Thane",Mumbai,Un-Aided,Non-Autonomous,Mumbai University,Mumbai University,0325724510,Computer Engineering,TFWS,36405,89.2739334,Stage I,2025-26,1,224
03257,"Vidya Prasarak Mandal'S College Of Engineering, Thane",Mumbai,Un-Aided,Non-Autonomous,Mumbai University,Mumbai University,0325724510,Computer Engineering,DEFROBCS,116944,60.3213757,Stage I,2025-26,1,224
03257,"Vidya Prasarak Mandal'S College Of Engineering, Thane",Mumbai,Un-Aided,Non-Autonomous,Mumbai University,Mumbai University,0325724510,Computer Engineering,EWS,166801,32.4837011,Stage I,2025-26,1,224
03257,"Vidya Prasarak Mandal'S College Of Engineering, Thane",Mumbai,Un-Aided,Non-Autonomous,Mumbai University,Mumbai University,0325724610,Information Technology,GOPENH,53035,84.0903324,Stage I,2025-26,1,225
03257,"Vidya Prasarak Mandal'S College Of Engineering, Thane",Mumbai,Un-Aided,Non-Autonomous,Mumbai University,Mumbai University,0325724610,Information Technology,GSCH,76894,76.2716859,Stage I,2025-26,1,225
03257,"Vidya Prasarak Mandal'S College Of Engineering, Thane",Mumbai,Un-Aided,Non-Autonomous,Mumbai University,Mumbai University,0325724610,Information Technology,GSTH,144898,46.3957696,Stage I,2025-26,1,225
03257,"Vidya Prasarak Mandal'S College Of Engineering, Thane",Mumbai,Un-Aided,Non-Autonomous,Mumbai University,Mumbai University,0325724610,Information Technology,GVJH,157362,39.2328654,Stage I,2025-26,1,225
03257,"Vidya Prasarak Mandal'S College Of Engineering, Thane",Mumbai,Un-Aided,Non-Autonomous,Mumbai University,Mumbai University,0325724610,Information Technology,GOBCH,58744,82.2162613,Stage I,2025-26,1,225
03257,"Vidya Prasarak Mandal'S College Of Engineering, Thane",Mumbai,Un-Aided,Non-Autonomous,Mumbai University,Mumbai University,0325724610,Information Technology,GSEBCH,90299,71.4755245,Stage I,2025-26,1,225
03257,"Vidya Prasarak Mandal'S College Of Engineering, Thane",Mumbai,Un-Aided,Non-Autonomous,Mumbai University,Mumbai University,0325724610,Information Technology,LOPENH,48928,85.4112341,Stage I,2025-26,1,225
03257,"Vidya Prasarak Mandal'S College Of Engineering, Thane",Mumbai,Un-Aided,Non-Autonomous,Mumbai University,Mumbai University,0325724610,Information Technology,LSCH,86185,72.8948543,Stage I,2025-26,1,225
03257,"Vidya Prasarak Mandal'S College Of Engineering, Thane",Mumbai,Un-Aided,Non-Autonomous,Mumbai University,Mumbai University,0325724610,Information Technology,LVJH,188636,15.8481365,Stage I,2025-26,1,225
03257,"Vidya Prasarak Mandal'S College Of Engineering, Thane",Mumbai,Un-Aided,Non-Autonomous,Mumbai University,Mumbai University,0325724610,Information Technology,LNT1H,84271,73.5570613,Stage I,2025-26,1,225
03257,"Vidya Prasarak Mandal'S College Of Engineering, Thane",Mumbai,Un-Aided,Non-Autonomous,Mumbai University,Mumbai University,0325724610,Information Technology,LNT2H,137982,50.3223138,Stage I,2025-26,1,225
03257,"Vidya Prasarak Mandal'S College Of Engineering, Thane",Mumbai,Un-Aided,Non-Autonomous,Mumbai University,Mumbai University,0325724610,Information Technology,LOBCH,49463,85.1919561,Stage I,2025-26,1,225
03257,"Vidya Prasarak Mandal'S College Of Engineering, Thane",Mumbai,Un-Aided,Non-Autonomous,Mumbai University,Mumbai University,0325724610,Information Technology,LSEBCH,81665,74.5404987,Stage I,2025-26,1,225
03257,"Vidya Prasarak Mandal'S College Of Engineering, Thane",Mumbai,Un-Aided,Non-Autonomous,Mumbai University,Mumbai University,0325724610,Information Technology,GOPENO,50592,84.8736599,Stage I,2025-26,1,225
03257,"Vidya Prasarak Mandal'S College Of Engineering, Thane",Mumbai,Un-Aided,Non-Autonomous,Mumbai University,Mumbai University,0325724610,Information Technology,GSCO,103055,66.2972028,Stage I,2025-26,1,225
03257,"Vidya Prasarak Mandal'S College Of Engineering, Thane",Mumbai,Un-Aided,Non-Autonomous,Mumbai University,Mumbai University,0325724610,Information Technology,GNT2O,92254,70.507201,Stage I,2025-26,1,225
03257,"Vidya Prasarak Mandal'S College Of Engineering, Thane",Mumbai,Un-Aided,Non-Autonomous,Mumbai University,Mumbai University,0325724610,Information Technology,GOBCO,66003,79.8919296,Stage I,2025-26,1,225
03257,"Vidya Prasarak Mandal'S College Of Engineering, Thane",Mumbai,Un-Aided,Non-Autonomous,Mumbai University,Mumbai University,0325724610,Information Technology,LOPENO,88544,71.8197195,Stage I,2025-26,1,225
03257,"Vidya Prasarak Mandal'S College Of Engineering, Thane",Mumbai,Un-Aided,Non-Autonomous,Mumbai University,Mumbai University,0325724610,Information Technology,LOBCO,121362,58.2180677,Stage I,2025-26,1,225
03257,"Vidya Prasarak Mandal'S College Of Engineering, Thane",Mumbai,Un-Aided,Non-Autonomous,Mumbai University,Mumbai University,0325724610,Information Technology,LSEBCO,145485,45.9816283,Stage I,2025-26,1,225
03257,"Vidya Prasarak Mandal'S College Of Engineering, Thane",Mumbai,Un-Aided,Non-Autonomous,Mumbai University,Mumbai University,0325724610,Information Technology,DEFOPENS,118541,59.2797111,Stage I,2025-26,1,225
03257,"Vidya Prasarak Mandal'S College Of Engineering, Thane",Mumbai,Un-Aided,Non-Autonomous,Mumbai University,Mumbai University,0325724610,Information Technology,TFWS,42975,87.3029561,Stage I,2025-26,1,225
03257,"Vidya Prasarak Mandal'S College Of Engineering, Thane",Mumbai,Un-Aided,Non-Autonomous,Mumbai University,Mumbai University,0325724610,Information Technology,EWS,186060,18.4184219,Stage I,2025-26,1,225
03257,"Vidya Prasarak Mandal'S College Of Engineering, Thane",Mumbai,Un-Aided,Non-Autonomous,Mumbai University,Mumbai University,0325729310,Electrical Engineering,GOPENH,97241,68.4887011,Stage I,2025-26,1,226
03257,"Vidya Prasarak Mandal'S College Of Engineering, Thane",Mumbai,Un-Aided,Non-Autonomous,Mumbai University,Mumbai University,0325729310,Electrical Engineering,GSCH,120362,58.6907687,Stage I,2025-26,1,226
03257,"Vidya Prasarak Mandal'S College Of Engineering, Thane",Mumbai,Un-Aided,Non-Autonomous,Mumbai University,Mumbai University,0325729310,Electrical Engineering,GNT2H,158528,38.3392226,Stage I,2025-26,1,226
03257,"Vidya Prasarak Mandal'S College Of Engineering, Thane",Mumbai,Un-Aided,Non-Autonomous,Mumbai University,Mumbai University,0325729310,Electrical Engineering,GOBCH,125797,56.2929777,Stage I,2025-26,1,226
03257,"Vidya Prasarak Mandal'S College Of Engineering, Thane",Mumbai,Un-Aided,Non-Autonomous,Mumbai University,Mumbai University,0325729310,Electrical Engineering,LOPENH,110345,63.2914656,Stage I,2025-26,1,226
03257,"Vidya Prasarak Mandal'S College Of Engineering, Thane",Mumbai,Un-Aided,Non-Autonomous,Mumbai University,Mumbai University,0325729310,Electrical Engineering,LSCH,156921,39.3601986,Stage I,2025-26,1,226
03257,"Vidya Prasarak Mandal'S College Of Engineering, Thane",Mumbai,Un-Aided,Non-Autonomous,Mumbai University,Mumbai University,0325729310,Electrical Engineering,LOBCH,165183,33.465035,Stage I,2025-26,1,226
03257,"Vidya Prasarak Mandal'S College Of Engineering, Thane",Mumbai,Un-Aided,Non-Autonomous,Mumbai University,Mumbai University,0325729310,Electrical Engineering,LSEBCH,194389,10.7725189,Stage I,2025-26,1,226
03257,"Vidya Prasarak Mandal'S College Of Engineering, Thane",Mumbai,Un-Aided,Non-Autonomous,Mumbai University,Mumbai University,0325729310,Electrical Engineering,GNT1H,137175,50.4913264,Stage I,2025-26,1,226
03257,"Vidya Prasarak Mandal'S College Of Engineering, Thane",Mumbai,Un-Aided,Non-Autonomous,Mumbai University,Mumbai University,0325729310,Electrical Engineering,GOPENO,104640,65.6692751,Stage I,2025-26,1,226
03257,"Vidya Prasarak Mandal'S College Of Engineering, Thane",Mumbai,Un-Aided,Non-Autonomous,Mumbai University,Mumbai University,0325729310,Electrical Engineering,GSCO,173829,28.3031822,Stage I,2025-26,1,226
03257,"Vidya Prasarak Mandal'S College Of Engineering, Thane",Mumbai,Un-Aided,Non-Autonomous,Mumbai University,Mumbai University,0325729310,Electrical Engineering,GNT3O,158721,38.2479385,Stage I,2025-26,1,226
03257,"Vidya Prasarak Mandal'S College Of Engineering, Thane",Mumbai,Un-Aided,Non-Autonomous,Mumbai University,Mumbai University,0325729310,Electrical Engineering,GOBCO,126689,55.4922986,Stage I,2025-26,1,226
03257,"Vidya Prasarak Mandal'S College Of Engineering, Thane",Mumbai,Un-Aided,Non-Autonomous,Mumbai University,Mumbai University,0325729310,Electrical Engineering,GSEBCO,136909,50.5909012,Stage I,2025-26,1,226
03257,"Vidya Prasarak Mandal'S College Of Engineering, Thane",Mumbai,Un-Aided,Non-Autonomous,Mumbai University,Mumbai University,0325729310,Electrical Engineering,LOPENO,188967,15.820115,Stage I,2025-26,1,226
03257,"Vidya Prasarak Mandal'S College Of Engineering, Thane",Mumbai,Un-Aided,Non-Autonomous,Mumbai University,Mumbai University,0325729310,Electrical Engineering,LSCO,125731,56.2929777,Stage I,2025-26,1,226
03257,"Vidya Prasarak Mandal'S College Of Engineering, Thane",Mumbai,Un-Aided,Non-Autonomous,Mumbai University,Mumbai University,0325729310,Electrical Engineering,LOBCO,152414,42.2674623,Stage I,2025-26,1,226
03257,"Vidya Prasarak Mandal'S College Of Engineering, Thane",Mumbai,Un-Aided,Non-Autonomous,Mumbai University,Mumbai University,0325729310,Electrical Engineering,TFWS,114836,60.9090909,Stage I,2025-26,1,226
03257,"Vidya Prasarak Mandal'S College Of Engineering, Thane",Mumbai,Un-Aided,Non-Autonomous,Mumbai University,Mumbai University,0325737210,Electronics And Telecommunication Engg,GOPENH,73088,77.2287062,Stage I,2025-26,1,227
03257,"Vidya Prasarak Mandal'S College Of Engineering, Thane",Mumbai,Un-Aided,Non-Autonomous,Mumbai University,Mumbai University,0325737210,Electronics And Telecommunication Engg,GSCH,94589,69.4936445,Stage I,2025-26,1,227
03257,"Vidya Prasarak Mandal'S College Of Engineering, Thane",Mumbai,Un-Aided,Non-Autonomous,Mumbai University,Mumbai University,0325737210,Electronics And Telecommunication Engg,GNT1H,81475,74.6802716,Stage I,2025-26,1,227
03257,"Vidya Prasarak Mandal'S College Of Engineering, Thane",Mumbai,Un-Aided,Non-Autonomous,Mumbai University,Mumbai University,0325737210,Electronics And Telecommunication Engg,GNT2H,106856,64.3871019,Stage I,2025-26,1,227
03257,"Vidya Prasarak Mandal'S College Of Engineering, Thane",Mumbai,Un-Aided,Non-Autonomous,Mumbai University,Mumbai University,0325737210,Electronics And Telecommunication Engg,GNT3H,156972,39.3601986,Stage I,2025-26,1,227
03257,"Vidya Prasarak Mandal'S College Of Engineering, Thane",Mumbai,Un-Aided,Non-Autonomous,Mumbai University,Mumbai University,0325737210,Electronics And Telecommunication Engg,GOBCH,81702,74.5404987,Stage I,2025-26,1,227
03257,"Vidya Prasarak Mandal'S College Of Engineering, Thane",Mumbai,Un-Aided,Non-Autonomous,Mumbai University,Mumbai University,0325737210,Electronics And Telecommunication Engg,GSEBCH,119691,58.8994542,Stage I,2025-26,1,227
03257,"Vidya Prasarak Mandal'S College Of Engineering, Thane",Mumbai,Un-Aided,Non-Autonomous,Mumbai University,Mumbai University,0325737210,Electronics And Telecommunication Engg,LOPENH,74852,76.9213781,Stage I,2025-26,1,227
03257,"Vidya Prasarak Mandal'S College Of Engineering, Thane",Mumbai,Un-Aided,Non-Autonomous,Mumbai University,Mumbai University,0325737210,Electronics And Telecommunication Engg,LSCH,106137,64.7148712,Stage I,2025-26,1,227
03257,"Vidya Prasarak Mandal'S College Of Engineering, Thane",Mumbai,Un-Aided,Non-Autonomous,Mumbai University,Mumbai University,0325737210,Electronics And Telecommunication Engg,LOBCH,76394,76.5279741,Stage I,2025-26,1,227
03257,"Vidya Prasarak Mandal'S College Of Engineering, Thane",Mumbai,Un-Aided,Non-Autonomous,Mumbai University,Mumbai University,0325737210,Electronics And Telecommunication Engg,LSEBCH,105542,65.3084343,Stage I,2025-26,1,227
03257,"Vidya Prasarak Mandal'S College Of Engineering, Thane",Mumbai,Un-Aided,Non-Autonomous,Mumbai University,Mumbai University,0325737210,Electronics And Telecommunication Engg,GOPENO,91404,70.7504568,Stage I,2025-26,1,227
03257,"Vidya Prasarak Mandal'S College Of Engineering, Thane",Mumbai,Un-Aided,Non-Autonomous,Mumbai University,Mumbai University,0325737210,Electronics And Telecommunication Engg,GSCO,167577,32.1650475,Stage I,2025-26,1,227
03257,"Vidya Prasarak Mandal'S College Of Engineering, Thane",Mumbai,Un-Aided,Non-Autonomous,Mumbai University,Mumbai University,0325737210,Electronics And Telecommunication Engg,GOBCO,103768,65.8992965,Stage I,2025-26,1,227
03257,"Vidya Prasarak Mandal'S College Of Engineering, Thane",Mumbai,Un-Aided,Non-Autonomous,Mumbai University,Mumbai University,0325737210,Electronics And Telecommunication Engg,LOPENO,94271,69.4936445,Stage I,2025-26,1,227
03257,"Vidya Prasarak Mandal'S College Of Engineering, Thane",Mumbai,Un-Aided,Non-Autonomous,Mumbai University,Mumbai University,0325737210,Electronics And Telecommunication Engg,LOBCO,105894,65.3084343,Stage I,2025-26,1,227
03257,"Vidya Prasarak Mandal'S College Of Engineering, Thane",Mumbai,Un-Aided,Non-Autonomous,Mumbai University,Mumbai University,0325737210,Electronics And Telecommunication Engg,GSCO,94909,69.4561708,Stage I,2025-26,1,227
03257,"Vidya Prasarak Mandal'S College Of Engineering, Thane",Mumbai,Un-Aided,Non-Autonomous,Mumbai University,Mumbai University,0325737210,Electronics And Telecommunication Engg,GNT1O,92186,70.507201,Stage I,2025-26,1,227
03257,"Vidya Prasarak Mandal'S College Of Engineering, Thane",Mumbai,Un-Aided,Non-Autonomous,Mumbai University,Mumbai University,0325737210,Electronics And Telecommunication Engg,LSEBCO,170146,29.8059527,Stage I,2025-26,1,227
03257,"Vidya Prasarak Mandal'S College Of Engineering, Thane",Mumbai,Un-Aided,Non-Autonomous,Mumbai University,Mumbai University,0325737210,Electronics And Telecommunication Engg,DEFOPENS,140120,49.1540892,Stage I,2025-26,1,227
03257,"Vidya Prasarak Mandal'S College Of Engineering, Thane",Mumbai,Un-Aided,Non-Autonomous,Mumbai University,Mumbai University,0325737210,Electronics And Telecommunication Engg,TFWS,68512,79.027972,Stage I,2025-26,1,227
03257,"Vidya Prasarak Mandal'S College Of Engineering, Thane",Mumbai,Un-Aided,Non-Autonomous,Mumbai University,Mumbai University,0325791610,Automation And Robotics,GOPENH,83706,73.6328536,Stage I,2025-26,1,228
03257,"Vidya Prasarak Mandal'S College Of Engineering, Thane",Mumbai,Un-Aided,Non-Autonomous,Mumbai University,Mumbai University,0325791610,Automation And Robotics,GSCH,95219,69.3295893,Stage I,2025-26,1,228
03257,"Vidya Prasarak Mandal'S College Of Engineering, Thane",Mumbai,Un-Aided,Non-Autonomous,Mumbai University,Mumbai University,0325791610,Automation And Robotics,GNT1H,120983,58.4401523,Stage I,2025-26,1,228
03257,"Vidya Prasarak Mandal'S College Of Engineering, Thane",Mumbai,Un-Aided,Non-Autonomous,Mumbai University,Mumbai University,0325791610,Automation And Robotics,GNT3H,148165,43.9154166,Stage I,2025-26,1,228
03257,"Vidya Prasarak Mandal'S College Of Engineering, Thane",Mumbai,Un-Aided,Non-Autonomous,Mumbai University,Mumbai University,0325791610,Automation And Robotics,GOBCH,99776,67.8210479,Stage I,2025-26,1,228
03257,"Vidya Prasarak Mandal'S College Of Engineering, Thane",Mumbai,Un-Aided,Non-Autonomous,Mumbai University,Mumbai University,0325791610,Automation And Robotics,GSEBCH,119416,58.8994542,Stage I,2025-26,1,228
03257,"Vidya Prasarak Mandal'S College Of Engineering, Thane",Mumbai,Un-Aided,Non-Autonomous,Mumbai University,Mumbai University,0325791610,Automation And Robotics,LOPENH,71539,78.2396759,Stage I,2025-26,1,228
03257,"Vidya Prasarak Mandal'S College Of Engineering, Thane",Mumbai,Un-Aided,Non-Autonomous,Mumbai University,Mumbai University,0325791610,Automation And Robotics,LSCH,128621,54.5739657,Stage I,2025-26,1,228
03257,"Vidya Prasarak Mandal'S College Of Engineering, Thane",Mumbai,Un-Aided,Non-Autonomous,Mumbai University,Mumbai University,0325791610,Automation And Robotics,LOBCH,101670,66.4263323,Stage I,2025-26,1,228
03257,"Vidya Prasarak Mandal'S College Of Engineering, Thane",Mumbai,Un-Aided,Non-Autonomous,Mumbai University,Mumbai University,0325791610,Automation And Robotics,LSEBCH,181516,22.035802,Stage I,2025-26,1,228
03257,"Vidya Prasarak Mandal'S College Of Engineering, Thane",Mumbai,Un-Aided,Non-Autonomous,Mumbai University,Mumbai University,0325791610,Automation And Robotics,LVJH,138034,49.7291102,Stage I,2025-26,1,228
03257,"Vidya Prasarak Mandal'S College Of Engineering, Thane",Mumbai,Un-Aided,Non-Autonomous,Mumbai University,Mumbai University,0325791610,Automation And Robotics,GOPENO,125662,56.2929777,Stage I,2025-26,1,228
03257,"Vidya Prasarak Mandal'S College Of Engineering, Thane",Mumbai,Un-Aided,Non-Autonomous,Mumbai University,Mumbai University,0325791610,Automation And Robotics,GSCO,173899,28.2789485,Stage I,2025-26,1,228
03257,"Vidya Prasarak Mandal'S College Of Engineering, Thane",Mumbai,Un-Aided,Non-Autonomous,Mumbai University,Mumbai University,0325791610,Automation And Robotics,GOBCO,162554,35.7798895,Stage I,2025-26,1,228
03257,"Vidya Prasarak Mandal'S College Of Engineering, Thane",Mumbai,Un-Aided,Non-Autonomous,Mumbai University,Mumbai University,0325791610,Automation And Robotics,LOPENO,121567,57.8195751,Stage I,2025-26,1,228
03257,"Vidya Prasarak Mandal'S College Of Engineering, Thane",Mumbai,Un-Aided,Non-Autonomous,Mumbai University,Mumbai University,0325791610,Automation And Robotics,GSEBCO,139225,49.4020979,Stage I,2025-26,1,228
03257,"Vidya Prasarak Mandal'S College Of Engineering, Thane",Mumbai,Un-Aided,Non-Autonomous,Mumbai University,Mumbai University,0325791610,Automation And Robotics,LSCO,120602,58.4401523,Stage I,2025-26,1,228
03257,"Vidya Prasarak Mandal'S College Of Engineering, Thane",Mumbai,Un-Aided,Non-Autonomous,Mumbai University,Mumbai University,0325791610,Automation And Robotics,TFWS,77907,75.6075065,Stage I,2025-26,1,228
03257,"Vidya Prasarak Mandal'S College Of Engineering, Thane",Mumbai,Un-Aided,Non-Autonomous,Mumbai University,Mumbai University,0325791610,Automation And Robotics,EWS,176247,25.5643537,Stage I,2025-26,1,228
03353,"Dilkap Research Institute Of Engineering And Management Studies, At.Mamdapur, Post- Neral, Tal- Karjat, Mumbai",Mumbai,Un-Aided,Non-Autonomous,Mumbai University,Mumbai University,0335319110,Civil Engineering,GOPENH,187856,16.5215865,Stage I,2025-26,1,240
03353,"Dilkap Research Institute Of Engineering And Management Studies, At.Mamdapur, Post- Neral, Tal- Karjat, Mumbai",Mumbai,Un-Aided,Non-Autonomous,Mumbai University,Mumbai University,0335324510,Computer Engineering,GOPENH,112436,62.1365556,Stage I,2025-26,1,240
03353,"Dilkap Research Institute Of Engineering And Management Studies, At.Mamdapur, Post- Neral, Tal- Karjat, Mumbai",Mumbai,Un-Aided,Non-Autonomous,Mumbai University,Mumbai University,0335324510,Computer Engineering,GSCH,185685,18.5475444,Stage I,2025-26,1,240
03353,"Dilkap Research Institute Of Engineering And Management Studies, At.Mamdapur, Post- Neral, Tal- Karjat, Mumbai",Mumbai,Un-Aided,Non-Autonomous,Mumbai University,Mumbai University,0335324510,Computer Engineering,GVJH,121788,57.8195751,Stage I,2025-26,1,240
03353,"Dilkap Research Institute Of Engineering And Management Studies, At.Mamdapur, Post- Neral, Tal- Karjat, Mumbai",Mumbai,Un-Aided,Non-Autonomous,Mumbai University,Mumbai University,0335324510,Computer Engineering,GNT1H,163044,35.6771832,Stage I,2025-26,1,240
03353,"Dilkap Research Institute Of Engineering And Management Studies, At.Mamdapur, Post- Neral, Tal- Karjat, Mumbai",Mumbai,Un-Aided,Non-Autonomous,Mumbai University,Mumbai University,0335324510,Computer Engineering,GOBCH,139252,49.4020979,Stage I,2025-26,1,240
03353,"Dilkap Research Institute Of Engineering And Management Studies, At.Mamdapur, Post- Neral, Tal- Karjat, Mumbai",Mumbai,Un-Aided,Non-Autonomous,Mumbai University,Mumbai University,0335324510,Computer Engineering,GSEBCH,170893,29.4125763,Stage I,2025-26,1,240
03353,"Dilkap Research Institute Of Engineering And Management Studies, At.Mamdapur, Post- Neral, Tal- Karjat, Mumbai",Mumbai,Un-Aided,Non-Autonomous,Mumbai University,Mumbai University,0335324510,Computer Engineering,LOPENH,103431,66.1695365,Stage I,2025-26,1,240
03353,"Dilkap Research Institute Of Engineering And Management Studies, At.Mamdapur, Post- Neral, Tal- Karjat, Mumbai",Mumbai,Un-Aided,Non-Autonomous,Mumbai University,Mumbai University,0335324510,Computer Engineering,LSCH,158940,38.2479385,Stage I,2025-26,1,240
03353,"Dilkap Research Institute Of Engineering And Management Studies, At.Mamdapur, Post- Neral, Tal- Karjat, Mumbai",Mumbai,Un-Aided,Non-Autonomous,Mumbai University,Mumbai University,0335324510,Computer Engineering,LSTH,133173,52.5968356,Stage I,2025-26,1,240
03353,"Dilkap Research Institute Of Engineering And Management Studies, At.Mamdapur, Post- Neral, Tal- Karjat, Mumbai",Mumbai,Un-Aided,Non-Autonomous,Mumbai University,Mumbai University,0335324510,Computer Engineering,LOBCH,133718,52.1817116,Stage I,2025-26,1,240
03353,"Dilkap Research Institute Of Engineering And Management Studies, At.Mamdapur, Post- Neral, Tal- Karjat, Mumbai",Mumbai,Un-Aided,Non-Autonomous,Mumbai University,Mumbai University,0335324510,Computer Engineering,LSEBCH,132212,53.2228937,Stage I,2025-26,1,240
03353,"Dilkap Research Institute Of Engineering And Management Studies, At.Mamdapur, Post- Neral, Tal- Karjat, Mumbai",Mumbai,Un-Aided,Non-Autonomous,Mumbai University,Mumbai University,0335324510,Computer Engineering,GOPENO,178057,24.8659004,Stage I,2025-26,1,240
03353,"Dilkap Research Institute Of Engineering And Management Studies, At.Mamdapur, Post- Neral, Tal- Karjat, Mumbai",Mumbai,Un-Aided,Non-Autonomous,Mumbai University,Mumbai University,0335324510,Computer Engineering,GOBCO,195656,9.4338928,Stage I,2025-26,1,240
03353,"Dilkap Research Institute Of Engineering And Management Studies, At.Mamdapur, Post- Neral, Tal- Karjat, Mumbai",Mumbai,Un-Aided,Non-Autonomous,Mumbai University,Mumbai University,0335324510,Computer Engineering,LOPENO,202848,1.3373113,Stage I,2025-26,1,240
03353,"Dilkap Research Institute Of Engineering And Management Studies, At.Mamdapur, Post- Neral, Tal- Karjat, Mumbai",Mumbai,Un-Aided,Non-Autonomous,Mumbai University,Mumbai University,0335324510,Computer Engineering,GSCO,181591,22.0346747,Stage I,2025-26,1,240
03353,"Dilkap Research Institute Of Engineering And Management Studies, At.Mamdapur, Post- Neral, Tal- Karjat, Mumbai",Mumbai,Un-Aided,Non-Autonomous,Mumbai University,Mumbai University,0335324510,Computer Engineering,GOBCO,140030,49.2256217,Stage I,2025-26,1,240
03353,"Dilkap Research Institute Of Engineering And Management Studies, At.Mamdapur, Post- Neral, Tal- Karjat, Mumbai",Mumbai,Un-Aided,Non-Autonomous,Mumbai University,Mumbai University,0335324510,Computer Engineering,LOBCO,123773,57.0133407,Stage I,2025-26,1,240
03353,"Dilkap Research Institute Of Engineering And Management Studies, At.Mamdapur, Post- Neral, Tal- Karjat, Mumbai",Mumbai,Un-Aided,Non-Autonomous,Mumbai University,Mumbai University,0335324510,Computer Engineering,LSEBCO,138260,49.7291102,Stage I,2025-26,1,240
03353,"Dilkap Research Institute Of Engineering And Management Studies, At.Mamdapur, Post- Neral, Tal- Karjat, Mumbai",Mumbai,Un-Aided,Non-Autonomous,Mumbai University,Mumbai University,0335324510,Computer Engineering,TFWS,97705,68.3753318,Stage I,2025-26,1,240
03353,"Dilkap Research Institute Of Engineering And Management Studies, At.Mamdapur, Post- Neral, Tal- Karjat, Mumbai",Mumbai,Un-Aided,Non-Autonomous,Mumbai University,Mumbai University,0335324610,Information Technology,GOPENH,94565,69.4936445,Stage I,2025-26,1,241
03353,"Dilkap Research Institute Of Engineering And Management Studies, At.Mamdapur, Post- Neral, Tal- Karjat, Mumbai",Mumbai,Un-Aided,Non-Autonomous,Mumbai University,Mumbai University,0335324610,Information Technology,GSCH,177334,25.0722391,Stage I,2025-26,1,241
03353,"Dilkap Research Institute Of Engineering And Management Studies, At.Mamdapur, Post- Neral, Tal- Karjat, Mumbai",Mumbai,Un-Aided,Non-Autonomous,Mumbai University,Mumbai University,0335324610,Information Technology,GNT1H,182686,21.3037657,Stage I,2025-26,1,241
03353,"Dilkap Research Institute Of Engineering And Management Studies, At.Mamdapur, Post- Neral, Tal- Karjat, Mumbai",Mumbai,Un-Aided,Non-Autonomous,Mumbai University,Mumbai University,0335324610,Information Technology,GNT3H,155159,39.902473,Stage I,2025-26,1,241
03353,"Dilkap Research Institute Of Engineering And Management Studies, At.Mamdapur, Post- Neral, Tal- Karjat, Mumbai",Mumbai,Un-Aided,Non-Autonomous,Mumbai University,Mumbai University,0335324610,Information Technology,GOBCH,120567,58.6907687,Stage I,2025-26,1,241
03353,"Dilkap Research Institute Of Engineering And Management Studies, At.Mamdapur, Post- Neral, Tal- Karjat, Mumbai",Mumbai,Un-Aided,Non-Autonomous,Mumbai University,Mumbai University,0335324610,Information Technology,LOPENH,123420,57.4017459,Stage I,2025-26,1,241
03353,"Dilkap Research Institute Of Engineering And Management Studies, At.Mamdapur, Post- Neral, Tal- Karjat, Mumbai",Mumbai,Un-Aided,Non-Autonomous,Mumbai University,Mumbai University,0335324610,Information Technology,LSCH,175419,25.968356,Stage I,2025-26,1,241
03353,"Dilkap Research Institute Of Engineering And Management Studies, At.Mamdapur, Post- Neral, Tal- Karjat, Mumbai",Mumbai,Un-Aided,Non-Autonomous,Mumbai University,Mumbai University,0335324610,Information Technology,LSTH,192785,11.9485358,Stage II,2025-26,1,241
03353,"Dilkap Research Institute Of Engineering And Management Studies, At.Mamdapur, Post- Neral, Tal- Karjat, Mumbai",Mumbai,Un-Aided,Non-Autonomous,Mumbai University,Mumbai University,0335324610,Information Technology,GOPENO,159729,37.1950556,Stage I,2025-26,1,241
03353,"Dilkap Research Institute Of Engineering And Management Studies, At.Mamdapur, Post- Neral, Tal- Karjat, Mumbai",Mumbai,Un-Aided,Non-Autonomous,Mumbai University,Mumbai University,0335324610,Information Technology,LOPENO,167097,32.3446384,Stage I,2025-26,1,241
03353,"Dilkap Research Institute Of Engineering And Management Studies, At.Mamdapur, Post- Neral, Tal- Karjat, Mumbai",Mumbai,Un-Aided,Non-Autonomous,Mumbai University,Mumbai University,0335324610,Information Technology,GOBCO,138094,49.7291102,Stage I,2025-26,1,241
03353,"Dilkap Research Institute Of Engineering And Management Studies, At.Mamdapur, Post- Neral, Tal- Karjat, Mumbai",Mumbai,Un-Aided,Non-Autonomous,Mumbai University,Mumbai University,0335324610,Information Technology,TFWS,93620,69.8941051,Stage I,2025-26,1,241
03353,"Dilkap Research Institute Of Engineering And Management Studies, At.Mamdapur, Post- Neral, Tal- Karjat, Mumbai",Mumbai,Un-Aided,Non-Autonomous,Mumbai University,Mumbai University,0335324610,Information Technology,EWS,121809,57.8195751,Stage I,2025-26,1,241
03353,"Dilkap Research Institute Of Engineering And Management Studies, At.Mamdapur, Post- Neral, Tal- Karjat, Mumbai",Mumbai,Un-Aided,Non-Autonomous,Mumbai University,Mumbai University,0335329310,Electrical Engineering,GOPENH,165885,32.6791073,Stage I,2025-26,1,242
03353,"Dilkap Research Institute Of Engineering And Management Studies, At.Mamdapur, Post- Neral, Tal- Karjat, Mumbai",Mumbai,Un-Aided,Non-Autonomous,Mumbai University,Mumbai University,0335329310,Electrical Engineering,LOPENH,191598,13.2717448,Stage I,2025-26,1,242
03353,"Dilkap Research Institute Of Engineering And Management Studies, At.Mamdapur, Post- Neral, Tal- Karjat, Mumbai",Mumbai,Un-Aided,Non-Autonomous,Mumbai University,Mumbai University,0335329310,Electrical Engineering,LOPENH,188791,15.820115,Stage II,2025-26,1,242
03353,"Dilkap Research Institute Of Engineering And Management Studies, At.Mamdapur, Post- Neral, Tal- Karjat, Mumbai",Mumbai,Un-Aided,Non-Autonomous,Mumbai University,Mumbai University,0335329310,Electrical Engineering,GOPENO,201174,3.4408227,Stage I,2025-26,1,242
03353,"Dilkap Research Institute Of Engineering And Management Studies, At.Mamdapur, Post- Neral, Tal- Karjat, Mumbai",Mumbai,Un-Aided,Non-Autonomous,Mumbai University,Mumbai University,0335329310,Electrical Engineering,LOPENO,144987,46.3957696,Stage I,2025-26,1,242
03353,"Dilkap Research Institute Of Engineering And Management Studies, At.Mamdapur, Post- Neral, Tal- Karjat, Mumbai",Mumbai,Un-Aided,Non-Autonomous,Mumbai University,Mumbai University,0335329310,Electrical Engineering,GOPENO,172415,28.8537986,Stage I,2025-26,1,242
03353,"Dilkap Research Institute Of Engineering And Management Studies, At.Mamdapur, Post- Neral, Tal- Karjat, Mumbai",Mumbai,Un-Aided,Non-Autonomous,Mumbai University,Mumbai University,0335361210,Mechanical Engineering,GOPENH,197257,7.8234926,Stage I,2025-26,1,242
03353,"Dilkap Research Institute Of Engineering And Management Studies, At.Mamdapur, Post- Neral, Tal- Karjat, Mumbai",Mumbai,Un-Aided,Non-Autonomous,Mumbai University,Mumbai University,0335361210,Mechanical Engineering,LOPENH,160939,36.1161649,Stage I,2025-26,1,242
03353,"Dilkap Research Institute Of Engineering And Management Studies, At.Mamdapur, Post- Neral, Tal- Karjat, Mumbai",Mumbai,Un-Aided,Non-Autonomous,Mumbai University,Mumbai University,0335361210,Mechanical Engineering,LOPENH,161770,35.9909439,Stage II,2025-26,1,242
03353,"Dilkap Research Institute Of Engineering And Management Studies, At.Mamdapur, Post- Neral, Tal- Karjat, Mumbai",Mumbai,Un-Aided,Non-Autonomous,Mumbai University,Mumbai University,0335361210,Mechanical Engineering,GOPENO,160463,36.226012,Stage I,2025-26,1,242
03353,"Dilkap Research Institute Of Engineering And Management Studies, At.Mamdapur, Post- Neral, Tal- Karjat, Mumbai",Mumbai,Un-Aided,Non-Autonomous,Mumbai University,Mumbai University,0335361210,Mechanical Engineering,LOPENO,172190,28.9513426,Stage II,2025-26,1,242
03353,"Dilkap Research Institute Of Engineering And Management Studies, At.Mamdapur, Post- Neral, Tal- Karjat, Mumbai",Mumbai,Un-Aided,Non-Autonomous,Mumbai University,Mumbai University,0335392010,Computer Science And Engineering (Internet Of Things And Cyber Security Including Block Chain,GOPENH,125873,55.9381337,Stage I,2025-26,1,243
03353,"Dilkap Research Institute Of Engineering And Management Studies, At.Mamdapur, Post- Neral, Tal- Karjat, Mumbai",Mumbai,Un-Aided,Non-Autonomous,Mumbai University,Mumbai University,0335392010,Computer Science And Engineering (Internet Of Things And Cyber Security Including Block Chain,GSCH,162466,35.9295868,Stage I,2025-26,1,243
03353,"Dilkap Research Institute Of Engineering And Management Studies, At.Mamdapur, Post- Neral, Tal- Karjat, Mumbai",Mumbai,Un-Aided,Non-Autonomous,Mumbai University,Mumbai University,0335392010,Computer Science And Engineering (Internet Of Things And Cyber Security Including Block Chain,GOBCH,156553,39.5742169,Stage I,2025-26,1,243
03353,"Dilkap Research Institute Of Engineering And Management Studies, At.Mamdapur, Post- Neral, Tal- Karjat, Mumbai",Mumbai,Un-Aided,Non-Autonomous,Mumbai University,Mumbai University,0335392010,Computer Science And Engineering (Internet Of Things And Cyber Security Including Block Chain,LOPENH,127276,55.2744499,Stage I,2025-26,1,243
03353,"Dilkap Research Institute Of Engineering And Management Studies, At.Mamdapur, Post- Neral, Tal- Karjat, Mumbai",Mumbai,Un-Aided,Non-Autonomous,Mumbai University,Mumbai University,0335392010,Computer Science And Engineering (Internet Of Things And Cyber Security Including Block Chain,LSCH,189085,15.4704064,Stage I,2025-26,1,243
03353,"Dilkap Research Institute Of Engineering And Management Studies, At.Mamdapur, Post- Neral, Tal- Karjat, Mumbai",Mumbai,Un-Aided,Non-Autonomous,Mumbai University,Mumbai University,0335392010,Computer Science And Engineering (Internet Of Things And Cyber Security Including Block Chain,LOBCH,130814,53.6771201,Stage I,2025-26,1,243
03353,"Dilkap Research Institute Of Engineering And Management Studies, At.Mamdapur, Post- Neral, Tal- Karjat, Mumbai",Mumbai,Un-Aided,Non-Autonomous,Mumbai University,Mumbai University,0335392010,Computer Science And Engineering (Internet Of Things And Cyber Security Including Block Chain,GOPENO,194040,11.0553814,Stage I,2025-26,1,243
03353,"Dilkap Research Institute Of Engineering And Management Studies, At.Mamdapur, Post- Neral, Tal- Karjat, Mumbai",Mumbai,Un-Aided,Non-Autonomous,Mumbai University,Mumbai University,0335392010,Computer Science And Engineering (Internet Of Things And Cyber Security Including Block Chain,GSCO,191775,13.2656066,Stage I,2025-26,1,243
03353,"Dilkap Research Institute Of Engineering And Management Studies, At.Mamdapur, Post- Neral, Tal- Karjat, Mumbai",Mumbai,Un-Aided,Non-Autonomous,Mumbai University,Mumbai University,0335392010,Computer Science And Engineering (Internet Of Things And Cyber Security Including Block Chain,GOBCO,156749,39.3601986,Stage I,2025-26,1,243
03353,"Dilkap Research Institute Of Engineering And Management Studies, At.Mamdapur, Post- Neral, Tal- Karjat, Mumbai",Mumbai,Un-Aided,Non-Autonomous,Mumbai University,Mumbai University,0335392010,Computer Science And Engineering (Internet Of Things And Cyber Security Including Block Chain,LOPENO,103209,66.1695365,Stage I,2025-26,1,243
03353,"Dilkap Research Institute Of Engineering And Management Studies, At.Mamdapur, Post- Neral, Tal- Karjat, Mumbai",Mumbai,Un-Aided,Non-Autonomous,Mumbai University,Mumbai University,0335392010,Computer Science And Engineering (Internet Of Things And Cyber Security Including Block Chain,TFWS,99876,67.8210479,Stage I,2025-26,1,243
03353,"Dilkap Research Institute Of Engineering And Management Studies, At.Mamdapur, Post- Neral, Tal- Karjat, Mumbai",Mumbai,Un-Aided,Non-Autonomous,Mumbai University,Mumbai University,0335392110,Artificial Intelligence And Machine Learning,GOPENH,100344,67.217709,Stage I,2025-26,1,244
03353,"Dilkap Research Institute Of Engineering And Management Studies, At.Mamdapur, Post- Neral, Tal- Karjat, Mumbai",Mumbai,Un-Aided,Non-Autonomous,Mumbai University,Mumbai University,0335392110,Artificial Intelligence And Machine Learning,GSCH,158117,38.7925588,Stage I,2025-26,1,244
03353,"Dilkap Research Institute Of Engineering And Management Studies, At.Mamdapur, Post- Neral, Tal- Karjat, Mumbai",Mumbai,Un-Aided,Non-Autonomous,Mumbai University,Mumbai University,0335392110,Artificial Intelligence And Machine Learning,GSTH,189279,15.4365886,Stage I,2025-26,1,244
03353,"Dilkap Research Institute Of Engineering And Management Studies, At.Mamdapur, Post- Neral, Tal- Karjat, Mumbai",Mumbai,Un-Aided,Non-Autonomous,Mumbai University,Mumbai University,0335392110,Artificial Intelligence And Machine Learning,GOBCH,129143,54.4314351,Stage I,2025-26,1,244
03353,"Dilkap Research Institute Of Engineering And Management Studies, At.Mamdapur, Post- Neral, Tal- Karjat, Mumbai",Mumbai,Un-Aided,Non-Autonomous,Mumbai University,Mumbai University,0335392110,Artificial Intelligence And Machine Learning,GSEBCH,169638,31.5596589,Stage I,2025-26,1,244
03353,"Dilkap Research Institute Of Engineering And Management Studies, At.Mamdapur, Post- Neral, Tal- Karjat, Mumbai",Mumbai,Un-Aided,Non-Autonomous,Mumbai University,Mumbai University,0335392110,Artificial Intelligence And Machine Learning,LOPENH,94119,69.8498837,Stage I,2025-26,1,244
03353,"Dilkap Research Institute Of Engineering And Management Studies, At.Mamdapur, Post- Neral, Tal- Karjat, Mumbai",Mumbai,Un-Aided,Non-Autonomous,Mumbai University,Mumbai University,0335392110,Artificial Intelligence And Machine Learning,LSCH,129539,54.1537389,Stage I,2025-26,1,244
03353,"Dilkap Research Institute Of Engineering And Management Studies, At.Mamdapur, Post- Neral, Tal- Karjat, Mumbai",Mumbai,Un-Aided,Non-Autonomous,Mumbai University,Mumbai University,0335392110,Artificial Intelligence And Machine Learning,LOBCH,119335,58.8994542,Stage I,2025-26,1,244
03353,"Dilkap Research Institute Of Engineering And Management Studies, At.Mamdapur, Post- Neral, Tal- Karjat, Mumbai",Mumbai,Un-Aided,Non-Autonomous,Mumbai University,Mumbai University,0335392110,Artificial Intelligence And Machine Learning,LSEBCH,128939,54.4314351,Stage I,2025-26,1,244
03353,"Dilkap Research Institute Of Engineering And Management Studies, At.Mamdapur, Post- Neral, Tal- Karjat, Mumbai",Mumbai,Un-Aided,Non-Autonomous,Mumbai University,Mumbai University,0335392110,Artificial Intelligence And Machine Learning,GNT1H,192334,12.5776664,Stage I,2025-26,1,244
03353,"Dilkap Research Institute Of Engineering And Management Studies, At.Mamdapur, Post- Neral, Tal- Karjat, Mumbai",Mumbai,Un-Aided,Non-Autonomous,Mumbai University,Mumbai University,0335392110,Artificial Intelligence And Machine Learning,GOPENO,134337,51.7009371,Stage I,2025-26,1,244
03353,"Dilkap Research Institute Of Engineering And Management Studies, At.Mamdapur, Post- Neral, Tal- Karjat, Mumbai",Mumbai,Un-Aided,Non-Autonomous,Mumbai University,Mumbai University,0335392110,Artificial Intelligence And Machine Learning,GNT3O,160776,36.1811489,Stage I,2025-26,1,244
03353,"Dilkap Research Institute Of Engineering And Management Studies, At.Mamdapur, Post- Neral, Tal- Karjat, Mumbai",Mumbai,Un-Aided,Non-Autonomous,Mumbai University,Mumbai University,0335392110,Artificial Intelligence And Machine Learning,GOBCO,194678,10.4152841,Stage I,2025-26,1,244
03353,"Dilkap Research Institute Of Engineering And Management Studies, At.Mamdapur, Post- Neral, Tal- Karjat, Mumbai",Mumbai,Un-Aided,Non-Autonomous,Mumbai University,Mumbai University,0335392110,Artificial Intelligence And Machine Learning,GSEBCO,191194,13.4300699,Stage I,2025-26,1,244
03353,"Dilkap Research Institute Of Engineering And Management Studies, At.Mamdapur, Post- Neral, Tal- Karjat, Mumbai",Mumbai,Un-Aided,Non-Autonomous,Mumbai University,Mumbai University,0335392110,Artificial Intelligence And Machine Learning,LOPENO,161916,35.9909439,Stage I,2025-26,1,244
03353,"Dilkap Research Institute Of Engineering And Management Studies, At.Mamdapur, Post- Neral, Tal- Karjat, Mumbai",Mumbai,Un-Aided,Non-Autonomous,Mumbai University,Mumbai University,0335392110,Artificial Intelligence And Machine Learning,LOBCO,162312,35.9295868,Stage I,2025-26,1,244
03353,"Dilkap Research Institute Of Engineering And Management Studies, At.Mamdapur, Post- Neral, Tal- Karjat, Mumbai",Mumbai,Un-Aided,Non-Autonomous,Mumbai University,Mumbai University,0335392110,Artificial Intelligence And Machine Learning,GSCO,172988,28.4151863,Stage I,2025-26,1,244
03353,"Dilkap Research Institute Of Engineering And Management Studies, At.Mamdapur, Post- Neral, Tal- Karjat, Mumbai",Mumbai,Un-Aided,Non-Autonomous,Mumbai University,Mumbai University,0335392110,Artificial Intelligence And Machine Learning,GNT2O,107203,64.3453843,Stage I,2025-26,1,244
03353,"Dilkap Research Institute Of Engineering And Management Studies, At.Mamdapur, Post- Neral, Tal- Karjat, Mumbai",Mumbai,Un-Aided,Non-Autonomous,Mumbai University,Mumbai University,0335392110,Artificial Intelligence And Machine Learning,LSCO,138999,49.4020979,Stage I,2025-26,1,244
03353,"Dilkap Research Institute Of Engineering And Management Studies, At.Mamdapur, Post- Neral, Tal- Karjat, Mumbai",Mumbai,Un-Aided,Non-Autonomous,Mumbai University,Mumbai University,0335392110,Artificial Intelligence And Machine Learning,TFWS,82256,74.0094972,Stage I,2025-26,1,244
03353,"Dilkap Research Institute Of Engineering And Management Studies, At.Mamdapur, Post- Neral, Tal- Karjat, Mumbai",Mumbai,Un-Aided,Non-Autonomous,Mumbai University,Mumbai University,0335392110,Artificial Intelligence And Machine Learning,EWS,146093,45.8266058,Stage I,2025-26,1,244
03423,"Shree L.R. Tiwari College Of Engineering, Mira Road, Mumbai",Mumbai,Un-Aided Linguistic Minority - Hindi,Autonomous,Mumbai University,Autonomous Institute,0342324510,Computer Engineering,GOPENS,45707,86.3869833,Stage I,2025-26,1,245
03423,"Shree L.R. Tiwari College Of Engineering, Mira Road, Mumbai",Mumbai,Un-Aided Linguistic Minority - Hindi,Autonomous,Mumbai University,Autonomous Institute,0342324510,Computer Engineering,LOPENS,42724,87.3196408,Stage I,2025-26,1,245
03423,"Shree L.R. Tiwari College Of Engineering, Mira Road, Mumbai",Mumbai,Un-Aided Linguistic Minority - Hindi,Autonomous,Mumbai University,Autonomous Institute,0342324510,Computer Engineering,MI,73937,77.1296846,Stage I,2025-26,1,245
03423,"Shree L.R. Tiwari College Of Engineering, Mira Road, Mumbai",Mumbai,Un-Aided Linguistic Minority - Hindi,Autonomous,Mumbai University,Autonomous Institute,0342324510,Computer Engineering,TFWS,37274,88.9773781,Stage I,2025-26,1,245
03423,"Shree L.R. Tiwari College Of Engineering, Mira Road, Mumbai",Mumbai,Un-Aided Linguistic Minority - Hindi,Autonomous,Mumbai University,Autonomous Institute,0342324610,Information Technology,GOPENS,57415,82.777662,Stage I,2025-26,1,245
03423,"Shree L.R. Tiwari College Of Engineering, Mira Road, Mumbai",Mumbai,Un-Aided Linguistic Minority - Hindi,Autonomous,Mumbai University,Autonomous Institute,0342324610,Information Technology,LOPENS,56104,83.1060395,Stage I,2025-26,1,245
03423,"Shree L.R. Tiwari College Of Engineering, Mira Road, Mumbai",Mumbai,Un-Aided Linguistic Minority - Hindi,Autonomous,Mumbai University,Autonomous Institute,0342324610,Information Technology,MI,104318,65.8462319,Stage I,2025-26,1,245
03423,"Shree L.R. Tiwari College Of Engineering, Mira Road, Mumbai",Mumbai,Un-Aided Linguistic Minority - Hindi,Autonomous,Mumbai University,Autonomous Institute,0342324610,Information Technology,TFWS,45872,86.3462208,Stage I,2025-26,1,245
03423,"Shree L.R. Tiwari College Of Engineering, Mira Road, Mumbai",Mumbai,Un-Aided Linguistic Minority - Hindi,Autonomous,Mumbai University,Autonomous Institute,0342325810,Civil Engineering With Computer Application,GOPENS,90386,71.4755245,Stage I,2025-26,1,245
03423,"Shree L.R. Tiwari College Of Engineering, Mira Road, Mumbai",Mumbai,Un-Aided Linguistic Minority - Hindi,Autonomous,Mumbai University,Autonomous Institute,0342325810,Civil Engineering With Computer Application,LOPENS,105370,65.5190641,Stage I,2025-26,1,245
03423,"Shree L.R. Tiwari College Of Engineering, Mira Road, Mumbai",Mumbai,Un-Aided Linguistic Minority - Hindi,Autonomous,Mumbai University,Autonomous Institute,0342325810,Civil Engineering With Computer Application,MI,185806,18.5475444,Stage I,2025-26,1,245
03423,"Shree L.R. Tiwari College Of Engineering, Mira Road, Mumbai",Mumbai,Un-Aided Linguistic Minority - Hindi,Autonomous,Mumbai University,Autonomous Institute,0342325810,Civil Engineering With Computer Application,TFWS,117459,60.2517483,Stage I,2025-26,1,245
03423,"Shree L.R. Tiwari College Of Engineering, Mira Road, Mumbai",Mumbai,Un-Aided Linguistic Minority - Hindi,Autonomous,Mumbai University,Autonomous Institute,0342337210,Electronics And Telecommunication Engg,GOPENS,71584,78.2396759,Stage I,2025-26,1,245
03423,"Shree L.R. Tiwari College Of Engineering, Mira Road, Mumbai",Mumbai,Un-Aided Linguistic Minority - Hindi,Autonomous,Mumbai University,Autonomous Institute,0342337210,Electronics And Telecommunication Engg,LOPENS,66989,79.6986029,Stage I,2025-26,1,245
03423,"Shree L.R. Tiwari College Of Engineering, Mira Road, Mumbai",Mumbai,Un-Aided Linguistic Minority - Hindi,Autonomous,Mumbai University,Autonomous Institute,0342337210,Electronics And Telecommunication Engg,MI,152004,42.6339209,Stage I,2025-26,1,245
03423,"Shree L.R. Tiwari College Of Engineering, Mira Road, Mumbai",Mumbai,Un-Aided Linguistic Minority - Hindi,Autonomous,Mumbai University,Autonomous Institute,0342337210,Electronics And Telecommunication Engg,TFWS,66940,79.6986029,Stage I,2025-26,1,245
03423,"Shree L.R. Tiwari College Of Engineering, Mira Road, Mumbai",Mumbai,Un-Aided Linguistic Minority - Hindi,Autonomous,Mumbai University,Autonomous Institute,0342361210,Mechanical Engineering,GOPENS,72909,77.2287062,Stage I,2025-26,1,246
03423,"Shree L.R. Tiwari College Of Engineering, Mira Road, Mumbai",Mumbai,Un-Aided Linguistic Minority - Hindi,Autonomous,Mumbai University,Autonomous Institute,0342361210,Mechanical Engineering,LOPENS,99143,68.1117918,Stage I,2025-26,1,246
03423,"Shree L.R. Tiwari College Of Engineering, Mira Road, Mumbai",Mumbai,Un-Aided Linguistic Minority - Hindi,Autonomous,Mumbai University,Autonomous Institute,0342361210,Mechanical Engineering,MI,169172,31.9226076,Stage I,2025-26,1,246
03423,"Shree L.R. Tiwari College Of Engineering, Mira Road, Mumbai",Mumbai,Un-Aided Linguistic Minority - Hindi,Autonomous,Mumbai University,Autonomous Institute,0342361210,Mechanical Engineering,TFWS,64165,80.4732503,Stage I,2025-26,1,246
03423,"Shree L.R. Tiwari College Of Engineering, Mira Road, Mumbai",Mumbai,Un-Aided Linguistic Minority - Hindi,Autonomous,Mumbai University,Autonomous Institute,0342390010,Electronics And Computer Science,GOPENS,70233,78.5512207,Stage I,2025-26,1,246
03423,"Shree L.R. Tiwari College Of Engineering, Mira Road, Mumbai",Mumbai,Un-Aided Linguistic Minority - Hindi,Autonomous,Mumbai University,Autonomous Institute,0342390010,Electronics And Computer Science,LOPENS,69500,78.6137148,Stage I,2025-26,1,246
03423,"Shree L.R. Tiwari College Of Engineering, Mira Road, Mumbai",Mumbai,Un-Aided Linguistic Minority - Hindi,Autonomous,Mumbai University,Autonomous Institute,0342390010,Electronics And Computer Science,MI,148325,43.9154166,Stage I,2025-26,1,246
03423,"Shree L.R. Tiwari College Of Engineering, Mira Road, Mumbai",Mumbai,Un-Aided Linguistic Minority - Hindi,Autonomous,Mumbai University,Autonomous Institute,0342390010,Electronics And Computer Science,TFWS,56698,82.8811189,Stage I,2025-26,1,246
03439,"Anjuman-I-Islam'S Kalsekar Technical Campus, Panvel",Mumbai,Un-Aided Religious Minority - Muslim,Autonomous,Mumbai University,Autonomous Institute,0343919110,Civil Engineering,GOPENS,185201,18.9335664,Stage I,2025-26,1,253
03439,"Anjuman-I-Islam'S Kalsekar Technical Campus, Panvel",Mumbai,Un-Aided Religious Minority - Muslim,Autonomous,Mumbai University,Autonomous Institute,0343919110,Civil Engineering,LOPENS,182163,21.5882968,Stage I,2025-26,1,253
03439,"Anjuman-I-Islam'S Kalsekar Technical Campus, Panvel",Mumbai,Un-Aided Religious Minority - Muslim,Autonomous,Mumbai University,Autonomous Institute,0343919110,Civil Engineering,MI,175662,25.8355418,Stage I,2025-26,1,253
03439,"Anjuman-I-Islam'S Kalsekar Technical Campus, Panvel",Mumbai,Un-Aided Religious Minority - Muslim,Autonomous,Mumbai University,Autonomous Institute,0343919110,Civil Engineering,TFWS,130555,53.7591782,Stage I,2025-26,1,253
03439,"Anjuman-I-Islam'S Kalsekar Technical Campus, Panvel",Mumbai,Un-Aided Religious Minority - Muslim,Autonomous,Mumbai University,Autonomous Institute,0343924510,Computer Engineering,GOPENS,84636,73.4722277,Stage I,2025-26,1,253
03439,"Anjuman-I-Islam'S Kalsekar Technical Campus, Panvel",Mumbai,Un-Aided Religious Minority - Muslim,Autonomous,Mumbai University,Autonomous Institute,0343924510,Computer Engineering,LOPENS,88296,71.8197195,Stage I,2025-26,1,253
03439,"Anjuman-I-Islam'S Kalsekar Technical Campus, Panvel",Mumbai,Un-Aided Religious Minority - Muslim,Autonomous,Mumbai University,Autonomous Institute,0343924510,Computer Engineering,MI,106885,64.3871019,Stage I,2025-26,1,253
03439,"Anjuman-I-Islam'S Kalsekar Technical Campus, Panvel",Mumbai,Un-Aided Religious Minority - Muslim,Autonomous,Mumbai University,Autonomous Institute,0343924510,Computer Engineering,TFWS,43344,87.1376478,Stage I,2025-26,1,253
03439,"Anjuman-I-Islam'S Kalsekar Technical Campus, Panvel",Mumbai,Un-Aided Religious Minority - Muslim,Autonomous,Mumbai University,Autonomous Institute,0343961210,Mechanical Engineering,GOPENS,170377,29.5314685,Stage I,2025-26,1,253
03439,"Anjuman-I-Islam'S Kalsekar Technical Campus, Panvel",Mumbai,Un-Aided Religious Minority - Muslim,Autonomous,Mumbai University,Autonomous Institute,0343961210,Mechanical Engineering,LOPENS,188527,15.9545455,Stage I,2025-26,1,253
03439,"Anjuman-I-Islam'S Kalsekar Technical Campus, Panvel",Mumbai,Un-Aided Religious Minority - Muslim,Autonomous,Mumbai University,Autonomous Institute,0343961210,Mechanical Engineering,MI,187672,16.5233632,Stage I,2025-26,1,253
03439,"Anjuman-I-Islam'S Kalsekar Technical Campus, Panvel",Mumbai,Un-Aided Religious Minority - Muslim,Autonomous,Mumbai University,Autonomous Institute,0343961210,Mechanical Engineering,TFWS,115732,60.634478,Stage I,2025-26,1,253
03439,"Anjuman-I-Islam'S Kalsekar Technical Campus, Panvel",Mumbai,Un-Aided Religious Minority - Muslim,Autonomous,Mumbai University,Autonomous Institute,0343961210,Mechanical Engineering,LOPENS,172308,28.8537986,Stage II,2025-26,1,253
03439,"Anjuman-I-Islam'S Kalsekar Technical Campus, Panvel",Mumbai,Un-Aided Religious Minority - Muslim,Autonomous,Mumbai University,Autonomous Institute,0343990010,Electronics And Computer Science,GOPENS,110718,63.200058,Stage I,2025-26,1,253
03439,"Anjuman-I-Islam'S Kalsekar Technical Campus, Panvel",Mumbai,Un-Aided Religious Minority - Muslim,Autonomous,Mumbai University,Autonomous Institute,0343990010,Electronics And Computer Science,LOPENS,115185,60.8775137,Stage I,2025-26,1,253
03439,"Anjuman-I-Islam'S Kalsekar Technical Campus, Panvel",Mumbai,Un-Aided Religious Minority - Muslim,Autonomous,Mumbai University,Autonomous Institute,0343990010,Electronics And Computer Science,MI,145655,45.9245973,Stage I,2025-26,1,253
03439,"Anjuman-I-Islam'S Kalsekar Technical Campus, Panvel",Mumbai,Un-Aided Religious Minority - Muslim,Autonomous,Mumbai University,Autonomous Institute,0343990010,Electronics And Computer Science,TFWS,69145,78.6729363,Stage I,2025-26,1,253
03439,"Anjuman-I-Islam'S Kalsekar Technical Campus, Panvel",Mumbai,Un-Aided Religious Minority - Muslim,Autonomous,Mumbai University,Autonomous Institute,0343991110,Computer Science And Engineering(Artificial Intelligence And Machine Learning),GOPENS,91224,71.0971787,Stage I,2025-26,1,254
03439,"Anjuman-I-Islam'S Kalsekar Technical Campus, Panvel",Mumbai,Un-Aided Religious Minority - Muslim,Autonomous,Mumbai University,Autonomous Institute,0343991110,Computer Science And Engineering(Artificial Intelligence And Machine Learning),LOPENS,96653,68.8687467,Stage I,2025-26,1,254
03439,"Anjuman-I-Islam'S Kalsekar Technical Campus, Panvel",Mumbai,Un-Aided Religious Minority - Muslim,Autonomous,Mumbai University,Autonomous Institute,0343991110,Computer Science And Engineering(Artificial Intelligence And Machine Learning),MI,106977,64.3871019,Stage I,2025-26,1,254
03439,"Anjuman-I-Islam'S Kalsekar Technical Campus, Panvel",Mumbai,Un-Aided Religious Minority - Muslim,Autonomous,Mumbai University,Autonomous Institute,0343991110,Computer Science And Engineering(Artificial Intelligence And Machine Learning),TFWS,50179,84.9728618,Stage I,2025-26,1,254
03439,"Anjuman-I-Islam'S Kalsekar Technical Campus, Panvel",Mumbai,Un-Aided Religious Minority - Muslim,Autonomous,Mumbai University,Autonomous Institute,0343991210,Computer Science And Engineering(Data Science),GOPENS,101456,66.9039004,Stage I,2025-26,1,254
03439,"Anjuman-I-Islam'S Kalsekar Technical Campus, Panvel",Mumbai,Un-Aided Religious Minority - Muslim,Autonomous,Mumbai University,Autonomous Institute,0343991210,Computer Science And Engineering(Data Science),LOPENS,98360,68.2382408,Stage I,2025-26,1,254
03439,"Anjuman-I-Islam'S Kalsekar Technical Campus, Panvel",Mumbai,Un-Aided Religious Minority - Muslim,Autonomous,Mumbai University,Autonomous Institute,0343991210,Computer Science And Engineering(Data Science),MI,110918,62.918458,Stage I,2025-26,1,254
03439,"Anjuman-I-Islam'S Kalsekar Technical Campus, Panvel",Mumbai,Un-Aided Religious Minority - Muslim,Autonomous,Mumbai University,Autonomous Institute,0343991210,Computer Science And Engineering(Data Science),TFWS,58025,82.3938224,Stage I,2025-26,1,254
03439,"Anjuman-I-Islam'S Kalsekar Technical Campus, Panvel",Mumbai,Un-Aided Religious Minority - Muslim,Autonomous,Mumbai University,Autonomous Institute,0343992610,Electrical And Computer Engineering,GOPENS,136956,50.5909012,Stage I,2025-26,1,254
03439,"Anjuman-I-Islam'S Kalsekar Technical Campus, Panvel",Mumbai,Un-Aided Religious Minority - Muslim,Autonomous,Mumbai University,Autonomous Institute,0343992610,Electrical And Computer Engineering,LOPENS,136663,50.5909012,Stage I,2025-26,1,254
03439,"Anjuman-I-Islam'S Kalsekar Technical Campus, Panvel",Mumbai,Un-Aided Religious Minority - Muslim,Autonomous,Mumbai University,Autonomous Institute,0343992610,Electrical And Computer Engineering,MI,169078,31.9226076,Stage I,2025-26,1,254
03439,"Anjuman-I-Islam'S Kalsekar Technical Campus, Panvel",Mumbai,Un-Aided Religious Minority - Muslim,Autonomous,Mumbai University,Autonomous Institute,0343992610,Electrical And Computer Engineering,TFWS,93014,70.2628092,Stage I,2025-26,1,254
03465,"Ideal Institute Of Technology, Wada, Dist.Thane",Mumbai,Un-Aided,Non-Autonomous,Mumbai University,Mumbai University,0346519110,Civil Engineering,GOPENH,199525,5.3139267,Stage I,2025-26,1,270
03465,"Ideal Institute Of Technology, Wada, Dist.Thane",Mumbai,Un-Aided,Non-Autonomous,Mumbai University,Mumbai University,0346519110,Civil Engineering,GOPENO,178192,24.7167509,Stage I,2025-26,1,270
03465,"Ideal Institute Of Technology, Wada, Dist.Thane",Mumbai,Un-Aided,Non-Autonomous,Mumbai University,Mumbai University,0346524210,Computer Science And Engineering,GOPENH,82588,73.8000589,Stage I,2025-26,1,271
03465,"Ideal Institute Of Technology, Wada, Dist.Thane",Mumbai,Un-Aided,Non-Autonomous,Mumbai University,Mumbai University,0346524210,Computer Science And Engineering,GSCH,129909,54.0903901,Stage I,2025-26,1,271
03465,"Ideal Institute Of Technology, Wada, Dist.Thane",Mumbai,Un-Aided,Non-Autonomous,Mumbai University,Mumbai University,0346524210,Computer Science And Engineering,GNT1H,182620,21.3037657,Stage I,2025-26,1,271
03465,"Ideal Institute Of Technology, Wada, Dist.Thane",Mumbai,Un-Aided,Non-Autonomous,Mumbai University,Mumbai University,0346524210,Computer Science And Engineering,GNT3H,131814,53.2657343,Stage I,2025-26,1,271
03465,"Ideal Institute Of Technology, Wada, Dist.Thane",Mumbai,Un-Aided,Non-Autonomous,Mumbai University,Mumbai University,0346524210,Computer Science And Engineering,GOBCH,106700,64.713186,Stage I,2025-26,1,271
03465,"Ideal Institute Of Technology, Wada, Dist.Thane",Mumbai,Un-Aided,Non-Autonomous,Mumbai University,Mumbai University,0346524210,Computer Science And Engineering,GSEBCH,135862,50.8281802,Stage I,2025-26,1,271
03465,"Ideal Institute Of Technology, Wada, Dist.Thane",Mumbai,Un-Aided,Non-Autonomous,Mumbai University,Mumbai University,0346524210,Computer Science And Engineering,LOPENH,79240,75.2405919,Stage I,2025-26,1,271
03465,"Ideal Institute Of Technology, Wada, Dist.Thane",Mumbai,Un-Aided,Non-Autonomous,Mumbai University,Mumbai University,0346524210,Computer Science And Engineering,LSCH,114768,60.9090909,Stage I,2025-26,1,271
03465,"Ideal Institute Of Technology, Wada, Dist.Thane",Mumbai,Un-Aided,Non-Autonomous,Mumbai University,Mumbai University,0346524210,Computer Science And Engineering,LNT2H,192381,12.4732664,Stage I,2025-26,1,271
03465,"Ideal Institute Of Technology, Wada, Dist.Thane",Mumbai,Un-Aided,Non-Autonomous,Mumbai University,Mumbai University,0346524210,Computer Science And Engineering,LOBCH,86539,72.7429418,Stage I,2025-26,1,271
03465,"Ideal Institute Of Technology, Wada, Dist.Thane",Mumbai,Un-Aided,Non-Autonomous,Mumbai University,Mumbai University,0346524210,Computer Science And Engineering,LVJH,136126,50.8281802,Stage II,2025-26,1,271
03465,"Ideal Institute Of Technology, Wada, Dist.Thane",Mumbai,Un-Aided,Non-Autonomous,Mumbai University,Mumbai University,0346524210,Computer Science And Engineering,LSEBCH,178975,23.4701479,Stage II,2025-26,1,271
03465,"Ideal Institute Of Technology, Wada, Dist.Thane",Mumbai,Un-Aided,Non-Autonomous,Mumbai University,Mumbai University,0346524210,Computer Science And Engineering,GOPENO,75339,76.8955509,Stage I,2025-26,1,271
03465,"Ideal Institute Of Technology, Wada, Dist.Thane",Mumbai,Un-Aided,Non-Autonomous,Mumbai University,Mumbai University,0346524210,Computer Science And Engineering,GSCO,153318,41.4458186,Stage I,2025-26,1,271
03465,"Ideal Institute Of Technology, Wada, Dist.Thane",Mumbai,Un-Aided,Non-Autonomous,Mumbai University,Mumbai University,0346524210,Computer Science And Engineering,GSTO,107028,64.3871019,Stage I,2025-26,1,271
03465,"Ideal Institute Of Technology, Wada, Dist.Thane",Mumbai,Un-Aided,Non-Autonomous,Mumbai University,Mumbai University,0346524210,Computer Science And Engineering,GNT2O,115640,60.634478,Stage I,2025-26,1,271
03465,"Ideal Institute Of Technology, Wada, Dist.Thane",Mumbai,Un-Aided,Non-Autonomous,Mumbai University,Mumbai University,0346524210,Computer Science And Engineering,GSEBCO,138790,49.4020979,Stage I,2025-26,1,271
03465,"Ideal Institute Of Technology, Wada, Dist.Thane",Mumbai,Un-Aided,Non-Autonomous,Mumbai University,Mumbai University,0346524210,Computer Science And Engineering,LOPENO,92370,70.507201,Stage I,2025-26,1,271
03465,"Ideal Institute Of Technology, Wada, Dist.Thane",Mumbai,Un-Aided,Non-Autonomous,Mumbai University,Mumbai University,0346524210,Computer Science And Engineering,LOBCO,142989,47.1398578,Stage I,2025-26,1,271
03465,"Ideal Institute Of Technology, Wada, Dist.Thane",Mumbai,Un-Aided,Non-Autonomous,Mumbai University,Mumbai University,0346524210,Computer Science And Engineering,LSEBCO,126652,55.4922986,Stage I,2025-26,1,271
03465,"Ideal Institute Of Technology, Wada, Dist.Thane",Mumbai,Un-Aided,Non-Autonomous,Mumbai University,Mumbai University,0346524210,Computer Science And Engineering,LNT1O,171175,29.2375397,Stage I,2025-26,1,271
03465,"Ideal Institute Of Technology, Wada, Dist.Thane",Mumbai,Un-Aided,Non-Autonomous,Mumbai University,Mumbai University,0346524210,Computer Science And Engineering,DEFOPENS,186896,17.6786167,Stage I,2025-26,1,271
03465,"Ideal Institute Of Technology, Wada, Dist.Thane",Mumbai,Un-Aided,Non-Autonomous,Mumbai University,Mumbai University,0346524210,Computer Science And Engineering,EWS,93054,70.2628092,Stage I,2025-26,1,271
03465,"Ideal Institute Of Technology, Wada, Dist.Thane",Mumbai,Un-Aided,Non-Autonomous,Mumbai University,Mumbai University,0346561210,Mechanical Engineering,GOPENH,187166,17.2365618,Stage I,2025-26,1,272
03465,"Ideal Institute Of Technology, Wada, Dist.Thane",Mumbai,Un-Aided,Non-Autonomous,Mumbai University,Mumbai University,0346561210,Mechanical Engineering,LOPENH,191462,13.3124347,Stage I,2025-26,1,272
03465,"Ideal Institute Of Technology, Wada, Dist.Thane",Mumbai,Un-Aided,Non-Autonomous,Mumbai University,Mumbai University,0346561210,Mechanical Engineering,GOPENO,196407,8.672418,Stage I,2025-26,1,272
03465,"Ideal Institute Of Technology, Wada, Dist.Thane",Mumbai,Un-Aided,Non-Autonomous,Mumbai University,Mumbai University,0346561210,Mechanical Engineering,LOPENO,154032,40.6822054,Stage II,2025-26,1,272
03465,"Ideal Institute Of Technology, Wada, Dist.Thane",Mumbai,Un-Aided,Non-Autonomous,Mumbai University,Mumbai University,0346592110,Artificial Intelligence And Machine Learning,GOPENH,102093,66.3866132,Stage I,2025-26,1,273
03465,"Ideal Institute Of Technology, Wada, Dist.Thane",Mumbai,Un-Aided,Non-Autonomous,Mumbai University,Mumbai University,0346592110,Artificial Intelligence And Machine Learning,GSCH,172664,28.6767287,Stage I,2025-26,1,273
03465,"Ideal Institute Of Technology, Wada, Dist.Thane",Mumbai,Un-Aided,Non-Autonomous,Mumbai University,Mumbai University,0346592110,Artificial Intelligence And Machine Learning,GNT2H,143735,47.0502678,Stage I,2025-26,1,273
03465,"Ideal Institute Of Technology, Wada, Dist.Thane",Mumbai,Un-Aided,Non-Autonomous,Mumbai University,Mumbai University,0346592110,Artificial Intelligence And Machine Learning,GOBCH,134360,51.7009371,Stage I,2025-26,1,273
03465,"Ideal Institute Of Technology, Wada, Dist.Thane",Mumbai,Un-Aided,Non-Autonomous,Mumbai University,Mumbai University,0346592110,Artificial Intelligence And Machine Learning,GSEBCH,147522,44.5303298,Stage I,2025-26,1,273
03465,"Ideal Institute Of Technology, Wada, Dist.Thane",Mumbai,Un-Aided,Non-Autonomous,Mumbai University,Mumbai University,0346592110,Artificial Intelligence And Machine Learning,LOPENH,110877,62.918458,Stage I,2025-26,1,273
03465,"Ideal Institute Of Technology, Wada, Dist.Thane",Mumbai,Un-Aided,Non-Autonomous,Mumbai University,Mumbai University,0346592110,Artificial Intelligence And Machine Learning,LSCH,180954,22.1740686,Stage I,2025-26,1,273
03465,"Ideal Institute Of Technology, Wada, Dist.Thane",Mumbai,Un-Aided,Non-Autonomous,Mumbai University,Mumbai University,0346592110,Artificial Intelligence And Machine Learning,LOBCH,148953,43.658874,Stage I,2025-26,1,273
03465,"Ideal Institute Of Technology, Wada, Dist.Thane",Mumbai,Un-Aided,Non-Autonomous,Mumbai University,Mumbai University,0346592110,Artificial Intelligence And Machine Learning,GVJH,165393,33.0802795,Stage I,2025-26,1,273
03465,"Ideal Institute Of Technology, Wada, Dist.Thane",Mumbai,Un-Aided,Non-Autonomous,Mumbai University,Mumbai University,0346592110,Artificial Intelligence And Machine Learning,GNT2H,141972,47.7841578,Stage I,2025-26,1,273
03465,"Ideal Institute Of Technology, Wada, Dist.Thane",Mumbai,Un-Aided,Non-Autonomous,Mumbai University,Mumbai University,0346592110,Artificial Intelligence And Machine Learning,LNT1H,183056,20.6428039,Stage I,2025-26,1,273
03465,"Ideal Institute Of Technology, Wada, Dist.Thane",Mumbai,Un-Aided,Non-Autonomous,Mumbai University,Mumbai University,0346592110,Artificial Intelligence And Machine Learning,GOPENO,112735,62.0615406,Stage I,2025-26,1,273
03465,"Ideal Institute Of Technology, Wada, Dist.Thane",Mumbai,Un-Aided,Non-Autonomous,Mumbai University,Mumbai University,0346592110,Artificial Intelligence And Machine Learning,GSCO,181375,22.035802,Stage I,2025-26,1,273
03465,"Ideal Institute Of Technology, Wada, Dist.Thane",Mumbai,Un-Aided,Non-Autonomous,Mumbai University,Mumbai University,0346592110,Artificial Intelligence And Machine Learning,GOBCO,119722,58.8994542,Stage I,2025-26,1,273
03465,"Ideal Institute Of Technology, Wada, Dist.Thane",Mumbai,Un-Aided,Non-Autonomous,Mumbai University,Mumbai University,0346592110,Artificial Intelligence And Machine Learning,GSEBCO,160777,36.1811489,Stage I,2025-26,1,273
03465,"Ideal Institute Of Technology, Wada, Dist.Thane",Mumbai,Un-Aided,Non-Autonomous,Mumbai University,Mumbai University,0346592110,Artificial Intelligence And Machine Learning,LOPENO,128880,54.4314351,Stage I,2025-26,1,273
03465,"Ideal Institute Of Technology, Wada, Dist.Thane",Mumbai,Un-Aided,Non-Autonomous,Mumbai University,Mumbai University,0346592110,Artificial Intelligence And Machine Learning,LOBCO,133960,52.1817116,Stage I,2025-26,1,273
03465,"Ideal Institute Of Technology, Wada, Dist.Thane",Mumbai,Un-Aided,Non-Autonomous,Mumbai University,Mumbai University,0346592110,Artificial Intelligence And Machine Learning,GSEBCO,180763,22.1740686,Stage I,2025-26,1,273
03465,"Ideal Institute Of Technology, Wada, Dist.Thane",Mumbai,Un-Aided,Non-Autonomous,Mumbai University,Mumbai University,0346592110,Artificial Intelligence And Machine Learning,LNT3O,158585,38.3392226,Stage II,2025-26,1,273
03465,"Ideal Institute Of Technology, Wada, Dist.Thane",Mumbai,Un-Aided,Non-Autonomous,Mumbai University,Mumbai University,0346592110,Artificial Intelligence And Machine Learning,DEFOPENS,173509,28.3463753,Stage I,2025-26,1,273
03465,"Ideal Institute Of Technology, Wada, Dist.Thane",Mumbai,Un-Aided,Non-Autonomous,Mumbai University,Mumbai University,0346592110,Artificial Intelligence And Machine Learning,TFWS,111330,62.8632493,Stage I,2025-26,1,273
03465,"Ideal Institute Of Technology, Wada, Dist.Thane",Mumbai,Un-Aided,Non-Autonomous,Mumbai University,Mumbai University,0346599510,Artificial Intelligence And Data Science,GOPENH,82650,73.8000589,Stage I,2025-26,1,274
03465,"Ideal Institute Of Technology, Wada, Dist.Thane",Mumbai,Un-Aided,Non-Autonomous,Mumbai University,Mumbai University,0346599510,Artificial Intelligence And Data Science,GSCH,97645,68.4702591,Stage I,2025-26,1,274
03465,"Ideal Institute Of Technology, Wada, Dist.Thane",Mumbai,Un-Aided,Non-Autonomous,Mumbai University,Mumbai University,0346599510,Artificial Intelligence And Data Science,GSTH,171769,28.984931,Stage I,2025-26,1,274
03465,"Ideal Institute Of Technology, Wada, Dist.Thane",Mumbai,Un-Aided,Non-Autonomous,Mumbai University,Mumbai University,0346599510,Artificial Intelligence And Data Science,GOBCH,95440,69.2179237,Stage I,2025-26,1,274
03465,"Ideal Institute Of Technology, Wada, Dist.Thane",Mumbai,Un-Aided,Non-Autonomous,Mumbai University,Mumbai University,0346599510,Artificial Intelligence And Data Science,GSEBCH,141968,47.7841578,Stage I,2025-26,1,274
03465,"Ideal Institute Of Technology, Wada, Dist.Thane",Mumbai,Un-Aided,Non-Autonomous,Mumbai University,Mumbai University,0346599510,Artificial Intelligence And Data Science,LOPENH,67949,79.3730892,Stage I,2025-26,1,274
03465,"Ideal Institute Of Technology, Wada, Dist.Thane",Mumbai,Un-Aided,Non-Autonomous,Mumbai University,Mumbai University,0346599510,Artificial Intelligence And Data Science,LSCH,90368,71.4755245,Stage I,2025-26,1,274
03465,"Ideal Institute Of Technology, Wada, Dist.Thane",Mumbai,Un-Aided,Non-Autonomous,Mumbai University,Mumbai University,0346599510,Artificial Intelligence And Data Science,LNT3H,189736,15.1144829,Stage I,2025-26,1,274
03465,"Ideal Institute Of Technology, Wada, Dist.Thane",Mumbai,Un-Aided,Non-Autonomous,Mumbai University,Mumbai University,0346599510,Artificial Intelligence And Data Science,LOBCH,76151,76.67552,Stage I,2025-26,1,274
03465,"Ideal Institute Of Technology, Wada, Dist.Thane",Mumbai,Un-Aided,Non-Autonomous,Mumbai University,Mumbai University,0346599510,Artificial Intelligence And Data Science,LSEBCH,103737,65.8992965,Stage I,2025-26,1,274
03465,"Ideal Institute Of Technology, Wada, Dist.Thane",Mumbai,Un-Aided,Non-Autonomous,Mumbai University,Mumbai University,0346599510,Artificial Intelligence And Data Science,LVJH,120668,58.4401523,Stage II,2025-26,1,274
03465,"Ideal Institute Of Technology, Wada, Dist.Thane",Mumbai,Un-Aided,Non-Autonomous,Mumbai University,Mumbai University,0346599510,Artificial Intelligence And Data Science,GNT2H,131251,53.6060165,Stage I,2025-26,1,274
03465,"Ideal Institute Of Technology, Wada, Dist.Thane",Mumbai,Un-Aided,Non-Autonomous,Mumbai University,Mumbai University,0346599510,Artificial Intelligence And Data Science,GOPENO,86198,72.8948543,Stage I,2025-26,1,274
03465,"Ideal Institute Of Technology, Wada, Dist.Thane",Mumbai,Un-Aided,Non-Autonomous,Mumbai University,Mumbai University,0346599510,Artificial Intelligence And Data Science,GSCO,172023,28.9513426,Stage I,2025-26,1,274
03465,"Ideal Institute Of Technology, Wada, Dist.Thane",Mumbai,Un-Aided,Non-Autonomous,Mumbai University,Mumbai University,0346599510,Artificial Intelligence And Data Science,GVJO,138556,49.6043895,Stage I,2025-26,1,274
03465,"Ideal Institute Of Technology, Wada, Dist.Thane",Mumbai,Un-Aided,Non-Autonomous,Mumbai University,Mumbai University,0346599510,Artificial Intelligence And Data Science,GOBCO,158683,38.3392226,Stage I,2025-26,1,274
03465,"Ideal Institute Of Technology, Wada, Dist.Thane",Mumbai,Un-Aided,Non-Autonomous,Mumbai University,Mumbai University,0346599510,Artificial Intelligence And Data Science,LOPENO,80706,75.1620214,Stage I,2025-26,1,274
03465,"Ideal Institute Of Technology, Wada, Dist.Thane",Mumbai,Un-Aided,Non-Autonomous,Mumbai University,Mumbai University,0346599510,Artificial Intelligence And Data Science,LSCO,126813,55.4922986,Stage I,2025-26,1,274
03465,"Ideal Institute Of Technology, Wada, Dist.Thane",Mumbai,Un-Aided,Non-Autonomous,Mumbai University,Mumbai University,0346599510,Artificial Intelligence And Data Science,LOBCO,134554,51.57164,Stage I,2025-26,1,274
03465,"Ideal Institute Of Technology, Wada, Dist.Thane",Mumbai,Un-Aided,Non-Autonomous,Mumbai University,Mumbai University,0346599510,Artificial Intelligence And Data Science,GNT1O,168300,32.0884521,Stage I,2025-26,1,274
03465,"Ideal Institute Of Technology, Wada, Dist.Thane",Mumbai,Un-Aided,Non-Autonomous,Mumbai University,Mumbai University,0346599510,Artificial Intelligence And Data Science,GSEBCO,176571,25.4741362,Stage I,2025-26,1,274
03465,"Ideal Institute Of Technology, Wada, Dist.Thane",Mumbai,Un-Aided,Non-Autonomous,Mumbai University,Mumbai University,0346599510,Artificial Intelligence And Data Science,TFWS,79962,75.1927485,Stage I,2025-26,1,274
03465,"Ideal Institute Of Technology, Wada, Dist.Thane",Mumbai,Un-Aided,Non-Autonomous,Mumbai University,Mumbai University,0346599510,Artificial Intelligence And Data Science,EWS,145942,45.9245973,Stage I,2025-26,1,274
03471,"New Horizon Institute Of Technology & Management, Thane",Mumbai,Un-Aided,Non-Autonomous,Mumbai University,Mumbai University,0347119110,Civil Engineering,GOPENH,109281,63.4714222,Stage I,2025-26,1,285
03471,"New Horizon Institute Of Technology & Management, Thane",Mumbai,Un-Aided,Non-Autonomous,Mumbai University,Mumbai University,0347119110,Civil Engineering,GSCH,137062,50.5909012,Stage I,2025-26,1,285
03471,"New Horizon Institute Of Technology & Management, Thane",Mumbai,Un-Aided,Non-Autonomous,Mumbai University,Mumbai University,0347119110,Civil Engineering,GOBCH,120706,58.4401523,Stage I,2025-26,1,285
03471,"New Horizon Institute Of Technology & Management, Thane",Mumbai,Un-Aided,Non-Autonomous,Mumbai University,Mumbai University,0347119110,Civil Engineering,LOPENH,142199,47.7841578,Stage I,2025-26,1,285
03471,"New Horizon Institute Of Technology & Management, Thane",Mumbai,Un-Aided,Non-Autonomous,Mumbai University,Mumbai University,0347119110,Civil Engineering,LSCH,166499,32.5451434,Stage I,2025-26,1,285
03471,"New Horizon Institute Of Technology & Management, Thane",Mumbai,Un-Aided,Non-Autonomous,Mumbai University,Mumbai University,0347119110,Civil Engineering,LNT2H,191706,13.2656066,Stage I,2025-26,1,285
03471,"New Horizon Institute Of Technology & Management, Thane",Mumbai,Un-Aided,Non-Autonomous,Mumbai University,Mumbai University,0347119110,Civil Engineering,LOBCH,156499,39.5742169,Stage I,2025-26,1,285
03471,"New Horizon Institute Of Technology & Management, Thane",Mumbai,Un-Aided,Non-Autonomous,Mumbai University,Mumbai University,0347119110,Civil Engineering,LNT1H,104583,65.6692751,Stage II,2025-26,1,285
03471,"New Horizon Institute Of Technology & Management, Thane",Mumbai,Un-Aided,Non-Autonomous,Mumbai University,Mumbai University,0347119110,Civil Engineering,LOBCH,120760,58.4401523,Stage II,2025-26,1,285
03471,"New Horizon Institute Of Technology & Management, Thane",Mumbai,Un-Aided,Non-Autonomous,Mumbai University,Mumbai University,0347119110,Civil Engineering,LSEBCH,156076,39.6653303,Stage I,2025-26,1,285
03471,"New Horizon Institute Of Technology & Management, Thane",Mumbai,Un-Aided,Non-Autonomous,Mumbai University,Mumbai University,0347119110,Civil Engineering,GOPENO,146475,45.3566434,Stage I,2025-26,1,285
03471,"New Horizon Institute Of Technology & Management, Thane",Mumbai,Un-Aided,Non-Autonomous,Mumbai University,Mumbai University,0347119110,Civil Engineering,GSCO,186573,17.7120141,Stage I,2025-26,1,285
03471,"New Horizon Institute Of Technology & Management, Thane",Mumbai,Un-Aided,Non-Autonomous,Mumbai University,Mumbai University,0347119110,Civil Engineering,GOBCO,151840,42.6339209,Stage I,2025-26,1,285
03471,"New Horizon Institute Of Technology & Management, Thane",Mumbai,Un-Aided,Non-Autonomous,Mumbai University,Mumbai University,0347119110,Civil Engineering,GSEBCO,165192,33.465035,Stage I,2025-26,1,285
03471,"New Horizon Institute Of Technology & Management, Thane",Mumbai,Un-Aided,Non-Autonomous,Mumbai University,Mumbai University,0347119110,Civil Engineering,LOPENO,114823,60.9090909,Stage I,2025-26,1,285
03471,"New Horizon Institute Of Technology & Management, Thane",Mumbai,Un-Aided,Non-Autonomous,Mumbai University,Mumbai University,0347119110,Civil Engineering,LSCO,120870,58.4401523,Stage I,2025-26,1,285
03471,"New Horizon Institute Of Technology & Management, Thane",Mumbai,Un-Aided,Non-Autonomous,Mumbai University,Mumbai University,0347119110,Civil Engineering,LOBCO,182565,21.540875,Stage II,2025-26,1,285
03471,"New Horizon Institute Of Technology & Management, Thane",Mumbai,Un-Aided,Non-Autonomous,Mumbai University,Mumbai University,0347119110,Civil Engineering,GNT3O,123202,57.4376852,Stage I,2025-26,1,285
03471,"New Horizon Institute Of Technology & Management, Thane",Mumbai,Un-Aided,Non-Autonomous,Mumbai University,Mumbai University,0347119110,Civil Engineering,LVJO,120366,58.6907687,Stage II,2025-26,1,285
03471,"New Horizon Institute Of Technology & Management, Thane",Mumbai,Un-Aided,Non-Autonomous,Mumbai University,Mumbai University,0347124510,Computer Engineering,GOPENH,49306,85.2053352,Stage I,2025-26,1,286
03471,"New Horizon Institute Of Technology & Management, Thane",Mumbai,Un-Aided,Non-Autonomous,Mumbai University,Mumbai University,0347124510,Computer Engineering,GSCH,67412,79.6033896,Stage I,2025-26,1,286
03471,"New Horizon Institute Of Technology & Management, Thane",Mumbai,Un-Aided,Non-Autonomous,Mumbai University,Mumbai University,0347124510,Computer Engineering,GVJH,119407,58.8994542,Stage I,2025-26,1,286
03471,"New Horizon Institute Of Technology & Management, Thane",Mumbai,Un-Aided,Non-Autonomous,Mumbai University,Mumbai University,0347124510,Computer Engineering,GNT1H,69854,78.5819586,Stage I,2025-26,1,286
03471,"New Horizon Institute Of Technology & Management, Thane",Mumbai,Un-Aided,Non-Autonomous,Mumbai University,Mumbai University,0347124510,Computer Engineering,GNT2H,90079,71.4842352,Stage I,2025-26,1,286
03471,"New Horizon Institute Of Technology & Management, Thane",Mumbai,Un-Aided,Non-Autonomous,Mumbai University,Mumbai University,0347124510,Computer Engineering,GNT3H,54824,83.4924535,Stage I,2025-26,1,286
03471,"New Horizon Institute Of Technology & Management, Thane",Mumbai,Un-Aided,Non-Autonomous,Mumbai University,Mumbai University,0347124510,Computer Engineering,GOBCH,58453,82.3322294,Stage I,2025-26,1,286
03471,"New Horizon Institute Of Technology & Management, Thane",Mumbai,Un-Aided,Non-Autonomous,Mumbai University,Mumbai University,0347124510,Computer Engineering,GSEBCH,74345,76.9322569,Stage I,2025-26,1,286
03471,"New Horizon Institute Of Technology & Management, Thane",Mumbai,Un-Aided,Non-Autonomous,Mumbai University,Mumbai University,0347124510,Computer Engineering,LOPENH,47818,85.8461538,Stage I,2025-26,1,286
03471,"New Horizon Institute Of Technology & Management, Thane",Mumbai,Un-Aided,Non-Autonomous,Mumbai University,Mumbai University,0347124510,Computer Engineering,LSCH,73106,77.2287062,Stage I,2025-26,1,286
03471,"New Horizon Institute Of Technology & Management, Thane",Mumbai,Un-Aided,Non-Autonomous,Mumbai University,Mumbai University,0347124510,Computer Engineering,LNT2H,47889,85.8461538,Stage I,2025-26,1,286
03471,"New Horizon Institute Of Technology & Management, Thane",Mumbai,Un-Aided,Non-Autonomous,Mumbai University,Mumbai University,0347124510,Computer Engineering,LNT3H,96638,68.8687467,Stage I,2025-26,1,286
03471,"New Horizon Institute Of Technology & Management, Thane",Mumbai,Un-Aided,Non-Autonomous,Mumbai University,Mumbai University,0347124510,Computer Engineering,LOBCH,51329,84.621564,Stage I,2025-26,1,286
03471,"New Horizon Institute Of Technology & Management, Thane",Mumbai,Un-Aided,Non-Autonomous,Mumbai University,Mumbai University,0347124510,Computer Engineering,LSEBCH,97331,68.4887011,Stage I,2025-26,1,286
03471,"New Horizon Institute Of Technology & Management, Thane",Mumbai,Un-Aided,Non-Autonomous,Mumbai University,Mumbai University,0347124510,Computer Engineering,GOPENO,77964,75.6075065,Stage I,2025-26,1,286
03471,"New Horizon Institute Of Technology & Management, Thane",Mumbai,Un-Aided,Non-Autonomous,Mumbai University,Mumbai University,0347124510,Computer Engineering,GSCO,91287,71.0971787,Stage I,2025-26,1,286
03471,"New Horizon Institute Of Technology & Management, Thane",Mumbai,Un-Aided,Non-Autonomous,Mumbai University,Mumbai University,0347124510,Computer Engineering,GVJO,126931,55.4922986,Stage I,2025-26,1,286
03471,"New Horizon Institute Of Technology & Management, Thane",Mumbai,Un-Aided,Non-Autonomous,Mumbai University,Mumbai University,0347124510,Computer Engineering,GNT1O,117724,59.9607019,Stage I,2025-26,1,286
03471,"New Horizon Institute Of Technology & Management, Thane",Mumbai,Un-Aided,Non-Autonomous,Mumbai University,Mumbai University,0347124510,Computer Engineering,GNT2O,130699,53.6771201,Stage I,2025-26,1,286
03471,"New Horizon Institute Of Technology & Management, Thane",Mumbai,Un-Aided,Non-Autonomous,Mumbai University,Mumbai University,0347124510,Computer Engineering,GOBCO,89328,71.5830116,Stage I,2025-26,1,286
03471,"New Horizon Institute Of Technology & Management, Thane",Mumbai,Un-Aided,Non-Autonomous,Mumbai University,Mumbai University,0347124510,Computer Engineering,GSEBCO,85858,72.8948543,Stage I,2025-26,1,286
03471,"New Horizon Institute Of Technology & Management, Thane",Mumbai,Un-Aided,Non-Autonomous,Mumbai University,Mumbai University,0347124510,Computer Engineering,LOPENO,68084,79.3004726,Stage I,2025-26,1,286
03471,"New Horizon Institute Of Technology & Management, Thane",Mumbai,Un-Aided,Non-Autonomous,Mumbai University,Mumbai University,0347124510,Computer Engineering,LSCO,90866,71.173087,Stage I,2025-26,1,286
03471,"New Horizon Institute Of Technology & Management, Thane",Mumbai,Un-Aided,Non-Autonomous,Mumbai University,Mumbai University,0347124510,Computer Engineering,LOBCO,89512,71.5562808,Stage I,2025-26,1,286
03471,"New Horizon Institute Of Technology & Management, Thane",Mumbai,Un-Aided,Non-Autonomous,Mumbai University,Mumbai University,0347124510,Computer Engineering,LSEBCO,144202,46.7613499,Stage I,2025-26,1,286
03471,"New Horizon Institute Of Technology & Management, Thane",Mumbai,Un-Aided,Non-Autonomous,Mumbai University,Mumbai University,0347124510,Computer Engineering,DEFOPENS,136907,50.5909012,Stage I,2025-26,1,286
03471,"New Horizon Institute Of Technology & Management, Thane",Mumbai,Un-Aided,Non-Autonomous,Mumbai University,Mumbai University,0347124510,Computer Engineering,TFWS,47331,85.9058498,Stage I,2025-26,1,286
03471,"New Horizon Institute Of Technology & Management, Thane",Mumbai,Un-Aided,Non-Autonomous,Mumbai University,Mumbai University,0347124510,Computer Engineering,EWS,203224,0.7902273,Stage I,2025-26,1,286
03471,"New Horizon Institute Of Technology & Management, Thane",Mumbai,Un-Aided,Non-Autonomous,Mumbai University,Mumbai University,0347124610,Information Technology,GOPENH,53618,83.9020979,Stage I,2025-26,1,287
03471,"New Horizon Institute Of Technology & Management, Thane",Mumbai,Un-Aided,Non-Autonomous,Mumbai University,Mumbai University,0347124610,Information Technology,GSCH,69776,78.5819586,Stage I,2025-26,1,287
03471,"New Horizon Institute Of Technology & Management, Thane",Mumbai,Un-Aided,Non-Autonomous,Mumbai University,Mumbai University,0347124610,Information Technology,GSTH,142334,47.3563218,Stage I,2025-26,1,287
03471,"New Horizon Institute Of Technology & Management, Thane",Mumbai,Un-Aided,Non-Autonomous,Mumbai University,Mumbai University,0347124610,Information Technology,GVJH,117307,60.2517483,Stage I,2025-26,1,287
03471,"New Horizon Institute Of Technology & Management, Thane",Mumbai,Un-Aided,Non-Autonomous,Mumbai University,Mumbai University,0347124610,Information Technology,GNT2H,73409,77.161886,Stage I,2025-26,1,287
03471,"New Horizon Institute Of Technology & Management, Thane",Mumbai,Un-Aided,Non-Autonomous,Mumbai University,Mumbai University,0347124610,Information Technology,GNT3H,73875,77.1296846,Stage I,2025-26,1,287
03471,"New Horizon Institute Of Technology & Management, Thane",Mumbai,Un-Aided,Non-Autonomous,Mumbai University,Mumbai University,0347124610,Information Technology,GOBCH,61351,81.3270637,Stage I,2025-26,1,287
03471,"New Horizon Institute Of Technology & Management, Thane",Mumbai,Un-Aided,Non-Autonomous,Mumbai University,Mumbai University,0347124610,Information Technology,GSEBCH,94944,69.4561708,Stage I,2025-26,1,287
03471,"New Horizon Institute Of Technology & Management, Thane",Mumbai,Un-Aided,Non-Autonomous,Mumbai University,Mumbai University,0347124610,Information Technology,LOPENH,53820,83.880237,Stage I,2025-26,1,287
03471,"New Horizon Institute Of Technology & Management, Thane",Mumbai,Un-Aided,Non-Autonomous,Mumbai University,Mumbai University,0347124610,Information Technology,LSCH,62894,81.0133535,Stage I,2025-26,1,287
03471,"New Horizon Institute Of Technology & Management, Thane",Mumbai,Un-Aided,Non-Autonomous,Mumbai University,Mumbai University,0347124610,Information Technology,LNT1H,114728,60.9090909,Stage I,2025-26,1,287
03471,"New Horizon Institute Of Technology & Management, Thane",Mumbai,Un-Aided,Non-Autonomous,Mumbai University,Mumbai University,0347124610,Information Technology,LOBCH,62745,81.0133535,Stage I,2025-26,1,287
03471,"New Horizon Institute Of Technology & Management, Thane",Mumbai,Un-Aided,Non-Autonomous,Mumbai University,Mumbai University,0347124610,Information Technology,LSEBCH,105456,65.3084343,Stage I,2025-26,1,287
03471,"New Horizon Institute Of Technology & Management, Thane",Mumbai,Un-Aided,Non-Autonomous,Mumbai University,Mumbai University,0347124610,Information Technology,PWDOPENH,181584,22.0346747,Stage I,2025-26,1,287
03471,"New Horizon Institute Of Technology & Management, Thane",Mumbai,Un-Aided,Non-Autonomous,Mumbai University,Mumbai University,0347124610,Information Technology,LVJH,175737,25.8355418,Stage I,2025-26,1,287
03471,"New Horizon Institute Of Technology & Management, Thane",Mumbai,Un-Aided,Non-Autonomous,Mumbai University,Mumbai University,0347124610,Information Technology,GOPENO,69450,78.6137148,Stage I,2025-26,1,287
03471,"New Horizon Institute Of Technology & Management, Thane",Mumbai,Un-Aided,Non-Autonomous,Mumbai University,Mumbai University,0347124610,Information Technology,GSCO,105424,65.5190641,Stage I,2025-26,1,287
03471,"New Horizon Institute Of Technology & Management, Thane",Mumbai,Un-Aided,Non-Autonomous,Mumbai University,Mumbai University,0347124610,Information Technology,GOBCO,87359,72.1363369,Stage I,2025-26,1,287
03471,"New Horizon Institute Of Technology & Management, Thane",Mumbai,Un-Aided,Non-Autonomous,Mumbai University,Mumbai University,0347124610,Information Technology,GSEBCO,100667,67.1459332,Stage I,2025-26,1,287
03471,"New Horizon Institute Of Technology & Management, Thane",Mumbai,Un-Aided,Non-Autonomous,Mumbai University,Mumbai University,0347124610,Information Technology,LOPENO,89851,71.4842352,Stage I,2025-26,1,287
03471,"New Horizon Institute Of Technology & Management, Thane",Mumbai,Un-Aided,Non-Autonomous,Mumbai University,Mumbai University,0347124610,Information Technology,LSCO,109727,63.3986014,Stage I,2025-26,1,287
03471,"New Horizon Institute Of Technology & Management, Thane",Mumbai,Un-Aided,Non-Autonomous,Mumbai University,Mumbai University,0347124610,Information Technology,DEFOPENS,98624,68.1164395,Stage I,2025-26,1,287
03471,"New Horizon Institute Of Technology & Management, Thane",Mumbai,Un-Aided,Non-Autonomous,Mumbai University,Mumbai University,0347124610,Information Technology,TFWS,55505,83.3397246,Stage I,2025-26,1,287
03471,"New Horizon Institute Of Technology & Management, Thane",Mumbai,Un-Aided,Non-Autonomous,Mumbai University,Mumbai University,0347125710,Computer Science And Design,GOPENH,60460,81.6453226,Stage I,2025-26,1,288
03471,"New Horizon Institute Of Technology & Management, Thane",Mumbai,Un-Aided,Non-Autonomous,Mumbai University,Mumbai University,0347125710,Computer Science And Design,GSCH,83366,73.6345056,Stage I,2025-26,1,288
03471,"New Horizon Institute Of Technology & Management, Thane",Mumbai,Un-Aided,Non-Autonomous,Mumbai University,Mumbai University,0347125710,Computer Science And Design,GVJH,123649,57.0133407,Stage I,2025-26,1,288
03471,"New Horizon Institute Of Technology & Management, Thane",Mumbai,Un-Aided,Non-Autonomous,Mumbai University,Mumbai University,0347125710,Computer Science And Design,GNT1H,97835,68.3753318,Stage I,2025-26,1,288
03471,"New Horizon Institute Of Technology & Management, Thane",Mumbai,Un-Aided,Non-Autonomous,Mumbai University,Mumbai University,0347125710,Computer Science And Design,GNT2H,175975,25.7272727,Stage I,2025-26,1,288
03471,"New Horizon Institute Of Technology & Management, Thane",Mumbai,Un-Aided,Non-Autonomous,Mumbai University,Mumbai University,0347125710,Computer Science And Design,GOBCH,69587,78.6137148,Stage I,2025-26,1,288
03471,"New Horizon Institute Of Technology & Management, Thane",Mumbai,Un-Aided,Non-Autonomous,Mumbai University,Mumbai University,0347125710,Computer Science And Design,GSEBCH,93815,69.8941051,Stage I,2025-26,1,288
03471,"New Horizon Institute Of Technology & Management, Thane",Mumbai,Un-Aided,Non-Autonomous,Mumbai University,Mumbai University,0347125710,Computer Science And Design,LOPENH,55913,83.2058578,Stage I,2025-26,1,288
03471,"New Horizon Institute Of Technology & Management, Thane",Mumbai,Un-Aided,Non-Autonomous,Mumbai University,Mumbai University,0347125710,Computer Science And Design,LSCH,91145,71.0971787,Stage I,2025-26,1,288
03471,"New Horizon Institute Of Technology & Management, Thane",Mumbai,Un-Aided,Non-Autonomous,Mumbai University,Mumbai University,0347125710,Computer Science And Design,LOBCH,65782,79.9072027,Stage I,2025-26,1,288
03471,"New Horizon Institute Of Technology & Management, Thane",Mumbai,Un-Aided,Non-Autonomous,Mumbai University,Mumbai University,0347125710,Computer Science And Design,GOPENO,83924,73.6159498,Stage I,2025-26,1,288
03471,"New Horizon Institute Of Technology & Management, Thane",Mumbai,Un-Aided,Non-Autonomous,Mumbai University,Mumbai University,0347125710,Computer Science And Design,GSCO,108300,63.8244514,Stage I,2025-26,1,288
03471,"New Horizon Institute Of Technology & Management, Thane",Mumbai,Un-Aided,Non-Autonomous,Mumbai University,Mumbai University,0347125710,Computer Science And Design,GNT3O,102572,66.3795642,Stage I,2025-26,1,288
03471,"New Horizon Institute Of Technology & Management, Thane",Mumbai,Un-Aided,Non-Autonomous,Mumbai University,Mumbai University,0347125710,Computer Science And Design,GOBCO,85411,73.2612864,Stage I,2025-26,1,288
03471,"New Horizon Institute Of Technology & Management, Thane",Mumbai,Un-Aided,Non-Autonomous,Mumbai University,Mumbai University,0347125710,Computer Science And Design,GSEBCO,120091,58.8525307,Stage I,2025-26,1,288
03471,"New Horizon Institute Of Technology & Management, Thane",Mumbai,Un-Aided,Non-Autonomous,Mumbai University,Mumbai University,0347125710,Computer Science And Design,LOBCO,117037,60.3213757,Stage I,2025-26,1,288
03471,"New Horizon Institute Of Technology & Management, Thane",Mumbai,Un-Aided,Non-Autonomous,Mumbai University,Mumbai University,0347125710,Computer Science And Design,TFWS,55826,83.2058578,Stage I,2025-26,1,288
03471,"New Horizon Institute Of Technology & Management, Thane",Mumbai,Un-Aided,Non-Autonomous,Mumbai University,Mumbai University,0347125710,Computer Science And Design,EWS,167722,32.1281783,Stage I,2025-26,1,288
03471,"New Horizon Institute Of Technology & Management, Thane",Mumbai,Un-Aided,Non-Autonomous,Mumbai University,Mumbai University,0347161210,Mechanical Engineering,GOPENH,82385,74.0094972,Stage I,2025-26,1,289
03471,"New Horizon Institute Of Technology & Management, Thane",Mumbai,Un-Aided,Non-Autonomous,Mumbai University,Mumbai University,0347161210,Mechanical Engineering,GSCH,128736,54.5739657,Stage I,2025-26,1,289
03471,"New Horizon Institute Of Technology & Management, Thane",Mumbai,Un-Aided,Non-Autonomous,Mumbai University,Mumbai University,0347161210,Mechanical Engineering,GNT2H,183440,20.2849168,Stage I,2025-26,1,289
03471,"New Horizon Institute Of Technology & Management, Thane",Mumbai,Un-Aided,Non-Autonomous,Mumbai University,Mumbai University,0347161210,Mechanical Engineering,GOBCH,93530,69.8941051,Stage I,2025-26,1,289
03471,"New Horizon Institute Of Technology & Management, Thane",Mumbai,Un-Aided,Non-Autonomous,Mumbai University,Mumbai University,0347161210,Mechanical Engineering,LOPENH,82166,74.0094972,Stage I,2025-26,1,289
03471,"New Horizon Institute Of Technology & Management, Thane",Mumbai,Un-Aided,Non-Autonomous,Mumbai University,Mumbai University,0347161210,Mechanical Engineering,LSCH,105845,65.3084343,Stage I,2025-26,1,289
03471,"New Horizon Institute Of Technology & Management, Thane",Mumbai,Un-Aided,Non-Autonomous,Mumbai University,Mumbai University,0347161210,Mechanical Engineering,LOBCH,110222,63.2914656,Stage I,2025-26,1,289
03471,"New Horizon Institute Of Technology & Management, Thane",Mumbai,Un-Aided,Non-Autonomous,Mumbai University,Mumbai University,0347161210,Mechanical Engineering,LSEBCH,149130,43.658874,Stage II,2025-26,1,289
03471,"New Horizon Institute Of Technology & Management, Thane",Mumbai,Un-Aided,Non-Autonomous,Mumbai University,Mumbai University,0347161210,Mechanical Engineering,GOPENO,108761,63.5767823,Stage I,2025-26,1,289
03471,"New Horizon Institute Of Technology & Management, Thane",Mumbai,Un-Aided,Non-Autonomous,Mumbai University,Mumbai University,0347161210,Mechanical Engineering,GSCO,144250,46.7613499,Stage I,2025-26,1,289
03471,"New Horizon Institute Of Technology & Management, Thane",Mumbai,Un-Aided,Non-Autonomous,Mumbai University,Mumbai University,0347161210,Mechanical Engineering,GVJO,142083,47.7841578,Stage I,2025-26,1,289
03471,"New Horizon Institute Of Technology & Management, Thane",Mumbai,Un-Aided,Non-Autonomous,Mumbai University,Mumbai University,0347161210,Mechanical Engineering,GOBCO,115054,60.9090909,Stage I,2025-26,1,289
03471,"New Horizon Institute Of Technology & Management, Thane",Mumbai,Un-Aided,Non-Autonomous,Mumbai University,Mumbai University,0347161210,Mechanical Engineering,LOPENO,191293,13.4300699,Stage I,2025-26,1,289
03471,"New Horizon Institute Of Technology & Management, Thane",Mumbai,Un-Aided,Non-Autonomous,Mumbai University,Mumbai University,0347161210,Mechanical Engineering,LSEBCO,110796,63.200058,Stage II,2025-26,1,289
03471,"New Horizon Institute Of Technology & Management, Thane",Mumbai,Un-Aided,Non-Autonomous,Mumbai University,Mumbai University,0347161210,Mechanical Engineering,EWS,180244,22.4248107,Stage I,2025-26,1,289
03471,"New Horizon Institute Of Technology & Management, Thane",Mumbai,Un-Aided,Non-Autonomous,Mumbai University,Mumbai University,0347162410,Mechatronics Engineering,GOPENH,80410,75.1716925,Stage I,2025-26,1,290
03471,"New Horizon Institute Of Technology & Management, Thane",Mumbai,Un-Aided,Non-Autonomous,Mumbai University,Mumbai University,0347162410,Mechatronics Engineering,GSCH,126605,55.6405756,Stage I,2025-26,1,290
03471,"New Horizon Institute Of Technology & Management, Thane",Mumbai,Un-Aided,Non-Autonomous,Mumbai University,Mumbai University,0347162410,Mechatronics Engineering,GOBCH,104107,65.8462319,Stage I,2025-26,1,290
03471,"New Horizon Institute Of Technology & Management, Thane",Mumbai,Un-Aided,Non-Autonomous,Mumbai University,Mumbai University,0347162410,Mechatronics Engineering,GSEBCH,196973,7.9877752,Stage I,2025-26,1,290
03471,"New Horizon Institute Of Technology & Management, Thane",Mumbai,Un-Aided,Non-Autonomous,Mumbai University,Mumbai University,0347162410,Mechatronics Engineering,LOPENH,79902,75.1927485,Stage I,2025-26,1,290
03471,"New Horizon Institute Of Technology & Management, Thane",Mumbai,Un-Aided,Non-Autonomous,Mumbai University,Mumbai University,0347162410,Mechatronics Engineering,LOBCH,92508,70.507201,Stage I,2025-26,1,290
03471,"New Horizon Institute Of Technology & Management, Thane",Mumbai,Un-Aided,Non-Autonomous,Mumbai University,Mumbai University,0347162410,Mechatronics Engineering,GOPENO,79584,75.210728,Stage I,2025-26,1,290
03471,"New Horizon Institute Of Technology & Management, Thane",Mumbai,Un-Aided,Non-Autonomous,Mumbai University,Mumbai University,0347162410,Mechatronics Engineering,GSCO,157169,39.3344201,Stage I,2025-26,1,290
03471,"New Horizon Institute Of Technology & Management, Thane",Mumbai,Un-Aided,Non-Autonomous,Mumbai University,Mumbai University,0347162410,Mechatronics Engineering,GOBCO,137765,50.3223138,Stage I,2025-26,1,290
03471,"New Horizon Institute Of Technology & Management, Thane",Mumbai,Un-Aided,Non-Autonomous,Mumbai University,Mumbai University,0347162410,Mechatronics Engineering,LOPENO,18219,94.7424061,Stage I,2025-26,1,290
03471,"New Horizon Institute Of Technology & Management, Thane",Mumbai,Un-Aided,Non-Autonomous,Mumbai University,Mumbai University,0347162410,Mechatronics Engineering,LNT2O,104930,65.630713,Stage II,2025-26,1,290
03471,"New Horizon Institute Of Technology & Management, Thane",Mumbai,Un-Aided,Non-Autonomous,Mumbai University,Mumbai University,0347162410,Mechatronics Engineering,TFWS,83839,73.6159498,Stage I,2025-26,1,290
03471,"New Horizon Institute Of Technology & Management, Thane",Mumbai,Un-Aided,Non-Autonomous,Mumbai University,Mumbai University,0347199510,Artificial Intelligence And Data Science,GOPENH,51445,84.621564,Stage I,2025-26,1,291
03471,"New Horizon Institute Of Technology & Management, Thane",Mumbai,Un-Aided,Non-Autonomous,Mumbai University,Mumbai University,0347199510,Artificial Intelligence And Data Science,GSCH,74043,77.0149774,Stage I,2025-26,1,291
03471,"New Horizon Institute Of Technology & Management, Thane",Mumbai,Un-Aided,Non-Autonomous,Mumbai University,Mumbai University,0347199510,Artificial Intelligence And Data Science,GSTH,198062,7.1251441,Stage I,2025-26,1,291
03471,"New Horizon Institute Of Technology & Management, Thane",Mumbai,Un-Aided,Non-Autonomous,Mumbai University,Mumbai University,0347199510,Artificial Intelligence And Data Science,GVJH,76068,76.67552,Stage I,2025-26,1,291
03471,"New Horizon Institute Of Technology & Management, Thane",Mumbai,Un-Aided,Non-Autonomous,Mumbai University,Mumbai University,0347199510,Artificial Intelligence And Data Science,GNT1H,67690,79.4832155,Stage I,2025-26,1,291
03471,"New Horizon Institute Of Technology & Management, Thane",Mumbai,Un-Aided,Non-Autonomous,Mumbai University,Mumbai University,0347199510,Artificial Intelligence And Data Science,GNT2H,83489,73.6328536,Stage I,2025-26,1,291
03471,"New Horizon Institute Of Technology & Management, Thane",Mumbai,Un-Aided,Non-Autonomous,Mumbai University,Mumbai University,0347199510,Artificial Intelligence And Data Science,GNT3H,113250,61.796967,Stage I,2025-26,1,291
03471,"New Horizon Institute Of Technology & Management, Thane",Mumbai,Un-Aided,Non-Autonomous,Mumbai University,Mumbai University,0347199510,Artificial Intelligence And Data Science,GOBCH,59681,81.9705913,Stage I,2025-26,1,291
03471,"New Horizon Institute Of Technology & Management, Thane",Mumbai,Un-Aided,Non-Autonomous,Mumbai University,Mumbai University,0347199510,Artificial Intelligence And Data Science,GSEBCH,96089,69.0979021,Stage I,2025-26,1,291
03471,"New Horizon Institute Of Technology & Management, Thane",Mumbai,Un-Aided,Non-Autonomous,Mumbai University,Mumbai University,0347199510,Artificial Intelligence And Data Science,LOPENH,43015,87.3029561,Stage I,2025-26,1,291
03471,"New Horizon Institute Of Technology & Management, Thane",Mumbai,Un-Aided,Non-Autonomous,Mumbai University,Mumbai University,0347199510,Artificial Intelligence And Data Science,LSCH,85797,73.1347962,Stage I,2025-26,1,291
03471,"New Horizon Institute Of Technology & Management, Thane",Mumbai,Un-Aided,Non-Autonomous,Mumbai University,Mumbai University,0347199510,Artificial Intelligence And Data Science,LVJH,180725,22.3617813,Stage I,2025-26,1,291
03471,"New Horizon Institute Of Technology & Management, Thane",Mumbai,Un-Aided,Non-Autonomous,Mumbai University,Mumbai University,0347199510,Artificial Intelligence And Data Science,LNT2H,97507,68.4702591,Stage I,2025-26,1,291
03471,"New Horizon Institute Of Technology & Management, Thane",Mumbai,Un-Aided,Non-Autonomous,Mumbai University,Mumbai University,0347199510,Artificial Intelligence And Data Science,LNT3H,86919,72.6730266,Stage I,2025-26,1,291
03471,"New Horizon Institute Of Technology & Management, Thane",Mumbai,Un-Aided,Non-Autonomous,Mumbai University,Mumbai University,0347199510,Artificial Intelligence And Data Science,LOBCH,62773,81.0133535,Stage I,2025-26,1,291
03471,"New Horizon Institute Of Technology & Management, Thane",Mumbai,Un-Aided,Non-Autonomous,Mumbai University,Mumbai University,0347199510,Artificial Intelligence And Data Science,LSEBCH,88538,71.8197195,Stage I,2025-26,1,291
03471,"New Horizon Institute Of Technology & Management, Thane",Mumbai,Un-Aided,Non-Autonomous,Mumbai University,Mumbai University,0347199510,Artificial Intelligence And Data Science,GOPENO,75566,76.7694659,Stage I,2025-26,1,291
03471,"New Horizon Institute Of Technology & Management, Thane",Mumbai,Un-Aided,Non-Autonomous,Mumbai University,Mumbai University,0347199510,Artificial Intelligence And Data Science,GSCO,100374,67.217709,Stage I,2025-26,1,291
03471,"New Horizon Institute Of Technology & Management, Thane",Mumbai,Un-Aided,Non-Autonomous,Mumbai University,Mumbai University,0347199510,Artificial Intelligence And Data Science,GNT2O,91016,71.0971787,Stage I,2025-26,1,291
03471,"New Horizon Institute Of Technology & Management, Thane",Mumbai,Un-Aided,Non-Autonomous,Mumbai University,Mumbai University,0347199510,Artificial Intelligence And Data Science,GOBCO,76353,76.5279741,Stage I,2025-26,1,291
03471,"New Horizon Institute Of Technology & Management, Thane",Mumbai,Un-Aided,Non-Autonomous,Mumbai University,Mumbai University,0347199510,Artificial Intelligence And Data Science,GSEBCO,92372,70.507201,Stage I,2025-26,1,291
03471,"New Horizon Institute Of Technology & Management, Thane",Mumbai,Un-Aided,Non-Autonomous,Mumbai University,Mumbai University,0347199510,Artificial Intelligence And Data Science,LOPENO,76718,76.2716859,Stage I,2025-26,1,291
03471,"New Horizon Institute Of Technology & Management, Thane",Mumbai,Un-Aided,Non-Autonomous,Mumbai University,Mumbai University,0347199510,Artificial Intelligence And Data Science,LSCO,103839,65.8992965,Stage I,2025-26,1,291
03471,"New Horizon Institute Of Technology & Management, Thane",Mumbai,Un-Aided,Non-Autonomous,Mumbai University,Mumbai University,0347199510,Artificial Intelligence And Data Science,LOBCO,92385,70.507201,Stage I,2025-26,1,291
03471,"New Horizon Institute Of Technology & Management, Thane",Mumbai,Un-Aided,Non-Autonomous,Mumbai University,Mumbai University,0347199510,Artificial Intelligence And Data Science,DEFOPENS,202872,1.3078851,Stage I,2025-26,1,291
03471,"New Horizon Institute Of Technology & Management, Thane",Mumbai,Un-Aided,Non-Autonomous,Mumbai University,Mumbai University,0347199510,Artificial Intelligence And Data Science,DEFOBCS,81146,74.9785452,Stage I,2025-26,1,291
03471,"New Horizon Institute Of Technology & Management, Thane",Mumbai,Un-Aided,Non-Autonomous,Mumbai University,Mumbai University,0347199510,Artificial Intelligence And Data Science,TFWS,54176,83.7674516,Stage I,2025-26,1,291
03471,"New Horizon Institute Of Technology & Management, Thane",Mumbai,Un-Aided,Non-Autonomous,Mumbai University,Mumbai University,0347199510,Artificial Intelligence And Data Science,EWS,198686,6.3499894,Stage I,2025-26,1,291
03475,"A. P. Shah Institute Of Technology, Thane",Mumbai,Un-Aided Religious Minority - Jain,Non-Autonomous,Mumbai University,Mumbai University,0347519110,Civil Engineering,GOPENH,53520,83.9020979,Stage I,2025-26,1,292
03475,"A. P. Shah Institute Of Technology, Thane",Mumbai,Un-Aided Religious Minority - Jain,Non-Autonomous,Mumbai University,Mumbai University,0347519110,Civil Engineering,LOPENH,87912,72.102802,Stage I,2025-26,1,292
03475,"A. P. Shah Institute Of Technology, Thane",Mumbai,Un-Aided Religious Minority - Jain,Non-Autonomous,Mumbai University,Mumbai University,0347519110,Civil Engineering,GOPENO,90769,71.173087,Stage I,2025-26,1,292
03475,"A. P. Shah Institute Of Technology, Thane",Mumbai,Un-Aided Religious Minority - Jain,Non-Autonomous,Mumbai University,Mumbai University,0347519110,Civil Engineering,LOPENO,84696,73.4722277,Stage I,2025-26,1,292
03475,"A. P. Shah Institute Of Technology, Thane",Mumbai,Un-Aided Religious Minority - Jain,Non-Autonomous,Mumbai University,Mumbai University,0347519110,Civil Engineering,MI,172745,28.6767287,Stage I,2025-26,1,292
03475,"A. P. Shah Institute Of Technology, Thane",Mumbai,Un-Aided Religious Minority - Jain,Non-Autonomous,Mumbai University,Mumbai University,0347519110,Civil Engineering,TFWS,82888,73.7482517,Stage I,2025-26,1,292
03475,"A. P. Shah Institute Of Technology, Thane",Mumbai,Un-Aided Religious Minority - Jain,Non-Autonomous,Mumbai University,Mumbai University,0347524510,Computer Engineering,GOPENH,30579,91.051072,Stage I,2025-26,1,293
03475,"A. P. Shah Institute Of Technology, Thane",Mumbai,Un-Aided Religious Minority - Jain,Non-Autonomous,Mumbai University,Mumbai University,0347524510,Computer Engineering,LOPENH,30426,91.0675835,Stage I,2025-26,1,293
03475,"A. P. Shah Institute Of Technology, Thane",Mumbai,Un-Aided Religious Minority - Jain,Non-Autonomous,Mumbai University,Mumbai University,0347524510,Computer Engineering,GOPENO,45243,86.6223776,Stage I,2025-26,1,293
03475,"A. P. Shah Institute Of Technology, Thane",Mumbai,Un-Aided Religious Minority - Jain,Non-Autonomous,Mumbai University,Mumbai University,0347524510,Computer Engineering,LOPENO,62296,81.1295102,Stage I,2025-26,1,293
03475,"A. P. Shah Institute Of Technology, Thane",Mumbai,Un-Aided Religious Minority - Jain,Non-Autonomous,Mumbai University,Mumbai University,0347524510,Computer Engineering,MI,203122,0.9371709,Stage I,2025-26,1,293
03475,"A. P. Shah Institute Of Technology, Thane",Mumbai,Un-Aided Religious Minority - Jain,Non-Autonomous,Mumbai University,Mumbai University,0347524510,Computer Engineering,TFWS,28709,91.6321516,Stage I,2025-26,1,293
03475,"A. P. Shah Institute Of Technology, Thane",Mumbai,Un-Aided Religious Minority - Jain,Non-Autonomous,Mumbai University,Mumbai University,0347524610,Information Technology,GOPENH,39571,88.2544975,Stage I,2025-26,1,294
03475,"A. P. Shah Institute Of Technology, Thane",Mumbai,Un-Aided Religious Minority - Jain,Non-Autonomous,Mumbai University,Mumbai University,0347524610,Information Technology,LOPENH,37059,89.0680212,Stage I,2025-26,1,294
03475,"A. P. Shah Institute Of Technology, Thane",Mumbai,Un-Aided Religious Minority - Jain,Non-Autonomous,Mumbai University,Mumbai University,0347524610,Information Technology,GOPENO,65293,79.98947,Stage I,2025-26,1,294
03475,"A. P. Shah Institute Of Technology, Thane",Mumbai,Un-Aided Religious Minority - Jain,Non-Autonomous,Mumbai University,Mumbai University,0347524610,Information Technology,LOPENO,66612,79.7185003,Stage I,2025-26,1,294
03475,"A. P. Shah Institute Of Technology, Thane",Mumbai,Un-Aided Religious Minority - Jain,Non-Autonomous,Mumbai University,Mumbai University,0347524610,Information Technology,MI,197095,7.8969624,Stage I,2025-26,1,294
03475,"A. P. Shah Institute Of Technology, Thane",Mumbai,Un-Aided Religious Minority - Jain,Non-Autonomous,Mumbai University,Mumbai University,0347524610,Information Technology,TFWS,37996,88.7700729,Stage I,2025-26,1,294
03475,"A. P. Shah Institute Of Technology, Thane",Mumbai,Un-Aided Religious Minority - Jain,Non-Autonomous,Mumbai University,Mumbai University,0347561210,Mechanical Engineering,GOPENH,59191,82.1319232,Stage I,2025-26,1,295
03475,"A. P. Shah Institute Of Technology, Thane",Mumbai,Un-Aided Religious Minority - Jain,Non-Autonomous,Mumbai University,Mumbai University,0347561210,Mechanical Engineering,LOPENH,71633,78.2396759,Stage I,2025-26,1,295
03475,"A. P. Shah Institute Of Technology, Thane",Mumbai,Un-Aided Religious Minority - Jain,Non-Autonomous,Mumbai University,Mumbai University,0347561210,Mechanical Engineering,GOPENO,92719,70.5005064,Stage I,2025-26,1,295
03475,"A. P. Shah Institute Of Technology, Thane",Mumbai,Un-Aided Religious Minority - Jain,Non-Autonomous,Mumbai University,Mumbai University,0347561210,Mechanical Engineering,LOPENO,74518,76.9322569,Stage I,2025-26,1,295
03475,"A. P. Shah Institute Of Technology, Thane",Mumbai,Un-Aided Religious Minority - Jain,Non-Autonomous,Mumbai University,Mumbai University,0347561210,Mechanical Engineering,MI,91874,70.6189283,Stage I,2025-26,1,295
03475,"A. P. Shah Institute Of Technology, Thane",Mumbai,Un-Aided Religious Minority - Jain,Non-Autonomous,Mumbai University,Mumbai University,0347561210,Mechanical Engineering,TFWS,40439,87.9825175,Stage I,2025-26,1,295
03475,"A. P. Shah Institute Of Technology, Thane",Mumbai,Un-Aided Religious Minority - Jain,Non-Autonomous,Mumbai University,Mumbai University,0347591110,Computer Science And Engineering(Artificial Intelligence And Machine Learning),GOPENH,38978,88.5372351,Stage I,2025-26,1,296
03475,"A. P. Shah Institute Of Technology, Thane",Mumbai,Un-Aided Religious Minority - Jain,Non-Autonomous,Mumbai University,Mumbai University,0347591110,Computer Science And Engineering(Artificial Intelligence And Machine Learning),LOPENH,37533,88.9550679,Stage I,2025-26,1,296
03475,"A. P. Shah Institute Of Technology, Thane",Mumbai,Un-Aided Religious Minority - Jain,Non-Autonomous,Mumbai University,Mumbai University,0347591110,Computer Science And Engineering(Artificial Intelligence And Machine Learning),GOPENO,73114,77.2287062,Stage I,2025-26,1,296
03475,"A. P. Shah Institute Of Technology, Thane",Mumbai,Un-Aided Religious Minority - Jain,Non-Autonomous,Mumbai University,Mumbai University,0347591110,Computer Science And Engineering(Artificial Intelligence And Machine Learning),LOPENO,71994,78.010417,Stage I,2025-26,1,296
03475,"A. P. Shah Institute Of Technology, Thane",Mumbai,Un-Aided Religious Minority - Jain,Non-Autonomous,Mumbai University,Mumbai University,0347591110,Computer Science And Engineering(Artificial Intelligence And Machine Learning),MI,201461,3.1802973,Stage I,2025-26,1,296
03475,"A. P. Shah Institute Of Technology, Thane",Mumbai,Un-Aided Religious Minority - Jain,Non-Autonomous,Mumbai University,Mumbai University,0347591110,Computer Science And Engineering(Artificial Intelligence And Machine Learning),TFWS,32362,90.5015276,Stage I,2025-26,1,296
03475,"A. P. Shah Institute Of Technology, Thane",Mumbai,Un-Aided Religious Minority - Jain,Non-Autonomous,Mumbai University,Mumbai University,0347591210,Computer Science And Engineering(Data Science),GOPENH,39994,88.1719651,Stage I,2025-26,1,297
03475,"A. P. Shah Institute Of Technology, Thane",Mumbai,Un-Aided Religious Minority - Jain,Non-Autonomous,Mumbai University,Mumbai University,0347591210,Computer Science And Engineering(Data Science),LOPENH,38241,88.727183,Stage I,2025-26,1,297
03475,"A. P. Shah Institute Of Technology, Thane",Mumbai,Un-Aided Religious Minority - Jain,Non-Autonomous,Mumbai University,Mumbai University,0347591210,Computer Science And Engineering(Data Science),GOPENO,68762,78.8357161,Stage I,2025-26,1,297
03475,"A. P. Shah Institute Of Technology, Thane",Mumbai,Un-Aided Religious Minority - Jain,Non-Autonomous,Mumbai University,Mumbai University,0347591210,Computer Science And Engineering(Data Science),LOPENO,67293,79.6925092,Stage I,2025-26,1,297
03475,"A. P. Shah Institute Of Technology, Thane",Mumbai,Un-Aided Religious Minority - Jain,Non-Autonomous,Mumbai University,Mumbai University,0347591210,Computer Science And Engineering(Data Science),MI,202930,1.1892861,Stage I,2025-26,1,297
03475,"A. P. Shah Institute Of Technology, Thane",Mumbai,Un-Aided Religious Minority - Jain,Non-Autonomous,Mumbai University,Mumbai University,0347591210,Computer Science And Engineering(Data Science),TFWS,34450,89.861767,Stage I,2025-26,1,297
03477,"Chhartrapati Shivaji Maharaj Institute Of Technology, Shedung, Panvel",Mumbai,Un-Aided,Non-Autonomous,Mumbai University,Mumbai University,0347719110,Civil Engineering,GOPENH,140651,48.5587427,Stage I,2025-26,1,298
03477,"Chhartrapati Shivaji Maharaj Institute Of Technology, Shedung, Panvel",Mumbai,Un-Aided,Non-Autonomous,Mumbai University,Mumbai University,0347719110,Civil Engineering,GSCH,152692,41.7471281,Stage I,2025-26,1,298
03477,"Chhartrapati Shivaji Maharaj Institute Of Technology, Shedung, Panvel",Mumbai,Un-Aided,Non-Autonomous,Mumbai University,Mumbai University,0347719110,Civil Engineering,GNT2H,152331,42.2674623,Stage I,2025-26,1,298
03477,"Chhartrapati Shivaji Maharaj Institute Of Technology, Shedung, Panvel",Mumbai,Un-Aided,Non-Autonomous,Mumbai University,Mumbai University,0347719110,Civil Engineering,GOBCH,168558,32.0008834,Stage I,2025-26,1,298
03477,"Chhartrapati Shivaji Maharaj Institute Of Technology, Shedung, Panvel",Mumbai,Un-Aided,Non-Autonomous,Mumbai University,Mumbai University,0347719110,Civil Engineering,LOPENH,197546,7.4355245,Stage I,2025-26,1,298
03477,"Chhartrapati Shivaji Maharaj Institute Of Technology, Shedung, Panvel",Mumbai,Un-Aided,Non-Autonomous,Mumbai University,Mumbai University,0347719110,Civil Engineering,LOBCH,170193,29.8059527,Stage II,2025-26,1,298
03477,"Chhartrapati Shivaji Maharaj Institute Of Technology, Shedung, Panvel",Mumbai,Un-Aided,Non-Autonomous,Mumbai University,Mumbai University,0347719110,Civil Engineering,LNT2H,167222,32.3446384,Stage II,2025-26,1,298
03477,"Chhartrapati Shivaji Maharaj Institute Of Technology, Shedung, Panvel",Mumbai,Un-Aided,Non-Autonomous,Mumbai University,Mumbai University,0347719110,Civil Engineering,GOPENO,121273,58.2180677,Stage I,2025-26,1,298
03477,"Chhartrapati Shivaji Maharaj Institute Of Technology, Shedung, Panvel",Mumbai,Un-Aided,Non-Autonomous,Mumbai University,Mumbai University,0347719110,Civil Engineering,GNT3O,140112,49.1540892,Stage I,2025-26,1,298
03477,"Chhartrapati Shivaji Maharaj Institute Of Technology, Shedung, Panvel",Mumbai,Un-Aided,Non-Autonomous,Mumbai University,Mumbai University,0347719110,Civil Engineering,GOBCO,186068,18.4184219,Stage I,2025-26,1,298
03477,"Chhartrapati Shivaji Maharaj Institute Of Technology, Shedung, Panvel",Mumbai,Un-Aided,Non-Autonomous,Mumbai University,Mumbai University,0347719110,Civil Engineering,LOPENO,64984,80.0,Stage I,2025-26,1,298
03477,"Chhartrapati Shivaji Maharaj Institute Of Technology, Shedung, Panvel",Mumbai,Un-Aided,Non-Autonomous,Mumbai University,Mumbai University,0347719110,Civil Engineering,GNT1O,184653,19.2051273,Stage I,2025-26,1,298
03477,"Chhartrapati Shivaji Maharaj Institute Of Technology, Shedung, Panvel",Mumbai,Un-Aided,Non-Autonomous,Mumbai University,Mumbai University,0347719110,Civil Engineering,LOPENO,178357,24.7167509,Stage I,2025-26,1,298
03477,"Chhartrapati Shivaji Maharaj Institute Of Technology, Shedung, Panvel",Mumbai,Un-Aided,Non-Autonomous,Mumbai University,Mumbai University,0347724510,Computer Engineering,GOPENH,57878,82.4521073,Stage I,2025-26,1,299
03477,"Chhartrapati Shivaji Maharaj Institute Of Technology, Shedung, Panvel",Mumbai,Un-Aided,Non-Autonomous,Mumbai University,Mumbai University,0347724510,Computer Engineering,GSCH,75361,76.8955509,Stage I,2025-26,1,299
03477,"Chhartrapati Shivaji Maharaj Institute Of Technology, Shedung, Panvel",Mumbai,Un-Aided,Non-Autonomous,Mumbai University,Mumbai University,0347724510,Computer Engineering,GSTH,175872,25.7272727,Stage I,2025-26,1,299
03477,"Chhartrapati Shivaji Maharaj Institute Of Technology, Shedung, Panvel",Mumbai,Un-Aided,Non-Autonomous,Mumbai University,Mumbai University,0347724510,Computer Engineering,GNT3H,66490,79.7185003,Stage I,2025-26,1,299
03477,"Chhartrapati Shivaji Maharaj Institute Of Technology, Shedung, Panvel",Mumbai,Un-Aided,Non-Autonomous,Mumbai University,Mumbai University,0347724510,Computer Engineering,GOBCH,63675,80.7175218,Stage I,2025-26,1,299
03477,"Chhartrapati Shivaji Maharaj Institute Of Technology, Shedung, Panvel",Mumbai,Un-Aided,Non-Autonomous,Mumbai University,Mumbai University,0347724510,Computer Engineering,GSEBCH,99325,67.8236662,Stage I,2025-26,1,299
03477,"Chhartrapati Shivaji Maharaj Institute Of Technology, Shedung, Panvel",Mumbai,Un-Aided,Non-Autonomous,Mumbai University,Mumbai University,0347724510,Computer Engineering,LOPENH,59953,81.940403,Stage I,2025-26,1,299
03477,"Chhartrapati Shivaji Maharaj Institute Of Technology, Shedung, Panvel",Mumbai,Un-Aided,Non-Autonomous,Mumbai University,Mumbai University,0347724510,Computer Engineering,LSCH,78039,75.6075065,Stage I,2025-26,1,299
03477,"Chhartrapati Shivaji Maharaj Institute Of Technology, Shedung, Panvel",Mumbai,Un-Aided,Non-Autonomous,Mumbai University,Mumbai University,0347724510,Computer Engineering,LVJH,173888,28.3031822,Stage I,2025-26,1,299
03477,"Chhartrapati Shivaji Maharaj Institute Of Technology, Shedung, Panvel",Mumbai,Un-Aided,Non-Autonomous,Mumbai University,Mumbai University,0347724510,Computer Engineering,LNT1H,87920,71.8498844,Stage I,2025-26,1,299
03477,"Chhartrapati Shivaji Maharaj Institute Of Technology, Shedung, Panvel",Mumbai,Un-Aided,Non-Autonomous,Mumbai University,Mumbai University,0347724510,Computer Engineering,LOBCH,67203,79.6925092,Stage I,2025-26,1,299
03477,"Chhartrapati Shivaji Maharaj Institute Of Technology, Shedung, Panvel",Mumbai,Un-Aided,Non-Autonomous,Mumbai University,Mumbai University,0347724510,Computer Engineering,GOPENO,65464,79.9809712,Stage I,2025-26,1,299
03477,"Chhartrapati Shivaji Maharaj Institute Of Technology, Shedung, Panvel",Mumbai,Un-Aided,Non-Autonomous,Mumbai University,Mumbai University,0347724510,Computer Engineering,GSCO,107886,64.2631037,Stage I,2025-26,1,299
03477,"Chhartrapati Shivaji Maharaj Institute Of Technology, Shedung, Panvel",Mumbai,Un-Aided,Non-Autonomous,Mumbai University,Mumbai University,0347724510,Computer Engineering,GSTO,117058,60.3213757,Stage I,2025-26,1,299
03477,"Chhartrapati Shivaji Maharaj Institute Of Technology, Shedung, Panvel",Mumbai,Un-Aided,Non-Autonomous,Mumbai University,Mumbai University,0347724510,Computer Engineering,GNT2O,69794,78.5819586,Stage I,2025-26,1,299
03477,"Chhartrapati Shivaji Maharaj Institute Of Technology, Shedung, Panvel",Mumbai,Un-Aided,Non-Autonomous,Mumbai University,Mumbai University,0347724510,Computer Engineering,GOBCO,85162,73.2612864,Stage I,2025-26,1,299
03477,"Chhartrapati Shivaji Maharaj Institute Of Technology, Shedung, Panvel",Mumbai,Un-Aided,Non-Autonomous,Mumbai University,Mumbai University,0347724510,Computer Engineering,GSEBCO,105503,65.3084343,Stage I,2025-26,1,299
03477,"Chhartrapati Shivaji Maharaj Institute Of Technology, Shedung, Panvel",Mumbai,Un-Aided,Non-Autonomous,Mumbai University,Mumbai University,0347724510,Computer Engineering,LOPENO,89380,71.5562808,Stage I,2025-26,1,299
03477,"Chhartrapati Shivaji Maharaj Institute Of Technology, Shedung, Panvel",Mumbai,Un-Aided,Non-Autonomous,Mumbai University,Mumbai University,0347724510,Computer Engineering,LOBCO,150657,43.031473,Stage I,2025-26,1,299
03477,"Chhartrapati Shivaji Maharaj Institute Of Technology, Shedung, Panvel",Mumbai,Un-Aided,Non-Autonomous,Mumbai University,Mumbai University,0347724510,Computer Engineering,DEFOPENS,70242,78.5512207,Stage I,2025-26,1,299
03477,"Chhartrapati Shivaji Maharaj Institute Of Technology, Shedung, Panvel",Mumbai,Un-Aided,Non-Autonomous,Mumbai University,Mumbai University,0347724510,Computer Engineering,TFWS,61018,81.5804905,Stage I,2025-26,1,299
03477,"Chhartrapati Shivaji Maharaj Institute Of Technology, Shedung, Panvel",Mumbai,Un-Aided,Non-Autonomous,Mumbai University,Mumbai University,0347724510,Computer Engineering,EWS,122190,57.6249683,Stage I,2025-26,1,299
03477,"Chhartrapati Shivaji Maharaj Institute Of Technology, Shedung, Panvel",Mumbai,Un-Aided,Non-Autonomous,Mumbai University,Mumbai University,0347761210,Mechanical Engineering,GOPENH,135561,50.9683037,Stage I,2025-26,1,300
03477,"Chhartrapati Shivaji Maharaj Institute Of Technology, Shedung, Panvel",Mumbai,Un-Aided,Non-Autonomous,Mumbai University,Mumbai University,0347761210,Mechanical Engineering,GSCH,199919,4.817857,Stage I,2025-26,1,300
03477,"Chhartrapati Shivaji Maharaj Institute Of Technology, Shedung, Panvel",Mumbai,Un-Aided,Non-Autonomous,Mumbai University,Mumbai University,0347761210,Mechanical Engineering,GOBCH,180328,22.4248107,Stage I,2025-26,1,300
03477,"Chhartrapati Shivaji Maharaj Institute Of Technology, Shedung, Panvel",Mumbai,Un-Aided,Non-Autonomous,Mumbai University,Mumbai University,0347761210,Mechanical Engineering,GSEBCH,141959,47.7841578,Stage I,2025-26,1,300
03477,"Chhartrapati Shivaji Maharaj Institute Of Technology, Shedung, Panvel",Mumbai,Un-Aided,Non-Autonomous,Mumbai University,Mumbai University,0347761210,Mechanical Engineering,LOPENH,132608,52.8806012,Stage I,2025-26,1,300
03477,"Chhartrapati Shivaji Maharaj Institute Of Technology, Shedung, Panvel",Mumbai,Un-Aided,Non-Autonomous,Mumbai University,Mumbai University,0347761210,Mechanical Engineering,LSCH,152432,42.2674623,Stage I,2025-26,1,300
03477,"Chhartrapati Shivaji Maharaj Institute Of Technology, Shedung, Panvel",Mumbai,Un-Aided,Non-Autonomous,Mumbai University,Mumbai University,0347761210,Mechanical Engineering,LOBCH,183950,19.7061157,Stage I,2025-26,1,300
03477,"Chhartrapati Shivaji Maharaj Institute Of Technology, Shedung, Panvel",Mumbai,Un-Aided,Non-Autonomous,Mumbai University,Mumbai University,0347761210,Mechanical Engineering,GSCH,189760,14.9055715,Stage I,2025-26,1,300
03477,"Chhartrapati Shivaji Maharaj Institute Of Technology, Shedung, Panvel",Mumbai,Un-Aided,Non-Autonomous,Mumbai University,Mumbai University,0347761210,Mechanical Engineering,GOPENO,181720,22.0346747,Stage I,2025-26,1,300
03477,"Chhartrapati Shivaji Maharaj Institute Of Technology, Shedung, Panvel",Mumbai,Un-Aided,Non-Autonomous,Mumbai University,Mumbai University,0347761210,Mechanical Engineering,GOBCO,190539,14.0584844,Stage I,2025-26,1,300
03477,"Chhartrapati Shivaji Maharaj Institute Of Technology, Shedung, Panvel",Mumbai,Un-Aided,Non-Autonomous,Mumbai University,Mumbai University,0347761210,Mechanical Engineering,LOPENO,139295,49.3416227,Stage I,2025-26,1,300
03477,"Chhartrapati Shivaji Maharaj Institute Of Technology, Shedung, Panvel",Mumbai,Un-Aided,Non-Autonomous,Mumbai University,Mumbai University,0347792110,Artificial Intelligence And Machine Learning,GOPENH,71548,78.2396759,Stage I,2025-26,1,301
03477,"Chhartrapati Shivaji Maharaj Institute Of Technology, Shedung, Panvel",Mumbai,Un-Aided,Non-Autonomous,Mumbai University,Mumbai University,0347792110,Artificial Intelligence And Machine Learning,GSCH,114004,61.5619516,Stage I,2025-26,1,301
03477,"Chhartrapati Shivaji Maharaj Institute Of Technology, Shedung, Panvel",Mumbai,Un-Aided,Non-Autonomous,Mumbai University,Mumbai University,0347792110,Artificial Intelligence And Machine Learning,GSTH,191849,13.01665,Stage I,2025-26,1,301
03477,"Chhartrapati Shivaji Maharaj Institute Of Technology, Shedung, Panvel",Mumbai,Un-Aided,Non-Autonomous,Mumbai University,Mumbai University,0347792110,Artificial Intelligence And Machine Learning,GNT1H,71621,78.2396759,Stage I,2025-26,1,301
03477,"Chhartrapati Shivaji Maharaj Institute Of Technology, Shedung, Panvel",Mumbai,Un-Aided,Non-Autonomous,Mumbai University,Mumbai University,0347792110,Artificial Intelligence And Machine Learning,GNT2H,117845,59.9607019,Stage I,2025-26,1,301
03477,"Chhartrapati Shivaji Maharaj Institute Of Technology, Shedung, Panvel",Mumbai,Un-Aided,Non-Autonomous,Mumbai University,Mumbai University,0347792110,Artificial Intelligence And Machine Learning,GNT3H,148142,43.9154166,Stage I,2025-26,1,301
03477,"Chhartrapati Shivaji Maharaj Institute Of Technology, Shedung, Panvel",Mumbai,Un-Aided,Non-Autonomous,Mumbai University,Mumbai University,0347792110,Artificial Intelligence And Machine Learning,GOBCH,94733,69.4561708,Stage I,2025-26,1,301
03477,"Chhartrapati Shivaji Maharaj Institute Of Technology, Shedung, Panvel",Mumbai,Un-Aided,Non-Autonomous,Mumbai University,Mumbai University,0347792110,Artificial Intelligence And Machine Learning,GSEBCH,120479,58.6907687,Stage I,2025-26,1,301
03477,"Chhartrapati Shivaji Maharaj Institute Of Technology, Shedung, Panvel",Mumbai,Un-Aided,Non-Autonomous,Mumbai University,Mumbai University,0347792110,Artificial Intelligence And Machine Learning,LOPENH,66381,79.7946282,Stage I,2025-26,1,301
03477,"Chhartrapati Shivaji Maharaj Institute Of Technology, Shedung, Panvel",Mumbai,Un-Aided,Non-Autonomous,Mumbai University,Mumbai University,0347792110,Artificial Intelligence And Machine Learning,LSCH,93801,69.8941051,Stage I,2025-26,1,301
03477,"Chhartrapati Shivaji Maharaj Institute Of Technology, Shedung, Panvel",Mumbai,Un-Aided,Non-Autonomous,Mumbai University,Mumbai University,0347792110,Artificial Intelligence And Machine Learning,LNT2H,115173,60.8775137,Stage I,2025-26,1,301
03477,"Chhartrapati Shivaji Maharaj Institute Of Technology, Shedung, Panvel",Mumbai,Un-Aided,Non-Autonomous,Mumbai University,Mumbai University,0347792110,Artificial Intelligence And Machine Learning,LOBCH,99921,67.8210479,Stage I,2025-26,1,301
03477,"Chhartrapati Shivaji Maharaj Institute Of Technology, Shedung, Panvel",Mumbai,Un-Aided,Non-Autonomous,Mumbai University,Mumbai University,0347792110,Artificial Intelligence And Machine Learning,LSEBCH,66808,79.6986029,Stage I,2025-26,1,301
03477,"Chhartrapati Shivaji Maharaj Institute Of Technology, Shedung, Panvel",Mumbai,Un-Aided,Non-Autonomous,Mumbai University,Mumbai University,0347792110,Artificial Intelligence And Machine Learning,LNT1H,117544,60.2517483,Stage II,2025-26,1,301
03477,"Chhartrapati Shivaji Maharaj Institute Of Technology, Shedung, Panvel",Mumbai,Un-Aided,Non-Autonomous,Mumbai University,Mumbai University,0347792110,Artificial Intelligence And Machine Learning,GVJH,143343,47.13962,Stage I,2025-26,1,301
03477,"Chhartrapati Shivaji Maharaj Institute Of Technology, Shedung, Panvel",Mumbai,Un-Aided,Non-Autonomous,Mumbai University,Mumbai University,0347792110,Artificial Intelligence And Machine Learning,GOPENO,81135,74.9785452,Stage I,2025-26,1,301
03477,"Chhartrapati Shivaji Maharaj Institute Of Technology, Shedung, Panvel",Mumbai,Un-Aided,Non-Autonomous,Mumbai University,Mumbai University,0347792110,Artificial Intelligence And Machine Learning,GSCO,150795,43.031473,Stage I,2025-26,1,301
03477,"Chhartrapati Shivaji Maharaj Institute Of Technology, Shedung, Panvel",Mumbai,Un-Aided,Non-Autonomous,Mumbai University,Mumbai University,0347792110,Artificial Intelligence And Machine Learning,GSTO,100863,66.9498069,Stage I,2025-26,1,301
03477,"Chhartrapati Shivaji Maharaj Institute Of Technology, Shedung, Panvel",Mumbai,Un-Aided,Non-Autonomous,Mumbai University,Mumbai University,0347792110,Artificial Intelligence And Machine Learning,GNT1O,83994,73.6159498,Stage I,2025-26,1,301
03477,"Chhartrapati Shivaji Maharaj Institute Of Technology, Shedung, Panvel",Mumbai,Un-Aided,Non-Autonomous,Mumbai University,Mumbai University,0347792110,Artificial Intelligence And Machine Learning,GOBCO,110723,63.200058,Stage I,2025-26,1,301
03477,"Chhartrapati Shivaji Maharaj Institute Of Technology, Shedung, Panvel",Mumbai,Un-Aided,Non-Autonomous,Mumbai University,Mumbai University,0347792110,Artificial Intelligence And Machine Learning,GSEBCO,97893,68.3753318,Stage I,2025-26,1,301
03477,"Chhartrapati Shivaji Maharaj Institute Of Technology, Shedung, Panvel",Mumbai,Un-Aided,Non-Autonomous,Mumbai University,Mumbai University,0347792110,Artificial Intelligence And Machine Learning,LOPENO,81193,74.6802716,Stage I,2025-26,1,301
03477,"Chhartrapati Shivaji Maharaj Institute Of Technology, Shedung, Panvel",Mumbai,Un-Aided,Non-Autonomous,Mumbai University,Mumbai University,0347792110,Artificial Intelligence And Machine Learning,LOBCO,110191,63.2914656,Stage I,2025-26,1,301
03477,"Chhartrapati Shivaji Maharaj Institute Of Technology, Shedung, Panvel",Mumbai,Un-Aided,Non-Autonomous,Mumbai University,Mumbai University,0347792110,Artificial Intelligence And Machine Learning,LSEBCO,152694,41.7471281,Stage I,2025-26,1,301
03477,"Chhartrapati Shivaji Maharaj Institute Of Technology, Shedung, Panvel",Mumbai,Un-Aided,Non-Autonomous,Mumbai University,Mumbai University,0347792110,Artificial Intelligence And Machine Learning,LNT3O,81929,74.0630785,Stage II,2025-26,1,301
03477,"Chhartrapati Shivaji Maharaj Institute Of Technology, Shedung, Panvel",Mumbai,Un-Aided,Non-Autonomous,Mumbai University,Mumbai University,0347792110,Artificial Intelligence And Machine Learning,LNT2O,116332,60.4378874,Stage I,2025-26,1,301
03477,"Chhartrapati Shivaji Maharaj Institute Of Technology, Shedung, Panvel",Mumbai,Un-Aided,Non-Autonomous,Mumbai University,Mumbai University,0347792110,Artificial Intelligence And Machine Learning,DEFOPENS,169450,31.5596589,Stage I,2025-26,1,301
03477,"Chhartrapati Shivaji Maharaj Institute Of Technology, Shedung, Panvel",Mumbai,Un-Aided,Non-Autonomous,Mumbai University,Mumbai University,0347792110,Artificial Intelligence And Machine Learning,DEFOBCS,198286,6.54341,Stage I,2025-26,1,301
03477,"Chhartrapati Shivaji Maharaj Institute Of Technology, Shedung, Panvel",Mumbai,Un-Aided,Non-Autonomous,Mumbai University,Mumbai University,0347792110,Artificial Intelligence And Machine Learning,TFWS,66749,79.6986029,Stage I,2025-26,1,301
03503,"Indala College Of Engineering, Bapsai Tal.Kalyan",Mumbai,Un-Aided,Non-Autonomous,Mumbai University,Mumbai University,0350319110,Civil Engineering,GOPENH,202951,1.1852885,Stage I,2025-26,1,302
03503,"Indala College Of Engineering, Bapsai Tal.Kalyan",Mumbai,Un-Aided,Non-Autonomous,Mumbai University,Mumbai University,0350319110,Civil Engineering,LOPENH,195793,9.3356129,Stage I,2025-26,1,302
03503,"Indala College Of Engineering, Bapsai Tal.Kalyan",Mumbai,Un-Aided,Non-Autonomous,Mumbai University,Mumbai University,0350319110,Civil Engineering,LOPENH,192962,11.8670556,Stage II,2025-26,1,302
03503,"Indala College Of Engineering, Bapsai Tal.Kalyan",Mumbai,Un-Aided,Non-Autonomous,Mumbai University,Mumbai University,0350319110,Civil Engineering,GOPENO,199626,5.2326584,Stage I,2025-26,1,302
03503,"Indala College Of Engineering, Bapsai Tal.Kalyan",Mumbai,Un-Aided,Non-Autonomous,Mumbai University,Mumbai University,0350324510,Computer Engineering,GOPENH,76874,76.2716859,Stage I,2025-26,1,302
03503,"Indala College Of Engineering, Bapsai Tal.Kalyan",Mumbai,Un-Aided,Non-Autonomous,Mumbai University,Mumbai University,0350324510,Computer Engineering,GSCH,105068,65.5190641,Stage I,2025-26,1,302
03503,"Indala College Of Engineering, Bapsai Tal.Kalyan",Mumbai,Un-Aided,Non-Autonomous,Mumbai University,Mumbai University,0350324510,Computer Engineering,GNT1H,97508,68.4702591,Stage I,2025-26,1,302
03503,"Indala College Of Engineering, Bapsai Tal.Kalyan",Mumbai,Un-Aided,Non-Autonomous,Mumbai University,Mumbai University,0350324510,Computer Engineering,GNT2H,128236,54.5872518,Stage I,2025-26,1,302
03503,"Indala College Of Engineering, Bapsai Tal.Kalyan",Mumbai,Un-Aided,Non-Autonomous,Mumbai University,Mumbai University,0350324510,Computer Engineering,GNT3H,178306,24.7167509,Stage I,2025-26,1,302
03503,"Indala College Of Engineering, Bapsai Tal.Kalyan",Mumbai,Un-Aided,Non-Autonomous,Mumbai University,Mumbai University,0350324510,Computer Engineering,GOBCH,89797,71.4842352,Stage I,2025-26,1,302
03503,"Indala College Of Engineering, Bapsai Tal.Kalyan",Mumbai,Un-Aided,Non-Autonomous,Mumbai University,Mumbai University,0350324510,Computer Engineering,GSEBCH,131659,53.2657343,Stage I,2025-26,1,302
03503,"Indala College Of Engineering, Bapsai Tal.Kalyan",Mumbai,Un-Aided,Non-Autonomous,Mumbai University,Mumbai University,0350324510,Computer Engineering,LOPENH,77424,75.6538462,Stage I,2025-26,1,302
03503,"Indala College Of Engineering, Bapsai Tal.Kalyan",Mumbai,Un-Aided,Non-Autonomous,Mumbai University,Mumbai University,0350324510,Computer Engineering,LSCH,103478,66.1695365,Stage I,2025-26,1,302
03503,"Indala College Of Engineering, Bapsai Tal.Kalyan",Mumbai,Un-Aided,Non-Autonomous,Mumbai University,Mumbai University,0350324510,Computer Engineering,LOBCH,85547,73.1347962,Stage I,2025-26,1,302
03503,"Indala College Of Engineering, Bapsai Tal.Kalyan",Mumbai,Un-Aided,Non-Autonomous,Mumbai University,Mumbai University,0350324510,Computer Engineering,LSEBCH,188641,15.8481365,Stage I,2025-26,1,302
03503,"Indala College Of Engineering, Bapsai Tal.Kalyan",Mumbai,Un-Aided,Non-Autonomous,Mumbai University,Mumbai University,0350324510,Computer Engineering,GOPENO,95602,69.2179237,Stage I,2025-26,1,302
03503,"Indala College Of Engineering, Bapsai Tal.Kalyan",Mumbai,Un-Aided,Non-Autonomous,Mumbai University,Mumbai University,0350324510,Computer Engineering,GSCO,119044,59.1762367,Stage I,2025-26,1,302
03503,"Indala College Of Engineering, Bapsai Tal.Kalyan",Mumbai,Un-Aided,Non-Autonomous,Mumbai University,Mumbai University,0350324510,Computer Engineering,GNT2O,144481,46.6242967,Stage I,2025-26,1,302
03503,"Indala College Of Engineering, Bapsai Tal.Kalyan",Mumbai,Un-Aided,Non-Autonomous,Mumbai University,Mumbai University,0350324510,Computer Engineering,GOBCO,118834,59.2797111,Stage I,2025-26,1,302
03503,"Indala College Of Engineering, Bapsai Tal.Kalyan",Mumbai,Un-Aided,Non-Autonomous,Mumbai University,Mumbai University,0350324510,Computer Engineering,GSEBCO,120676,58.4401523,Stage I,2025-26,1,302
03503,"Indala College Of Engineering, Bapsai Tal.Kalyan",Mumbai,Un-Aided,Non-Autonomous,Mumbai University,Mumbai University,0350324510,Computer Engineering,LOPENO,96717,68.8687467,Stage I,2025-26,1,302
03503,"Indala College Of Engineering, Bapsai Tal.Kalyan",Mumbai,Un-Aided,Non-Autonomous,Mumbai University,Mumbai University,0350324510,Computer Engineering,LSCO,108617,63.6512871,Stage I,2025-26,1,302
03503,"Indala College Of Engineering, Bapsai Tal.Kalyan",Mumbai,Un-Aided,Non-Autonomous,Mumbai University,Mumbai University,0350324510,Computer Engineering,LOBCO,130393,53.7591782,Stage I,2025-26,1,302
03503,"Indala College Of Engineering, Bapsai Tal.Kalyan",Mumbai,Un-Aided,Non-Autonomous,Mumbai University,Mumbai University,0350324510,Computer Engineering,LVJO,200777,3.8667565,Stage II,2025-26,1,302
03503,"Indala College Of Engineering, Bapsai Tal.Kalyan",Mumbai,Un-Aided,Non-Autonomous,Mumbai University,Mumbai University,0350324510,Computer Engineering,TFWS,79323,75.2405919,Stage I,2025-26,1,302
03503,"Indala College Of Engineering, Bapsai Tal.Kalyan",Mumbai,Un-Aided,Non-Autonomous,Mumbai University,Mumbai University,0350324610,Information Technology,GOPENH,100694,67.1459332,Stage I,2025-26,1,303
03503,"Indala College Of Engineering, Bapsai Tal.Kalyan",Mumbai,Un-Aided,Non-Autonomous,Mumbai University,Mumbai University,0350324610,Information Technology,GSCH,151442,42.7403863,Stage I,2025-26,1,303
03503,"Indala College Of Engineering, Bapsai Tal.Kalyan",Mumbai,Un-Aided,Non-Autonomous,Mumbai University,Mumbai University,0350324610,Information Technology,GSTH,169289,31.9226076,Stage I,2025-26,1,303
03503,"Indala College Of Engineering, Bapsai Tal.Kalyan",Mumbai,Un-Aided,Non-Autonomous,Mumbai University,Mumbai University,0350324610,Information Technology,GOBCH,102026,66.3866132,Stage I,2025-26,1,303
03503,"Indala College Of Engineering, Bapsai Tal.Kalyan",Mumbai,Un-Aided,Non-Autonomous,Mumbai University,Mumbai University,0350324610,Information Technology,LOPENH,95488,69.2179237,Stage I,2025-26,1,303
03503,"Indala College Of Engineering, Bapsai Tal.Kalyan",Mumbai,Un-Aided,Non-Autonomous,Mumbai University,Mumbai University,0350324610,Information Technology,LSCH,126399,55.6405756,Stage I,2025-26,1,303
03503,"Indala College Of Engineering, Bapsai Tal.Kalyan",Mumbai,Un-Aided,Non-Autonomous,Mumbai University,Mumbai University,0350324610,Information Technology,LOBCH,99491,67.8236662,Stage I,2025-26,1,303
03503,"Indala College Of Engineering, Bapsai Tal.Kalyan",Mumbai,Un-Aided,Non-Autonomous,Mumbai University,Mumbai University,0350324610,Information Technology,LSEBCH,188544,15.9545455,Stage I,2025-26,1,303
03503,"Indala College Of Engineering, Bapsai Tal.Kalyan",Mumbai,Un-Aided,Non-Autonomous,Mumbai University,Mumbai University,0350324610,Information Technology,LNT2H,166119,32.5553935,Stage I,2025-26,1,303
03503,"Indala College Of Engineering, Bapsai Tal.Kalyan",Mumbai,Un-Aided,Non-Autonomous,Mumbai University,Mumbai University,0350324610,Information Technology,GOPENO,164663,33.6209084,Stage I,2025-26,1,303
03503,"Indala College Of Engineering, Bapsai Tal.Kalyan",Mumbai,Un-Aided,Non-Autonomous,Mumbai University,Mumbai University,0350324610,Information Technology,GNT3O,174116,28.2789485,Stage I,2025-26,1,303
03503,"Indala College Of Engineering, Bapsai Tal.Kalyan",Mumbai,Un-Aided,Non-Autonomous,Mumbai University,Mumbai University,0350324610,Information Technology,GOBCO,171291,29.2375397,Stage I,2025-26,1,303
03503,"Indala College Of Engineering, Bapsai Tal.Kalyan",Mumbai,Un-Aided,Non-Autonomous,Mumbai University,Mumbai University,0350324610,Information Technology,LOPENO,155333,39.902473,Stage I,2025-26,1,303
03503,"Indala College Of Engineering, Bapsai Tal.Kalyan",Mumbai,Un-Aided,Non-Autonomous,Mumbai University,Mumbai University,0350324610,Information Technology,LSEBCO,181338,22.035802,Stage I,2025-26,1,303
03503,"Indala College Of Engineering, Bapsai Tal.Kalyan",Mumbai,Un-Aided,Non-Autonomous,Mumbai University,Mumbai University,0350324610,Information Technology,GSCO,162299,35.9295868,Stage I,2025-26,1,303
03503,"Indala College Of Engineering, Bapsai Tal.Kalyan",Mumbai,Un-Aided,Non-Autonomous,Mumbai University,Mumbai University,0350324610,Information Technology,GNT1O,178358,24.7167509,Stage I,2025-26,1,303
03503,"Indala College Of Engineering, Bapsai Tal.Kalyan",Mumbai,Un-Aided,Non-Autonomous,Mumbai University,Mumbai University,0350324610,Information Technology,GNT2O,186116,18.1456181,Stage I,2025-26,1,303
03503,"Indala College Of Engineering, Bapsai Tal.Kalyan",Mumbai,Un-Aided,Non-Autonomous,Mumbai University,Mumbai University,0350324610,Information Technology,TFWS,91449,70.7504568,Stage I,2025-26,1,303
03503,"Indala College Of Engineering, Bapsai Tal.Kalyan",Mumbai,Un-Aided,Non-Autonomous,Mumbai University,Mumbai University,0350326310,Artificial Intelligence (Ai) And Data Science,GOPENH,70411,78.4342571,Stage I,2025-26,1,304
03503,"Indala College Of Engineering, Bapsai Tal.Kalyan",Mumbai,Un-Aided,Non-Autonomous,Mumbai University,Mumbai University,0350326310,Artificial Intelligence (Ai) And Data Science,GSCH,144919,46.3957696,Stage I,2025-26,1,304
03503,"Indala College Of Engineering, Bapsai Tal.Kalyan",Mumbai,Un-Aided,Non-Autonomous,Mumbai University,Mumbai University,0350326310,Artificial Intelligence (Ai) And Data Science,GNT1H,183209,20.3327444,Stage I,2025-26,1,304
03503,"Indala College Of Engineering, Bapsai Tal.Kalyan",Mumbai,Un-Aided,Non-Autonomous,Mumbai University,Mumbai University,0350326310,Artificial Intelligence (Ai) And Data Science,GNT2H,190680,13.9509479,Stage I,2025-26,1,304
03503,"Indala College Of Engineering, Bapsai Tal.Kalyan",Mumbai,Un-Aided,Non-Autonomous,Mumbai University,Mumbai University,0350326310,Artificial Intelligence (Ai) And Data Science,GNT3H,163598,35.4407253,Stage I,2025-26,1,304
03503,"Indala College Of Engineering, Bapsai Tal.Kalyan",Mumbai,Un-Aided,Non-Autonomous,Mumbai University,Mumbai University,0350326310,Artificial Intelligence (Ai) And Data Science,GOBCH,101362,66.9039004,Stage I,2025-26,1,304
03503,"Indala College Of Engineering, Bapsai Tal.Kalyan",Mumbai,Un-Aided,Non-Autonomous,Mumbai University,Mumbai University,0350326310,Artificial Intelligence (Ai) And Data Science,GSEBCH,146032,45.8266058,Stage I,2025-26,1,304
03503,"Indala College Of Engineering, Bapsai Tal.Kalyan",Mumbai,Un-Aided,Non-Autonomous,Mumbai University,Mumbai University,0350326310,Artificial Intelligence (Ai) And Data Science,LOPENH,81019,74.9785452,Stage I,2025-26,1,304
03503,"Indala College Of Engineering, Bapsai Tal.Kalyan",Mumbai,Un-Aided,Non-Autonomous,Mumbai University,Mumbai University,0350326310,Artificial Intelligence (Ai) And Data Science,LSCH,131280,53.6060165,Stage I,2025-26,1,304
03503,"Indala College Of Engineering, Bapsai Tal.Kalyan",Mumbai,Un-Aided,Non-Autonomous,Mumbai University,Mumbai University,0350326310,Artificial Intelligence (Ai) And Data Science,LOBCH,102887,66.2972028,Stage I,2025-26,1,304
03503,"Indala College Of Engineering, Bapsai Tal.Kalyan",Mumbai,Un-Aided,Non-Autonomous,Mumbai University,Mumbai University,0350326310,Artificial Intelligence (Ai) And Data Science,LSEBCH,201192,3.4408227,Stage I,2025-26,1,304
03503,"Indala College Of Engineering, Bapsai Tal.Kalyan",Mumbai,Un-Aided,Non-Autonomous,Mumbai University,Mumbai University,0350326310,Artificial Intelligence (Ai) And Data Science,PWDOPENH,172609,28.6767287,Stage I,2025-26,1,304
03503,"Indala College Of Engineering, Bapsai Tal.Kalyan",Mumbai,Un-Aided,Non-Autonomous,Mumbai University,Mumbai University,0350326310,Artificial Intelligence (Ai) And Data Science,LVJH,109410,63.4714222,Stage I,2025-26,1,304
03503,"Indala College Of Engineering, Bapsai Tal.Kalyan",Mumbai,Un-Aided,Non-Autonomous,Mumbai University,Mumbai University,0350326310,Artificial Intelligence (Ai) And Data Science,LSEBCH,107808,64.2631037,Stage I,2025-26,1,304
03503,"Indala College Of Engineering, Bapsai Tal.Kalyan",Mumbai,Un-Aided,Non-Autonomous,Mumbai University,Mumbai University,0350326310,Artificial Intelligence (Ai) And Data Science,GOPENO,111566,62.8632493,Stage I,2025-26,1,304
03503,"Indala College Of Engineering, Bapsai Tal.Kalyan",Mumbai,Un-Aided,Non-Autonomous,Mumbai University,Mumbai University,0350326310,Artificial Intelligence (Ai) And Data Science,GSCO,117068,60.3213757,Stage I,2025-26,1,304
03503,"Indala College Of Engineering, Bapsai Tal.Kalyan",Mumbai,Un-Aided,Non-Autonomous,Mumbai University,Mumbai University,0350326310,Artificial Intelligence (Ai) And Data Science,GOBCO,120727,58.4401523,Stage I,2025-26,1,304
03503,"Indala College Of Engineering, Bapsai Tal.Kalyan",Mumbai,Un-Aided,Non-Autonomous,Mumbai University,Mumbai University,0350326310,Artificial Intelligence (Ai) And Data Science,GSEBCO,193486,11.4786688,Stage I,2025-26,1,304
03503,"Indala College Of Engineering, Bapsai Tal.Kalyan",Mumbai,Un-Aided,Non-Autonomous,Mumbai University,Mumbai University,0350326310,Artificial Intelligence (Ai) And Data Science,LOPENO,50974,84.7618697,Stage I,2025-26,1,304
03503,"Indala College Of Engineering, Bapsai Tal.Kalyan",Mumbai,Un-Aided,Non-Autonomous,Mumbai University,Mumbai University,0350326310,Artificial Intelligence (Ai) And Data Science,LOBCO,101409,66.9039004,Stage I,2025-26,1,304
03503,"Indala College Of Engineering, Bapsai Tal.Kalyan",Mumbai,Un-Aided,Non-Autonomous,Mumbai University,Mumbai University,0350326310,Artificial Intelligence (Ai) And Data Science,LSCO,143776,47.0502678,Stage I,2025-26,1,304
03503,"Indala College Of Engineering, Bapsai Tal.Kalyan",Mumbai,Un-Aided,Non-Autonomous,Mumbai University,Mumbai University,0350326310,Artificial Intelligence (Ai) And Data Science,TFWS,101573,66.9039004,Stage I,2025-26,1,304
03503,"Indala College Of Engineering, Bapsai Tal.Kalyan",Mumbai,Un-Aided,Non-Autonomous,Mumbai University,Mumbai University,0350326310,Artificial Intelligence (Ai) And Data Science,EWS,179066,23.4701479,Stage I,2025-26,1,304
03503,"Indala College Of Engineering, Bapsai Tal.Kalyan",Mumbai,Un-Aided,Non-Autonomous,Mumbai University,Mumbai University,0350329310,Electrical Engineering,GOPENH,162130,35.9295868,Stage I,2025-26,1,305
03503,"Indala College Of Engineering, Bapsai Tal.Kalyan",Mumbai,Un-Aided,Non-Autonomous,Mumbai University,Mumbai University,0350329310,Electrical Engineering,GOBCH,166410,32.5451434,Stage I,2025-26,1,305
03503,"Indala College Of Engineering, Bapsai Tal.Kalyan",Mumbai,Un-Aided,Non-Autonomous,Mumbai University,Mumbai University,0350329310,Electrical Engineering,LOPENH,181317,22.035802,Stage I,2025-26,1,305
03503,"Indala College Of Engineering, Bapsai Tal.Kalyan",Mumbai,Un-Aided,Non-Autonomous,Mumbai University,Mumbai University,0350329310,Electrical Engineering,GOPENO,203737,0.0384199,Stage I,2025-26,1,305
03503,"Indala College Of Engineering, Bapsai Tal.Kalyan",Mumbai,Un-Aided,Non-Autonomous,Mumbai University,Mumbai University,0350329310,Electrical Engineering,LOPENO,174810,26.6274079,Stage I,2025-26,1,305
03503,"Indala College Of Engineering, Bapsai Tal.Kalyan",Mumbai,Un-Aided,Non-Autonomous,Mumbai University,Mumbai University,0350329310,Electrical Engineering,GOPENO,165676,32.6791073,Stage I,2025-26,1,305
03503,"Indala College Of Engineering, Bapsai Tal.Kalyan",Mumbai,Un-Aided,Non-Autonomous,Mumbai University,Mumbai University,0350361210,Mechanical Engineering,GOPENH,202450,1.8591977,Stage I,2025-26,1,306
03503,"Indala College Of Engineering, Bapsai Tal.Kalyan",Mumbai,Un-Aided,Non-Autonomous,Mumbai University,Mumbai University,0350361210,Mechanical Engineering,LOPENH,193342,11.5879038,Stage I,2025-26,1,306
03503,"Indala College Of Engineering, Bapsai Tal.Kalyan",Mumbai,Un-Aided,Non-Autonomous,Mumbai University,Mumbai University,0350361210,Mechanical Engineering,LOPENH,186180,18.1456181,Stage II,2025-26,1,306
03503,"Indala College Of Engineering, Bapsai Tal.Kalyan",Mumbai,Un-Aided,Non-Autonomous,Mumbai University,Mumbai University,0350361210,Mechanical Engineering,GOPENO,189304,15.4365886,Stage I,2025-26,1,306
03503,"Indala College Of Engineering, Bapsai Tal.Kalyan",Mumbai,Un-Aided,Non-Autonomous,Mumbai University,Mumbai University,0350361210,Mechanical Engineering,GOPENO,190070,14.7567322,Stage I,2025-26,1,306
03725,"Maeer'S Maharashtra Institute Of Technology, Thane",Mumbai,Un-Aided,Non-Autonomous,Mumbai University,Mumbai University,0372524210,Computer Science And Engineering,GOPENH,37190,89.0414266,Stage I,2025-26,1,318
03725,"Maeer'S Maharashtra Institute Of Technology, Thane",Mumbai,Un-Aided,Non-Autonomous,Mumbai University,Mumbai University,0372524210,Computer Science And Engineering,GSCH,93292,70.2033567,Stage I,2025-26,1,318
03725,"Maeer'S Maharashtra Institute Of Technology, Thane",Mumbai,Un-Aided,Non-Autonomous,Mumbai University,Mumbai University,0372524210,Computer Science And Engineering,GSTH,97455,68.4702591,Stage I,2025-26,1,318
03725,"Maeer'S Maharashtra Institute Of Technology, Thane",Mumbai,Un-Aided,Non-Autonomous,Mumbai University,Mumbai University,0372524210,Computer Science And Engineering,GNT1H,130634,53.7591782,Stage I,2025-26,1,318
03725,"Maeer'S Maharashtra Institute Of Technology, Thane",Mumbai,Un-Aided,Non-Autonomous,Mumbai University,Mumbai University,0372524210,Computer Science And Engineering,GNT2H,92494,70.507201,Stage I,2025-26,1,318
03725,"Maeer'S Maharashtra Institute Of Technology, Thane",Mumbai,Un-Aided,Non-Autonomous,Mumbai University,Mumbai University,0372524210,Computer Science And Engineering,GOBCH,76559,76.5279741,Stage I,2025-26,1,318
03725,"Maeer'S Maharashtra Institute Of Technology, Thane",Mumbai,Un-Aided,Non-Autonomous,Mumbai University,Mumbai University,0372524210,Computer Science And Engineering,GSEBCH,120158,58.6907687,Stage I,2025-26,1,318
03725,"Maeer'S Maharashtra Institute Of Technology, Thane",Mumbai,Un-Aided,Non-Autonomous,Mumbai University,Mumbai University,0372524210,Computer Science And Engineering,LOPENH,35991,89.3717407,Stage I,2025-26,1,318
03725,"Maeer'S Maharashtra Institute Of Technology, Thane",Mumbai,Un-Aided,Non-Autonomous,Mumbai University,Mumbai University,0372524210,Computer Science And Engineering,LSCH,70270,78.4342571,Stage I,2025-26,1,318
03725,"Maeer'S Maharashtra Institute Of Technology, Thane",Mumbai,Un-Aided,Non-Autonomous,Mumbai University,Mumbai University,0372524210,Computer Science And Engineering,LOBCH,64311,80.4732503,Stage I,2025-26,1,318
03725,"Maeer'S Maharashtra Institute Of Technology, Thane",Mumbai,Un-Aided,Non-Autonomous,Mumbai University,Mumbai University,0372524210,Computer Science And Engineering,GOPENO,54914,83.4924535,Stage I,2025-26,1,318
03725,"Maeer'S Maharashtra Institute Of Technology, Thane",Mumbai,Un-Aided,Non-Autonomous,Mumbai University,Mumbai University,0372524210,Computer Science And Engineering,GSCO,121422,58.2180677,Stage I,2025-26,1,318
03725,"Maeer'S Maharashtra Institute Of Technology, Thane",Mumbai,Un-Aided,Non-Autonomous,Mumbai University,Mumbai University,0372524210,Computer Science And Engineering,GVJO,71679,78.1688442,Stage I,2025-26,1,318
03725,"Maeer'S Maharashtra Institute Of Technology, Thane",Mumbai,Un-Aided,Non-Autonomous,Mumbai University,Mumbai University,0372524210,Computer Science And Engineering,GOBCO,57549,82.777662,Stage I,2025-26,1,318
03725,"Maeer'S Maharashtra Institute Of Technology, Thane",Mumbai,Un-Aided,Non-Autonomous,Mumbai University,Mumbai University,0372524210,Computer Science And Engineering,LOPENO,75594,76.7694659,Stage I,2025-26,1,318
03725,"Maeer'S Maharashtra Institute Of Technology, Thane",Mumbai,Un-Aided,Non-Autonomous,Mumbai University,Mumbai University,0372524210,Computer Science And Engineering,LOBCO,135307,51.1762787,Stage I,2025-26,1,318
03725,"Maeer'S Maharashtra Institute Of Technology, Thane",Mumbai,Un-Aided,Non-Autonomous,Mumbai University,Mumbai University,0372524210,Computer Science And Engineering,LSEBCO,175477,25.968356,Stage I,2025-26,1,318
03725,"Maeer'S Maharashtra Institute Of Technology, Thane",Mumbai,Un-Aided,Non-Autonomous,Mumbai University,Mumbai University,0372524210,Computer Science And Engineering,LSTO,126669,55.4922986,Stage II,2025-26,1,318
03725,"Maeer'S Maharashtra Institute Of Technology, Thane",Mumbai,Un-Aided,Non-Autonomous,Mumbai University,Mumbai University,0372524210,Computer Science And Engineering,DEFOPENS,66518,79.7185003,Stage I,2025-26,1,318
03725,"Maeer'S Maharashtra Institute Of Technology, Thane",Mumbai,Un-Aided,Non-Autonomous,Mumbai University,Mumbai University,0372524210,Computer Science And Engineering,TFWS,54528,83.5597353,Stage I,2025-26,1,318
03725,"Maeer'S Maharashtra Institute Of Technology, Thane",Mumbai,Un-Aided,Non-Autonomous,Mumbai University,Mumbai University,0372524210,Computer Science And Engineering,DEFROBCS,71278,78.272232,Stage I,2025-26,1,318
03725,"Maeer'S Maharashtra Institute Of Technology, Thane",Mumbai,Un-Aided,Non-Autonomous,Mumbai University,Mumbai University,0372524210,Computer Science And Engineering,EWS,193277,11.6988417,Stage I,2025-26,1,318
03725,"Maeer'S Maharashtra Institute Of Technology, Thane",Mumbai,Un-Aided,Non-Autonomous,Mumbai University,Mumbai University,0372524610,Information Technology,GOPENH,54371,83.7239356,Stage I,2025-26,1,319
03725,"Maeer'S Maharashtra Institute Of Technology, Thane",Mumbai,Un-Aided,Non-Autonomous,Mumbai University,Mumbai University,0372524610,Information Technology,GSCH,120041,58.8525307,Stage I,2025-26,1,319
03725,"Maeer'S Maharashtra Institute Of Technology, Thane",Mumbai,Un-Aided,Non-Autonomous,Mumbai University,Mumbai University,0372524610,Information Technology,GNT2H,137258,50.4913264,Stage I,2025-26,1,319
03725,"Maeer'S Maharashtra Institute Of Technology, Thane",Mumbai,Un-Aided,Non-Autonomous,Mumbai University,Mumbai University,0372524610,Information Technology,GNT3H,96102,69.0979021,Stage I,2025-26,1,319
03725,"Maeer'S Maharashtra Institute Of Technology, Thane",Mumbai,Un-Aided,Non-Autonomous,Mumbai University,Mumbai University,0372524610,Information Technology,GOBCH,80349,75.1716925,Stage I,2025-26,1,319
03725,"Maeer'S Maharashtra Institute Of Technology, Thane",Mumbai,Un-Aided,Non-Autonomous,Mumbai University,Mumbai University,0372524610,Information Technology,GSEBCH,145121,46.3957696,Stage I,2025-26,1,319
03725,"Maeer'S Maharashtra Institute Of Technology, Thane",Mumbai,Un-Aided,Non-Autonomous,Mumbai University,Mumbai University,0372524610,Information Technology,LOPENH,50835,84.8660601,Stage I,2025-26,1,319
03725,"Maeer'S Maharashtra Institute Of Technology, Thane",Mumbai,Un-Aided,Non-Autonomous,Mumbai University,Mumbai University,0372524610,Information Technology,LSCH,101217,66.9498069,Stage I,2025-26,1,319
03725,"Maeer'S Maharashtra Institute Of Technology, Thane",Mumbai,Un-Aided,Non-Autonomous,Mumbai University,Mumbai University,0372524610,Information Technology,LOBCH,82671,73.8000589,Stage I,2025-26,1,319
03725,"Maeer'S Maharashtra Institute Of Technology, Thane",Mumbai,Un-Aided,Non-Autonomous,Mumbai University,Mumbai University,0372524610,Information Technology,GVJH,75020,76.8973331,Stage I,2025-26,1,319
03725,"Maeer'S Maharashtra Institute Of Technology, Thane",Mumbai,Un-Aided,Non-Autonomous,Mumbai University,Mumbai University,0372524610,Information Technology,GNT1H,181327,22.035802,Stage I,2025-26,1,319
03725,"Maeer'S Maharashtra Institute Of Technology, Thane",Mumbai,Un-Aided,Non-Autonomous,Mumbai University,Mumbai University,0372524610,Information Technology,LVJH,107599,64.2631037,Stage II,2025-26,1,319
03725,"Maeer'S Maharashtra Institute Of Technology, Thane",Mumbai,Un-Aided,Non-Autonomous,Mumbai University,Mumbai University,0372524610,Information Technology,GOPENO,64917,80.0,Stage I,2025-26,1,319
03725,"Maeer'S Maharashtra Institute Of Technology, Thane",Mumbai,Un-Aided,Non-Autonomous,Mumbai University,Mumbai University,0372524610,Information Technology,GSCO,184018,19.7061157,Stage I,2025-26,1,319
03725,"Maeer'S Maharashtra Institute Of Technology, Thane",Mumbai,Un-Aided,Non-Autonomous,Mumbai University,Mumbai University,0372524610,Information Technology,GOBCO,71048,78.3357644,Stage I,2025-26,1,319
03725,"Maeer'S Maharashtra Institute Of Technology, Thane",Mumbai,Un-Aided,Non-Autonomous,Mumbai University,Mumbai University,0372524610,Information Technology,LSCO,180368,22.4248107,Stage I,2025-26,1,319
03725,"Maeer'S Maharashtra Institute Of Technology, Thane",Mumbai,Un-Aided,Non-Autonomous,Mumbai University,Mumbai University,0372524610,Information Technology,TFWS,65920,79.9072027,Stage I,2025-26,1,319
03725,"Maeer'S Maharashtra Institute Of Technology, Thane",Mumbai,Un-Aided,Non-Autonomous,Mumbai University,Mumbai University,0372524610,Information Technology,EWS,161966,35.9909439,Stage I,2025-26,1,319
03725,"Maeer'S Maharashtra Institute Of Technology, Thane",Mumbai,Un-Aided,Non-Autonomous,Mumbai University,Mumbai University,0372537610,Electronics Engineering,GOPENH,83071,73.7482517,Stage I,2025-26,1,320
03725,"Maeer'S Maharashtra Institute Of Technology, Thane",Mumbai,Un-Aided,Non-Autonomous,Mumbai University,Mumbai University,0372537610,Electronics Engineering,GSCH,160599,36.1811489,Stage I,2025-26,1,320
03725,"Maeer'S Maharashtra Institute Of Technology, Thane",Mumbai,Un-Aided,Non-Autonomous,Mumbai University,Mumbai University,0372537610,Electronics Engineering,GOBCH,155416,39.7546871,Stage I,2025-26,1,320
03725,"Maeer'S Maharashtra Institute Of Technology, Thane",Mumbai,Un-Aided,Non-Autonomous,Mumbai University,Mumbai University,0372537610,Electronics Engineering,GSEBCH,151963,42.6339209,Stage I,2025-26,1,320
03725,"Maeer'S Maharashtra Institute Of Technology, Thane",Mumbai,Un-Aided,Non-Autonomous,Mumbai University,Mumbai University,0372537610,Electronics Engineering,LOPENH,62050,81.1324174,Stage I,2025-26,1,320
03725,"Maeer'S Maharashtra Institute Of Technology, Thane",Mumbai,Un-Aided,Non-Autonomous,Mumbai University,Mumbai University,0372537610,Electronics Engineering,LSCH,168441,32.0008834,Stage I,2025-26,1,320
03725,"Maeer'S Maharashtra Institute Of Technology, Thane",Mumbai,Un-Aided,Non-Autonomous,Mumbai University,Mumbai University,0372537610,Electronics Engineering,LOBCH,131779,53.2657343,Stage I,2025-26,1,320
03725,"Maeer'S Maharashtra Institute Of Technology, Thane",Mumbai,Un-Aided,Non-Autonomous,Mumbai University,Mumbai University,0372537610,Electronics Engineering,GOPENO,149411,43.5338318,Stage I,2025-26,1,320
03725,"Maeer'S Maharashtra Institute Of Technology, Thane",Mumbai,Un-Aided,Non-Autonomous,Mumbai University,Mumbai University,0372537610,Electronics Engineering,GSCO,199647,5.1955268,Stage I,2025-26,1,320
03725,"Maeer'S Maharashtra Institute Of Technology, Thane",Mumbai,Un-Aided,Non-Autonomous,Mumbai University,Mumbai University,0372537610,Electronics Engineering,GOBCO,164489,34.896751,Stage I,2025-26,1,320
03725,"Maeer'S Maharashtra Institute Of Technology, Thane",Mumbai,Un-Aided,Non-Autonomous,Mumbai University,Mumbai University,0372537610,Electronics Engineering,LOPENO,169771,30.26063,Stage I,2025-26,1,320
03725,"Maeer'S Maharashtra Institute Of Technology, Thane",Mumbai,Un-Aided,Non-Autonomous,Mumbai University,Mumbai University,0372537610,Electronics Engineering,GSCO,178331,24.7167509,Stage I,2025-26,1,320
03725,"Maeer'S Maharashtra Institute Of Technology, Thane",Mumbai,Un-Aided,Non-Autonomous,Mumbai University,Mumbai University,0372537610,Electronics Engineering,GNT1O,193073,11.7097752,Stage I,2025-26,1,320
03725,"Maeer'S Maharashtra Institute Of Technology, Thane",Mumbai,Un-Aided,Non-Autonomous,Mumbai University,Mumbai University,0372537610,Electronics Engineering,LOBCO,133602,52.3622324,Stage I,2025-26,1,320
03725,"Maeer'S Maharashtra Institute Of Technology, Thane",Mumbai,Un-Aided,Non-Autonomous,Mumbai University,Mumbai University,0372537610,Electronics Engineering,TFWS,98819,68.1164395,Stage I,2025-26,1,320
03725,"Maeer'S Maharashtra Institute Of Technology, Thane",Mumbai,Un-Aided,Non-Autonomous,Mumbai University,Mumbai University,0372591110,Computer Science And Engineering(Artificial Intelligence And Machine Learning),GOPENH,40061,88.1387307,Stage I,2025-26,1,321
03725,"Maeer'S Maharashtra Institute Of Technology, Thane",Mumbai,Un-Aided,Non-Autonomous,Mumbai University,Mumbai University,0372591110,Computer Science And Engineering(Artificial Intelligence And Machine Learning),GSCH,99085,68.1117918,Stage I,2025-26,1,321
03725,"Maeer'S Maharashtra Institute Of Technology, Thane",Mumbai,Un-Aided,Non-Autonomous,Mumbai University,Mumbai University,0372591110,Computer Science And Engineering(Artificial Intelligence And Machine Learning),GSTH,144801,46.3957696,Stage I,2025-26,1,321
03725,"Maeer'S Maharashtra Institute Of Technology, Thane",Mumbai,Un-Aided,Non-Autonomous,Mumbai University,Mumbai University,0372591110,Computer Science And Engineering(Artificial Intelligence And Machine Learning),GNT1H,50961,84.7618697,Stage I,2025-26,1,321
03725,"Maeer'S Maharashtra Institute Of Technology, Thane",Mumbai,Un-Aided,Non-Autonomous,Mumbai University,Mumbai University,0372591110,Computer Science And Engineering(Artificial Intelligence And Machine Learning),GNT2H,107366,64.3453843,Stage I,2025-26,1,321
03725,"Maeer'S Maharashtra Institute Of Technology, Thane",Mumbai,Un-Aided,Non-Autonomous,Mumbai University,Mumbai University,0372591110,Computer Science And Engineering(Artificial Intelligence And Machine Learning),GOBCH,76212,76.67552,Stage I,2025-26,1,321
03725,"Maeer'S Maharashtra Institute Of Technology, Thane",Mumbai,Un-Aided,Non-Autonomous,Mumbai University,Mumbai University,0372591110,Computer Science And Engineering(Artificial Intelligence And Machine Learning),GSEBCH,77863,75.652265,Stage I,2025-26,1,321
03725,"Maeer'S Maharashtra Institute Of Technology, Thane",Mumbai,Un-Aided,Non-Autonomous,Mumbai University,Mumbai University,0372591110,Computer Science And Engineering(Artificial Intelligence And Machine Learning),LOPENH,32802,90.3566434,Stage I,2025-26,1,321
03725,"Maeer'S Maharashtra Institute Of Technology, Thane",Mumbai,Un-Aided,Non-Autonomous,Mumbai University,Mumbai University,0372591110,Computer Science And Engineering(Artificial Intelligence And Machine Learning),LSCH,81793,74.5404987,Stage I,2025-26,1,321
03725,"Maeer'S Maharashtra Institute Of Technology, Thane",Mumbai,Un-Aided,Non-Autonomous,Mumbai University,Mumbai University,0372591110,Computer Science And Engineering(Artificial Intelligence And Machine Learning),LNT2H,158672,38.3392226,Stage I,2025-26,1,321
03725,"Maeer'S Maharashtra Institute Of Technology, Thane",Mumbai,Un-Aided,Non-Autonomous,Mumbai University,Mumbai University,0372591110,Computer Science And Engineering(Artificial Intelligence And Machine Learning),LOBCH,83363,73.6345056,Stage I,2025-26,1,321
03725,"Maeer'S Maharashtra Institute Of Technology, Thane",Mumbai,Un-Aided,Non-Autonomous,Mumbai University,Mumbai University,0372591110,Computer Science And Engineering(Artificial Intelligence And Machine Learning),LSEBCH,152769,41.7471281,Stage I,2025-26,1,321
03725,"Maeer'S Maharashtra Institute Of Technology, Thane",Mumbai,Un-Aided,Non-Autonomous,Mumbai University,Mumbai University,0372591110,Computer Science And Engineering(Artificial Intelligence And Machine Learning),GVJH,149836,43.4652257,Stage I,2025-26,1,321
03725,"Maeer'S Maharashtra Institute Of Technology, Thane",Mumbai,Un-Aided,Non-Autonomous,Mumbai University,Mumbai University,0372591110,Computer Science And Engineering(Artificial Intelligence And Machine Learning),GOPENO,71966,78.1688442,Stage I,2025-26,1,321
03725,"Maeer'S Maharashtra Institute Of Technology, Thane",Mumbai,Un-Aided,Non-Autonomous,Mumbai University,Mumbai University,0372591110,Computer Science And Engineering(Artificial Intelligence And Machine Learning),GOBCO,92936,70.2628092,Stage I,2025-26,1,321
03725,"Maeer'S Maharashtra Institute Of Technology, Thane",Mumbai,Un-Aided,Non-Autonomous,Mumbai University,Mumbai University,0372591110,Computer Science And Engineering(Artificial Intelligence And Machine Learning),LOPENO,61271,81.3270637,Stage I,2025-26,1,321
03725,"Maeer'S Maharashtra Institute Of Technology, Thane",Mumbai,Un-Aided,Non-Autonomous,Mumbai University,Mumbai University,0372591110,Computer Science And Engineering(Artificial Intelligence And Machine Learning),LSCO,80096,75.1927485,Stage I,2025-26,1,321
03725,"Maeer'S Maharashtra Institute Of Technology, Thane",Mumbai,Un-Aided,Non-Autonomous,Mumbai University,Mumbai University,0372591110,Computer Science And Engineering(Artificial Intelligence And Machine Learning),LNT3O,130291,53.7591782,Stage I,2025-26,1,321
03725,"Maeer'S Maharashtra Institute Of Technology, Thane",Mumbai,Un-Aided,Non-Autonomous,Mumbai University,Mumbai University,0372591110,Computer Science And Engineering(Artificial Intelligence And Machine Learning),LOBCO,81067,74.9785452,Stage I,2025-26,1,321
03725,"Maeer'S Maharashtra Institute Of Technology, Thane",Mumbai,Un-Aided,Non-Autonomous,Mumbai University,Mumbai University,0372591110,Computer Science And Engineering(Artificial Intelligence And Machine Learning),GSEBCO,135033,51.1762787,Stage I,2025-26,1,321
03725,"Maeer'S Maharashtra Institute Of Technology, Thane",Mumbai,Un-Aided,Non-Autonomous,Mumbai University,Mumbai University,0372591110,Computer Science And Engineering(Artificial Intelligence And Machine Learning),DEFOPENS,90484,71.4755245,Stage I,2025-26,1,321
03725,"Maeer'S Maharashtra Institute Of Technology, Thane",Mumbai,Un-Aided,Non-Autonomous,Mumbai University,Mumbai University,0372591110,Computer Science And Engineering(Artificial Intelligence And Machine Learning),TFWS,51810,84.4950314,Stage I,2025-26,1,321
03725,"Maeer'S Maharashtra Institute Of Technology, Thane",Mumbai,Un-Aided,Non-Autonomous,Mumbai University,Mumbai University,0372591110,Computer Science And Engineering(Artificial Intelligence And Machine Learning),EWS,196014,9.0142807,Stage I,2025-26,1,321
