College Code,College Name,City,Institute Type,Status,University,Home University,Branch Code,Branch Name,Seat Category,Closing Rank,Closing Percentile,Stage,Academic Year,CAP Round,PDF Page Number
05103,"Shri Shivaji Vidya Prasarak Sanstha'S Late Bapusaheb Shivaji Rao Deore College Of Engineering,Dhule",Dhule,Un-Aided,Non-Autonomous,"Kavayitri Bahinabai Chaudhari North Maharashtra University, Jalgaon","Kavayitri Bahinabai Chaudhari North Maharashtra University, Jalgaon",0510319110,Civil Engineering,GOPENH,120714,58.4401523,Stage I,2025-26,1,1
05103,"Shri Shivaji Vidya Prasarak Sanstha'S Late Bapusaheb Shivaji Rao Deore College Of Engineering,Dhule",Dhule,Un-Aided,Non-Autonomous,"Kavayitri Bahinabai Chaudhari North Maharashtra University, Jalgaon","Kavayitri Bahinabai Chaudhari North Maharashtra University, Jalgaon",0510319110,Civil Engineering,GSCH,202797,1.3900866,Stage I,2025-26,1,1
05103,"Shri Shivaji Vidya Prasarak Sanstha'S Late Bapusaheb Shivaji Rao Deore College Of Engineering,Dhule",Dhule,Un-Aided,Non-Autonomous,"Kavayitri Bahinabai Chaudhari North Maharashtra University, Jalgaon","Kavayitri Bahinabai Chaudhari North Maharashtra University, Jalgaon",0510319110,Civil Engineering,GSTH,170514,29.5314685,Stage I,2025-26,1,1
05103,"Shri Shivaji Vidya Prasarak Sanstha'S Late Bapusaheb Shivaji Rao Deore College Of Engineering,Dhule",Dhule,Un-Aided,Non-Autonomous,"Kavayitri Bahinabai Chaudhari North Maharashtra University, Jalgaon","Kavayitri Bahinabai Chaudhari North Maharashtra University, Jalgaon",0510319110,Civil Engineering,GVJH,129920,54.0903901,Stage I,2025-26,1,1
05103,"Shri Shivaji Vidya Prasarak Sanstha'S Late Bapusaheb Shivaji Rao Deore College Of Engineering,Dhule",Dhule,Un-Aided,Non-Autonomous,"Kavayitri Bahinabai Chaudhari North Maharashtra University, Jalgaon","Kavayitri Bahinabai Chaudhari North Maharashtra University, Jalgaon",0510319110,Civil Engineering,GNT1H,163004,35.6771832,Stage I,2025-26,1,1
05103,"Shri Shivaji Vidya Prasarak Sanstha'S Late Bapusaheb Shivaji Rao Deore College Of Engineering,Dhule",Dhule,Un-Aided,Non-Autonomous,"Kavayitri Bahinabai Chaudhari North Maharashtra University, Jalgaon","Kavayitri Bahinabai Chaudhari North Maharashtra University, Jalgaon",0510319110,Civil Engineering,GNT2H,136713,50.5909012,Stage I,2025-26,1,1
05103,"Shri Shivaji Vidya Prasarak Sanstha'S Late Bapusaheb Shivaji Rao Deore College Of Engineering,Dhule",Dhule,Un-Aided,Non-Autonomous,"Kavayitri Bahinabai Chaudhari North Maharashtra University, Jalgaon","Kavayitri Bahinabai Chaudhari North Maharashtra University, Jalgaon",0510319110,Civil Engineering,GNT3H,121667,57.8195751,Stage I,2025-26,1,1
05103,"Shri Shivaji Vidya Prasarak Sanstha'S Late Bapusaheb Shivaji Rao Deore College Of Engineering,Dhule",Dhule,Un-Aided,Non-Autonomous,"Kavayitri Bahinabai Chaudhari North Maharashtra University, Jalgaon","Kavayitri Bahinabai Chaudhari North Maharashtra University, Jalgaon",0510319110,Civil Engineering,GOBCH,140458,49.1540892,Stage I,2025-26,1,1
05103,"Shri Shivaji Vidya Prasarak Sanstha'S Late Bapusaheb Shivaji Rao Deore College Of Engineering,Dhule",Dhule,Un-Aided,Non-Autonomous,"Kavayitri Bahinabai Chaudhari North Maharashtra University, Jalgaon","Kavayitri Bahinabai Chaudhari North Maharashtra University, Jalgaon",0510319110,Civil Engineering,GSEBCH,185853,18.4184219,Stage I,2025-26,1,1
05103,"Shri Shivaji Vidya Prasarak Sanstha'S Late Bapusaheb Shivaji Rao Deore College Of Engineering,Dhule",Dhule,Un-Aided,Non-Autonomous,"Kavayitri Bahinabai Chaudhari North Maharashtra University, Jalgaon","Kavayitri Bahinabai Chaudhari North Maharashtra University, Jalgaon",0510319110,Civil Engineering,LOPENH,107975,63.8244514,Stage I,2025-26,1,1
05103,"Shri Shivaji Vidya Prasarak Sanstha'S Late Bapusaheb Shivaji Rao Deore College Of Engineering,Dhule",Dhule,Un-Aided,Non-Autonomous,"Kavayitri Bahinabai Chaudhari North Maharashtra University, Jalgaon","Kavayitri Bahinabai Chaudhari North Maharashtra University, Jalgaon",0510319110,Civil Engineering,LOBCH,119208,59.1762367,Stage I,2025-26,1,1
05103,"Shri Shivaji Vidya Prasarak Sanstha'S Late Bapusaheb Shivaji Rao Deore College Of Engineering,Dhule",Dhule,Un-Aided,Non-Autonomous,"Kavayitri Bahinabai Chaudhari North Maharashtra University, Jalgaon","Kavayitri Bahinabai Chaudhari North Maharashtra University, Jalgaon",0510319110,Civil Engineering,LSEBCH,171577,29.0442453,Stage I,2025-26,1,1
05103,"Shri Shivaji Vidya Prasarak Sanstha'S Late Bapusaheb Shivaji Rao Deore College Of Engineering,Dhule",Dhule,Un-Aided,Non-Autonomous,"Kavayitri Bahinabai Chaudhari North Maharashtra University, Jalgaon","Kavayitri Bahinabai Chaudhari North Maharashtra University, Jalgaon",0510319110,Civil Engineering,LNT2H,156168,39.6653303,Stage II,2025-26,1,1
05103,"Shri Shivaji Vidya Prasarak Sanstha'S Late Bapusaheb Shivaji Rao Deore College Of Engineering,Dhule",Dhule,Un-Aided,Non-Autonomous,"Kavayitri Bahinabai Chaudhari North Maharashtra University, Jalgaon","Kavayitri Bahinabai Chaudhari North Maharashtra University, Jalgaon",0510319110,Civil Engineering,GOPENO,170047,30.26063,Stage I,2025-26,1,1
05103,"Shri Shivaji Vidya Prasarak Sanstha'S Late Bapusaheb Shivaji Rao Deore College Of Engineering,Dhule",Dhule,Un-Aided,Non-Autonomous,"Kavayitri Bahinabai Chaudhari North Maharashtra University, Jalgaon","Kavayitri Bahinabai Chaudhari North Maharashtra University, Jalgaon",0510319110,Civil Engineering,GSTO,172761,28.6767287,Stage I,2025-26,1,1
05103,"Shri Shivaji Vidya Prasarak Sanstha'S Late Bapusaheb Shivaji Rao Deore College Of Engineering,Dhule",Dhule,Un-Aided,Non-Autonomous,"Kavayitri Bahinabai Chaudhari North Maharashtra University, Jalgaon","Kavayitri Bahinabai Chaudhari North Maharashtra University, Jalgaon",0510319110,Civil Engineering,GOBCO,181742,22.0346747,Stage I,2025-26,1,1
05103,"Shri Shivaji Vidya Prasarak Sanstha'S Late Bapusaheb Shivaji Rao Deore College Of Engineering,Dhule",Dhule,Un-Aided,Non-Autonomous,"Kavayitri Bahinabai Chaudhari North Maharashtra University, Jalgaon","Kavayitri Bahinabai Chaudhari North Maharashtra University, Jalgaon",0510319110,Civil Engineering,LOPENO,149820,43.4652257,Stage I,2025-26,1,1
05103,"Shri Shivaji Vidya Prasarak Sanstha'S Late Bapusaheb Shivaji Rao Deore College Of Engineering,Dhule",Dhule,Un-Aided,Non-Autonomous,"Kavayitri Bahinabai Chaudhari North Maharashtra University, Jalgaon","Kavayitri Bahinabai Chaudhari North Maharashtra University, Jalgaon",0510319110,Civil Engineering,LSTO,155378,39.902473,Stage I,2025-26,1,1
05103,"Shri Shivaji Vidya Prasarak Sanstha'S Late Bapusaheb Shivaji Rao Deore College Of Engineering,Dhule",Dhule,Un-Aided,Non-Autonomous,"Kavayitri Bahinabai Chaudhari North Maharashtra University, Jalgaon","Kavayitri Bahinabai Chaudhari North Maharashtra University, Jalgaon",0510319110,Civil Engineering,TFWS,110344,63.2914656,Stage I,2025-26,1,1
05103,"Shri Shivaji Vidya Prasarak Sanstha'S Late Bapusaheb Shivaji Rao Deore College Of Engineering,Dhule",Dhule,Un-Aided,Non-Autonomous,"Kavayitri Bahinabai Chaudhari North Maharashtra University, Jalgaon","Kavayitri Bahinabai Chaudhari North Maharashtra University, Jalgaon",0510319110,Civil Engineering,EWS,203710,0.0772968,Stage I,2025-26,1,1
05103,"Shri Shivaji Vidya Prasarak Sanstha'S Late Bapusaheb Shivaji Rao Deore College Of Engineering,Dhule",Dhule,Un-Aided,Non-Autonomous,"Kavayitri Bahinabai Chaudhari North Maharashtra University, Jalgaon","Kavayitri Bahinabai Chaudhari North Maharashtra University, Jalgaon",0510324510,Computer Engineering,GOPENH,82771,73.7482517,Stage I,2025-26,1,2
05103,"Shri Shivaji Vidya Prasarak Sanstha'S Late Bapusaheb Shivaji Rao Deore College Of Engineering,Dhule",Dhule,Un-Aided,Non-Autonomous,"Kavayitri Bahinabai Chaudhari North Maharashtra University, Jalgaon","Kavayitri Bahinabai Chaudhari North Maharashtra University, Jalgaon",0510324510,Computer Engineering,GSCH,133235,52.3622324,Stage I,2025-26,1,2
05103,"Shri Shivaji Vidya Prasarak Sanstha'S Late Bapusaheb Shivaji Rao Deore College Of Engineering,Dhule",Dhule,Un-Aided,Non-Autonomous,"Kavayitri Bahinabai Chaudhari North Maharashtra University, Jalgaon","Kavayitri Bahinabai Chaudhari North Maharashtra University, Jalgaon",0510324510,Computer Engineering,GSTH,149515,43.5338318,Stage I,2025-26,1,2
05103,"Shri Shivaji Vidya Prasarak Sanstha'S Late Bapusaheb Shivaji Rao Deore College Of Engineering,Dhule",Dhule,Un-Aided,Non-Autonomous,"Kavayitri Bahinabai Chaudhari North Maharashtra University, Jalgaon","Kavayitri Bahinabai Chaudhari North Maharashtra University, Jalgaon",0510324510,Computer Engineering,GVJH,119319,58.8994542,Stage I,2025-26,1,2
05103,"Shri Shivaji Vidya Prasarak Sanstha'S Late Bapusaheb Shivaji Rao Deore College Of Engineering,Dhule",Dhule,Un-Aided,Non-Autonomous,"Kavayitri Bahinabai Chaudhari North Maharashtra University, Jalgaon","Kavayitri Bahinabai Chaudhari North Maharashtra University, Jalgaon",0510324510,Computer Engineering,GNT1H,103639,65.8992965,Stage I,2025-26,1,2
05103,"Shri Shivaji Vidya Prasarak Sanstha'S Late Bapusaheb Shivaji Rao Deore College Of Engineering,Dhule",Dhule,Un-Aided,Non-Autonomous,"Kavayitri Bahinabai Chaudhari North Maharashtra University, Jalgaon","Kavayitri Bahinabai Chaudhari North Maharashtra University, Jalgaon",0510324510,Computer Engineering,GNT2H,95511,69.2179237,Stage I,2025-26,1,2
05103,"Shri Shivaji Vidya Prasarak Sanstha'S Late Bapusaheb Shivaji Rao Deore College Of Engineering,Dhule",Dhule,Un-Aided,Non-Autonomous,"Kavayitri Bahinabai Chaudhari North Maharashtra University, Jalgaon","Kavayitri Bahinabai Chaudhari North Maharashtra University, Jalgaon",0510324510,Computer Engineering,GNT3H,159311,37.6293706,Stage I,2025-26,1,2
05103,"Shri Shivaji Vidya Prasarak Sanstha'S Late Bapusaheb Shivaji Rao Deore College Of Engineering,Dhule",Dhule,Un-Aided,Non-Autonomous,"Kavayitri Bahinabai Chaudhari North Maharashtra University, Jalgaon","Kavayitri Bahinabai Chaudhari North Maharashtra University, Jalgaon",0510324510,Computer Engineering,GOBCH,90178,71.4755245,Stage I,2025-26,1,2
05103,"Shri Shivaji Vidya Prasarak Sanstha'S Late Bapusaheb Shivaji Rao Deore College Of Engineering,Dhule",Dhule,Un-Aided,Non-Autonomous,"Kavayitri Bahinabai Chaudhari North Maharashtra University, Jalgaon","Kavayitri Bahinabai Chaudhari North Maharashtra University, Jalgaon",0510324510,Computer Engineering,GSEBCH,180799,22.1740686,Stage I,2025-26,1,2
05103,"Shri Shivaji Vidya Prasarak Sanstha'S Late Bapusaheb Shivaji Rao Deore College Of Engineering,Dhule",Dhule,Un-Aided,Non-Autonomous,"Kavayitri Bahinabai Chaudhari North Maharashtra University, Jalgaon","Kavayitri Bahinabai Chaudhari North Maharashtra University, Jalgaon",0510324510,Computer Engineering,LOPENH,70289,78.4342571,Stage I,2025-26,1,2
05103,"Shri Shivaji Vidya Prasarak Sanstha'S Late Bapusaheb Shivaji Rao Deore College Of Engineering,Dhule",Dhule,Un-Aided,Non-Autonomous,"Kavayitri Bahinabai Chaudhari North Maharashtra University, Jalgaon","Kavayitri Bahinabai Chaudhari North Maharashtra University, Jalgaon",0510324510,Computer Engineering,LSCH,121518,57.8195751,Stage I,2025-26,1,2
05103,"Shri Shivaji Vidya Prasarak Sanstha'S Late Bapusaheb Shivaji Rao Deore College Of Engineering,Dhule",Dhule,Un-Aided,Non-Autonomous,"Kavayitri Bahinabai Chaudhari North Maharashtra University, Jalgaon","Kavayitri Bahinabai Chaudhari North Maharashtra University, Jalgaon",0510324510,Computer Engineering,LSTH,174823,26.6274079,Stage I,2025-26,1,2
05103,"Shri Shivaji Vidya Prasarak Sanstha'S Late Bapusaheb Shivaji Rao Deore College Of Engineering,Dhule",Dhule,Un-Aided,Non-Autonomous,"Kavayitri Bahinabai Chaudhari North Maharashtra University, Jalgaon","Kavayitri Bahinabai Chaudhari North Maharashtra University, Jalgaon",0510324510,Computer Engineering,LVJH,76669,76.2716859,Stage I,2025-26,1,2
05103,"Shri Shivaji Vidya Prasarak Sanstha'S Late Bapusaheb Shivaji Rao Deore College Of Engineering,Dhule",Dhule,Un-Aided,Non-Autonomous,"Kavayitri Bahinabai Chaudhari North Maharashtra University, Jalgaon","Kavayitri Bahinabai Chaudhari North Maharashtra University, Jalgaon",0510324510,Computer Engineering,LNT1H,122435,57.5410529,Stage I,2025-26,1,2
05103,"Shri Shivaji Vidya Prasarak Sanstha'S Late Bapusaheb Shivaji Rao Deore College Of Engineering,Dhule",Dhule,Un-Aided,Non-Autonomous,"Kavayitri Bahinabai Chaudhari North Maharashtra University, Jalgaon","Kavayitri Bahinabai Chaudhari North Maharashtra University, Jalgaon",0510324510,Computer Engineering,LNT2H,76786,76.2716859,Stage I,2025-26,1,2
05103,"Shri Shivaji Vidya Prasarak Sanstha'S Late Bapusaheb Shivaji Rao Deore College Of Engineering,Dhule",Dhule,Un-Aided,Non-Autonomous,"Kavayitri Bahinabai Chaudhari North Maharashtra University, Jalgaon","Kavayitri Bahinabai Chaudhari North Maharashtra University, Jalgaon",0510324510,Computer Engineering,LNT3H,129452,54.1537389,Stage I,2025-26,1,2
05103,"Shri Shivaji Vidya Prasarak Sanstha'S Late Bapusaheb Shivaji Rao Deore College Of Engineering,Dhule",Dhule,Un-Aided,Non-Autonomous,"Kavayitri Bahinabai Chaudhari North Maharashtra University, Jalgaon","Kavayitri Bahinabai Chaudhari North Maharashtra University, Jalgaon",0510324510,Computer Engineering,LOBCH,78154,75.6075065,Stage I,2025-26,1,2
05103,"Shri Shivaji Vidya Prasarak Sanstha'S Late Bapusaheb Shivaji Rao Deore College Of Engineering,Dhule",Dhule,Un-Aided,Non-Autonomous,"Kavayitri Bahinabai Chaudhari North Maharashtra University, Jalgaon","Kavayitri Bahinabai Chaudhari North Maharashtra University, Jalgaon",0510324510,Computer Engineering,LSEBCH,180419,22.4248107,Stage I,2025-26,1,2
05103,"Shri Shivaji Vidya Prasarak Sanstha'S Late Bapusaheb Shivaji Rao Deore College Of Engineering,Dhule",Dhule,Un-Aided,Non-Autonomous,"Kavayitri Bahinabai Chaudhari North Maharashtra University, Jalgaon","Kavayitri Bahinabai Chaudhari North Maharashtra University, Jalgaon",0510324510,Computer Engineering,PWDOPENH,119368,58.8994542,Stage I,2025-26,1,2
05103,"Shri Shivaji Vidya Prasarak Sanstha'S Late Bapusaheb Shivaji Rao Deore College Of Engineering,Dhule",Dhule,Un-Aided,Non-Autonomous,"Kavayitri Bahinabai Chaudhari North Maharashtra University, Jalgaon","Kavayitri Bahinabai Chaudhari North Maharashtra University, Jalgaon",0510324510,Computer Engineering,GOPENO,143296,47.13962,Stage I,2025-26,1,2
05103,"Shri Shivaji Vidya Prasarak Sanstha'S Late Bapusaheb Shivaji Rao Deore College Of Engineering,Dhule",Dhule,Un-Aided,Non-Autonomous,"Kavayitri Bahinabai Chaudhari North Maharashtra University, Jalgaon","Kavayitri Bahinabai Chaudhari North Maharashtra University, Jalgaon",0510324510,Computer Engineering,GSCO,174497,26.7336064,Stage I,2025-26,1,2
05103,"Shri Shivaji Vidya Prasarak Sanstha'S Late Bapusaheb Shivaji Rao Deore College Of Engineering,Dhule",Dhule,Un-Aided,Non-Autonomous,"Kavayitri Bahinabai Chaudhari North Maharashtra University, Jalgaon","Kavayitri Bahinabai Chaudhari North Maharashtra University, Jalgaon",0510324510,Computer Engineering,GVJO,162610,35.7798895,Stage I,2025-26,1,2
05103,"Shri Shivaji Vidya Prasarak Sanstha'S Late Bapusaheb Shivaji Rao Deore College Of Engineering,Dhule",Dhule,Un-Aided,Non-Autonomous,"Kavayitri Bahinabai Chaudhari North Maharashtra University, Jalgaon","Kavayitri Bahinabai Chaudhari North Maharashtra University, Jalgaon",0510324510,Computer Engineering,GOBCO,167538,32.1650475,Stage I,2025-26,1,2
05103,"Shri Shivaji Vidya Prasarak Sanstha'S Late Bapusaheb Shivaji Rao Deore College Of Engineering,Dhule",Dhule,Un-Aided,Non-Autonomous,"Kavayitri Bahinabai Chaudhari North Maharashtra University, Jalgaon","Kavayitri Bahinabai Chaudhari North Maharashtra University, Jalgaon",0510324510,Computer Engineering,GSEBCO,180023,22.8214173,Stage I,2025-26,1,2
05103,"Shri Shivaji Vidya Prasarak Sanstha'S Late Bapusaheb Shivaji Rao Deore College Of Engineering,Dhule",Dhule,Un-Aided,Non-Autonomous,"Kavayitri Bahinabai Chaudhari North Maharashtra University, Jalgaon","Kavayitri Bahinabai Chaudhari North Maharashtra University, Jalgaon",0510324510,Computer Engineering,LOPENO,134994,51.1762787,Stage I,2025-26,1,2
05103,"Shri Shivaji Vidya Prasarak Sanstha'S Late Bapusaheb Shivaji Rao Deore College Of Engineering,Dhule",Dhule,Un-Aided,Non-Autonomous,"Kavayitri Bahinabai Chaudhari North Maharashtra University, Jalgaon","Kavayitri Bahinabai Chaudhari North Maharashtra University, Jalgaon",0510324510,Computer Engineering,LSTO,192240,12.5776664,Stage I,2025-26,1,2
05103,"Shri Shivaji Vidya Prasarak Sanstha'S Late Bapusaheb Shivaji Rao Deore College Of Engineering,Dhule",Dhule,Un-Aided,Non-Autonomous,"Kavayitri Bahinabai Chaudhari North Maharashtra University, Jalgaon","Kavayitri Bahinabai Chaudhari North Maharashtra University, Jalgaon",0510324510,Computer Engineering,LNT3O,187839,16.5215865,Stage I,2025-26,1,2
05103,"Shri Shivaji Vidya Prasarak Sanstha'S Late Bapusaheb Shivaji Rao Deore College Of Engineering,Dhule",Dhule,Un-Aided,Non-Autonomous,"Kavayitri Bahinabai Chaudhari North Maharashtra University, Jalgaon","Kavayitri Bahinabai Chaudhari North Maharashtra University, Jalgaon",0510324510,Computer Engineering,LOBCO,159642,37.1950556,Stage I,2025-26,1,2
05103,"Shri Shivaji Vidya Prasarak Sanstha'S Late Bapusaheb Shivaji Rao Deore College Of Engineering,Dhule",Dhule,Un-Aided,Non-Autonomous,"Kavayitri Bahinabai Chaudhari North Maharashtra University, Jalgaon","Kavayitri Bahinabai Chaudhari North Maharashtra University, Jalgaon",0510324510,Computer Engineering,GSCO,144960,46.3957696,Stage I,2025-26,1,2
05103,"Shri Shivaji Vidya Prasarak Sanstha'S Late Bapusaheb Shivaji Rao Deore College Of Engineering,Dhule",Dhule,Un-Aided,Non-Autonomous,"Kavayitri Bahinabai Chaudhari North Maharashtra University, Jalgaon","Kavayitri Bahinabai Chaudhari North Maharashtra University, Jalgaon",0510324510,Computer Engineering,GSTO,177514,25.0722391,Stage I,2025-26,1,2
05103,"Shri Shivaji Vidya Prasarak Sanstha'S Late Bapusaheb Shivaji Rao Deore College Of Engineering,Dhule",Dhule,Un-Aided,Non-Autonomous,"Kavayitri Bahinabai Chaudhari North Maharashtra University, Jalgaon","Kavayitri Bahinabai Chaudhari North Maharashtra University, Jalgaon",0510324510,Computer Engineering,GNT1O,117302,60.2517483,Stage I,2025-26,1,2
05103,"Shri Shivaji Vidya Prasarak Sanstha'S Late Bapusaheb Shivaji Rao Deore College Of Engineering,Dhule",Dhule,Un-Aided,Non-Autonomous,"Kavayitri Bahinabai Chaudhari North Maharashtra University, Jalgaon","Kavayitri Bahinabai Chaudhari North Maharashtra University, Jalgaon",0510324510,Computer Engineering,GNT2O,119495,58.8994542,Stage I,2025-26,1,2
05103,"Shri Shivaji Vidya Prasarak Sanstha'S Late Bapusaheb Shivaji Rao Deore College Of Engineering,Dhule",Dhule,Un-Aided,Non-Autonomous,"Kavayitri Bahinabai Chaudhari North Maharashtra University, Jalgaon","Kavayitri Bahinabai Chaudhari North Maharashtra University, Jalgaon",0510324510,Computer Engineering,LSCO,137076,50.5909012,Stage I,2025-26,1,2
05103,"Shri Shivaji Vidya Prasarak Sanstha'S Late Bapusaheb Shivaji Rao Deore College Of Engineering,Dhule",Dhule,Un-Aided,Non-Autonomous,"Kavayitri Bahinabai Chaudhari North Maharashtra University, Jalgaon","Kavayitri Bahinabai Chaudhari North Maharashtra University, Jalgaon",0510324510,Computer Engineering,LVJO,113256,61.796967,Stage I,2025-26,1,2
05103,"Shri Shivaji Vidya Prasarak Sanstha'S Late Bapusaheb Shivaji Rao Deore College Of Engineering,Dhule",Dhule,Un-Aided,Non-Autonomous,"Kavayitri Bahinabai Chaudhari North Maharashtra University, Jalgaon","Kavayitri Bahinabai Chaudhari North Maharashtra University, Jalgaon",0510324510,Computer Engineering,LNT1O,131791,53.2657343,Stage I,2025-26,1,2
05103,"Shri Shivaji Vidya Prasarak Sanstha'S Late Bapusaheb Shivaji Rao Deore College Of Engineering,Dhule",Dhule,Un-Aided,Non-Autonomous,"Kavayitri Bahinabai Chaudhari North Maharashtra University, Jalgaon","Kavayitri Bahinabai Chaudhari North Maharashtra University, Jalgaon",0510324510,Computer Engineering,DEFOPENS,173283,28.3463753,Stage I,2025-26,1,2
05103,"Shri Shivaji Vidya Prasarak Sanstha'S Late Bapusaheb Shivaji Rao Deore College Of Engineering,Dhule",Dhule,Un-Aided,Non-Autonomous,"Kavayitri Bahinabai Chaudhari North Maharashtra University, Jalgaon","Kavayitri Bahinabai Chaudhari North Maharashtra University, Jalgaon",0510324510,Computer Engineering,TFWS,65440,79.9809712,Stage I,2025-26,1,2
05103,"Shri Shivaji Vidya Prasarak Sanstha'S Late Bapusaheb Shivaji Rao Deore College Of Engineering,Dhule",Dhule,Un-Aided,Non-Autonomous,"Kavayitri Bahinabai Chaudhari North Maharashtra University, Jalgaon","Kavayitri Bahinabai Chaudhari North Maharashtra University, Jalgaon",0510324510,Computer Engineering,EWS,182172,21.5882968,Stage I,2025-26,1,2
05103,"Shri Shivaji Vidya Prasarak Sanstha'S Late Bapusaheb Shivaji Rao Deore College Of Engineering,Dhule",Dhule,Un-Aided,Non-Autonomous,"Kavayitri Bahinabai Chaudhari North Maharashtra University, Jalgaon","Kavayitri Bahinabai Chaudhari North Maharashtra University, Jalgaon",0510337210,Electronics And Telecommunication Engg,GOPENH,116290,60.4378874,Stage I,2025-26,1,3
05103,"Shri Shivaji Vidya Prasarak Sanstha'S Late Bapusaheb Shivaji Rao Deore College Of Engineering,Dhule",Dhule,Un-Aided,Non-Autonomous,"Kavayitri Bahinabai Chaudhari North Maharashtra University, Jalgaon","Kavayitri Bahinabai Chaudhari North Maharashtra University, Jalgaon",0510337210,Electronics And Telecommunication Engg,GSCH,202924,1.2224512,Stage I,2025-26,1,3
05103,"Shri Shivaji Vidya Prasarak Sanstha'S Late Bapusaheb Shivaji Rao Deore College Of Engineering,Dhule",Dhule,Un-Aided,Non-Autonomous,"Kavayitri Bahinabai Chaudhari North Maharashtra University, Jalgaon","Kavayitri Bahinabai Chaudhari North Maharashtra University, Jalgaon",0510337210,Electronics And Telecommunication Engg,GVJH,128580,54.5739657,Stage I,2025-26,1,3
05103,"Shri Shivaji Vidya Prasarak Sanstha'S Late Bapusaheb Shivaji Rao Deore College Of Engineering,Dhule",Dhule,Un-Aided,Non-Autonomous,"Kavayitri Bahinabai Chaudhari North Maharashtra University, Jalgaon","Kavayitri Bahinabai Chaudhari North Maharashtra University, Jalgaon",0510337210,Electronics And Telecommunication Engg,GNT1H,135060,51.1762787,Stage I,2025-26,1,3
05103,"Shri Shivaji Vidya Prasarak Sanstha'S Late Bapusaheb Shivaji Rao Deore College Of Engineering,Dhule",Dhule,Un-Aided,Non-Autonomous,"Kavayitri Bahinabai Chaudhari North Maharashtra University, Jalgaon","Kavayitri Bahinabai Chaudhari North Maharashtra University, Jalgaon",0510337210,Electronics And Telecommunication Engg,GNT2H,126319,55.6405756,Stage I,2025-26,1,3
05103,"Shri Shivaji Vidya Prasarak Sanstha'S Late Bapusaheb Shivaji Rao Deore College Of Engineering,Dhule",Dhule,Un-Aided,Non-Autonomous,"Kavayitri Bahinabai Chaudhari North Maharashtra University, Jalgaon","Kavayitri Bahinabai Chaudhari North Maharashtra University, Jalgaon",0510337210,Electronics And Telecommunication Engg,GOBCH,125272,56.5039753,Stage I,2025-26,1,3
05103,"Shri Shivaji Vidya Prasarak Sanstha'S Late Bapusaheb Shivaji Rao Deore College Of Engineering,Dhule",Dhule,Un-Aided,Non-Autonomous,"Kavayitri Bahinabai Chaudhari North Maharashtra University, Jalgaon","Kavayitri Bahinabai Chaudhari North Maharashtra University, Jalgaon",0510337210,Electronics And Telecommunication Engg,GSEBCH,176079,25.7272727,Stage I,2025-26,1,3
05103,"Shri Shivaji Vidya Prasarak Sanstha'S Late Bapusaheb Shivaji Rao Deore College Of Engineering,Dhule",Dhule,Un-Aided,Non-Autonomous,"Kavayitri Bahinabai Chaudhari North Maharashtra University, Jalgaon","Kavayitri Bahinabai Chaudhari North Maharashtra University, Jalgaon",0510337210,Electronics And Telecommunication Engg,LOPENH,104537,65.6692751,Stage I,2025-26,1,3
05103,"Shri Shivaji Vidya Prasarak Sanstha'S Late Bapusaheb Shivaji Rao Deore College Of Engineering,Dhule",Dhule,Un-Aided,Non-Autonomous,"Kavayitri Bahinabai Chaudhari North Maharashtra University, Jalgaon","Kavayitri Bahinabai Chaudhari North Maharashtra University, Jalgaon",0510337210,Electronics And Telecommunication Engg,LSCH,146267,45.8266058,Stage I,2025-26,1,3
05103,"Shri Shivaji Vidya Prasarak Sanstha'S Late Bapusaheb Shivaji Rao Deore College Of Engineering,Dhule",Dhule,Un-Aided,Non-Autonomous,"Kavayitri Bahinabai Chaudhari North Maharashtra University, Jalgaon","Kavayitri Bahinabai Chaudhari North Maharashtra University, Jalgaon",0510337210,Electronics And Telecommunication Engg,LSTH,182150,21.5882968,Stage I,2025-26,1,3
05103,"Shri Shivaji Vidya Prasarak Sanstha'S Late Bapusaheb Shivaji Rao Deore College Of Engineering,Dhule",Dhule,Un-Aided,Non-Autonomous,"Kavayitri Bahinabai Chaudhari North Maharashtra University, Jalgaon","Kavayitri Bahinabai Chaudhari North Maharashtra University, Jalgaon",0510337210,Electronics And Telecommunication Engg,LVJH,185937,18.4184219,Stage I,2025-26,1,3
05103,"Shri Shivaji Vidya Prasarak Sanstha'S Late Bapusaheb Shivaji Rao Deore College Of Engineering,Dhule",Dhule,Un-Aided,Non-Autonomous,"Kavayitri Bahinabai Chaudhari North Maharashtra University, Jalgaon","Kavayitri Bahinabai Chaudhari North Maharashtra University, Jalgaon",0510337210,Electronics And Telecommunication Engg,LNT2H,171300,29.2375397,Stage I,2025-26,1,3
05103,"Shri Shivaji Vidya Prasarak Sanstha'S Late Bapusaheb Shivaji Rao Deore College Of Engineering,Dhule",Dhule,Un-Aided,Non-Autonomous,"Kavayitri Bahinabai Chaudhari North Maharashtra University, Jalgaon","Kavayitri Bahinabai Chaudhari North Maharashtra University, Jalgaon",0510337210,Electronics And Telecommunication Engg,LOBCH,116683,60.422115,Stage I,2025-26,1,3
05103,"Shri Shivaji Vidya Prasarak Sanstha'S Late Bapusaheb Shivaji Rao Deore College Of Engineering,Dhule",Dhule,Un-Aided,Non-Autonomous,"Kavayitri Bahinabai Chaudhari North Maharashtra University, Jalgaon","Kavayitri Bahinabai Chaudhari North Maharashtra University, Jalgaon",0510337210,Electronics And Telecommunication Engg,LSEBCH,105600,65.3084343,Stage I,2025-26,1,3
05103,"Shri Shivaji Vidya Prasarak Sanstha'S Late Bapusaheb Shivaji Rao Deore College Of Engineering,Dhule",Dhule,Un-Aided,Non-Autonomous,"Kavayitri Bahinabai Chaudhari North Maharashtra University, Jalgaon","Kavayitri Bahinabai Chaudhari North Maharashtra University, Jalgaon",0510337210,Electronics And Telecommunication Engg,GOPENO,189666,15.1144829,Stage I,2025-26,1,3
05103,"Shri Shivaji Vidya Prasarak Sanstha'S Late Bapusaheb Shivaji Rao Deore College Of Engineering,Dhule",Dhule,Un-Aided,Non-Autonomous,"Kavayitri Bahinabai Chaudhari North Maharashtra University, Jalgaon","Kavayitri Bahinabai Chaudhari North Maharashtra University, Jalgaon",0510337210,Electronics And Telecommunication Engg,LOPENO,150679,43.031473,Stage I,2025-26,1,3
05103,"Shri Shivaji Vidya Prasarak Sanstha'S Late Bapusaheb Shivaji Rao Deore College Of Engineering,Dhule",Dhule,Un-Aided,Non-Autonomous,"Kavayitri Bahinabai Chaudhari North Maharashtra University, Jalgaon","Kavayitri Bahinabai Chaudhari North Maharashtra University, Jalgaon",0510337210,Electronics And Telecommunication Engg,GOPENO,116006,60.4378874,Stage I,2025-26,1,3
05103,"Shri Shivaji Vidya Prasarak Sanstha'S Late Bapusaheb Shivaji Rao Deore College Of Engineering,Dhule",Dhule,Un-Aided,Non-Autonomous,"Kavayitri Bahinabai Chaudhari North Maharashtra University, Jalgaon","Kavayitri Bahinabai Chaudhari North Maharashtra University, Jalgaon",0510337210,Electronics And Telecommunication Engg,GVJO,130726,53.6771201,Stage I,2025-26,1,3
05103,"Shri Shivaji Vidya Prasarak Sanstha'S Late Bapusaheb Shivaji Rao Deore College Of Engineering,Dhule",Dhule,Un-Aided,Non-Autonomous,"Kavayitri Bahinabai Chaudhari North Maharashtra University, Jalgaon","Kavayitri Bahinabai Chaudhari North Maharashtra University, Jalgaon",0510337210,Electronics And Telecommunication Engg,GNT3O,163198,35.5422955,Stage I,2025-26,1,3
05103,"Shri Shivaji Vidya Prasarak Sanstha'S Late Bapusaheb Shivaji Rao Deore College Of Engineering,Dhule",Dhule,Un-Aided,Non-Autonomous,"Kavayitri Bahinabai Chaudhari North Maharashtra University, Jalgaon","Kavayitri Bahinabai Chaudhari North Maharashtra University, Jalgaon",0510337210,Electronics And Telecommunication Engg,GOBCO,123807,57.0133407,Stage I,2025-26,1,3
05103,"Shri Shivaji Vidya Prasarak Sanstha'S Late Bapusaheb Shivaji Rao Deore College Of Engineering,Dhule",Dhule,Un-Aided,Non-Autonomous,"Kavayitri Bahinabai Chaudhari North Maharashtra University, Jalgaon","Kavayitri Bahinabai Chaudhari North Maharashtra University, Jalgaon",0510337210,Electronics And Telecommunication Engg,LOPENO,105317,65.5190641,Stage I,2025-26,1,3
05103,"Shri Shivaji Vidya Prasarak Sanstha'S Late Bapusaheb Shivaji Rao Deore College Of Engineering,Dhule",Dhule,Un-Aided,Non-Autonomous,"Kavayitri Bahinabai Chaudhari North Maharashtra University, Jalgaon","Kavayitri Bahinabai Chaudhari North Maharashtra University, Jalgaon",0510337210,Electronics And Telecommunication Engg,LSTO,203570,0.2562303,Stage I,2025-26,1,3
05103,"Shri Shivaji Vidya Prasarak Sanstha'S Late Bapusaheb Shivaji Rao Deore College Of Engineering,Dhule",Dhule,Un-Aided,Non-Autonomous,"Kavayitri Bahinabai Chaudhari North Maharashtra University, Jalgaon","Kavayitri Bahinabai Chaudhari North Maharashtra University, Jalgaon",0510337210,Electronics And Telecommunication Engg,LNT2O,165952,32.6791073,Stage I,2025-26,1,3
05103,"Shri Shivaji Vidya Prasarak Sanstha'S Late Bapusaheb Shivaji Rao Deore College Of Engineering,Dhule",Dhule,Un-Aided,Non-Autonomous,"Kavayitri Bahinabai Chaudhari North Maharashtra University, Jalgaon","Kavayitri Bahinabai Chaudhari North Maharashtra University, Jalgaon",0510337210,Electronics And Telecommunication Engg,LOBCO,109479,63.4714222,Stage I,2025-26,1,3
05103,"Shri Shivaji Vidya Prasarak Sanstha'S Late Bapusaheb Shivaji Rao Deore College Of Engineering,Dhule",Dhule,Un-Aided,Non-Autonomous,"Kavayitri Bahinabai Chaudhari North Maharashtra University, Jalgaon","Kavayitri Bahinabai Chaudhari North Maharashtra University, Jalgaon",0510337210,Electronics And Telecommunication Engg,TFWS,85387,73.2612864,Stage I,2025-26,1,3
05103,"Shri Shivaji Vidya Prasarak Sanstha'S Late Bapusaheb Shivaji Rao Deore College Of Engineering,Dhule",Dhule,Un-Aided,Non-Autonomous,"Kavayitri Bahinabai Chaudhari North Maharashtra University, Jalgaon","Kavayitri Bahinabai Chaudhari North Maharashtra University, Jalgaon",0510337210,Electronics And Telecommunication Engg,EWS,192657,12.3781915,Stage I,2025-26,1,3
05103,"Shri Shivaji Vidya Prasarak Sanstha'S Late Bapusaheb Shivaji Rao Deore College Of Engineering,Dhule",Dhule,Un-Aided,Non-Autonomous,"Kavayitri Bahinabai Chaudhari North Maharashtra University, Jalgaon","Kavayitri Bahinabai Chaudhari North Maharashtra University, Jalgaon",0510337610,Electronics Engineering,GOPENH,135482,50.9683037,Stage I,2025-26,1,4
05103,"Shri Shivaji Vidya Prasarak Sanstha'S Late Bapusaheb Shivaji Rao Deore College Of Engineering,Dhule",Dhule,Un-Aided,Non-Autonomous,"Kavayitri Bahinabai Chaudhari North Maharashtra University, Jalgaon","Kavayitri Bahinabai Chaudhari North Maharashtra University, Jalgaon",0510337610,Electronics Engineering,GSCH,174615,26.7336064,Stage I,2025-26,1,4
05103,"Shri Shivaji Vidya Prasarak Sanstha'S Late Bapusaheb Shivaji Rao Deore College Of Engineering,Dhule",Dhule,Un-Aided,Non-Autonomous,"Kavayitri Bahinabai Chaudhari North Maharashtra University, Jalgaon","Kavayitri Bahinabai Chaudhari North Maharashtra University, Jalgaon",0510337610,Electronics Engineering,GVJH,164632,33.6209084,Stage I,2025-26,1,4
05103,"Shri Shivaji Vidya Prasarak Sanstha'S Late Bapusaheb Shivaji Rao Deore College Of Engineering,Dhule",Dhule,Un-Aided,Non-Autonomous,"Kavayitri Bahinabai Chaudhari North Maharashtra University, Jalgaon","Kavayitri Bahinabai Chaudhari North Maharashtra University, Jalgaon",0510337610,Electronics Engineering,GNT2H,151458,42.7403863,Stage I,2025-26,1,4
05103,"Shri Shivaji Vidya Prasarak Sanstha'S Late Bapusaheb Shivaji Rao Deore College Of Engineering,Dhule",Dhule,Un-Aided,Non-Autonomous,"Kavayitri Bahinabai Chaudhari North Maharashtra University, Jalgaon","Kavayitri Bahinabai Chaudhari North Maharashtra University, Jalgaon",0510337610,Electronics Engineering,GOBCH,139017,49.4020979,Stage I,2025-26,1,4
05103,"Shri Shivaji Vidya Prasarak Sanstha'S Late Bapusaheb Shivaji Rao Deore College Of Engineering,Dhule",Dhule,Un-Aided,Non-Autonomous,"Kavayitri Bahinabai Chaudhari North Maharashtra University, Jalgaon","Kavayitri Bahinabai Chaudhari North Maharashtra University, Jalgaon",0510337610,Electronics Engineering,LOPENH,115413,60.8775137,Stage I,2025-26,1,4
05103,"Shri Shivaji Vidya Prasarak Sanstha'S Late Bapusaheb Shivaji Rao Deore College Of Engineering,Dhule",Dhule,Un-Aided,Non-Autonomous,"Kavayitri Bahinabai Chaudhari North Maharashtra University, Jalgaon","Kavayitri Bahinabai Chaudhari North Maharashtra University, Jalgaon",0510337610,Electronics Engineering,LNT1H,150752,43.031473,Stage I,2025-26,1,4
05103,"Shri Shivaji Vidya Prasarak Sanstha'S Late Bapusaheb Shivaji Rao Deore College Of Engineering,Dhule",Dhule,Un-Aided,Non-Autonomous,"Kavayitri Bahinabai Chaudhari North Maharashtra University, Jalgaon","Kavayitri Bahinabai Chaudhari North Maharashtra University, Jalgaon",0510337610,Electronics Engineering,LOBCH,134031,51.7009371,Stage I,2025-26,1,4
05103,"Shri Shivaji Vidya Prasarak Sanstha'S Late Bapusaheb Shivaji Rao Deore College Of Engineering,Dhule",Dhule,Un-Aided,Non-Autonomous,"Kavayitri Bahinabai Chaudhari North Maharashtra University, Jalgaon","Kavayitri Bahinabai Chaudhari North Maharashtra University, Jalgaon",0510337610,Electronics Engineering,GOPENO,183432,20.2849168,Stage I,2025-26,1,4
05103,"Shri Shivaji Vidya Prasarak Sanstha'S Late Bapusaheb Shivaji Rao Deore College Of Engineering,Dhule",Dhule,Un-Aided,Non-Autonomous,"Kavayitri Bahinabai Chaudhari North Maharashtra University, Jalgaon","Kavayitri Bahinabai Chaudhari North Maharashtra University, Jalgaon",0510337610,Electronics Engineering,LOPENO,173079,28.4151863,Stage I,2025-26,1,4
05103,"Shri Shivaji Vidya Prasarak Sanstha'S Late Bapusaheb Shivaji Rao Deore College Of Engineering,Dhule",Dhule,Un-Aided,Non-Autonomous,"Kavayitri Bahinabai Chaudhari North Maharashtra University, Jalgaon","Kavayitri Bahinabai Chaudhari North Maharashtra University, Jalgaon",0510337610,Electronics Engineering,GOPENO,132261,53.2228937,Stage I,2025-26,1,4
05103,"Shri Shivaji Vidya Prasarak Sanstha'S Late Bapusaheb Shivaji Rao Deore College Of Engineering,Dhule",Dhule,Un-Aided,Non-Autonomous,"Kavayitri Bahinabai Chaudhari North Maharashtra University, Jalgaon","Kavayitri Bahinabai Chaudhari North Maharashtra University, Jalgaon",0510337610,Electronics Engineering,GNT1O,135193,51.1762787,Stage I,2025-26,1,4
05103,"Shri Shivaji Vidya Prasarak Sanstha'S Late Bapusaheb Shivaji Rao Deore College Of Engineering,Dhule",Dhule,Un-Aided,Non-Autonomous,"Kavayitri Bahinabai Chaudhari North Maharashtra University, Jalgaon","Kavayitri Bahinabai Chaudhari North Maharashtra University, Jalgaon",0510337610,Electronics Engineering,GNT2O,174584,26.7336064,Stage I,2025-26,1,4
05103,"Shri Shivaji Vidya Prasarak Sanstha'S Late Bapusaheb Shivaji Rao Deore College Of Engineering,Dhule",Dhule,Un-Aided,Non-Autonomous,"Kavayitri Bahinabai Chaudhari North Maharashtra University, Jalgaon","Kavayitri Bahinabai Chaudhari North Maharashtra University, Jalgaon",0510337610,Electronics Engineering,GOBCO,140351,49.1540892,Stage I,2025-26,1,4
05103,"Shri Shivaji Vidya Prasarak Sanstha'S Late Bapusaheb Shivaji Rao Deore College Of Engineering,Dhule",Dhule,Un-Aided,Non-Autonomous,"Kavayitri Bahinabai Chaudhari North Maharashtra University, Jalgaon","Kavayitri Bahinabai Chaudhari North Maharashtra University, Jalgaon",0510337610,Electronics Engineering,LOPENO,119808,58.8525307,Stage I,2025-26,1,4
05103,"Shri Shivaji Vidya Prasarak Sanstha'S Late Bapusaheb Shivaji Rao Deore College Of Engineering,Dhule",Dhule,Un-Aided,Non-Autonomous,"Kavayitri Bahinabai Chaudhari North Maharashtra University, Jalgaon","Kavayitri Bahinabai Chaudhari North Maharashtra University, Jalgaon",0510337610,Electronics Engineering,LOBCO,139389,49.3416227,Stage I,2025-26,1,4
05103,"Shri Shivaji Vidya Prasarak Sanstha'S Late Bapusaheb Shivaji Rao Deore College Of Engineering,Dhule",Dhule,Un-Aided,Non-Autonomous,"Kavayitri Bahinabai Chaudhari North Maharashtra University, Jalgaon","Kavayitri Bahinabai Chaudhari North Maharashtra University, Jalgaon",0510337610,Electronics Engineering,TFWS,144065,46.7613499,Stage I,2025-26,1,4
05103,"Shri Shivaji Vidya Prasarak Sanstha'S Late Bapusaheb Shivaji Rao Deore College Of Engineering,Dhule",Dhule,Un-Aided,Non-Autonomous,"Kavayitri Bahinabai Chaudhari North Maharashtra University, Jalgaon","Kavayitri Bahinabai Chaudhari North Maharashtra University, Jalgaon",0510337610,Electronics Engineering,EWS,98948,68.1164395,Stage I,2025-26,1,4
05103,"Shri Shivaji Vidya Prasarak Sanstha'S Late Bapusaheb Shivaji Rao Deore College Of Engineering,Dhule",Dhule,Un-Aided,Non-Autonomous,"Kavayitri Bahinabai Chaudhari North Maharashtra University, Jalgaon","Kavayitri Bahinabai Chaudhari North Maharashtra University, Jalgaon",0510361210,Mechanical Engineering,GOPENH,138288,49.7291102,Stage I,2025-26,1,5
05103,"Shri Shivaji Vidya Prasarak Sanstha'S Late Bapusaheb Shivaji Rao Deore College Of Engineering,Dhule",Dhule,Un-Aided,Non-Autonomous,"Kavayitri Bahinabai Chaudhari North Maharashtra University, Jalgaon","Kavayitri Bahinabai Chaudhari North Maharashtra University, Jalgaon",0510361210,Mechanical Engineering,GSCH,191165,13.4300699,Stage I,2025-26,1,5
05103,"Shri Shivaji Vidya Prasarak Sanstha'S Late Bapusaheb Shivaji Rao Deore College Of Engineering,Dhule",Dhule,Un-Aided,Non-Autonomous,"Kavayitri Bahinabai Chaudhari North Maharashtra University, Jalgaon","Kavayitri Bahinabai Chaudhari North Maharashtra University, Jalgaon",0510361210,Mechanical Engineering,GSTH,171135,29.2375397,Stage I,2025-26,1,5
05103,"Shri Shivaji Vidya Prasarak Sanstha'S Late Bapusaheb Shivaji Rao Deore College Of Engineering,Dhule",Dhule,Un-Aided,Non-Autonomous,"Kavayitri Bahinabai Chaudhari North Maharashtra University, Jalgaon","Kavayitri Bahinabai Chaudhari North Maharashtra University, Jalgaon",0510361210,Mechanical Engineering,GVJH,171274,29.2375397,Stage I,2025-26,1,5
05103,"Shri Shivaji Vidya Prasarak Sanstha'S Late Bapusaheb Shivaji Rao Deore College Of Engineering,Dhule",Dhule,Un-Aided,Non-Autonomous,"Kavayitri Bahinabai Chaudhari North Maharashtra University, Jalgaon","Kavayitri Bahinabai Chaudhari North Maharashtra University, Jalgaon",0510361210,Mechanical Engineering,GNT1H,151147,42.9247346,Stage I,2025-26,1,5
05103,"Shri Shivaji Vidya Prasarak Sanstha'S Late Bapusaheb Shivaji Rao Deore College Of Engineering,Dhule",Dhule,Un-Aided,Non-Autonomous,"Kavayitri Bahinabai Chaudhari North Maharashtra University, Jalgaon","Kavayitri Bahinabai Chaudhari North Maharashtra University, Jalgaon",0510361210,Mechanical Engineering,GNT2H,173578,28.3031822,Stage I,2025-26,1,5
05103,"Shri Shivaji Vidya Prasarak Sanstha'S Late Bapusaheb Shivaji Rao Deore College Of Engineering,Dhule",Dhule,Un-Aided,Non-Autonomous,"Kavayitri Bahinabai Chaudhari North Maharashtra University, Jalgaon","Kavayitri Bahinabai Chaudhari North Maharashtra University, Jalgaon",0510361210,Mechanical Engineering,GNT3H,160440,36.226012,Stage I,2025-26,1,5
05103,"Shri Shivaji Vidya Prasarak Sanstha'S Late Bapusaheb Shivaji Rao Deore College Of Engineering,Dhule",Dhule,Un-Aided,Non-Autonomous,"Kavayitri Bahinabai Chaudhari North Maharashtra University, Jalgaon","Kavayitri Bahinabai Chaudhari North Maharashtra University, Jalgaon",0510361210,Mechanical Engineering,GOBCH,151654,42.7403863,Stage I,2025-26,1,5
05103,"Shri Shivaji Vidya Prasarak Sanstha'S Late Bapusaheb Shivaji Rao Deore College Of Engineering,Dhule",Dhule,Un-Aided,Non-Autonomous,"Kavayitri Bahinabai Chaudhari North Maharashtra University, Jalgaon","Kavayitri Bahinabai Chaudhari North Maharashtra University, Jalgaon",0510361210,Mechanical Engineering,GSEBCH,170004,30.26063,Stage I,2025-26,1,5
05103,"Shri Shivaji Vidya Prasarak Sanstha'S Late Bapusaheb Shivaji Rao Deore College Of Engineering,Dhule",Dhule,Un-Aided,Non-Autonomous,"Kavayitri Bahinabai Chaudhari North Maharashtra University, Jalgaon","Kavayitri Bahinabai Chaudhari North Maharashtra University, Jalgaon",0510361210,Mechanical Engineering,LOPENH,147524,44.5303298,Stage I,2025-26,1,5
05103,"Shri Shivaji Vidya Prasarak Sanstha'S Late Bapusaheb Shivaji Rao Deore College Of Engineering,Dhule",Dhule,Un-Aided,Non-Autonomous,"Kavayitri Bahinabai Chaudhari North Maharashtra University, Jalgaon","Kavayitri Bahinabai Chaudhari North Maharashtra University, Jalgaon",0510361210,Mechanical Engineering,LSCH,184867,19.1697794,Stage I,2025-26,1,5
05103,"Shri Shivaji Vidya Prasarak Sanstha'S Late Bapusaheb Shivaji Rao Deore College Of Engineering,Dhule",Dhule,Un-Aided,Non-Autonomous,"Kavayitri Bahinabai Chaudhari North Maharashtra University, Jalgaon","Kavayitri Bahinabai Chaudhari North Maharashtra University, Jalgaon",0510361210,Mechanical Engineering,LOBCH,156058,39.6653303,Stage I,2025-26,1,5
05103,"Shri Shivaji Vidya Prasarak Sanstha'S Late Bapusaheb Shivaji Rao Deore College Of Engineering,Dhule",Dhule,Un-Aided,Non-Autonomous,"Kavayitri Bahinabai Chaudhari North Maharashtra University, Jalgaon","Kavayitri Bahinabai Chaudhari North Maharashtra University, Jalgaon",0510361210,Mechanical Engineering,LVJH,175107,25.9873754,Stage II,2025-26,1,5
05103,"Shri Shivaji Vidya Prasarak Sanstha'S Late Bapusaheb Shivaji Rao Deore College Of Engineering,Dhule",Dhule,Un-Aided,Non-Autonomous,"Kavayitri Bahinabai Chaudhari North Maharashtra University, Jalgaon","Kavayitri Bahinabai Chaudhari North Maharashtra University, Jalgaon",0510361210,Mechanical Engineering,LNT2H,186104,18.4184219,Stage II,2025-26,1,5
05103,"Shri Shivaji Vidya Prasarak Sanstha'S Late Bapusaheb Shivaji Rao Deore College Of Engineering,Dhule",Dhule,Un-Aided,Non-Autonomous,"Kavayitri Bahinabai Chaudhari North Maharashtra University, Jalgaon","Kavayitri Bahinabai Chaudhari North Maharashtra University, Jalgaon",0510361210,Mechanical Engineering,GOPENO,200921,3.6022425,Stage I,2025-26,1,5
05103,"Shri Shivaji Vidya Prasarak Sanstha'S Late Bapusaheb Shivaji Rao Deore College Of Engineering,Dhule",Dhule,Un-Aided,Non-Autonomous,"Kavayitri Bahinabai Chaudhari North Maharashtra University, Jalgaon","Kavayitri Bahinabai Chaudhari North Maharashtra University, Jalgaon",0510361210,Mechanical Engineering,LOPENO,194708,10.4152841,Stage I,2025-26,1,5
05103,"Shri Shivaji Vidya Prasarak Sanstha'S Late Bapusaheb Shivaji Rao Deore College Of Engineering,Dhule",Dhule,Un-Aided,Non-Autonomous,"Kavayitri Bahinabai Chaudhari North Maharashtra University, Jalgaon","Kavayitri Bahinabai Chaudhari North Maharashtra University, Jalgaon",0510361210,Mechanical Engineering,GOPENO,139691,49.2256217,Stage I,2025-26,1,5
05103,"Shri Shivaji Vidya Prasarak Sanstha'S Late Bapusaheb Shivaji Rao Deore College Of Engineering,Dhule",Dhule,Un-Aided,Non-Autonomous,"Kavayitri Bahinabai Chaudhari North Maharashtra University, Jalgaon","Kavayitri Bahinabai Chaudhari North Maharashtra University, Jalgaon",0510361210,Mechanical Engineering,GNT2O,171397,29.0442453,Stage I,2025-26,1,5
05103,"Shri Shivaji Vidya Prasarak Sanstha'S Late Bapusaheb Shivaji Rao Deore College Of Engineering,Dhule",Dhule,Un-Aided,Non-Autonomous,"Kavayitri Bahinabai Chaudhari North Maharashtra University, Jalgaon","Kavayitri Bahinabai Chaudhari North Maharashtra University, Jalgaon",0510361210,Mechanical Engineering,GOBCO,151545,42.7403863,Stage I,2025-26,1,5
05103,"Shri Shivaji Vidya Prasarak Sanstha'S Late Bapusaheb Shivaji Rao Deore College Of Engineering,Dhule",Dhule,Un-Aided,Non-Autonomous,"Kavayitri Bahinabai Chaudhari North Maharashtra University, Jalgaon","Kavayitri Bahinabai Chaudhari North Maharashtra University, Jalgaon",0510361210,Mechanical Engineering,LOBCO,148276,43.9154166,Stage I,2025-26,1,5
05103,"Shri Shivaji Vidya Prasarak Sanstha'S Late Bapusaheb Shivaji Rao Deore College Of Engineering,Dhule",Dhule,Un-Aided,Non-Autonomous,"Kavayitri Bahinabai Chaudhari North Maharashtra University, Jalgaon","Kavayitri Bahinabai Chaudhari North Maharashtra University, Jalgaon",0510361210,Mechanical Engineering,LVJO,175727,25.8355418,Stage II,2025-26,1,5
05103,"Shri Shivaji Vidya Prasarak Sanstha'S Late Bapusaheb Shivaji Rao Deore College Of Engineering,Dhule",Dhule,Un-Aided,Non-Autonomous,"Kavayitri Bahinabai Chaudhari North Maharashtra University, Jalgaon","Kavayitri Bahinabai Chaudhari North Maharashtra University, Jalgaon",0510361210,Mechanical Engineering,TFWS,102023,66.3866132,Stage I,2025-26,1,5
05103,"Shri Shivaji Vidya Prasarak Sanstha'S Late Bapusaheb Shivaji Rao Deore College Of Engineering,Dhule",Dhule,Un-Aided,Non-Autonomous,"Kavayitri Bahinabai Chaudhari North Maharashtra University, Jalgaon","Kavayitri Bahinabai Chaudhari North Maharashtra University, Jalgaon",0510361210,Mechanical Engineering,EWS,197831,7.1701886,Stage I,2025-26,1,5
05103,"Shri Shivaji Vidya Prasarak Sanstha'S Late Bapusaheb Shivaji Rao Deore College Of Engineering,Dhule",Dhule,Un-Aided,Non-Autonomous,"Kavayitri Bahinabai Chaudhari North Maharashtra University, Jalgaon","Kavayitri Bahinabai Chaudhari North Maharashtra University, Jalgaon",0510384410,Electronics And Computer Engineering,GOPENH,117879,59.9607019,Stage I,2025-26,1,6
05103,"Shri Shivaji Vidya Prasarak Sanstha'S Late Bapusaheb Shivaji Rao Deore College Of Engineering,Dhule",Dhule,Un-Aided,Non-Autonomous,"Kavayitri Bahinabai Chaudhari North Maharashtra University, Jalgaon","Kavayitri Bahinabai Chaudhari North Maharashtra University, Jalgaon",0510384410,Electronics And Computer Engineering,GSCH,183975,19.7061157,Stage I,2025-26,1,6
05103,"Shri Shivaji Vidya Prasarak Sanstha'S Late Bapusaheb Shivaji Rao Deore College Of Engineering,Dhule",Dhule,Un-Aided,Non-Autonomous,"Kavayitri Bahinabai Chaudhari North Maharashtra University, Jalgaon","Kavayitri Bahinabai Chaudhari North Maharashtra University, Jalgaon",0510384410,Electronics And Computer Engineering,GVJH,140525,48.5587427,Stage I,2025-26,1,6
05103,"Shri Shivaji Vidya Prasarak Sanstha'S Late Bapusaheb Shivaji Rao Deore College Of Engineering,Dhule",Dhule,Un-Aided,Non-Autonomous,"Kavayitri Bahinabai Chaudhari North Maharashtra University, Jalgaon","Kavayitri Bahinabai Chaudhari North Maharashtra University, Jalgaon",0510384410,Electronics And Computer Engineering,GNT1H,157749,39.230205,Stage I,2025-26,1,6
05103,"Shri Shivaji Vidya Prasarak Sanstha'S Late Bapusaheb Shivaji Rao Deore College Of Engineering,Dhule",Dhule,Un-Aided,Non-Autonomous,"Kavayitri Bahinabai Chaudhari North Maharashtra University, Jalgaon","Kavayitri Bahinabai Chaudhari North Maharashtra University, Jalgaon",0510384410,Electronics And Computer Engineering,GNT2H,122183,57.6249683,Stage I,2025-26,1,6
05103,"Shri Shivaji Vidya Prasarak Sanstha'S Late Bapusaheb Shivaji Rao Deore College Of Engineering,Dhule",Dhule,Un-Aided,Non-Autonomous,"Kavayitri Bahinabai Chaudhari North Maharashtra University, Jalgaon","Kavayitri Bahinabai Chaudhari North Maharashtra University, Jalgaon",0510384410,Electronics And Computer Engineering,GOBCH,125206,56.5039753,Stage I,2025-26,1,6
05103,"Shri Shivaji Vidya Prasarak Sanstha'S Late Bapusaheb Shivaji Rao Deore College Of Engineering,Dhule",Dhule,Un-Aided,Non-Autonomous,"Kavayitri Bahinabai Chaudhari North Maharashtra University, Jalgaon","Kavayitri Bahinabai Chaudhari North Maharashtra University, Jalgaon",0510384410,Electronics And Computer Engineering,LOPENH,106567,64.713186,Stage I,2025-26,1,6
05103,"Shri Shivaji Vidya Prasarak Sanstha'S Late Bapusaheb Shivaji Rao Deore College Of Engineering,Dhule",Dhule,Un-Aided,Non-Autonomous,"Kavayitri Bahinabai Chaudhari North Maharashtra University, Jalgaon","Kavayitri Bahinabai Chaudhari North Maharashtra University, Jalgaon",0510384410,Electronics And Computer Engineering,LSCH,187605,16.5233632,Stage I,2025-26,1,6
05103,"Shri Shivaji Vidya Prasarak Sanstha'S Late Bapusaheb Shivaji Rao Deore College Of Engineering,Dhule",Dhule,Un-Aided,Non-Autonomous,"Kavayitri Bahinabai Chaudhari North Maharashtra University, Jalgaon","Kavayitri Bahinabai Chaudhari North Maharashtra University, Jalgaon",0510384410,Electronics And Computer Engineering,LNT1H,144310,46.7613499,Stage I,2025-26,1,6
05103,"Shri Shivaji Vidya Prasarak Sanstha'S Late Bapusaheb Shivaji Rao Deore College Of Engineering,Dhule",Dhule,Un-Aided,Non-Autonomous,"Kavayitri Bahinabai Chaudhari North Maharashtra University, Jalgaon","Kavayitri Bahinabai Chaudhari North Maharashtra University, Jalgaon",0510384410,Electronics And Computer Engineering,LNT2H,152873,41.7471281,Stage I,2025-26,1,6
05103,"Shri Shivaji Vidya Prasarak Sanstha'S Late Bapusaheb Shivaji Rao Deore College Of Engineering,Dhule",Dhule,Un-Aided,Non-Autonomous,"Kavayitri Bahinabai Chaudhari North Maharashtra University, Jalgaon","Kavayitri Bahinabai Chaudhari North Maharashtra University, Jalgaon",0510384410,Electronics And Computer Engineering,LNT3H,175787,25.8355418,Stage I,2025-26,1,6
05103,"Shri Shivaji Vidya Prasarak Sanstha'S Late Bapusaheb Shivaji Rao Deore College Of Engineering,Dhule",Dhule,Un-Aided,Non-Autonomous,"Kavayitri Bahinabai Chaudhari North Maharashtra University, Jalgaon","Kavayitri Bahinabai Chaudhari North Maharashtra University, Jalgaon",0510384410,Electronics And Computer Engineering,LOBCH,119556,58.8994542,Stage I,2025-26,1,6
05103,"Shri Shivaji Vidya Prasarak Sanstha'S Late Bapusaheb Shivaji Rao Deore College Of Engineering,Dhule",Dhule,Un-Aided,Non-Autonomous,"Kavayitri Bahinabai Chaudhari North Maharashtra University, Jalgaon","Kavayitri Bahinabai Chaudhari North Maharashtra University, Jalgaon",0510384410,Electronics And Computer Engineering,GOPENO,203437,0.4702194,Stage I,2025-26,1,6
05103,"Shri Shivaji Vidya Prasarak Sanstha'S Late Bapusaheb Shivaji Rao Deore College Of Engineering,Dhule",Dhule,Un-Aided,Non-Autonomous,"Kavayitri Bahinabai Chaudhari North Maharashtra University, Jalgaon","Kavayitri Bahinabai Chaudhari North Maharashtra University, Jalgaon",0510384410,Electronics And Computer Engineering,GOPENO,119506,58.8994542,Stage I,2025-26,1,6
05103,"Shri Shivaji Vidya Prasarak Sanstha'S Late Bapusaheb Shivaji Rao Deore College Of Engineering,Dhule",Dhule,Un-Aided,Non-Autonomous,"Kavayitri Bahinabai Chaudhari North Maharashtra University, Jalgaon","Kavayitri Bahinabai Chaudhari North Maharashtra University, Jalgaon",0510384410,Electronics And Computer Engineering,GSCO,181423,22.035802,Stage I,2025-26,1,6
05103,"Shri Shivaji Vidya Prasarak Sanstha'S Late Bapusaheb Shivaji Rao Deore College Of Engineering,Dhule",Dhule,Un-Aided,Non-Autonomous,"Kavayitri Bahinabai Chaudhari North Maharashtra University, Jalgaon","Kavayitri Bahinabai Chaudhari North Maharashtra University, Jalgaon",0510384410,Electronics And Computer Engineering,GVJO,159087,37.6293706,Stage I,2025-26,1,6
05103,"Shri Shivaji Vidya Prasarak Sanstha'S Late Bapusaheb Shivaji Rao Deore College Of Engineering,Dhule",Dhule,Un-Aided,Non-Autonomous,"Kavayitri Bahinabai Chaudhari North Maharashtra University, Jalgaon","Kavayitri Bahinabai Chaudhari North Maharashtra University, Jalgaon",0510384410,Electronics And Computer Engineering,GNT1O,151969,42.6339209,Stage I,2025-26,1,6
05103,"Shri Shivaji Vidya Prasarak Sanstha'S Late Bapusaheb Shivaji Rao Deore College Of Engineering,Dhule",Dhule,Un-Aided,Non-Autonomous,"Kavayitri Bahinabai Chaudhari North Maharashtra University, Jalgaon","Kavayitri Bahinabai Chaudhari North Maharashtra University, Jalgaon",0510384410,Electronics And Computer Engineering,GOBCO,121207,58.2180677,Stage I,2025-26,1,6
05103,"Shri Shivaji Vidya Prasarak Sanstha'S Late Bapusaheb Shivaji Rao Deore College Of Engineering,Dhule",Dhule,Un-Aided,Non-Autonomous,"Kavayitri Bahinabai Chaudhari North Maharashtra University, Jalgaon","Kavayitri Bahinabai Chaudhari North Maharashtra University, Jalgaon",0510384410,Electronics And Computer Engineering,LOPENO,99142,68.1117918,Stage I,2025-26,1,6
05103,"Shri Shivaji Vidya Prasarak Sanstha'S Late Bapusaheb Shivaji Rao Deore College Of Engineering,Dhule",Dhule,Un-Aided,Non-Autonomous,"Kavayitri Bahinabai Chaudhari North Maharashtra University, Jalgaon","Kavayitri Bahinabai Chaudhari North Maharashtra University, Jalgaon",0510384410,Electronics And Computer Engineering,LSCO,173287,28.3463753,Stage I,2025-26,1,6
05103,"Shri Shivaji Vidya Prasarak Sanstha'S Late Bapusaheb Shivaji Rao Deore College Of Engineering,Dhule",Dhule,Un-Aided,Non-Autonomous,"Kavayitri Bahinabai Chaudhari North Maharashtra University, Jalgaon","Kavayitri Bahinabai Chaudhari North Maharashtra University, Jalgaon",0510384410,Electronics And Computer Engineering,LNT2O,144056,46.7613499,Stage I,2025-26,1,6
05103,"Shri Shivaji Vidya Prasarak Sanstha'S Late Bapusaheb Shivaji Rao Deore College Of Engineering,Dhule",Dhule,Un-Aided,Non-Autonomous,"Kavayitri Bahinabai Chaudhari North Maharashtra University, Jalgaon","Kavayitri Bahinabai Chaudhari North Maharashtra University, Jalgaon",0510384410,Electronics And Computer Engineering,LOBCO,103530,66.1695365,Stage I,2025-26,1,6
05103,"Shri Shivaji Vidya Prasarak Sanstha'S Late Bapusaheb Shivaji Rao Deore College Of Engineering,Dhule",Dhule,Un-Aided,Non-Autonomous,"Kavayitri Bahinabai Chaudhari North Maharashtra University, Jalgaon","Kavayitri Bahinabai Chaudhari North Maharashtra University, Jalgaon",0510384410,Electronics And Computer Engineering,TFWS,89007,71.5830116,Stage I,2025-26,1,6
05103,"Shri Shivaji Vidya Prasarak Sanstha'S Late Bapusaheb Shivaji Rao Deore College Of Engineering,Dhule",Dhule,Un-Aided,Non-Autonomous,"Kavayitri Bahinabai Chaudhari North Maharashtra University, Jalgaon","Kavayitri Bahinabai Chaudhari North Maharashtra University, Jalgaon",0510384410,Electronics And Computer Engineering,EWS,197530,7.4355245,Stage I,2025-26,1,6
05169,"Nagaon Education Society'S Gangamai College Of Engineering, Nagaon, Tal Dist Dhule",Dhule,Un-Aided,Non-Autonomous,"Kavayitri Bahinabai Chaudhari North Maharashtra University, Jalgaon","Kavayitri Bahinabai Chaudhari North Maharashtra University, Jalgaon",0516919110,Civil Engineering,GOPENH,164833,33.6209084,Stage I,2025-26,1,83
05169,"Nagaon Education Society'S Gangamai College Of Engineering, Nagaon, Tal Dist Dhule",Dhule,Un-Aided,Non-Autonomous,"Kavayitri Bahinabai Chaudhari North Maharashtra University, Jalgaon","Kavayitri Bahinabai Chaudhari North Maharashtra University, Jalgaon",0516919110,Civil Engineering,GSCH,178411,24.7167509,Stage I,2025-26,1,83
05169,"Nagaon Education Society'S Gangamai College Of Engineering, Nagaon, Tal Dist Dhule",Dhule,Un-Aided,Non-Autonomous,"Kavayitri Bahinabai Chaudhari North Maharashtra University, Jalgaon","Kavayitri Bahinabai Chaudhari North Maharashtra University, Jalgaon",0516919110,Civil Engineering,GSTH,196116,8.9230769,Stage I,2025-26,1,83
05169,"Nagaon Education Society'S Gangamai College Of Engineering, Nagaon, Tal Dist Dhule",Dhule,Un-Aided,Non-Autonomous,"Kavayitri Bahinabai Chaudhari North Maharashtra University, Jalgaon","Kavayitri Bahinabai Chaudhari North Maharashtra University, Jalgaon",0516919110,Civil Engineering,GNT2H,180657,22.3617813,Stage I,2025-26,1,83
05169,"Nagaon Education Society'S Gangamai College Of Engineering, Nagaon, Tal Dist Dhule",Dhule,Un-Aided,Non-Autonomous,"Kavayitri Bahinabai Chaudhari North Maharashtra University, Jalgaon","Kavayitri Bahinabai Chaudhari North Maharashtra University, Jalgaon",0516919110,Civil Engineering,GOBCH,194882,10.26398,Stage I,2025-26,1,83
05169,"Nagaon Education Society'S Gangamai College Of Engineering, Nagaon, Tal Dist Dhule",Dhule,Un-Aided,Non-Autonomous,"Kavayitri Bahinabai Chaudhari North Maharashtra University, Jalgaon","Kavayitri Bahinabai Chaudhari North Maharashtra University, Jalgaon",0516919110,Civil Engineering,LOPENH,186490,17.8544822,Stage I,2025-26,1,83
05169,"Nagaon Education Society'S Gangamai College Of Engineering, Nagaon, Tal Dist Dhule",Dhule,Un-Aided,Non-Autonomous,"Kavayitri Bahinabai Chaudhari North Maharashtra University, Jalgaon","Kavayitri Bahinabai Chaudhari North Maharashtra University, Jalgaon",0516919110,Civil Engineering,LOPENH,175279,25.9873754,Stage II,2025-26,1,83
05169,"Nagaon Education Society'S Gangamai College Of Engineering, Nagaon, Tal Dist Dhule",Dhule,Un-Aided,Non-Autonomous,"Kavayitri Bahinabai Chaudhari North Maharashtra University, Jalgaon","Kavayitri Bahinabai Chaudhari North Maharashtra University, Jalgaon",0516919110,Civil Engineering,GOPENO,169160,31.9226076,Stage I,2025-26,1,83
05169,"Nagaon Education Society'S Gangamai College Of Engineering, Nagaon, Tal Dist Dhule",Dhule,Un-Aided,Non-Autonomous,"Kavayitri Bahinabai Chaudhari North Maharashtra University, Jalgaon","Kavayitri Bahinabai Chaudhari North Maharashtra University, Jalgaon",0516919110,Civil Engineering,GOBCO,186350,18.1456181,Stage I,2025-26,1,83
05169,"Nagaon Education Society'S Gangamai College Of Engineering, Nagaon, Tal Dist Dhule",Dhule,Un-Aided,Non-Autonomous,"Kavayitri Bahinabai Chaudhari North Maharashtra University, Jalgaon","Kavayitri Bahinabai Chaudhari North Maharashtra University, Jalgaon",0516919110,Civil Engineering,GOBCO,198375,6.4874627,Stage I,2025-26,1,83
05169,"Nagaon Education Society'S Gangamai College Of Engineering, Nagaon, Tal Dist Dhule",Dhule,Un-Aided,Non-Autonomous,"Kavayitri Bahinabai Chaudhari North Maharashtra University, Jalgaon","Kavayitri Bahinabai Chaudhari North Maharashtra University, Jalgaon",0516919110,Civil Engineering,LOPENO,173124,28.4151863,Stage I,2025-26,1,83
05169,"Nagaon Education Society'S Gangamai College Of Engineering, Nagaon, Tal Dist Dhule",Dhule,Un-Aided,Non-Autonomous,"Kavayitri Bahinabai Chaudhari North Maharashtra University, Jalgaon","Kavayitri Bahinabai Chaudhari North Maharashtra University, Jalgaon",0516919110,Civil Engineering,LOPENO,186673,17.7120141,Stage II,2025-26,1,83
05169,"Nagaon Education Society'S Gangamai College Of Engineering, Nagaon, Tal Dist Dhule",Dhule,Un-Aided,Non-Autonomous,"Kavayitri Bahinabai Chaudhari North Maharashtra University, Jalgaon","Kavayitri Bahinabai Chaudhari North Maharashtra University, Jalgaon",0516919110,Civil Engineering,TFWS,116838,60.3213757,Stage I,2025-26,1,83
05169,"Nagaon Education Society'S Gangamai College Of Engineering, Nagaon, Tal Dist Dhule",Dhule,Un-Aided,Non-Autonomous,"Kavayitri Bahinabai Chaudhari North Maharashtra University, Jalgaon","Kavayitri Bahinabai Chaudhari North Maharashtra University, Jalgaon",0516924510,Computer Engineering,GOPENH,117055,60.3213757,Stage I,2025-26,1,84
05169,"Nagaon Education Society'S Gangamai College Of Engineering, Nagaon, Tal Dist Dhule",Dhule,Un-Aided,Non-Autonomous,"Kavayitri Bahinabai Chaudhari North Maharashtra University, Jalgaon","Kavayitri Bahinabai Chaudhari North Maharashtra University, Jalgaon",0516924510,Computer Engineering,GSCH,188336,16.1743072,Stage I,2025-26,1,84
05169,"Nagaon Education Society'S Gangamai College Of Engineering, Nagaon, Tal Dist Dhule",Dhule,Un-Aided,Non-Autonomous,"Kavayitri Bahinabai Chaudhari North Maharashtra University, Jalgaon","Kavayitri Bahinabai Chaudhari North Maharashtra University, Jalgaon",0516924510,Computer Engineering,GVJH,164210,35.1590106,Stage I,2025-26,1,84
05169,"Nagaon Education Society'S Gangamai College Of Engineering, Nagaon, Tal Dist Dhule",Dhule,Un-Aided,Non-Autonomous,"Kavayitri Bahinabai Chaudhari North Maharashtra University, Jalgaon","Kavayitri Bahinabai Chaudhari North Maharashtra University, Jalgaon",0516924510,Computer Engineering,GNT1H,141475,47.8015007,Stage I,2025-26,1,84
05169,"Nagaon Education Society'S Gangamai College Of Engineering, Nagaon, Tal Dist Dhule",Dhule,Un-Aided,Non-Autonomous,"Kavayitri Bahinabai Chaudhari North Maharashtra University, Jalgaon","Kavayitri Bahinabai Chaudhari North Maharashtra University, Jalgaon",0516924510,Computer Engineering,GNT2H,130563,53.7591782,Stage I,2025-26,1,84
05169,"Nagaon Education Society'S Gangamai College Of Engineering, Nagaon, Tal Dist Dhule",Dhule,Un-Aided,Non-Autonomous,"Kavayitri Bahinabai Chaudhari North Maharashtra University, Jalgaon","Kavayitri Bahinabai Chaudhari North Maharashtra University, Jalgaon",0516924510,Computer Engineering,GOBCH,131474,53.2657343,Stage I,2025-26,1,84
05169,"Nagaon Education Society'S Gangamai College Of Engineering, Nagaon, Tal Dist Dhule",Dhule,Un-Aided,Non-Autonomous,"Kavayitri Bahinabai Chaudhari North Maharashtra University, Jalgaon","Kavayitri Bahinabai Chaudhari North Maharashtra University, Jalgaon",0516924510,Computer Engineering,GSEBCH,153804,40.6822054,Stage I,2025-26,1,84
05169,"Nagaon Education Society'S Gangamai College Of Engineering, Nagaon, Tal Dist Dhule",Dhule,Un-Aided,Non-Autonomous,"Kavayitri Bahinabai Chaudhari North Maharashtra University, Jalgaon","Kavayitri Bahinabai Chaudhari North Maharashtra University, Jalgaon",0516924510,Computer Engineering,LOPENH,106967,64.3871019,Stage I,2025-26,1,84
05169,"Nagaon Education Society'S Gangamai College Of Engineering, Nagaon, Tal Dist Dhule",Dhule,Un-Aided,Non-Autonomous,"Kavayitri Bahinabai Chaudhari North Maharashtra University, Jalgaon","Kavayitri Bahinabai Chaudhari North Maharashtra University, Jalgaon",0516924510,Computer Engineering,LSCH,182871,21.3037657,Stage I,2025-26,1,84
05169,"Nagaon Education Society'S Gangamai College Of Engineering, Nagaon, Tal Dist Dhule",Dhule,Un-Aided,Non-Autonomous,"Kavayitri Bahinabai Chaudhari North Maharashtra University, Jalgaon","Kavayitri Bahinabai Chaudhari North Maharashtra University, Jalgaon",0516924510,Computer Engineering,LSTH,180387,22.4248107,Stage I,2025-26,1,84
05169,"Nagaon Education Society'S Gangamai College Of Engineering, Nagaon, Tal Dist Dhule",Dhule,Un-Aided,Non-Autonomous,"Kavayitri Bahinabai Chaudhari North Maharashtra University, Jalgaon","Kavayitri Bahinabai Chaudhari North Maharashtra University, Jalgaon",0516924510,Computer Engineering,LNT2H,147811,44.2599775,Stage I,2025-26,1,84
05169,"Nagaon Education Society'S Gangamai College Of Engineering, Nagaon, Tal Dist Dhule",Dhule,Un-Aided,Non-Autonomous,"Kavayitri Bahinabai Chaudhari North Maharashtra University, Jalgaon","Kavayitri Bahinabai Chaudhari North Maharashtra University, Jalgaon",0516924510,Computer Engineering,LNT3H,179272,23.4132019,Stage I,2025-26,1,84
05169,"Nagaon Education Society'S Gangamai College Of Engineering, Nagaon, Tal Dist Dhule",Dhule,Un-Aided,Non-Autonomous,"Kavayitri Bahinabai Chaudhari North Maharashtra University, Jalgaon","Kavayitri Bahinabai Chaudhari North Maharashtra University, Jalgaon",0516924510,Computer Engineering,LOBCH,119443,58.8994542,Stage I,2025-26,1,84
05169,"Nagaon Education Society'S Gangamai College Of Engineering, Nagaon, Tal Dist Dhule",Dhule,Un-Aided,Non-Autonomous,"Kavayitri Bahinabai Chaudhari North Maharashtra University, Jalgaon","Kavayitri Bahinabai Chaudhari North Maharashtra University, Jalgaon",0516924510,Computer Engineering,LSCH,203190,0.8543447,Stage I,2025-26,1,84
05169,"Nagaon Education Society'S Gangamai College Of Engineering, Nagaon, Tal Dist Dhule",Dhule,Un-Aided,Non-Autonomous,"Kavayitri Bahinabai Chaudhari North Maharashtra University, Jalgaon","Kavayitri Bahinabai Chaudhari North Maharashtra University, Jalgaon",0516924510,Computer Engineering,GOPENO,200153,4.5300548,Stage I,2025-26,1,84
05169,"Nagaon Education Society'S Gangamai College Of Engineering, Nagaon, Tal Dist Dhule",Dhule,Un-Aided,Non-Autonomous,"Kavayitri Bahinabai Chaudhari North Maharashtra University, Jalgaon","Kavayitri Bahinabai Chaudhari North Maharashtra University, Jalgaon",0516924510,Computer Engineering,LOPENO,176237,25.5643537,Stage I,2025-26,1,84
05169,"Nagaon Education Society'S Gangamai College Of Engineering, Nagaon, Tal Dist Dhule",Dhule,Un-Aided,Non-Autonomous,"Kavayitri Bahinabai Chaudhari North Maharashtra University, Jalgaon","Kavayitri Bahinabai Chaudhari North Maharashtra University, Jalgaon",0516924510,Computer Engineering,LSCO,199359,5.4917171,Stage I,2025-26,1,84
05169,"Nagaon Education Society'S Gangamai College Of Engineering, Nagaon, Tal Dist Dhule",Dhule,Un-Aided,Non-Autonomous,"Kavayitri Bahinabai Chaudhari North Maharashtra University, Jalgaon","Kavayitri Bahinabai Chaudhari North Maharashtra University, Jalgaon",0516924510,Computer Engineering,GOPENO,116306,60.4378874,Stage I,2025-26,1,84
05169,"Nagaon Education Society'S Gangamai College Of Engineering, Nagaon, Tal Dist Dhule",Dhule,Un-Aided,Non-Autonomous,"Kavayitri Bahinabai Chaudhari North Maharashtra University, Jalgaon","Kavayitri Bahinabai Chaudhari North Maharashtra University, Jalgaon",0516924510,Computer Engineering,GSCO,203164,0.8582268,Stage I,2025-26,1,84
05169,"Nagaon Education Society'S Gangamai College Of Engineering, Nagaon, Tal Dist Dhule",Dhule,Un-Aided,Non-Autonomous,"Kavayitri Bahinabai Chaudhari North Maharashtra University, Jalgaon","Kavayitri Bahinabai Chaudhari North Maharashtra University, Jalgaon",0516924510,Computer Engineering,GVJO,184399,19.2944893,Stage I,2025-26,1,84
05169,"Nagaon Education Society'S Gangamai College Of Engineering, Nagaon, Tal Dist Dhule",Dhule,Un-Aided,Non-Autonomous,"Kavayitri Bahinabai Chaudhari North Maharashtra University, Jalgaon","Kavayitri Bahinabai Chaudhari North Maharashtra University, Jalgaon",0516924510,Computer Engineering,GNT1O,146754,45.3566434,Stage I,2025-26,1,84
05169,"Nagaon Education Society'S Gangamai College Of Engineering, Nagaon, Tal Dist Dhule",Dhule,Un-Aided,Non-Autonomous,"Kavayitri Bahinabai Chaudhari North Maharashtra University, Jalgaon","Kavayitri Bahinabai Chaudhari North Maharashtra University, Jalgaon",0516924510,Computer Engineering,GNT2O,136887,50.5909012,Stage I,2025-26,1,84
05169,"Nagaon Education Society'S Gangamai College Of Engineering, Nagaon, Tal Dist Dhule",Dhule,Un-Aided,Non-Autonomous,"Kavayitri Bahinabai Chaudhari North Maharashtra University, Jalgaon","Kavayitri Bahinabai Chaudhari North Maharashtra University, Jalgaon",0516924510,Computer Engineering,GOBCO,130267,53.7591782,Stage I,2025-26,1,84
05169,"Nagaon Education Society'S Gangamai College Of Engineering, Nagaon, Tal Dist Dhule",Dhule,Un-Aided,Non-Autonomous,"Kavayitri Bahinabai Chaudhari North Maharashtra University, Jalgaon","Kavayitri Bahinabai Chaudhari North Maharashtra University, Jalgaon",0516924510,Computer Engineering,LOBCO,127293,55.2744499,Stage I,2025-26,1,84
05169,"Nagaon Education Society'S Gangamai College Of Engineering, Nagaon, Tal Dist Dhule",Dhule,Un-Aided,Non-Autonomous,"Kavayitri Bahinabai Chaudhari North Maharashtra University, Jalgaon","Kavayitri Bahinabai Chaudhari North Maharashtra University, Jalgaon",0516924510,Computer Engineering,TFWS,94650,69.4561708,Stage I,2025-26,1,84
05169,"Nagaon Education Society'S Gangamai College Of Engineering, Nagaon, Tal Dist Dhule",Dhule,Un-Aided,Non-Autonomous,"Kavayitri Bahinabai Chaudhari North Maharashtra University, Jalgaon","Kavayitri Bahinabai Chaudhari North Maharashtra University, Jalgaon",0516924510,Computer Engineering,EWS,184445,19.2944893,Stage I,2025-26,1,84
05169,"Nagaon Education Society'S Gangamai College Of Engineering, Nagaon, Tal Dist Dhule",Dhule,Un-Aided,Non-Autonomous,"Kavayitri Bahinabai Chaudhari North Maharashtra University, Jalgaon","Kavayitri Bahinabai Chaudhari North Maharashtra University, Jalgaon",0516929310,Electrical Engineering,GOPENH,153919,40.6822054,Stage I,2025-26,1,85
05169,"Nagaon Education Society'S Gangamai College Of Engineering, Nagaon, Tal Dist Dhule",Dhule,Un-Aided,Non-Autonomous,"Kavayitri Bahinabai Chaudhari North Maharashtra University, Jalgaon","Kavayitri Bahinabai Chaudhari North Maharashtra University, Jalgaon",0516929310,Electrical Engineering,GOBCH,167402,32.1650475,Stage I,2025-26,1,85
05169,"Nagaon Education Society'S Gangamai College Of Engineering, Nagaon, Tal Dist Dhule",Dhule,Un-Aided,Non-Autonomous,"Kavayitri Bahinabai Chaudhari North Maharashtra University, Jalgaon","Kavayitri Bahinabai Chaudhari North Maharashtra University, Jalgaon",0516929310,Electrical Engineering,LOPENH,192659,12.3781915,Stage I,2025-26,1,85
05169,"Nagaon Education Society'S Gangamai College Of Engineering, Nagaon, Tal Dist Dhule",Dhule,Un-Aided,Non-Autonomous,"Kavayitri Bahinabai Chaudhari North Maharashtra University, Jalgaon","Kavayitri Bahinabai Chaudhari North Maharashtra University, Jalgaon",0516929310,Electrical Engineering,LOPENH,157345,39.2328654,Stage II,2025-26,1,85
05169,"Nagaon Education Society'S Gangamai College Of Engineering, Nagaon, Tal Dist Dhule",Dhule,Un-Aided,Non-Autonomous,"Kavayitri Bahinabai Chaudhari North Maharashtra University, Jalgaon","Kavayitri Bahinabai Chaudhari North Maharashtra University, Jalgaon",0516929310,Electrical Engineering,LNT1H,192030,12.9554081,Stage II,2025-26,1,85
05169,"Nagaon Education Society'S Gangamai College Of Engineering, Nagaon, Tal Dist Dhule",Dhule,Un-Aided,Non-Autonomous,"Kavayitri Bahinabai Chaudhari North Maharashtra University, Jalgaon","Kavayitri Bahinabai Chaudhari North Maharashtra University, Jalgaon",0516929310,Electrical Engineering,LOBCH,181377,22.035802,Stage II,2025-26,1,85
05169,"Nagaon Education Society'S Gangamai College Of Engineering, Nagaon, Tal Dist Dhule",Dhule,Un-Aided,Non-Autonomous,"Kavayitri Bahinabai Chaudhari North Maharashtra University, Jalgaon","Kavayitri Bahinabai Chaudhari North Maharashtra University, Jalgaon",0516929310,Electrical Engineering,GOPENO,199567,5.3139267,Stage I,2025-26,1,85
05169,"Nagaon Education Society'S Gangamai College Of Engineering, Nagaon, Tal Dist Dhule",Dhule,Un-Aided,Non-Autonomous,"Kavayitri Bahinabai Chaudhari North Maharashtra University, Jalgaon","Kavayitri Bahinabai Chaudhari North Maharashtra University, Jalgaon",0516929310,Electrical Engineering,GOPENO,155725,39.7546871,Stage I,2025-26,1,85
05169,"Nagaon Education Society'S Gangamai College Of Engineering, Nagaon, Tal Dist Dhule",Dhule,Un-Aided,Non-Autonomous,"Kavayitri Bahinabai Chaudhari North Maharashtra University, Jalgaon","Kavayitri Bahinabai Chaudhari North Maharashtra University, Jalgaon",0516929310,Electrical Engineering,GOBCO,167040,32.3446384,Stage I,2025-26,1,85
05169,"Nagaon Education Society'S Gangamai College Of Engineering, Nagaon, Tal Dist Dhule",Dhule,Un-Aided,Non-Autonomous,"Kavayitri Bahinabai Chaudhari North Maharashtra University, Jalgaon","Kavayitri Bahinabai Chaudhari North Maharashtra University, Jalgaon",0516929310,Electrical Engineering,LOPENO,182958,20.6428039,Stage I,2025-26,1,85
05169,"Nagaon Education Society'S Gangamai College Of Engineering, Nagaon, Tal Dist Dhule",Dhule,Un-Aided,Non-Autonomous,"Kavayitri Bahinabai Chaudhari North Maharashtra University, Jalgaon","Kavayitri Bahinabai Chaudhari North Maharashtra University, Jalgaon",0516929310,Electrical Engineering,LOBCO,176817,25.4595013,Stage II,2025-26,1,85
05169,"Nagaon Education Society'S Gangamai College Of Engineering, Nagaon, Tal Dist Dhule",Dhule,Un-Aided,Non-Autonomous,"Kavayitri Bahinabai Chaudhari North Maharashtra University, Jalgaon","Kavayitri Bahinabai Chaudhari North Maharashtra University, Jalgaon",0516937210,Electronics And Telecommunication Engg,GOPENH,154330,40.0936536,Stage I,2025-26,1,86
05169,"Nagaon Education Society'S Gangamai College Of Engineering, Nagaon, Tal Dist Dhule",Dhule,Un-Aided,Non-Autonomous,"Kavayitri Bahinabai Chaudhari North Maharashtra University, Jalgaon","Kavayitri Bahinabai Chaudhari North Maharashtra University, Jalgaon",0516937210,Electronics And Telecommunication Engg,GVJH,187647,16.5233632,Stage I,2025-26,1,86
05169,"Nagaon Education Society'S Gangamai College Of Engineering, Nagaon, Tal Dist Dhule",Dhule,Un-Aided,Non-Autonomous,"Kavayitri Bahinabai Chaudhari North Maharashtra University, Jalgaon","Kavayitri Bahinabai Chaudhari North Maharashtra University, Jalgaon",0516937210,Electronics And Telecommunication Engg,GNT1H,169228,31.9226076,Stage I,2025-26,1,86
05169,"Nagaon Education Society'S Gangamai College Of Engineering, Nagaon, Tal Dist Dhule",Dhule,Un-Aided,Non-Autonomous,"Kavayitri Bahinabai Chaudhari North Maharashtra University, Jalgaon","Kavayitri Bahinabai Chaudhari North Maharashtra University, Jalgaon",0516937210,Electronics And Telecommunication Engg,GNT2H,160103,36.5248856,Stage I,2025-26,1,86
05169,"Nagaon Education Society'S Gangamai College Of Engineering, Nagaon, Tal Dist Dhule",Dhule,Un-Aided,Non-Autonomous,"Kavayitri Bahinabai Chaudhari North Maharashtra University, Jalgaon","Kavayitri Bahinabai Chaudhari North Maharashtra University, Jalgaon",0516937210,Electronics And Telecommunication Engg,GNT3H,197164,7.8969624,Stage I,2025-26,1,86
05169,"Nagaon Education Society'S Gangamai College Of Engineering, Nagaon, Tal Dist Dhule",Dhule,Un-Aided,Non-Autonomous,"Kavayitri Bahinabai Chaudhari North Maharashtra University, Jalgaon","Kavayitri Bahinabai Chaudhari North Maharashtra University, Jalgaon",0516937210,Electronics And Telecommunication Engg,GOBCH,163596,35.4407253,Stage I,2025-26,1,86
05169,"Nagaon Education Society'S Gangamai College Of Engineering, Nagaon, Tal Dist Dhule",Dhule,Un-Aided,Non-Autonomous,"Kavayitri Bahinabai Chaudhari North Maharashtra University, Jalgaon","Kavayitri Bahinabai Chaudhari North Maharashtra University, Jalgaon",0516937210,Electronics And Telecommunication Engg,LOPENH,177362,25.0722391,Stage I,2025-26,1,86
05169,"Nagaon Education Society'S Gangamai College Of Engineering, Nagaon, Tal Dist Dhule",Dhule,Un-Aided,Non-Autonomous,"Kavayitri Bahinabai Chaudhari North Maharashtra University, Jalgaon","Kavayitri Bahinabai Chaudhari North Maharashtra University, Jalgaon",0516937210,Electronics And Telecommunication Engg,LOBCH,183743,19.8246656,Stage I,2025-26,1,86
05169,"Nagaon Education Society'S Gangamai College Of Engineering, Nagaon, Tal Dist Dhule",Dhule,Un-Aided,Non-Autonomous,"Kavayitri Bahinabai Chaudhari North Maharashtra University, Jalgaon","Kavayitri Bahinabai Chaudhari North Maharashtra University, Jalgaon",0516937210,Electronics And Telecommunication Engg,GOPENO,179781,22.8933117,Stage I,2025-26,1,86
05169,"Nagaon Education Society'S Gangamai College Of Engineering, Nagaon, Tal Dist Dhule",Dhule,Un-Aided,Non-Autonomous,"Kavayitri Bahinabai Chaudhari North Maharashtra University, Jalgaon","Kavayitri Bahinabai Chaudhari North Maharashtra University, Jalgaon",0516937210,Electronics And Telecommunication Engg,GOBCO,156540,39.5742169,Stage I,2025-26,1,86
05169,"Nagaon Education Society'S Gangamai College Of Engineering, Nagaon, Tal Dist Dhule",Dhule,Un-Aided,Non-Autonomous,"Kavayitri Bahinabai Chaudhari North Maharashtra University, Jalgaon","Kavayitri Bahinabai Chaudhari North Maharashtra University, Jalgaon",0516937210,Electronics And Telecommunication Engg,LOPENO,172662,28.6767287,Stage I,2025-26,1,86
05169,"Nagaon Education Society'S Gangamai College Of Engineering, Nagaon, Tal Dist Dhule",Dhule,Un-Aided,Non-Autonomous,"Kavayitri Bahinabai Chaudhari North Maharashtra University, Jalgaon","Kavayitri Bahinabai Chaudhari North Maharashtra University, Jalgaon",0516937210,Electronics And Telecommunication Engg,LOBCO,176035,25.7272727,Stage I,2025-26,1,86
05169,"Nagaon Education Society'S Gangamai College Of Engineering, Nagaon, Tal Dist Dhule",Dhule,Un-Aided,Non-Autonomous,"Kavayitri Bahinabai Chaudhari North Maharashtra University, Jalgaon","Kavayitri Bahinabai Chaudhari North Maharashtra University, Jalgaon",0516937210,Electronics And Telecommunication Engg,LNT2O,195613,9.4338928,Stage II,2025-26,1,86
05169,"Nagaon Education Society'S Gangamai College Of Engineering, Nagaon, Tal Dist Dhule",Dhule,Un-Aided,Non-Autonomous,"Kavayitri Bahinabai Chaudhari North Maharashtra University, Jalgaon","Kavayitri Bahinabai Chaudhari North Maharashtra University, Jalgaon",0516937210,Electronics And Telecommunication Engg,TFWS,144636,46.6242967,Stage I,2025-26,1,86
05169,"Nagaon Education Society'S Gangamai College Of Engineering, Nagaon, Tal Dist Dhule",Dhule,Un-Aided,Non-Autonomous,"Kavayitri Bahinabai Chaudhari North Maharashtra University, Jalgaon","Kavayitri Bahinabai Chaudhari North Maharashtra University, Jalgaon",0516937210,Electronics And Telecommunication Engg,EWS,201159,3.493007,Stage I,2025-26,1,86
05169,"Nagaon Education Society'S Gangamai College Of Engineering, Nagaon, Tal Dist Dhule",Dhule,Un-Aided,Non-Autonomous,"Kavayitri Bahinabai Chaudhari North Maharashtra University, Jalgaon","Kavayitri Bahinabai Chaudhari North Maharashtra University, Jalgaon",0516961210,Mechanical Engineering,GOPENH,155405,39.7546871,Stage I,2025-26,1,87
05169,"Nagaon Education Society'S Gangamai College Of Engineering, Nagaon, Tal Dist Dhule",Dhule,Un-Aided,Non-Autonomous,"Kavayitri Bahinabai Chaudhari North Maharashtra University, Jalgaon","Kavayitri Bahinabai Chaudhari North Maharashtra University, Jalgaon",0516961210,Mechanical Engineering,GSCH,187158,17.2365618,Stage I,2025-26,1,87
05169,"Nagaon Education Society'S Gangamai College Of Engineering, Nagaon, Tal Dist Dhule",Dhule,Un-Aided,Non-Autonomous,"Kavayitri Bahinabai Chaudhari North Maharashtra University, Jalgaon","Kavayitri Bahinabai Chaudhari North Maharashtra University, Jalgaon",0516961210,Mechanical Engineering,GOBCH,177977,24.8659004,Stage I,2025-26,1,87
05169,"Nagaon Education Society'S Gangamai College Of Engineering, Nagaon, Tal Dist Dhule",Dhule,Un-Aided,Non-Autonomous,"Kavayitri Bahinabai Chaudhari North Maharashtra University, Jalgaon","Kavayitri Bahinabai Chaudhari North Maharashtra University, Jalgaon",0516961210,Mechanical Engineering,LOPENH,194709,10.4152841,Stage I,2025-26,1,87
05169,"Nagaon Education Society'S Gangamai College Of Engineering, Nagaon, Tal Dist Dhule",Dhule,Un-Aided,Non-Autonomous,"Kavayitri Bahinabai Chaudhari North Maharashtra University, Jalgaon","Kavayitri Bahinabai Chaudhari North Maharashtra University, Jalgaon",0516961210,Mechanical Engineering,LOBCH,197448,7.6100354,Stage I,2025-26,1,87
05169,"Nagaon Education Society'S Gangamai College Of Engineering, Nagaon, Tal Dist Dhule",Dhule,Un-Aided,Non-Autonomous,"Kavayitri Bahinabai Chaudhari North Maharashtra University, Jalgaon","Kavayitri Bahinabai Chaudhari North Maharashtra University, Jalgaon",0516961210,Mechanical Engineering,LOBCH,178832,23.4701479,Stage II,2025-26,1,87
05169,"Nagaon Education Society'S Gangamai College Of Engineering, Nagaon, Tal Dist Dhule",Dhule,Un-Aided,Non-Autonomous,"Kavayitri Bahinabai Chaudhari North Maharashtra University, Jalgaon","Kavayitri Bahinabai Chaudhari North Maharashtra University, Jalgaon",0516961210,Mechanical Engineering,GOPENO,182264,21.5882968,Stage I,2025-26,1,87
05169,"Nagaon Education Society'S Gangamai College Of Engineering, Nagaon, Tal Dist Dhule",Dhule,Un-Aided,Non-Autonomous,"Kavayitri Bahinabai Chaudhari North Maharashtra University, Jalgaon","Kavayitri Bahinabai Chaudhari North Maharashtra University, Jalgaon",0516961210,Mechanical Engineering,GOPENO,162530,35.7798895,Stage I,2025-26,1,87
05169,"Nagaon Education Society'S Gangamai College Of Engineering, Nagaon, Tal Dist Dhule",Dhule,Un-Aided,Non-Autonomous,"Kavayitri Bahinabai Chaudhari North Maharashtra University, Jalgaon","Kavayitri Bahinabai Chaudhari North Maharashtra University, Jalgaon",0516961210,Mechanical Engineering,GOBCO,176767,25.4595013,Stage I,2025-26,1,87
05169,"Nagaon Education Society'S Gangamai College Of Engineering, Nagaon, Tal Dist Dhule",Dhule,Un-Aided,Non-Autonomous,"Kavayitri Bahinabai Chaudhari North Maharashtra University, Jalgaon","Kavayitri Bahinabai Chaudhari North Maharashtra University, Jalgaon",0516961210,Mechanical Engineering,LOPENO,188382,15.9545455,Stage I,2025-26,1,87
05172,"R. C. Patel Institute Of Technology, Shirpur",Dhule,Un-Aided Linguistic Minority - Gujarathi,Autonomous,Autonomous Institute,Autonomous Institute,0517219110,Civil Engineering,GOPENS,106188,64.7148712,Stage I,2025-26,1,95
05172,"R. C. Patel Institute Of Technology, Shirpur",Dhule,Un-Aided Linguistic Minority - Gujarathi,Autonomous,Autonomous Institute,Autonomous Institute,0517219110,Civil Engineering,LOPENS,96784,68.8687467,Stage I,2025-26,1,95
05172,"R. C. Patel Institute Of Technology, Shirpur",Dhule,Un-Aided Linguistic Minority - Gujarathi,Autonomous,Autonomous Institute,Autonomous Institute,0517219110,Civil Engineering,TFWS,84374,73.5570613,Stage I,2025-26,1,95
05172,"R. C. Patel Institute Of Technology, Shirpur",Dhule,Un-Aided Linguistic Minority - Gujarathi,Autonomous,Autonomous Institute,Autonomous Institute,0517224510,Computer Engineering,GOPENS,42681,87.3196408,Stage I,2025-26,1,95
05172,"R. C. Patel Institute Of Technology, Shirpur",Dhule,Un-Aided Linguistic Minority - Gujarathi,Autonomous,Autonomous Institute,Autonomous Institute,0517224510,Computer Engineering,LOPENS,34999,89.7089209,Stage I,2025-26,1,95
05172,"R. C. Patel Institute Of Technology, Shirpur",Dhule,Un-Aided Linguistic Minority - Gujarathi,Autonomous,Autonomous Institute,Autonomous Institute,0517224510,Computer Engineering,MI,197288,7.8234926,Stage I,2025-26,1,95
05172,"R. C. Patel Institute Of Technology, Shirpur",Dhule,Un-Aided Linguistic Minority - Gujarathi,Autonomous,Autonomous Institute,Autonomous Institute,0517224510,Computer Engineering,TFWS,25664,92.52184,Stage I,2025-26,1,95
05172,"R. C. Patel Institute Of Technology, Shirpur",Dhule,Un-Aided Linguistic Minority - Gujarathi,Autonomous,Autonomous Institute,Autonomous Institute,0517224610,Information Technology,GOPENS,53015,84.0903324,Stage I,2025-26,1,95
05172,"R. C. Patel Institute Of Technology, Shirpur",Dhule,Un-Aided Linguistic Minority - Gujarathi,Autonomous,Autonomous Institute,Autonomous Institute,0517224610,Information Technology,LOPENS,50171,84.9728618,Stage I,2025-26,1,95
05172,"R. C. Patel Institute Of Technology, Shirpur",Dhule,Un-Aided Linguistic Minority - Gujarathi,Autonomous,Autonomous Institute,Autonomous Institute,0517224610,Information Technology,MI,160863,36.1811489,Stage I,2025-26,1,95
05172,"R. C. Patel Institute Of Technology, Shirpur",Dhule,Un-Aided Linguistic Minority - Gujarathi,Autonomous,Autonomous Institute,Autonomous Institute,0517224610,Information Technology,TFWS,36071,89.3412389,Stage I,2025-26,1,95
05172,"R. C. Patel Institute Of Technology, Shirpur",Dhule,Un-Aided Linguistic Minority - Gujarathi,Autonomous,Autonomous Institute,Autonomous Institute,0517229310,Electrical Engineering,GOPENS,86642,72.6730266,Stage I,2025-26,1,95
05172,"R. C. Patel Institute Of Technology, Shirpur",Dhule,Un-Aided Linguistic Minority - Gujarathi,Autonomous,Autonomous Institute,Autonomous Institute,0517229310,Electrical Engineering,LOPENS,82721,73.7482517,Stage I,2025-26,1,95
05172,"R. C. Patel Institute Of Technology, Shirpur",Dhule,Un-Aided Linguistic Minority - Gujarathi,Autonomous,Autonomous Institute,Autonomous Institute,0517229310,Electrical Engineering,TFWS,60306,81.7705077,Stage I,2025-26,1,95
05172,"R. C. Patel Institute Of Technology, Shirpur",Dhule,Un-Aided Linguistic Minority - Gujarathi,Autonomous,Autonomous Institute,Autonomous Institute,0517237210,Electronics And Telecommunication Engg,GOPENS,64805,80.3531469,Stage I,2025-26,1,96
05172,"R. C. Patel Institute Of Technology, Shirpur",Dhule,Un-Aided Linguistic Minority - Gujarathi,Autonomous,Autonomous Institute,Autonomous Institute,0517237210,Electronics And Telecommunication Engg,LOPENS,60586,81.6453226,Stage I,2025-26,1,96
05172,"R. C. Patel Institute Of Technology, Shirpur",Dhule,Un-Aided Linguistic Minority - Gujarathi,Autonomous,Autonomous Institute,Autonomous Institute,0517237210,Electronics And Telecommunication Engg,TFWS,45264,86.6223776,Stage I,2025-26,1,96
05172,"R. C. Patel Institute Of Technology, Shirpur",Dhule,Un-Aided Linguistic Minority - Gujarathi,Autonomous,Autonomous Institute,Autonomous Institute,0517261210,Mechanical Engineering,GOPENS,94079,69.8498837,Stage I,2025-26,1,96
05172,"R. C. Patel Institute Of Technology, Shirpur",Dhule,Un-Aided Linguistic Minority - Gujarathi,Autonomous,Autonomous Institute,Autonomous Institute,0517261210,Mechanical Engineering,LOPENS,100079,67.217709,Stage I,2025-26,1,96
05172,"R. C. Patel Institute Of Technology, Shirpur",Dhule,Un-Aided Linguistic Minority - Gujarathi,Autonomous,Autonomous Institute,Autonomous Institute,0517261210,Mechanical Engineering,TFWS,57524,82.777662,Stage I,2025-26,1,96
05172,"R. C. Patel Institute Of Technology, Shirpur",Dhule,Un-Aided Linguistic Minority - Gujarathi,Autonomous,Autonomous Institute,Autonomous Institute,0517291210,Computer Science And Engineering(Data Science),GOPENS,52976,84.0903324,Stage I,2025-26,1,96
05172,"R. C. Patel Institute Of Technology, Shirpur",Dhule,Un-Aided Linguistic Minority - Gujarathi,Autonomous,Autonomous Institute,Autonomous Institute,0517291210,Computer Science And Engineering(Data Science),LOPENS,48416,85.5729148,Stage I,2025-26,1,96
05172,"R. C. Patel Institute Of Technology, Shirpur",Dhule,Un-Aided Linguistic Minority - Gujarathi,Autonomous,Autonomous Institute,Autonomous Institute,0517291210,Computer Science And Engineering(Data Science),MI,164840,33.465035,Stage I,2025-26,1,96
05172,"R. C. Patel Institute Of Technology, Shirpur",Dhule,Un-Aided Linguistic Minority - Gujarathi,Autonomous,Autonomous Institute,Autonomous Institute,0517291210,Computer Science And Engineering(Data Science),TFWS,33242,90.1729075,Stage I,2025-26,1,96
05172,"R. C. Patel Institute Of Technology, Shirpur",Dhule,Un-Aided Linguistic Minority - Gujarathi,Autonomous,Autonomous Institute,Autonomous Institute,0517292110,Artificial Intelligence And Machine Learning,GOPENS,48491,85.5207245,Stage I,2025-26,1,96
05172,"R. C. Patel Institute Of Technology, Shirpur",Dhule,Un-Aided Linguistic Minority - Gujarathi,Autonomous,Autonomous Institute,Autonomous Institute,0517292110,Artificial Intelligence And Machine Learning,LOPENS,44175,86.9194446,Stage I,2025-26,1,96
05172,"R. C. Patel Institute Of Technology, Shirpur",Dhule,Un-Aided Linguistic Minority - Gujarathi,Autonomous,Autonomous Institute,Autonomous Institute,0517292110,Artificial Intelligence And Machine Learning,MI,180243,22.4248107,Stage I,2025-26,1,96
05172,"R. C. Patel Institute Of Technology, Shirpur",Dhule,Un-Aided Linguistic Minority - Gujarathi,Autonomous,Autonomous Institute,Autonomous Institute,0517292110,Artificial Intelligence And Machine Learning,TFWS,25754,92.4545035,Stage I,2025-26,1,96
05172,"R. C. Patel Institute Of Technology, Shirpur",Dhule,Un-Aided Linguistic Minority - Gujarathi,Autonomous,Autonomous Institute,Autonomous Institute,0517299510,Artificial Intelligence And Data Science,GOPENS,55420,83.3397246,Stage I,2025-26,1,97
05172,"R. C. Patel Institute Of Technology, Shirpur",Dhule,Un-Aided Linguistic Minority - Gujarathi,Autonomous,Autonomous Institute,Autonomous Institute,0517299510,Artificial Intelligence And Data Science,LOPENS,54293,83.7239356,Stage I,2025-26,1,97
05172,"R. C. Patel Institute Of Technology, Shirpur",Dhule,Un-Aided Linguistic Minority - Gujarathi,Autonomous,Autonomous Institute,Autonomous Institute,0517299510,Artificial Intelligence And Data Science,TFWS,30143,91.082078,Stage I,2025-26,1,97
05365,"Vardhaman Education & Welfare Society, Ahinsa Institute Of Technology, Post. Dondaicha, Dhule",Dhule,Un-Aided Religious Minority - Jain,Non-Autonomous,"Kavayitri Bahinabai Chaudhari North Maharashtra University, Jalgaon","Kavayitri Bahinabai Chaudhari North Maharashtra University, Jalgaon",0536519110,Civil Engineering,GOPENH,196953,7.9877752,Stage I,2025-26,1,153
05365,"Vardhaman Education & Welfare Society, Ahinsa Institute Of Technology, Post. Dondaicha, Dhule",Dhule,Un-Aided Religious Minority - Jain,Non-Autonomous,"Kavayitri Bahinabai Chaudhari North Maharashtra University, Jalgaon","Kavayitri Bahinabai Chaudhari North Maharashtra University, Jalgaon",0536519110,Civil Engineering,LOPENH,200006,4.7274462,Stage I,2025-26,1,153
05365,"Vardhaman Education & Welfare Society, Ahinsa Institute Of Technology, Post. Dondaicha, Dhule",Dhule,Un-Aided Religious Minority - Jain,Non-Autonomous,"Kavayitri Bahinabai Chaudhari North Maharashtra University, Jalgaon","Kavayitri Bahinabai Chaudhari North Maharashtra University, Jalgaon",0536519110,Civil Engineering,GOPENO,180338,22.4248107,Stage I,2025-26,1,153
05365,"Vardhaman Education & Welfare Society, Ahinsa Institute Of Technology, Post. Dondaicha, Dhule",Dhule,Un-Aided Religious Minority - Jain,Non-Autonomous,"Kavayitri Bahinabai Chaudhari North Maharashtra University, Jalgaon","Kavayitri Bahinabai Chaudhari North Maharashtra University, Jalgaon",0536519110,Civil Engineering,TFWS,203017,1.0894199,Stage I,2025-26,1,153
05365,"Vardhaman Education & Welfare Society, Ahinsa Institute Of Technology, Post. Dondaicha, Dhule",Dhule,Un-Aided Religious Minority - Jain,Non-Autonomous,"Kavayitri Bahinabai Chaudhari North Maharashtra University, Jalgaon","Kavayitri Bahinabai Chaudhari North Maharashtra University, Jalgaon",0536525110,Computer Technology,GOPENH,147623,44.2599775,Stage I,2025-26,1,154
05365,"Vardhaman Education & Welfare Society, Ahinsa Institute Of Technology, Post. Dondaicha, Dhule",Dhule,Un-Aided Religious Minority - Jain,Non-Autonomous,"Kavayitri Bahinabai Chaudhari North Maharashtra University, Jalgaon","Kavayitri Bahinabai Chaudhari North Maharashtra University, Jalgaon",0536525110,Computer Technology,LOPENH,102340,66.3866132,Stage I,2025-26,1,154
05365,"Vardhaman Education & Welfare Society, Ahinsa Institute Of Technology, Post. Dondaicha, Dhule",Dhule,Un-Aided Religious Minority - Jain,Non-Autonomous,"Kavayitri Bahinabai Chaudhari North Maharashtra University, Jalgaon","Kavayitri Bahinabai Chaudhari North Maharashtra University, Jalgaon",0536525110,Computer Technology,LOPENO,135895,50.8281802,Stage I,2025-26,1,154
05365,"Vardhaman Education & Welfare Society, Ahinsa Institute Of Technology, Post. Dondaicha, Dhule",Dhule,Un-Aided Religious Minority - Jain,Non-Autonomous,"Kavayitri Bahinabai Chaudhari North Maharashtra University, Jalgaon","Kavayitri Bahinabai Chaudhari North Maharashtra University, Jalgaon",0536525110,Computer Technology,GOPENO,159936,36.5248856,Stage I,2025-26,1,154
05365,"Vardhaman Education & Welfare Society, Ahinsa Institute Of Technology, Post. Dondaicha, Dhule",Dhule,Un-Aided Religious Minority - Jain,Non-Autonomous,"Kavayitri Bahinabai Chaudhari North Maharashtra University, Jalgaon","Kavayitri Bahinabai Chaudhari North Maharashtra University, Jalgaon",0536525110,Computer Technology,LOPENO,106751,64.3871019,Stage I,2025-26,1,154
05365,"Vardhaman Education & Welfare Society, Ahinsa Institute Of Technology, Post. Dondaicha, Dhule",Dhule,Un-Aided Religious Minority - Jain,Non-Autonomous,"Kavayitri Bahinabai Chaudhari North Maharashtra University, Jalgaon","Kavayitri Bahinabai Chaudhari North Maharashtra University, Jalgaon",0536525110,Computer Technology,MI,95501,69.2179237,Stage I,2025-26,1,154
05365,"Vardhaman Education & Welfare Society, Ahinsa Institute Of Technology, Post. Dondaicha, Dhule",Dhule,Un-Aided Religious Minority - Jain,Non-Autonomous,"Kavayitri Bahinabai Chaudhari North Maharashtra University, Jalgaon","Kavayitri Bahinabai Chaudhari North Maharashtra University, Jalgaon",0536525110,Computer Technology,TFWS,167773,32.1281783,Stage I,2025-26,1,154
05365,"Vardhaman Education & Welfare Society, Ahinsa Institute Of Technology, Post. Dondaicha, Dhule",Dhule,Un-Aided Religious Minority - Jain,Non-Autonomous,"Kavayitri Bahinabai Chaudhari North Maharashtra University, Jalgaon","Kavayitri Bahinabai Chaudhari North Maharashtra University, Jalgaon",0536529310,Electrical Engineering,GOPENH,196021,9.0142807,Stage I,2025-26,1,155
05365,"Vardhaman Education & Welfare Society, Ahinsa Institute Of Technology, Post. Dondaicha, Dhule",Dhule,Un-Aided Religious Minority - Jain,Non-Autonomous,"Kavayitri Bahinabai Chaudhari North Maharashtra University, Jalgaon","Kavayitri Bahinabai Chaudhari North Maharashtra University, Jalgaon",0536529310,Electrical Engineering,LOPENH,166949,32.4837011,Stage I,2025-26,1,155
05365,"Vardhaman Education & Welfare Society, Ahinsa Institute Of Technology, Post. Dondaicha, Dhule",Dhule,Un-Aided Religious Minority - Jain,Non-Autonomous,"Kavayitri Bahinabai Chaudhari North Maharashtra University, Jalgaon","Kavayitri Bahinabai Chaudhari North Maharashtra University, Jalgaon",0536529310,Electrical Engineering,TFWS,138773,49.4020979,Stage I,2025-26,1,155
05365,"Vardhaman Education & Welfare Society, Ahinsa Institute Of Technology, Post. Dondaicha, Dhule",Dhule,Un-Aided Religious Minority - Jain,Non-Autonomous,"Kavayitri Bahinabai Chaudhari North Maharashtra University, Jalgaon","Kavayitri Bahinabai Chaudhari North Maharashtra University, Jalgaon",0536561210,Mechanical Engineering,GOPENH,200920,3.6022425,Stage I,2025-26,1,155
05365,"Vardhaman Education & Welfare Society, Ahinsa Institute Of Technology, Post. Dondaicha, Dhule",Dhule,Un-Aided Religious Minority - Jain,Non-Autonomous,"Kavayitri Bahinabai Chaudhari North Maharashtra University, Jalgaon","Kavayitri Bahinabai Chaudhari North Maharashtra University, Jalgaon",0536592110,Artificial Intelligence And Machine Learning,GOPENH,148521,43.74434,Stage I,2025-26,1,156
05365,"Vardhaman Education & Welfare Society, Ahinsa Institute Of Technology, Post. Dondaicha, Dhule",Dhule,Un-Aided Religious Minority - Jain,Non-Autonomous,"Kavayitri Bahinabai Chaudhari North Maharashtra University, Jalgaon","Kavayitri Bahinabai Chaudhari North Maharashtra University, Jalgaon",0536592110,Artificial Intelligence And Machine Learning,LOPENH,159410,37.6293706,Stage I,2025-26,1,156
05365,"Vardhaman Education & Welfare Society, Ahinsa Institute Of Technology, Post. Dondaicha, Dhule",Dhule,Un-Aided Religious Minority - Jain,Non-Autonomous,"Kavayitri Bahinabai Chaudhari North Maharashtra University, Jalgaon","Kavayitri Bahinabai Chaudhari North Maharashtra University, Jalgaon",0536592110,Artificial Intelligence And Machine Learning,GOPENO,182807,21.3037657,Stage I,2025-26,1,156
05365,"Vardhaman Education & Welfare Society, Ahinsa Institute Of Technology, Post. Dondaicha, Dhule",Dhule,Un-Aided Religious Minority - Jain,Non-Autonomous,"Kavayitri Bahinabai Chaudhari North Maharashtra University, Jalgaon","Kavayitri Bahinabai Chaudhari North Maharashtra University, Jalgaon",0536592110,Artificial Intelligence And Machine Learning,LOPENO,160401,36.226012,Stage I,2025-26,1,156
05365,"Vardhaman Education & Welfare Society, Ahinsa Institute Of Technology, Post. Dondaicha, Dhule",Dhule,Un-Aided Religious Minority - Jain,Non-Autonomous,"Kavayitri Bahinabai Chaudhari North Maharashtra University, Jalgaon","Kavayitri Bahinabai Chaudhari North Maharashtra University, Jalgaon",0536592110,Artificial Intelligence And Machine Learning,GOPENO,153456,41.4020979,Stage I,2025-26,1,156
05365,"Vardhaman Education & Welfare Society, Ahinsa Institute Of Technology, Post. Dondaicha, Dhule",Dhule,Un-Aided Religious Minority - Jain,Non-Autonomous,"Kavayitri Bahinabai Chaudhari North Maharashtra University, Jalgaon","Kavayitri Bahinabai Chaudhari North Maharashtra University, Jalgaon",0536592110,Artificial Intelligence And Machine Learning,LOPENO,147153,45.2322221,Stage I,2025-26,1,156
05365,"Vardhaman Education & Welfare Society, Ahinsa Institute Of Technology, Post. Dondaicha, Dhule",Dhule,Un-Aided Religious Minority - Jain,Non-Autonomous,"Kavayitri Bahinabai Chaudhari North Maharashtra University, Jalgaon","Kavayitri Bahinabai Chaudhari North Maharashtra University, Jalgaon",0536592110,Artificial Intelligence And Machine Learning,TFWS,195536,9.5951969,Stage I,2025-26,1,156
05381,"Shri. Jaykumar Rawal Institute Of Technology, Dondaicha.",Dhule,Un-Aided,Non-Autonomous,"Kavayitri Bahinabai Chaudhari North Maharashtra University, Jalgaon","Kavayitri Bahinabai Chaudhari North Maharashtra University, Jalgaon",0538119110,Civil Engineering,GOPENH,179830,22.8933117,Stage I,2025-26,1,169
05381,"Shri. Jaykumar Rawal Institute Of Technology, Dondaicha.",Dhule,Un-Aided,Non-Autonomous,"Kavayitri Bahinabai Chaudhari North Maharashtra University, Jalgaon","Kavayitri Bahinabai Chaudhari North Maharashtra University, Jalgaon",0538119110,Civil Engineering,GSCH,188372,15.9545455,Stage I,2025-26,1,169
05381,"Shri. Jaykumar Rawal Institute Of Technology, Dondaicha.",Dhule,Un-Aided,Non-Autonomous,"Kavayitri Bahinabai Chaudhari North Maharashtra University, Jalgaon","Kavayitri Bahinabai Chaudhari North Maharashtra University, Jalgaon",0538119110,Civil Engineering,GOBCH,192074,12.9554081,Stage I,2025-26,1,169
05381,"Shri. Jaykumar Rawal Institute Of Technology, Dondaicha.",Dhule,Un-Aided,Non-Autonomous,"Kavayitri Bahinabai Chaudhari North Maharashtra University, Jalgaon","Kavayitri Bahinabai Chaudhari North Maharashtra University, Jalgaon",0538119110,Civil Engineering,LOPENH,182504,21.540875,Stage I,2025-26,1,169
05381,"Shri. Jaykumar Rawal Institute Of Technology, Dondaicha.",Dhule,Un-Aided,Non-Autonomous,"Kavayitri Bahinabai Chaudhari North Maharashtra University, Jalgaon","Kavayitri Bahinabai Chaudhari North Maharashtra University, Jalgaon",0538119110,Civil Engineering,PWDOPENH,200906,3.6022425,Stage I,2025-26,1,169
05381,"Shri. Jaykumar Rawal Institute Of Technology, Dondaicha.",Dhule,Un-Aided,Non-Autonomous,"Kavayitri Bahinabai Chaudhari North Maharashtra University, Jalgaon","Kavayitri Bahinabai Chaudhari North Maharashtra University, Jalgaon",0538119110,Civil Engineering,LOBCH,194361,10.7725189,Stage II,2025-26,1,169
05381,"Shri. Jaykumar Rawal Institute Of Technology, Dondaicha.",Dhule,Un-Aided,Non-Autonomous,"Kavayitri Bahinabai Chaudhari North Maharashtra University, Jalgaon","Kavayitri Bahinabai Chaudhari North Maharashtra University, Jalgaon",0538119110,Civil Engineering,GOPENO,174469,28.1994074,Stage I,2025-26,1,169
05381,"Shri. Jaykumar Rawal Institute Of Technology, Dondaicha.",Dhule,Un-Aided,Non-Autonomous,"Kavayitri Bahinabai Chaudhari North Maharashtra University, Jalgaon","Kavayitri Bahinabai Chaudhari North Maharashtra University, Jalgaon",0538119110,Civil Engineering,GOPENO,178467,24.7167509,Stage I,2025-26,1,169
05381,"Shri. Jaykumar Rawal Institute Of Technology, Dondaicha.",Dhule,Un-Aided,Non-Autonomous,"Kavayitri Bahinabai Chaudhari North Maharashtra University, Jalgaon","Kavayitri Bahinabai Chaudhari North Maharashtra University, Jalgaon",0538119110,Civil Engineering,GOBCO,189569,15.1144829,Stage I,2025-26,1,169
05381,"Shri. Jaykumar Rawal Institute Of Technology, Dondaicha.",Dhule,Un-Aided,Non-Autonomous,"Kavayitri Bahinabai Chaudhari North Maharashtra University, Jalgaon","Kavayitri Bahinabai Chaudhari North Maharashtra University, Jalgaon",0538119110,Civil Engineering,LOPENO,200290,4.4409613,Stage II,2025-26,1,169
05381,"Shri. Jaykumar Rawal Institute Of Technology, Dondaicha.",Dhule,Un-Aided,Non-Autonomous,"Kavayitri Bahinabai Chaudhari North Maharashtra University, Jalgaon","Kavayitri Bahinabai Chaudhari North Maharashtra University, Jalgaon",0538119110,Civil Engineering,LOBCO,193444,11.4786688,Stage II,2025-26,1,169
05381,"Shri. Jaykumar Rawal Institute Of Technology, Dondaicha.",Dhule,Un-Aided,Non-Autonomous,"Kavayitri Bahinabai Chaudhari North Maharashtra University, Jalgaon","Kavayitri Bahinabai Chaudhari North Maharashtra University, Jalgaon",0538119110,Civil Engineering,TFWS,158048,38.7925588,Stage I,2025-26,1,169
05381,"Shri. Jaykumar Rawal Institute Of Technology, Dondaicha.",Dhule,Un-Aided,Non-Autonomous,"Kavayitri Bahinabai Chaudhari North Maharashtra University, Jalgaon","Kavayitri Bahinabai Chaudhari North Maharashtra University, Jalgaon",0538119110,Civil Engineering,EWS,202328,2.0524476,Stage I,2025-26,1,169
05381,"Shri. Jaykumar Rawal Institute Of Technology, Dondaicha.",Dhule,Un-Aided,Non-Autonomous,"Kavayitri Bahinabai Chaudhari North Maharashtra University, Jalgaon","Kavayitri Bahinabai Chaudhari North Maharashtra University, Jalgaon",0538124210,Computer Science And Engineering,GOPENH,142449,47.3563218,Stage I,2025-26,1,170
05381,"Shri. Jaykumar Rawal Institute Of Technology, Dondaicha.",Dhule,Un-Aided,Non-Autonomous,"Kavayitri Bahinabai Chaudhari North Maharashtra University, Jalgaon","Kavayitri Bahinabai Chaudhari North Maharashtra University, Jalgaon",0538124210,Computer Science And Engineering,GSCH,187678,16.5233632,Stage I,2025-26,1,170
05381,"Shri. Jaykumar Rawal Institute Of Technology, Dondaicha.",Dhule,Un-Aided,Non-Autonomous,"Kavayitri Bahinabai Chaudhari North Maharashtra University, Jalgaon","Kavayitri Bahinabai Chaudhari North Maharashtra University, Jalgaon",0538124210,Computer Science And Engineering,GSTH,185236,18.9335664,Stage I,2025-26,1,170
05381,"Shri. Jaykumar Rawal Institute Of Technology, Dondaicha.",Dhule,Un-Aided,Non-Autonomous,"Kavayitri Bahinabai Chaudhari North Maharashtra University, Jalgaon","Kavayitri Bahinabai Chaudhari North Maharashtra University, Jalgaon",0538124210,Computer Science And Engineering,GNT1H,149321,43.5338318,Stage I,2025-26,1,170
05381,"Shri. Jaykumar Rawal Institute Of Technology, Dondaicha.",Dhule,Un-Aided,Non-Autonomous,"Kavayitri Bahinabai Chaudhari North Maharashtra University, Jalgaon","Kavayitri Bahinabai Chaudhari North Maharashtra University, Jalgaon",0538124210,Computer Science And Engineering,GNT2H,178243,24.7167509,Stage I,2025-26,1,170
05381,"Shri. Jaykumar Rawal Institute Of Technology, Dondaicha.",Dhule,Un-Aided,Non-Autonomous,"Kavayitri Bahinabai Chaudhari North Maharashtra University, Jalgaon","Kavayitri Bahinabai Chaudhari North Maharashtra University, Jalgaon",0538124210,Computer Science And Engineering,GOBCH,154475,40.0936536,Stage I,2025-26,1,170
05381,"Shri. Jaykumar Rawal Institute Of Technology, Dondaicha.",Dhule,Un-Aided,Non-Autonomous,"Kavayitri Bahinabai Chaudhari North Maharashtra University, Jalgaon","Kavayitri Bahinabai Chaudhari North Maharashtra University, Jalgaon",0538124210,Computer Science And Engineering,LOPENH,139340,49.3416227,Stage I,2025-26,1,170
05381,"Shri. Jaykumar Rawal Institute Of Technology, Dondaicha.",Dhule,Un-Aided,Non-Autonomous,"Kavayitri Bahinabai Chaudhari North Maharashtra University, Jalgaon","Kavayitri Bahinabai Chaudhari North Maharashtra University, Jalgaon",0538124210,Computer Science And Engineering,LSCH,181093,22.1118881,Stage I,2025-26,1,170
05381,"Shri. Jaykumar Rawal Institute Of Technology, Dondaicha.",Dhule,Un-Aided,Non-Autonomous,"Kavayitri Bahinabai Chaudhari North Maharashtra University, Jalgaon","Kavayitri Bahinabai Chaudhari North Maharashtra University, Jalgaon",0538124210,Computer Science And Engineering,LOBCH,152195,42.2674623,Stage I,2025-26,1,170
05381,"Shri. Jaykumar Rawal Institute Of Technology, Dondaicha.",Dhule,Un-Aided,Non-Autonomous,"Kavayitri Bahinabai Chaudhari North Maharashtra University, Jalgaon","Kavayitri Bahinabai Chaudhari North Maharashtra University, Jalgaon",0538124210,Computer Science And Engineering,LNT2H,184932,19.1697794,Stage II,2025-26,1,170
05381,"Shri. Jaykumar Rawal Institute Of Technology, Dondaicha.",Dhule,Un-Aided,Non-Autonomous,"Kavayitri Bahinabai Chaudhari North Maharashtra University, Jalgaon","Kavayitri Bahinabai Chaudhari North Maharashtra University, Jalgaon",0538124210,Computer Science And Engineering,GOPENO,149298,43.5338318,Stage I,2025-26,1,170
05381,"Shri. Jaykumar Rawal Institute Of Technology, Dondaicha.",Dhule,Un-Aided,Non-Autonomous,"Kavayitri Bahinabai Chaudhari North Maharashtra University, Jalgaon","Kavayitri Bahinabai Chaudhari North Maharashtra University, Jalgaon",0538124210,Computer Science And Engineering,GSCO,191649,13.2717448,Stage I,2025-26,1,170
05381,"Shri. Jaykumar Rawal Institute Of Technology, Dondaicha.",Dhule,Un-Aided,Non-Autonomous,"Kavayitri Bahinabai Chaudhari North Maharashtra University, Jalgaon","Kavayitri Bahinabai Chaudhari North Maharashtra University, Jalgaon",0538124210,Computer Science And Engineering,GOBCO,182262,21.5882968,Stage I,2025-26,1,170
05381,"Shri. Jaykumar Rawal Institute Of Technology, Dondaicha.",Dhule,Un-Aided,Non-Autonomous,"Kavayitri Bahinabai Chaudhari North Maharashtra University, Jalgaon","Kavayitri Bahinabai Chaudhari North Maharashtra University, Jalgaon",0538124210,Computer Science And Engineering,GSTO,171118,29.2375397,Stage I,2025-26,1,170
05381,"Shri. Jaykumar Rawal Institute Of Technology, Dondaicha.",Dhule,Un-Aided,Non-Autonomous,"Kavayitri Bahinabai Chaudhari North Maharashtra University, Jalgaon","Kavayitri Bahinabai Chaudhari North Maharashtra University, Jalgaon",0538124210,Computer Science And Engineering,GVJO,178077,24.8659004,Stage I,2025-26,1,170
05381,"Shri. Jaykumar Rawal Institute Of Technology, Dondaicha.",Dhule,Un-Aided,Non-Autonomous,"Kavayitri Bahinabai Chaudhari North Maharashtra University, Jalgaon","Kavayitri Bahinabai Chaudhari North Maharashtra University, Jalgaon",0538124210,Computer Science And Engineering,GNT1O,190579,14.0584844,Stage I,2025-26,1,170
05381,"Shri. Jaykumar Rawal Institute Of Technology, Dondaicha.",Dhule,Un-Aided,Non-Autonomous,"Kavayitri Bahinabai Chaudhari North Maharashtra University, Jalgaon","Kavayitri Bahinabai Chaudhari North Maharashtra University, Jalgaon",0538124210,Computer Science And Engineering,GNT3O,180880,22.1740686,Stage I,2025-26,1,170
05381,"Shri. Jaykumar Rawal Institute Of Technology, Dondaicha.",Dhule,Un-Aided,Non-Autonomous,"Kavayitri Bahinabai Chaudhari North Maharashtra University, Jalgaon","Kavayitri Bahinabai Chaudhari North Maharashtra University, Jalgaon",0538124210,Computer Science And Engineering,GOBCO,153726,41.4020979,Stage I,2025-26,1,170
05381,"Shri. Jaykumar Rawal Institute Of Technology, Dondaicha.",Dhule,Un-Aided,Non-Autonomous,"Kavayitri Bahinabai Chaudhari North Maharashtra University, Jalgaon","Kavayitri Bahinabai Chaudhari North Maharashtra University, Jalgaon",0538124210,Computer Science And Engineering,LOPENO,144549,46.6242967,Stage I,2025-26,1,170
05381,"Shri. Jaykumar Rawal Institute Of Technology, Dondaicha.",Dhule,Un-Aided,Non-Autonomous,"Kavayitri Bahinabai Chaudhari North Maharashtra University, Jalgaon","Kavayitri Bahinabai Chaudhari North Maharashtra University, Jalgaon",0538124210,Computer Science And Engineering,LSCO,188623,15.8481365,Stage I,2025-26,1,170
05381,"Shri. Jaykumar Rawal Institute Of Technology, Dondaicha.",Dhule,Un-Aided,Non-Autonomous,"Kavayitri Bahinabai Chaudhari North Maharashtra University, Jalgaon","Kavayitri Bahinabai Chaudhari North Maharashtra University, Jalgaon",0538124210,Computer Science And Engineering,TFWS,126320,55.6405756,Stage I,2025-26,1,170
05381,"Shri. Jaykumar Rawal Institute Of Technology, Dondaicha.",Dhule,Un-Aided,Non-Autonomous,"Kavayitri Bahinabai Chaudhari North Maharashtra University, Jalgaon","Kavayitri Bahinabai Chaudhari North Maharashtra University, Jalgaon",0538124210,Computer Science And Engineering,EWS,139029,49.4020979,Stage I,2025-26,1,170
05381,"Shri. Jaykumar Rawal Institute Of Technology, Dondaicha.",Dhule,Un-Aided,Non-Autonomous,"Kavayitri Bahinabai Chaudhari North Maharashtra University, Jalgaon","Kavayitri Bahinabai Chaudhari North Maharashtra University, Jalgaon",0538129310,Electrical Engineering,GOPENH,169383,31.9226076,Stage I,2025-26,1,171
05381,"Shri. Jaykumar Rawal Institute Of Technology, Dondaicha.",Dhule,Un-Aided,Non-Autonomous,"Kavayitri Bahinabai Chaudhari North Maharashtra University, Jalgaon","Kavayitri Bahinabai Chaudhari North Maharashtra University, Jalgaon",0538129310,Electrical Engineering,GSCH,183237,20.3327444,Stage I,2025-26,1,171
05381,"Shri. Jaykumar Rawal Institute Of Technology, Dondaicha.",Dhule,Un-Aided,Non-Autonomous,"Kavayitri Bahinabai Chaudhari North Maharashtra University, Jalgaon","Kavayitri Bahinabai Chaudhari North Maharashtra University, Jalgaon",0538129310,Electrical Engineering,GVJH,189470,15.3499592,Stage I,2025-26,1,171
05381,"Shri. Jaykumar Rawal Institute Of Technology, Dondaicha.",Dhule,Un-Aided,Non-Autonomous,"Kavayitri Bahinabai Chaudhari North Maharashtra University, Jalgaon","Kavayitri Bahinabai Chaudhari North Maharashtra University, Jalgaon",0538129310,Electrical Engineering,GOBCH,181162,22.1118881,Stage I,2025-26,1,171
05381,"Shri. Jaykumar Rawal Institute Of Technology, Dondaicha.",Dhule,Un-Aided,Non-Autonomous,"Kavayitri Bahinabai Chaudhari North Maharashtra University, Jalgaon","Kavayitri Bahinabai Chaudhari North Maharashtra University, Jalgaon",0538129310,Electrical Engineering,LOPENH,194901,10.26398,Stage I,2025-26,1,171
05381,"Shri. Jaykumar Rawal Institute Of Technology, Dondaicha.",Dhule,Un-Aided,Non-Autonomous,"Kavayitri Bahinabai Chaudhari North Maharashtra University, Jalgaon","Kavayitri Bahinabai Chaudhari North Maharashtra University, Jalgaon",0538129310,Electrical Engineering,PWDOPENH,200169,4.5300548,Stage I,2025-26,1,171
05381,"Shri. Jaykumar Rawal Institute Of Technology, Dondaicha.",Dhule,Un-Aided,Non-Autonomous,"Kavayitri Bahinabai Chaudhari North Maharashtra University, Jalgaon","Kavayitri Bahinabai Chaudhari North Maharashtra University, Jalgaon",0538129310,Electrical Engineering,LOPENH,186205,18.1456181,Stage II,2025-26,1,171
05381,"Shri. Jaykumar Rawal Institute Of Technology, Dondaicha.",Dhule,Un-Aided,Non-Autonomous,"Kavayitri Bahinabai Chaudhari North Maharashtra University, Jalgaon","Kavayitri Bahinabai Chaudhari North Maharashtra University, Jalgaon",0538129310,Electrical Engineering,LNT1H,189289,15.4365886,Stage II,2025-26,1,171
05381,"Shri. Jaykumar Rawal Institute Of Technology, Dondaicha.",Dhule,Un-Aided,Non-Autonomous,"Kavayitri Bahinabai Chaudhari North Maharashtra University, Jalgaon","Kavayitri Bahinabai Chaudhari North Maharashtra University, Jalgaon",0538129310,Electrical Engineering,LOBCH,189875,14.9055715,Stage II,2025-26,1,171
05381,"Shri. Jaykumar Rawal Institute Of Technology, Dondaicha.",Dhule,Un-Aided,Non-Autonomous,"Kavayitri Bahinabai Chaudhari North Maharashtra University, Jalgaon","Kavayitri Bahinabai Chaudhari North Maharashtra University, Jalgaon",0538129310,Electrical Engineering,GOPENO,192321,12.5776664,Stage I,2025-26,1,171
05381,"Shri. Jaykumar Rawal Institute Of Technology, Dondaicha.",Dhule,Un-Aided,Non-Autonomous,"Kavayitri Bahinabai Chaudhari North Maharashtra University, Jalgaon","Kavayitri Bahinabai Chaudhari North Maharashtra University, Jalgaon",0538129310,Electrical Engineering,GOPENO,165455,33.0802795,Stage I,2025-26,1,171
05381,"Shri. Jaykumar Rawal Institute Of Technology, Dondaicha.",Dhule,Un-Aided,Non-Autonomous,"Kavayitri Bahinabai Chaudhari North Maharashtra University, Jalgaon","Kavayitri Bahinabai Chaudhari North Maharashtra University, Jalgaon",0538129310,Electrical Engineering,GOBCO,183173,20.3327444,Stage I,2025-26,1,171
05381,"Shri. Jaykumar Rawal Institute Of Technology, Dondaicha.",Dhule,Un-Aided,Non-Autonomous,"Kavayitri Bahinabai Chaudhari North Maharashtra University, Jalgaon","Kavayitri Bahinabai Chaudhari North Maharashtra University, Jalgaon",0538129310,Electrical Engineering,LOPENO,190395,14.0716041,Stage II,2025-26,1,171
05381,"Shri. Jaykumar Rawal Institute Of Technology, Dondaicha.",Dhule,Un-Aided,Non-Autonomous,"Kavayitri Bahinabai Chaudhari North Maharashtra University, Jalgaon","Kavayitri Bahinabai Chaudhari North Maharashtra University, Jalgaon",0538129310,Electrical Engineering,TFWS,202592,1.6345919,Stage I,2025-26,1,171
05381,"Shri. Jaykumar Rawal Institute Of Technology, Dondaicha.",Dhule,Un-Aided,Non-Autonomous,"Kavayitri Bahinabai Chaudhari North Maharashtra University, Jalgaon","Kavayitri Bahinabai Chaudhari North Maharashtra University, Jalgaon",0538129310,Electrical Engineering,EWS,188302,16.1743072,Stage I,2025-26,1,171
05381,"Shri. Jaykumar Rawal Institute Of Technology, Dondaicha.",Dhule,Un-Aided,Non-Autonomous,"Kavayitri Bahinabai Chaudhari North Maharashtra University, Jalgaon","Kavayitri Bahinabai Chaudhari North Maharashtra University, Jalgaon",0538161210,Mechanical Engineering,GOPENH,174539,26.7336064,Stage I,2025-26,1,172
05381,"Shri. Jaykumar Rawal Institute Of Technology, Dondaicha.",Dhule,Un-Aided,Non-Autonomous,"Kavayitri Bahinabai Chaudhari North Maharashtra University, Jalgaon","Kavayitri Bahinabai Chaudhari North Maharashtra University, Jalgaon",0538161210,Mechanical Engineering,GOBCH,193457,11.4786688,Stage I,2025-26,1,172
05381,"Shri. Jaykumar Rawal Institute Of Technology, Dondaicha.",Dhule,Un-Aided,Non-Autonomous,"Kavayitri Bahinabai Chaudhari North Maharashtra University, Jalgaon","Kavayitri Bahinabai Chaudhari North Maharashtra University, Jalgaon",0538161210,Mechanical Engineering,LOPENH,201622,2.8010895,Stage II,2025-26,1,172
05381,"Shri. Jaykumar Rawal Institute Of Technology, Dondaicha.",Dhule,Un-Aided,Non-Autonomous,"Kavayitri Bahinabai Chaudhari North Maharashtra University, Jalgaon","Kavayitri Bahinabai Chaudhari North Maharashtra University, Jalgaon",0538161210,Mechanical Engineering,LOBCH,194936,9.9651616,Stage II,2025-26,1,172
05381,"Shri. Jaykumar Rawal Institute Of Technology, Dondaicha.",Dhule,Un-Aided,Non-Autonomous,"Kavayitri Bahinabai Chaudhari North Maharashtra University, Jalgaon","Kavayitri Bahinabai Chaudhari North Maharashtra University, Jalgaon",0538161210,Mechanical Engineering,GOPENO,94517,69.4936445,Stage I,2025-26,1,172
05381,"Shri. Jaykumar Rawal Institute Of Technology, Dondaicha.",Dhule,Un-Aided,Non-Autonomous,"Kavayitri Bahinabai Chaudhari North Maharashtra University, Jalgaon","Kavayitri Bahinabai Chaudhari North Maharashtra University, Jalgaon",0538161210,Mechanical Engineering,GOPENO,173692,28.3031822,Stage I,2025-26,1,172
05381,"Shri. Jaykumar Rawal Institute Of Technology, Dondaicha.",Dhule,Un-Aided,Non-Autonomous,"Kavayitri Bahinabai Chaudhari North Maharashtra University, Jalgaon","Kavayitri Bahinabai Chaudhari North Maharashtra University, Jalgaon",0538161210,Mechanical Engineering,GNT1O,175822,25.8355418,Stage I,2025-26,1,172
05381,"Shri. Jaykumar Rawal Institute Of Technology, Dondaicha.",Dhule,Un-Aided,Non-Autonomous,"Kavayitri Bahinabai Chaudhari North Maharashtra University, Jalgaon","Kavayitri Bahinabai Chaudhari North Maharashtra University, Jalgaon",0538161210,Mechanical Engineering,GOBCO,189656,15.1144829,Stage I,2025-26,1,172
05381,"Shri. Jaykumar Rawal Institute Of Technology, Dondaicha.",Dhule,Un-Aided,Non-Autonomous,"Kavayitri Bahinabai Chaudhari North Maharashtra University, Jalgaon","Kavayitri Bahinabai Chaudhari North Maharashtra University, Jalgaon",0538161210,Mechanical Engineering,LOPENO,198592,6.3882064,Stage II,2025-26,1,172
05381,"Shri. Jaykumar Rawal Institute Of Technology, Dondaicha.",Dhule,Un-Aided,Non-Autonomous,"Kavayitri Bahinabai Chaudhari North Maharashtra University, Jalgaon","Kavayitri Bahinabai Chaudhari North Maharashtra University, Jalgaon",0538161210,Mechanical Engineering,LOBCO,196023,9.0142807,Stage II,2025-26,1,172
05381,"Shri. Jaykumar Rawal Institute Of Technology, Dondaicha.",Dhule,Un-Aided,Non-Autonomous,"Kavayitri Bahinabai Chaudhari North Maharashtra University, Jalgaon","Kavayitri Bahinabai Chaudhari North Maharashtra University, Jalgaon",0538161210,Mechanical Engineering,EWS,183895,19.7061157,Stage I,2025-26,1,172
05381,"Shri. Jaykumar Rawal Institute Of Technology, Dondaicha.",Dhule,Un-Aided,Non-Autonomous,"Kavayitri Bahinabai Chaudhari North Maharashtra University, Jalgaon","Kavayitri Bahinabai Chaudhari North Maharashtra University, Jalgaon",0538199510,Artificial Intelligence And Data Science,GOPENH,149809,43.4652257,Stage I,2025-26,1,173
05381,"Shri. Jaykumar Rawal Institute Of Technology, Dondaicha.",Dhule,Un-Aided,Non-Autonomous,"Kavayitri Bahinabai Chaudhari North Maharashtra University, Jalgaon","Kavayitri Bahinabai Chaudhari North Maharashtra University, Jalgaon",0538199510,Artificial Intelligence And Data Science,GSCH,197582,7.4355245,Stage I,2025-26,1,173
05381,"Shri. Jaykumar Rawal Institute Of Technology, Dondaicha.",Dhule,Un-Aided,Non-Autonomous,"Kavayitri Bahinabai Chaudhari North Maharashtra University, Jalgaon","Kavayitri Bahinabai Chaudhari North Maharashtra University, Jalgaon",0538199510,Artificial Intelligence And Data Science,GSTH,178314,24.7167509,Stage I,2025-26,1,173
05381,"Shri. Jaykumar Rawal Institute Of Technology, Dondaicha.",Dhule,Un-Aided,Non-Autonomous,"Kavayitri Bahinabai Chaudhari North Maharashtra University, Jalgaon","Kavayitri Bahinabai Chaudhari North Maharashtra University, Jalgaon",0538199510,Artificial Intelligence And Data Science,GNT1H,161030,36.1161649,Stage I,2025-26,1,173
05381,"Shri. Jaykumar Rawal Institute Of Technology, Dondaicha.",Dhule,Un-Aided,Non-Autonomous,"Kavayitri Bahinabai Chaudhari North Maharashtra University, Jalgaon","Kavayitri Bahinabai Chaudhari North Maharashtra University, Jalgaon",0538199510,Artificial Intelligence And Data Science,GOBCH,164297,34.896751,Stage I,2025-26,1,173
05381,"Shri. Jaykumar Rawal Institute Of Technology, Dondaicha.",Dhule,Un-Aided,Non-Autonomous,"Kavayitri Bahinabai Chaudhari North Maharashtra University, Jalgaon","Kavayitri Bahinabai Chaudhari North Maharashtra University, Jalgaon",0538199510,Artificial Intelligence And Data Science,LOPENH,134171,51.7009371,Stage I,2025-26,1,173
05381,"Shri. Jaykumar Rawal Institute Of Technology, Dondaicha.",Dhule,Un-Aided,Non-Autonomous,"Kavayitri Bahinabai Chaudhari North Maharashtra University, Jalgaon","Kavayitri Bahinabai Chaudhari North Maharashtra University, Jalgaon",0538199510,Artificial Intelligence And Data Science,LSCH,168991,31.9280223,Stage I,2025-26,1,173
05381,"Shri. Jaykumar Rawal Institute Of Technology, Dondaicha.",Dhule,Un-Aided,Non-Autonomous,"Kavayitri Bahinabai Chaudhari North Maharashtra University, Jalgaon","Kavayitri Bahinabai Chaudhari North Maharashtra University, Jalgaon",0538199510,Artificial Intelligence And Data Science,LOBCH,161410,36.0836122,Stage I,2025-26,1,173
05381,"Shri. Jaykumar Rawal Institute Of Technology, Dondaicha.",Dhule,Un-Aided,Non-Autonomous,"Kavayitri Bahinabai Chaudhari North Maharashtra University, Jalgaon","Kavayitri Bahinabai Chaudhari North Maharashtra University, Jalgaon",0538199510,Artificial Intelligence And Data Science,GOPENO,191675,13.2717448,Stage I,2025-26,1,173
05381,"Shri. Jaykumar Rawal Institute Of Technology, Dondaicha.",Dhule,Un-Aided,Non-Autonomous,"Kavayitri Bahinabai Chaudhari North Maharashtra University, Jalgaon","Kavayitri Bahinabai Chaudhari North Maharashtra University, Jalgaon",0538199510,Artificial Intelligence And Data Science,LOPENO,176688,25.4741362,Stage I,2025-26,1,173
05381,"Shri. Jaykumar Rawal Institute Of Technology, Dondaicha.",Dhule,Un-Aided,Non-Autonomous,"Kavayitri Bahinabai Chaudhari North Maharashtra University, Jalgaon","Kavayitri Bahinabai Chaudhari North Maharashtra University, Jalgaon",0538199510,Artificial Intelligence And Data Science,GOPENO,155574,39.7546871,Stage I,2025-26,1,173
05381,"Shri. Jaykumar Rawal Institute Of Technology, Dondaicha.",Dhule,Un-Aided,Non-Autonomous,"Kavayitri Bahinabai Chaudhari North Maharashtra University, Jalgaon","Kavayitri Bahinabai Chaudhari North Maharashtra University, Jalgaon",0538199510,Artificial Intelligence And Data Science,GSCO,200840,3.7828281,Stage I,2025-26,1,173
05381,"Shri. Jaykumar Rawal Institute Of Technology, Dondaicha.",Dhule,Un-Aided,Non-Autonomous,"Kavayitri Bahinabai Chaudhari North Maharashtra University, Jalgaon","Kavayitri Bahinabai Chaudhari North Maharashtra University, Jalgaon",0538199510,Artificial Intelligence And Data Science,GOBCO,157517,39.2328654,Stage I,2025-26,1,173
05381,"Shri. Jaykumar Rawal Institute Of Technology, Dondaicha.",Dhule,Un-Aided,Non-Autonomous,"Kavayitri Bahinabai Chaudhari North Maharashtra University, Jalgaon","Kavayitri Bahinabai Chaudhari North Maharashtra University, Jalgaon",0538199510,Artificial Intelligence And Data Science,LOBCO,172378,28.8537986,Stage I,2025-26,1,173
05381,"Shri. Jaykumar Rawal Institute Of Technology, Dondaicha.",Dhule,Un-Aided,Non-Autonomous,"Kavayitri Bahinabai Chaudhari North Maharashtra University, Jalgaon","Kavayitri Bahinabai Chaudhari North Maharashtra University, Jalgaon",0538199510,Artificial Intelligence And Data Science,TFWS,145688,45.9245973,Stage I,2025-26,1,173
05381,"Shri. Jaykumar Rawal Institute Of Technology, Dondaicha.",Dhule,Un-Aided,Non-Autonomous,"Kavayitri Bahinabai Chaudhari North Maharashtra University, Jalgaon","Kavayitri Bahinabai Chaudhari North Maharashtra University, Jalgaon",0538199510,Artificial Intelligence And Data Science,EWS,168608,32.0008834,Stage I,2025-26,1,173
05414,"Nikam Institute Of Technology(Polytechnic),Dhule",Dhule,Un-Aided,Non-Autonomous,"Kavayitri Bahinabai Chaudhari North Maharashtra University, Jalgaon","Kavayitri Bahinabai Chaudhari North Maharashtra University, Jalgaon",0541424510,Computer Engineering,GOPENH,169404,31.9226076,Stage I,2025-26,1,219
05414,"Nikam Institute Of Technology(Polytechnic),Dhule",Dhule,Un-Aided,Non-Autonomous,"Kavayitri Bahinabai Chaudhari North Maharashtra University, Jalgaon","Kavayitri Bahinabai Chaudhari North Maharashtra University, Jalgaon",0541424510,Computer Engineering,GSCH,192193,12.5776664,Stage I,2025-26,1,219
05414,"Nikam Institute Of Technology(Polytechnic),Dhule",Dhule,Un-Aided,Non-Autonomous,"Kavayitri Bahinabai Chaudhari North Maharashtra University, Jalgaon","Kavayitri Bahinabai Chaudhari North Maharashtra University, Jalgaon",0541424510,Computer Engineering,GVJH,186278,18.1456181,Stage I,2025-26,1,219
05414,"Nikam Institute Of Technology(Polytechnic),Dhule",Dhule,Un-Aided,Non-Autonomous,"Kavayitri Bahinabai Chaudhari North Maharashtra University, Jalgaon","Kavayitri Bahinabai Chaudhari North Maharashtra University, Jalgaon",0541424510,Computer Engineering,GNT1H,195765,9.3356129,Stage I,2025-26,1,219
05414,"Nikam Institute Of Technology(Polytechnic),Dhule",Dhule,Un-Aided,Non-Autonomous,"Kavayitri Bahinabai Chaudhari North Maharashtra University, Jalgaon","Kavayitri Bahinabai Chaudhari North Maharashtra University, Jalgaon",0541424510,Computer Engineering,GNT2H,200084,4.5709952,Stage I,2025-26,1,219
05414,"Nikam Institute Of Technology(Polytechnic),Dhule",Dhule,Un-Aided,Non-Autonomous,"Kavayitri Bahinabai Chaudhari North Maharashtra University, Jalgaon","Kavayitri Bahinabai Chaudhari North Maharashtra University, Jalgaon",0541424510,Computer Engineering,GOBCH,178549,24.6987745,Stage I,2025-26,1,219
05414,"Nikam Institute Of Technology(Polytechnic),Dhule",Dhule,Un-Aided,Non-Autonomous,"Kavayitri Bahinabai Chaudhari North Maharashtra University, Jalgaon","Kavayitri Bahinabai Chaudhari North Maharashtra University, Jalgaon",0541424510,Computer Engineering,LOPENH,147289,44.5303298,Stage I,2025-26,1,219
05414,"Nikam Institute Of Technology(Polytechnic),Dhule",Dhule,Un-Aided,Non-Autonomous,"Kavayitri Bahinabai Chaudhari North Maharashtra University, Jalgaon","Kavayitri Bahinabai Chaudhari North Maharashtra University, Jalgaon",0541424510,Computer Engineering,LSCH,202196,2.1569494,Stage I,2025-26,1,219
05414,"Nikam Institute Of Technology(Polytechnic),Dhule",Dhule,Un-Aided,Non-Autonomous,"Kavayitri Bahinabai Chaudhari North Maharashtra University, Jalgaon","Kavayitri Bahinabai Chaudhari North Maharashtra University, Jalgaon",0541424510,Computer Engineering,LNT1H,170186,29.8059527,Stage I,2025-26,1,219
05414,"Nikam Institute Of Technology(Polytechnic),Dhule",Dhule,Un-Aided,Non-Autonomous,"Kavayitri Bahinabai Chaudhari North Maharashtra University, Jalgaon","Kavayitri Bahinabai Chaudhari North Maharashtra University, Jalgaon",0541424510,Computer Engineering,LOBCH,160185,36.226012,Stage I,2025-26,1,219
05414,"Nikam Institute Of Technology(Polytechnic),Dhule",Dhule,Un-Aided,Non-Autonomous,"Kavayitri Bahinabai Chaudhari North Maharashtra University, Jalgaon","Kavayitri Bahinabai Chaudhari North Maharashtra University, Jalgaon",0541424510,Computer Engineering,LSEBCH,158226,38.7925588,Stage I,2025-26,1,219
05414,"Nikam Institute Of Technology(Polytechnic),Dhule",Dhule,Un-Aided,Non-Autonomous,"Kavayitri Bahinabai Chaudhari North Maharashtra University, Jalgaon","Kavayitri Bahinabai Chaudhari North Maharashtra University, Jalgaon",0541424510,Computer Engineering,GOPENO,185202,18.9335664,Stage I,2025-26,1,219
05414,"Nikam Institute Of Technology(Polytechnic),Dhule",Dhule,Un-Aided,Non-Autonomous,"Kavayitri Bahinabai Chaudhari North Maharashtra University, Jalgaon","Kavayitri Bahinabai Chaudhari North Maharashtra University, Jalgaon",0541424510,Computer Engineering,LOPENO,93893,69.8498837,Stage I,2025-26,1,219
05414,"Nikam Institute Of Technology(Polytechnic),Dhule",Dhule,Un-Aided,Non-Autonomous,"Kavayitri Bahinabai Chaudhari North Maharashtra University, Jalgaon","Kavayitri Bahinabai Chaudhari North Maharashtra University, Jalgaon",0541424510,Computer Engineering,GOPENO,161253,36.1161649,Stage I,2025-26,1,219
05414,"Nikam Institute Of Technology(Polytechnic),Dhule",Dhule,Un-Aided,Non-Autonomous,"Kavayitri Bahinabai Chaudhari North Maharashtra University, Jalgaon","Kavayitri Bahinabai Chaudhari North Maharashtra University, Jalgaon",0541424510,Computer Engineering,GNT3O,195175,9.8110718,Stage I,2025-26,1,219
05414,"Nikam Institute Of Technology(Polytechnic),Dhule",Dhule,Un-Aided,Non-Autonomous,"Kavayitri Bahinabai Chaudhari North Maharashtra University, Jalgaon","Kavayitri Bahinabai Chaudhari North Maharashtra University, Jalgaon",0541424510,Computer Engineering,GOBCO,175545,25.968356,Stage I,2025-26,1,219
05414,"Nikam Institute Of Technology(Polytechnic),Dhule",Dhule,Un-Aided,Non-Autonomous,"Kavayitri Bahinabai Chaudhari North Maharashtra University, Jalgaon","Kavayitri Bahinabai Chaudhari North Maharashtra University, Jalgaon",0541424510,Computer Engineering,LOPENO,149453,43.5338318,Stage I,2025-26,1,219
05414,"Nikam Institute Of Technology(Polytechnic),Dhule",Dhule,Un-Aided,Non-Autonomous,"Kavayitri Bahinabai Chaudhari North Maharashtra University, Jalgaon","Kavayitri Bahinabai Chaudhari North Maharashtra University, Jalgaon",0541424510,Computer Engineering,LOBCO,154965,39.902473,Stage I,2025-26,1,219
05414,"Nikam Institute Of Technology(Polytechnic),Dhule",Dhule,Un-Aided,Non-Autonomous,"Kavayitri Bahinabai Chaudhari North Maharashtra University, Jalgaon","Kavayitri Bahinabai Chaudhari North Maharashtra University, Jalgaon",0541424510,Computer Engineering,TFWS,154858,40.0432529,Stage I,2025-26,1,219
05414,"Nikam Institute Of Technology(Polytechnic),Dhule",Dhule,Un-Aided,Non-Autonomous,"Kavayitri Bahinabai Chaudhari North Maharashtra University, Jalgaon","Kavayitri Bahinabai Chaudhari North Maharashtra University, Jalgaon",0541424510,Computer Engineering,EWS,203184,0.8543447,Stage I,2025-26,1,219
05414,"Nikam Institute Of Technology(Polytechnic),Dhule",Dhule,Un-Aided,Non-Autonomous,"Kavayitri Bahinabai Chaudhari North Maharashtra University, Jalgaon","Kavayitri Bahinabai Chaudhari North Maharashtra University, Jalgaon",0541426310,Artificial Intelligence (Ai) And Data Science,GOPENH,147385,44.5303298,Stage I,2025-26,1,220
05414,"Nikam Institute Of Technology(Polytechnic),Dhule",Dhule,Un-Aided,Non-Autonomous,"Kavayitri Bahinabai Chaudhari North Maharashtra University, Jalgaon","Kavayitri Bahinabai Chaudhari North Maharashtra University, Jalgaon",0541426310,Artificial Intelligence (Ai) And Data Science,GSCH,195673,9.4338928,Stage I,2025-26,1,220
05414,"Nikam Institute Of Technology(Polytechnic),Dhule",Dhule,Un-Aided,Non-Autonomous,"Kavayitri Bahinabai Chaudhari North Maharashtra University, Jalgaon","Kavayitri Bahinabai Chaudhari North Maharashtra University, Jalgaon",0541426310,Artificial Intelligence (Ai) And Data Science,GSTH,202234,2.1303733,Stage I,2025-26,1,220
05414,"Nikam Institute Of Technology(Polytechnic),Dhule",Dhule,Un-Aided,Non-Autonomous,"Kavayitri Bahinabai Chaudhari North Maharashtra University, Jalgaon","Kavayitri Bahinabai Chaudhari North Maharashtra University, Jalgaon",0541426310,Artificial Intelligence (Ai) And Data Science,GNT2H,175090,25.9873754,Stage I,2025-26,1,220
05414,"Nikam Institute Of Technology(Polytechnic),Dhule",Dhule,Un-Aided,Non-Autonomous,"Kavayitri Bahinabai Chaudhari North Maharashtra University, Jalgaon","Kavayitri Bahinabai Chaudhari North Maharashtra University, Jalgaon",0541426310,Artificial Intelligence (Ai) And Data Science,GOBCH,161193,36.1161649,Stage I,2025-26,1,220
05414,"Nikam Institute Of Technology(Polytechnic),Dhule",Dhule,Un-Aided,Non-Autonomous,"Kavayitri Bahinabai Chaudhari North Maharashtra University, Jalgaon","Kavayitri Bahinabai Chaudhari North Maharashtra University, Jalgaon",0541426310,Artificial Intelligence (Ai) And Data Science,LOPENH,140884,48.5587427,Stage I,2025-26,1,220
05414,"Nikam Institute Of Technology(Polytechnic),Dhule",Dhule,Un-Aided,Non-Autonomous,"Kavayitri Bahinabai Chaudhari North Maharashtra University, Jalgaon","Kavayitri Bahinabai Chaudhari North Maharashtra University, Jalgaon",0541426310,Artificial Intelligence (Ai) And Data Science,LVJH,190805,13.9509479,Stage I,2025-26,1,220
05414,"Nikam Institute Of Technology(Polytechnic),Dhule",Dhule,Un-Aided,Non-Autonomous,"Kavayitri Bahinabai Chaudhari North Maharashtra University, Jalgaon","Kavayitri Bahinabai Chaudhari North Maharashtra University, Jalgaon",0541426310,Artificial Intelligence (Ai) And Data Science,LOBCH,152426,42.2674623,Stage I,2025-26,1,220
05414,"Nikam Institute Of Technology(Polytechnic),Dhule",Dhule,Un-Aided,Non-Autonomous,"Kavayitri Bahinabai Chaudhari North Maharashtra University, Jalgaon","Kavayitri Bahinabai Chaudhari North Maharashtra University, Jalgaon",0541426310,Artificial Intelligence (Ai) And Data Science,GOPENO,188283,16.1743072,Stage I,2025-26,1,220
05414,"Nikam Institute Of Technology(Polytechnic),Dhule",Dhule,Un-Aided,Non-Autonomous,"Kavayitri Bahinabai Chaudhari North Maharashtra University, Jalgaon","Kavayitri Bahinabai Chaudhari North Maharashtra University, Jalgaon",0541426310,Artificial Intelligence (Ai) And Data Science,LOPENO,140493,49.1540892,Stage I,2025-26,1,220
05414,"Nikam Institute Of Technology(Polytechnic),Dhule",Dhule,Un-Aided,Non-Autonomous,"Kavayitri Bahinabai Chaudhari North Maharashtra University, Jalgaon","Kavayitri Bahinabai Chaudhari North Maharashtra University, Jalgaon",0541426310,Artificial Intelligence (Ai) And Data Science,LOBCO,176814,25.4595013,Stage I,2025-26,1,220
05414,"Nikam Institute Of Technology(Polytechnic),Dhule",Dhule,Un-Aided,Non-Autonomous,"Kavayitri Bahinabai Chaudhari North Maharashtra University, Jalgaon","Kavayitri Bahinabai Chaudhari North Maharashtra University, Jalgaon",0541426310,Artificial Intelligence (Ai) And Data Science,GVJO,200248,4.5,Stage I,2025-26,1,220
05414,"Nikam Institute Of Technology(Polytechnic),Dhule",Dhule,Un-Aided,Non-Autonomous,"Kavayitri Bahinabai Chaudhari North Maharashtra University, Jalgaon","Kavayitri Bahinabai Chaudhari North Maharashtra University, Jalgaon",0541426310,Artificial Intelligence (Ai) And Data Science,GNT1O,162159,35.9295868,Stage I,2025-26,1,220
05414,"Nikam Institute Of Technology(Polytechnic),Dhule",Dhule,Un-Aided,Non-Autonomous,"Kavayitri Bahinabai Chaudhari North Maharashtra University, Jalgaon","Kavayitri Bahinabai Chaudhari North Maharashtra University, Jalgaon",0541426310,Artificial Intelligence (Ai) And Data Science,GOBCO,165690,32.6791073,Stage I,2025-26,1,220
05414,"Nikam Institute Of Technology(Polytechnic),Dhule",Dhule,Un-Aided,Non-Autonomous,"Kavayitri Bahinabai Chaudhari North Maharashtra University, Jalgaon","Kavayitri Bahinabai Chaudhari North Maharashtra University, Jalgaon",0541426310,Artificial Intelligence (Ai) And Data Science,TFWS,156414,39.5742169,Stage I,2025-26,1,220
05414,"Nikam Institute Of Technology(Polytechnic),Dhule",Dhule,Un-Aided,Non-Autonomous,"Kavayitri Bahinabai Chaudhari North Maharashtra University, Jalgaon","Kavayitri Bahinabai Chaudhari North Maharashtra University, Jalgaon",0541426310,Artificial Intelligence (Ai) And Data Science,EWS,162170,35.9295868,Stage I,2025-26,1,220
05414,"Nikam Institute Of Technology(Polytechnic),Dhule",Dhule,Un-Aided,Non-Autonomous,"Kavayitri Bahinabai Chaudhari North Maharashtra University, Jalgaon","Kavayitri Bahinabai Chaudhari North Maharashtra University, Jalgaon",0541429310,Electrical Engineering,GOPENH,200114,4.5709952,Stage I,2025-26,1,221
05414,"Nikam Institute Of Technology(Polytechnic),Dhule",Dhule,Un-Aided,Non-Autonomous,"Kavayitri Bahinabai Chaudhari North Maharashtra University, Jalgaon","Kavayitri Bahinabai Chaudhari North Maharashtra University, Jalgaon",0541429310,Electrical Engineering,LOPENH,192043,12.9554081,Stage I,2025-26,1,221
05414,"Nikam Institute Of Technology(Polytechnic),Dhule",Dhule,Un-Aided,Non-Autonomous,"Kavayitri Bahinabai Chaudhari North Maharashtra University, Jalgaon","Kavayitri Bahinabai Chaudhari North Maharashtra University, Jalgaon",0541429310,Electrical Engineering,TFWS,186973,17.2365618,Stage I,2025-26,1,221
05414,"Nikam Institute Of Technology(Polytechnic),Dhule",Dhule,Un-Aided,Non-Autonomous,"Kavayitri Bahinabai Chaudhari North Maharashtra University, Jalgaon","Kavayitri Bahinabai Chaudhari North Maharashtra University, Jalgaon",0541461210,Mechanical Engineering,GOPENH,201720,2.7906814,Stage I,2025-26,1,221
05414,"Nikam Institute Of Technology(Polytechnic),Dhule",Dhule,Un-Aided,Non-Autonomous,"Kavayitri Bahinabai Chaudhari North Maharashtra University, Jalgaon","Kavayitri Bahinabai Chaudhari North Maharashtra University, Jalgaon",0541461210,Mechanical Engineering,LOPENH,200189,4.5300548,Stage I,2025-26,1,221
05414,"Nikam Institute Of Technology(Polytechnic),Dhule",Dhule,Un-Aided,Non-Autonomous,"Kavayitri Bahinabai Chaudhari North Maharashtra University, Jalgaon","Kavayitri Bahinabai Chaudhari North Maharashtra University, Jalgaon",0541461210,Mechanical Engineering,GOPENO,203347,0.5778857,Stage I,2025-26,1,221
05414,"Nikam Institute Of Technology(Polytechnic),Dhule",Dhule,Un-Aided,Non-Autonomous,"Kavayitri Bahinabai Chaudhari North Maharashtra University, Jalgaon","Kavayitri Bahinabai Chaudhari North Maharashtra University, Jalgaon",0541461210,Mechanical Engineering,TFWS,121292,58.2180677,Stage I,2025-26,1,221
