College Code,College Name,City,Institute Type,Status,University,Home University,Branch Code,Branch Name,Seat Category,Closing Rank,Closing Percentile,Stage,Academic Year,CAP Round,PDF Page Number
05108,"Maratha Vidya Prasarak Samaj'S Karmaveer Adv. Baburao Ganpatrao Thakare College Of Engineering, Nashik",Nashik,Un-Aided,Autonomous,Autonomous Institute,Autonomous Institute,0510819110,Civil Engineering,GOPENS,88041,71.8498844,Stage I,2025-26,1,777
05108,"Maratha Vidya Prasarak Samaj'S Karmaveer Adv. Baburao Ganpatrao Thakare College Of Engineering, Nashik",Nashik,Un-Aided,Autonomous,Autonomous Institute,Autonomous Institute,0510819110,Civil Engineering,GSCS,165543,33.0802795,Stage I,2025-26,1,777
05108,"Maratha Vidya Prasarak Samaj'S Karmaveer Adv. Baburao Ganpatrao Thakare College Of Engineering, Nashik",Nashik,Un-Aided,Autonomous,Autonomous Institute,Autonomous Institute,0510819110,Civil Engineering,GSTS,141108,47.8905633,Stage I,2025-26,1,777
05108,"Maratha Vidya Prasarak Samaj'S Karmaveer Adv. Baburao Ganpatrao Thakare College Of Engineering, Nashik",Nashik,Un-Aided,Autonomous,Autonomous Institute,Autonomous Institute,0510819110,Civil Engineering,GVJS,138719,49.6043895,Stage I,2025-26,1,777
05108,"Maratha Vidya Prasarak Samaj'S Karmaveer Adv. Baburao Ganpatrao Thakare College Of Engineering, Nashik",Nashik,Un-Aided,Autonomous,Autonomous Institute,Autonomous Institute,0510819110,Civil Engineering,GNT1S,128912,54.4314351,Stage I,2025-26,1,777
05108,"Maratha Vidya Prasarak Samaj'S Karmaveer Adv. Baburao Ganpatrao Thakare College Of Engineering, Nashik",Nashik,Un-Aided,Autonomous,Autonomous Institute,Autonomous Institute,0510819110,Civil Engineering,GNT2S,142380,47.3563218,Stage I,2025-26,1,777
05108,"Maratha Vidya Prasarak Samaj'S Karmaveer Adv. Baburao Ganpatrao Thakare College Of Engineering, Nashik",Nashik,Un-Aided,Autonomous,Autonomous Institute,Autonomous Institute,0510819110,Civil Engineering,GOBCS,99387,67.8236662,Stage I,2025-26,1,777
05108,"Maratha Vidya Prasarak Samaj'S Karmaveer Adv. Baburao Ganpatrao Thakare College Of Engineering, Nashik",Nashik,Un-Aided,Autonomous,Autonomous Institute,Autonomous Institute,0510819110,Civil Engineering,GSEBCS,146617,45.3566434,Stage I,2025-26,1,777
05108,"Maratha Vidya Prasarak Samaj'S Karmaveer Adv. Baburao Ganpatrao Thakare College Of Engineering, Nashik",Nashik,Un-Aided,Autonomous,Autonomous Institute,Autonomous Institute,0510819110,Civil Engineering,LOPENS,93487,70.2033567,Stage I,2025-26,1,777
05108,"Maratha Vidya Prasarak Samaj'S Karmaveer Adv. Baburao Ganpatrao Thakare College Of Engineering, Nashik",Nashik,Un-Aided,Autonomous,Autonomous Institute,Autonomous Institute,0510819110,Civil Engineering,LSCS,164949,33.465035,Stage I,2025-26,1,777
05108,"Maratha Vidya Prasarak Samaj'S Karmaveer Adv. Baburao Ganpatrao Thakare College Of Engineering, Nashik",Nashik,Un-Aided,Autonomous,Autonomous Institute,Autonomous Institute,0510819110,Civil Engineering,LSTS,163702,35.4407253,Stage I,2025-26,1,777
05108,"Maratha Vidya Prasarak Samaj'S Karmaveer Adv. Baburao Ganpatrao Thakare College Of Engineering, Nashik",Nashik,Un-Aided,Autonomous,Autonomous Institute,Autonomous Institute,0510819110,Civil Engineering,LNT2S,135647,50.9683037,Stage I,2025-26,1,777
05108,"Maratha Vidya Prasarak Samaj'S Karmaveer Adv. Baburao Ganpatrao Thakare College Of Engineering, Nashik",Nashik,Un-Aided,Autonomous,Autonomous Institute,Autonomous Institute,0510819110,Civil Engineering,LNT3S,100250,67.217709,Stage I,2025-26,1,777
05108,"Maratha Vidya Prasarak Samaj'S Karmaveer Adv. Baburao Ganpatrao Thakare College Of Engineering, Nashik",Nashik,Un-Aided,Autonomous,Autonomous Institute,Autonomous Institute,0510819110,Civil Engineering,LOBCS,99113,68.1117918,Stage I,2025-26,1,777
05108,"Maratha Vidya Prasarak Samaj'S Karmaveer Adv. Baburao Ganpatrao Thakare College Of Engineering, Nashik",Nashik,Un-Aided,Autonomous,Autonomous Institute,Autonomous Institute,0510819110,Civil Engineering,LSEBCS,145490,45.9816283,Stage I,2025-26,1,777
05108,"Maratha Vidya Prasarak Samaj'S Karmaveer Adv. Baburao Ganpatrao Thakare College Of Engineering, Nashik",Nashik,Un-Aided,Autonomous,Autonomous Institute,Autonomous Institute,0510819110,Civil Engineering,DEFOPENS,135448,50.9683037,Stage I,2025-26,1,777
05108,"Maratha Vidya Prasarak Samaj'S Karmaveer Adv. Baburao Ganpatrao Thakare College Of Engineering, Nashik",Nashik,Un-Aided,Autonomous,Autonomous Institute,Autonomous Institute,0510819110,Civil Engineering,TFWS,54370,83.7239356,Stage I,2025-26,1,777
05108,"Maratha Vidya Prasarak Samaj'S Karmaveer Adv. Baburao Ganpatrao Thakare College Of Engineering, Nashik",Nashik,Un-Aided,Autonomous,Autonomous Institute,Autonomous Institute,0510819110,Civil Engineering,LVJS,150675,43.031473,Stage II,2025-26,1,777
05108,"Maratha Vidya Prasarak Samaj'S Karmaveer Adv. Baburao Ganpatrao Thakare College Of Engineering, Nashik",Nashik,Un-Aided,Autonomous,Autonomous Institute,Autonomous Institute,0510824510,Computer Engineering,GOPENS,31886,90.6536517,Stage I,2025-26,1,777
05108,"Maratha Vidya Prasarak Samaj'S Karmaveer Adv. Baburao Ganpatrao Thakare College Of Engineering, Nashik",Nashik,Un-Aided,Autonomous,Autonomous Institute,Autonomous Institute,0510824510,Computer Engineering,GSCS,70559,78.4242636,Stage I,2025-26,1,777
05108,"Maratha Vidya Prasarak Samaj'S Karmaveer Adv. Baburao Ganpatrao Thakare College Of Engineering, Nashik",Nashik,Un-Aided,Autonomous,Autonomous Institute,Autonomous Institute,0510824510,Computer Engineering,GSTS,134880,51.57164,Stage I,2025-26,1,777
05108,"Maratha Vidya Prasarak Samaj'S Karmaveer Adv. Baburao Ganpatrao Thakare College Of Engineering, Nashik",Nashik,Un-Aided,Autonomous,Autonomous Institute,Autonomous Institute,0510824510,Computer Engineering,GVJS,67463,79.6033896,Stage I,2025-26,1,777
05108,"Maratha Vidya Prasarak Samaj'S Karmaveer Adv. Baburao Ganpatrao Thakare College Of Engineering, Nashik",Nashik,Un-Aided,Autonomous,Autonomous Institute,Autonomous Institute,0510824510,Computer Engineering,GNT1S,49947,85.1002266,Stage I,2025-26,1,777
05108,"Maratha Vidya Prasarak Samaj'S Karmaveer Adv. Baburao Ganpatrao Thakare College Of Engineering, Nashik",Nashik,Un-Aided,Autonomous,Autonomous Institute,Autonomous Institute,0510824510,Computer Engineering,GNT2S,50437,84.8811189,Stage I,2025-26,1,777
05108,"Maratha Vidya Prasarak Samaj'S Karmaveer Adv. Baburao Ganpatrao Thakare College Of Engineering, Nashik",Nashik,Un-Aided,Autonomous,Autonomous Institute,Autonomous Institute,0510824510,Computer Engineering,GNT3S,34983,89.7089209,Stage I,2025-26,1,777
05108,"Maratha Vidya Prasarak Samaj'S Karmaveer Adv. Baburao Ganpatrao Thakare College Of Engineering, Nashik",Nashik,Un-Aided,Autonomous,Autonomous Institute,Autonomous Institute,0510824510,Computer Engineering,GOBCS,34099,89.9884696,Stage I,2025-26,1,777
05108,"Maratha Vidya Prasarak Samaj'S Karmaveer Adv. Baburao Ganpatrao Thakare College Of Engineering, Nashik",Nashik,Un-Aided,Autonomous,Autonomous Institute,Autonomous Institute,0510824510,Computer Engineering,GSEBCS,45070,86.6718198,Stage I,2025-26,1,777
05108,"Maratha Vidya Prasarak Samaj'S Karmaveer Adv. Baburao Ganpatrao Thakare College Of Engineering, Nashik",Nashik,Un-Aided,Autonomous,Autonomous Institute,Autonomous Institute,0510824510,Computer Engineering,LOPENS,27190,92.0411007,Stage I,2025-26,1,777
05108,"Maratha Vidya Prasarak Samaj'S Karmaveer Adv. Baburao Ganpatrao Thakare College Of Engineering, Nashik",Nashik,Un-Aided,Autonomous,Autonomous Institute,Autonomous Institute,0510824510,Computer Engineering,LSCS,68211,79.3004726,Stage I,2025-26,1,777
05108,"Maratha Vidya Prasarak Samaj'S Karmaveer Adv. Baburao Ganpatrao Thakare College Of Engineering, Nashik",Nashik,Un-Aided,Autonomous,Autonomous Institute,Autonomous Institute,0510824510,Computer Engineering,LSTS,98675,68.1164395,Stage I,2025-26,1,777
05108,"Maratha Vidya Prasarak Samaj'S Karmaveer Adv. Baburao Ganpatrao Thakare College Of Engineering, Nashik",Nashik,Un-Aided,Autonomous,Autonomous Institute,Autonomous Institute,0510824510,Computer Engineering,LVJS,77065,75.8001957,Stage I,2025-26,1,777
05108,"Maratha Vidya Prasarak Samaj'S Karmaveer Adv. Baburao Ganpatrao Thakare College Of Engineering, Nashik",Nashik,Un-Aided,Autonomous,Autonomous Institute,Autonomous Institute,0510824510,Computer Engineering,LNT1S,43262,87.1431548,Stage I,2025-26,1,777
05108,"Maratha Vidya Prasarak Samaj'S Karmaveer Adv. Baburao Ganpatrao Thakare College Of Engineering, Nashik",Nashik,Un-Aided,Autonomous,Autonomous Institute,Autonomous Institute,0510824510,Computer Engineering,LNT2S,27252,92.0400779,Stage I,2025-26,1,777
05108,"Maratha Vidya Prasarak Samaj'S Karmaveer Adv. Baburao Ganpatrao Thakare College Of Engineering, Nashik",Nashik,Un-Aided,Autonomous,Autonomous Institute,Autonomous Institute,0510824510,Computer Engineering,LOBCS,31720,90.6674583,Stage I,2025-26,1,777
05108,"Maratha Vidya Prasarak Samaj'S Karmaveer Adv. Baburao Ganpatrao Thakare College Of Engineering, Nashik",Nashik,Un-Aided,Autonomous,Autonomous Institute,Autonomous Institute,0510824510,Computer Engineering,LSEBCS,42031,87.5666075,Stage I,2025-26,1,777
05108,"Maratha Vidya Prasarak Samaj'S Karmaveer Adv. Baburao Ganpatrao Thakare College Of Engineering, Nashik",Nashik,Un-Aided,Autonomous,Autonomous Institute,Autonomous Institute,0510824510,Computer Engineering,DEFOPENS,59263,82.1319232,Stage I,2025-26,1,777
05108,"Maratha Vidya Prasarak Samaj'S Karmaveer Adv. Baburao Ganpatrao Thakare College Of Engineering, Nashik",Nashik,Un-Aided,Autonomous,Autonomous Institute,Autonomous Institute,0510824510,Computer Engineering,DEFSCS,146466,45.3566434,Stage I,2025-26,1,777
05108,"Maratha Vidya Prasarak Samaj'S Karmaveer Adv. Baburao Ganpatrao Thakare College Of Engineering, Nashik",Nashik,Un-Aided,Autonomous,Autonomous Institute,Autonomous Institute,0510824510,Computer Engineering,DEFOBCS,65330,79.98947,Stage I,2025-26,1,777
05108,"Maratha Vidya Prasarak Samaj'S Karmaveer Adv. Baburao Ganpatrao Thakare College Of Engineering, Nashik",Nashik,Un-Aided,Autonomous,Autonomous Institute,Autonomous Institute,0510824510,Computer Engineering,TFWS,24322,92.9187706,Stage I,2025-26,1,777
05108,"Maratha Vidya Prasarak Samaj'S Karmaveer Adv. Baburao Ganpatrao Thakare College Of Engineering, Nashik",Nashik,Un-Aided,Autonomous,Autonomous Institute,Autonomous Institute,0510824510,Computer Engineering,DEFRNT3S,88918,71.6607627,Stage I,2025-26,1,777
05108,"Maratha Vidya Prasarak Samaj'S Karmaveer Adv. Baburao Ganpatrao Thakare College Of Engineering, Nashik",Nashik,Un-Aided,Autonomous,Autonomous Institute,Autonomous Institute,0510824510,Computer Engineering,EWS,83352,73.6345056,Stage I,2025-26,1,777
05108,"Maratha Vidya Prasarak Samaj'S Karmaveer Adv. Baburao Ganpatrao Thakare College Of Engineering, Nashik",Nashik,Un-Aided,Autonomous,Autonomous Institute,Autonomous Institute,0510824610,Information Technology,GOPENS,42816,87.3181818,Stage I,2025-26,1,777
05108,"Maratha Vidya Prasarak Samaj'S Karmaveer Adv. Baburao Ganpatrao Thakare College Of Engineering, Nashik",Nashik,Un-Aided,Autonomous,Autonomous Institute,Autonomous Institute,0510824610,Information Technology,GSCS,92264,70.507201,Stage I,2025-26,1,777
05108,"Maratha Vidya Prasarak Samaj'S Karmaveer Adv. Baburao Ganpatrao Thakare College Of Engineering, Nashik",Nashik,Un-Aided,Autonomous,Autonomous Institute,Autonomous Institute,0510824610,Information Technology,GSTS,174075,28.2789485,Stage I,2025-26,1,777
05108,"Maratha Vidya Prasarak Samaj'S Karmaveer Adv. Baburao Ganpatrao Thakare College Of Engineering, Nashik",Nashik,Un-Aided,Autonomous,Autonomous Institute,Autonomous Institute,0510824610,Information Technology,GVJS,82614,73.8000589,Stage I,2025-26,1,777
05108,"Maratha Vidya Prasarak Samaj'S Karmaveer Adv. Baburao Ganpatrao Thakare College Of Engineering, Nashik",Nashik,Un-Aided,Autonomous,Autonomous Institute,Autonomous Institute,0510824610,Information Technology,GNT1S,65423,79.98947,Stage I,2025-26,1,777
05108,"Maratha Vidya Prasarak Samaj'S Karmaveer Adv. Baburao Ganpatrao Thakare College Of Engineering, Nashik",Nashik,Un-Aided,Autonomous,Autonomous Institute,Autonomous Institute,0510824610,Information Technology,GNT2S,59952,81.940403,Stage I,2025-26,1,777
05108,"Maratha Vidya Prasarak Samaj'S Karmaveer Adv. Baburao Ganpatrao Thakare College Of Engineering, Nashik",Nashik,Un-Aided,Autonomous,Autonomous Institute,Autonomous Institute,0510824610,Information Technology,GNT3S,46047,86.2351996,Stage I,2025-26,1,777
05108,"Maratha Vidya Prasarak Samaj'S Karmaveer Adv. Baburao Ganpatrao Thakare College Of Engineering, Nashik",Nashik,Un-Aided,Autonomous,Autonomous Institute,Autonomous Institute,0510824610,Information Technology,GOBCS,44751,86.675963,Stage I,2025-26,1,777
05108,"Maratha Vidya Prasarak Samaj'S Karmaveer Adv. Baburao Ganpatrao Thakare College Of Engineering, Nashik",Nashik,Un-Aided,Autonomous,Autonomous Institute,Autonomous Institute,0510824610,Information Technology,GSEBCS,59920,81.940403,Stage I,2025-26,1,777
05108,"Maratha Vidya Prasarak Samaj'S Karmaveer Adv. Baburao Ganpatrao Thakare College Of Engineering, Nashik",Nashik,Un-Aided,Autonomous,Autonomous Institute,Autonomous Institute,0510824610,Information Technology,LOPENS,37740,88.8689717,Stage I,2025-26,1,777
05108,"Maratha Vidya Prasarak Samaj'S Karmaveer Adv. Baburao Ganpatrao Thakare College Of Engineering, Nashik",Nashik,Un-Aided,Autonomous,Autonomous Institute,Autonomous Institute,0510824610,Information Technology,LSCS,85075,73.2612864,Stage I,2025-26,1,777
05108,"Maratha Vidya Prasarak Samaj'S Karmaveer Adv. Baburao Ganpatrao Thakare College Of Engineering, Nashik",Nashik,Un-Aided,Autonomous,Autonomous Institute,Autonomous Institute,0510824610,Information Technology,LSTS,164364,34.896751,Stage I,2025-26,1,777
05108,"Maratha Vidya Prasarak Samaj'S Karmaveer Adv. Baburao Ganpatrao Thakare College Of Engineering, Nashik",Nashik,Un-Aided,Autonomous,Autonomous Institute,Autonomous Institute,0510824610,Information Technology,LVJS,81565,74.5404987,Stage I,2025-26,1,777
05108,"Maratha Vidya Prasarak Samaj'S Karmaveer Adv. Baburao Ganpatrao Thakare College Of Engineering, Nashik",Nashik,Un-Aided,Autonomous,Autonomous Institute,Autonomous Institute,0510824610,Information Technology,LNT1S,64376,80.3575863,Stage I,2025-26,1,777
05108,"Maratha Vidya Prasarak Samaj'S Karmaveer Adv. Baburao Ganpatrao Thakare College Of Engineering, Nashik",Nashik,Un-Aided,Autonomous,Autonomous Institute,Autonomous Institute,0510824610,Information Technology,LNT2S,65400,79.98947,Stage I,2025-26,1,777
05108,"Maratha Vidya Prasarak Samaj'S Karmaveer Adv. Baburao Ganpatrao Thakare College Of Engineering, Nashik",Nashik,Un-Aided,Autonomous,Autonomous Institute,Autonomous Institute,0510824610,Information Technology,LNT3S,44623,86.6827486,Stage I,2025-26,1,777
05108,"Maratha Vidya Prasarak Samaj'S Karmaveer Adv. Baburao Ganpatrao Thakare College Of Engineering, Nashik",Nashik,Un-Aided,Autonomous,Autonomous Institute,Autonomous Institute,0510824610,Information Technology,LOBCS,41143,87.9159305,Stage I,2025-26,1,777
05108,"Maratha Vidya Prasarak Samaj'S Karmaveer Adv. Baburao Ganpatrao Thakare College Of Engineering, Nashik",Nashik,Un-Aided,Autonomous,Autonomous Institute,Autonomous Institute,0510824610,Information Technology,LSEBCS,61239,81.3270637,Stage I,2025-26,1,777
05108,"Maratha Vidya Prasarak Samaj'S Karmaveer Adv. Baburao Ganpatrao Thakare College Of Engineering, Nashik",Nashik,Un-Aided,Autonomous,Autonomous Institute,Autonomous Institute,0510824610,Information Technology,DEFOPENS,80138,75.1716925,Stage I,2025-26,1,777
05108,"Maratha Vidya Prasarak Samaj'S Karmaveer Adv. Baburao Ganpatrao Thakare College Of Engineering, Nashik",Nashik,Un-Aided,Autonomous,Autonomous Institute,Autonomous Institute,0510824610,Information Technology,DEFOBCS,99789,67.8210479,Stage I,2025-26,1,777
05108,"Maratha Vidya Prasarak Samaj'S Karmaveer Adv. Baburao Ganpatrao Thakare College Of Engineering, Nashik",Nashik,Un-Aided,Autonomous,Autonomous Institute,Autonomous Institute,0510824610,Information Technology,TFWS,37169,89.0414266,Stage I,2025-26,1,777
05108,"Maratha Vidya Prasarak Samaj'S Karmaveer Adv. Baburao Ganpatrao Thakare College Of Engineering, Nashik",Nashik,Un-Aided,Autonomous,Autonomous Institute,Autonomous Institute,0510824610,Information Technology,DEFROBCS,90264,71.4755245,Stage I,2025-26,1,777
05108,"Maratha Vidya Prasarak Samaj'S Karmaveer Adv. Baburao Ganpatrao Thakare College Of Engineering, Nashik",Nashik,Un-Aided,Autonomous,Autonomous Institute,Autonomous Institute,0510824610,Information Technology,EWS,163934,35.1590106,Stage I,2025-26,1,777
05108,"Maratha Vidya Prasarak Samaj'S Karmaveer Adv. Baburao Ganpatrao Thakare College Of Engineering, Nashik",Nashik,Un-Aided,Autonomous,Autonomous Institute,Autonomous Institute,0510826310,Artificial Intelligence (Ai) And Data Science,GOPENS,41999,87.5666075,Stage I,2025-26,1,777
05108,"Maratha Vidya Prasarak Samaj'S Karmaveer Adv. Baburao Ganpatrao Thakare College Of Engineering, Nashik",Nashik,Un-Aided,Autonomous,Autonomous Institute,Autonomous Institute,0510826310,Artificial Intelligence (Ai) And Data Science,GSCS,73894,77.1296846,Stage I,2025-26,1,777
05108,"Maratha Vidya Prasarak Samaj'S Karmaveer Adv. Baburao Ganpatrao Thakare College Of Engineering, Nashik",Nashik,Un-Aided,Autonomous,Autonomous Institute,Autonomous Institute,0510826310,Artificial Intelligence (Ai) And Data Science,GSTS,131468,53.2657343,Stage I,2025-26,1,777
05108,"Maratha Vidya Prasarak Samaj'S Karmaveer Adv. Baburao Ganpatrao Thakare College Of Engineering, Nashik",Nashik,Un-Aided,Autonomous,Autonomous Institute,Autonomous Institute,0510826310,Artificial Intelligence (Ai) And Data Science,GVJS,79579,75.210728,Stage I,2025-26,1,777
05108,"Maratha Vidya Prasarak Samaj'S Karmaveer Adv. Baburao Ganpatrao Thakare College Of Engineering, Nashik",Nashik,Un-Aided,Autonomous,Autonomous Institute,Autonomous Institute,0510826310,Artificial Intelligence (Ai) And Data Science,GNT1S,57373,82.777662,Stage I,2025-26,1,777
05108,"Maratha Vidya Prasarak Samaj'S Karmaveer Adv. Baburao Ganpatrao Thakare College Of Engineering, Nashik",Nashik,Un-Aided,Autonomous,Autonomous Institute,Autonomous Institute,0510826310,Artificial Intelligence (Ai) And Data Science,GNT2S,59792,81.940403,Stage I,2025-26,1,777
05108,"Maratha Vidya Prasarak Samaj'S Karmaveer Adv. Baburao Ganpatrao Thakare College Of Engineering, Nashik",Nashik,Un-Aided,Autonomous,Autonomous Institute,Autonomous Institute,0510826310,Artificial Intelligence (Ai) And Data Science,GNT3S,42763,87.3196408,Stage I,2025-26,1,777
05108,"Maratha Vidya Prasarak Samaj'S Karmaveer Adv. Baburao Ganpatrao Thakare College Of Engineering, Nashik",Nashik,Un-Aided,Autonomous,Autonomous Institute,Autonomous Institute,0510826310,Artificial Intelligence (Ai) And Data Science,GOBCS,44844,86.675963,Stage I,2025-26,1,777
05108,"Maratha Vidya Prasarak Samaj'S Karmaveer Adv. Baburao Ganpatrao Thakare College Of Engineering, Nashik",Nashik,Un-Aided,Autonomous,Autonomous Institute,Autonomous Institute,0510826310,Artificial Intelligence (Ai) And Data Science,GSEBCS,59088,82.135869,Stage I,2025-26,1,777
05108,"Maratha Vidya Prasarak Samaj'S Karmaveer Adv. Baburao Ganpatrao Thakare College Of Engineering, Nashik",Nashik,Un-Aided,Autonomous,Autonomous Institute,Autonomous Institute,0510826310,Artificial Intelligence (Ai) And Data Science,LOPENS,40244,88.0840044,Stage I,2025-26,1,777
05108,"Maratha Vidya Prasarak Samaj'S Karmaveer Adv. Baburao Ganpatrao Thakare College Of Engineering, Nashik",Nashik,Un-Aided,Autonomous,Autonomous Institute,Autonomous Institute,0510826310,Artificial Intelligence (Ai) And Data Science,LSCS,80334,75.1716925,Stage I,2025-26,1,777
05108,"Maratha Vidya Prasarak Samaj'S Karmaveer Adv. Baburao Ganpatrao Thakare College Of Engineering, Nashik",Nashik,Un-Aided,Autonomous,Autonomous Institute,Autonomous Institute,0510826310,Artificial Intelligence (Ai) And Data Science,LSTS,97259,68.4887011,Stage I,2025-26,1,777
05108,"Maratha Vidya Prasarak Samaj'S Karmaveer Adv. Baburao Ganpatrao Thakare College Of Engineering, Nashik",Nashik,Un-Aided,Autonomous,Autonomous Institute,Autonomous Institute,0510826310,Artificial Intelligence (Ai) And Data Science,LVJS,87151,72.3760958,Stage I,2025-26,1,777
05108,"Maratha Vidya Prasarak Samaj'S Karmaveer Adv. Baburao Ganpatrao Thakare College Of Engineering, Nashik",Nashik,Un-Aided,Autonomous,Autonomous Institute,Autonomous Institute,0510826310,Artificial Intelligence (Ai) And Data Science,LNT2S,84298,73.5570613,Stage I,2025-26,1,777
05108,"Maratha Vidya Prasarak Samaj'S Karmaveer Adv. Baburao Ganpatrao Thakare College Of Engineering, Nashik",Nashik,Un-Aided,Autonomous,Autonomous Institute,Autonomous Institute,0510826310,Artificial Intelligence (Ai) And Data Science,LNT3S,56261,83.0707711,Stage I,2025-26,1,777
05108,"Maratha Vidya Prasarak Samaj'S Karmaveer Adv. Baburao Ganpatrao Thakare College Of Engineering, Nashik",Nashik,Un-Aided,Autonomous,Autonomous Institute,Autonomous Institute,0510826310,Artificial Intelligence (Ai) And Data Science,LOBCS,43279,87.1431548,Stage I,2025-26,1,777
05108,"Maratha Vidya Prasarak Samaj'S Karmaveer Adv. Baburao Ganpatrao Thakare College Of Engineering, Nashik",Nashik,Un-Aided,Autonomous,Autonomous Institute,Autonomous Institute,0510826310,Artificial Intelligence (Ai) And Data Science,LSEBCS,61124,81.5804905,Stage I,2025-26,1,777
05108,"Maratha Vidya Prasarak Samaj'S Karmaveer Adv. Baburao Ganpatrao Thakare College Of Engineering, Nashik",Nashik,Un-Aided,Autonomous,Autonomous Institute,Autonomous Institute,0510826310,Artificial Intelligence (Ai) And Data Science,DEFOPENS,83440,73.6328536,Stage I,2025-26,1,777
05108,"Maratha Vidya Prasarak Samaj'S Karmaveer Adv. Baburao Ganpatrao Thakare College Of Engineering, Nashik",Nashik,Un-Aided,Autonomous,Autonomous Institute,Autonomous Institute,0510826310,Artificial Intelligence (Ai) And Data Science,DEFOBCS,103615,65.8992965,Stage I,2025-26,1,777
05108,"Maratha Vidya Prasarak Samaj'S Karmaveer Adv. Baburao Ganpatrao Thakare College Of Engineering, Nashik",Nashik,Un-Aided,Autonomous,Autonomous Institute,Autonomous Institute,0510826310,Artificial Intelligence (Ai) And Data Science,TFWS,32055,90.6221224,Stage I,2025-26,1,777
05108,"Maratha Vidya Prasarak Samaj'S Karmaveer Adv. Baburao Ganpatrao Thakare College Of Engineering, Nashik",Nashik,Un-Aided,Autonomous,Autonomous Institute,Autonomous Institute,0510826310,Artificial Intelligence (Ai) And Data Science,EWS,111378,62.8632493,Stage I,2025-26,1,777
05108,"Maratha Vidya Prasarak Samaj'S Karmaveer Adv. Baburao Ganpatrao Thakare College Of Engineering, Nashik",Nashik,Un-Aided,Autonomous,Autonomous Institute,Autonomous Institute,0510829310,Electrical Engineering,GOPENS,75152,76.8973331,Stage I,2025-26,1,778
05108,"Maratha Vidya Prasarak Samaj'S Karmaveer Adv. Baburao Ganpatrao Thakare College Of Engineering, Nashik",Nashik,Un-Aided,Autonomous,Autonomous Institute,Autonomous Institute,0510829310,Electrical Engineering,GSCS,141724,47.8015007,Stage I,2025-26,1,778
05108,"Maratha Vidya Prasarak Samaj'S Karmaveer Adv. Baburao Ganpatrao Thakare College Of Engineering, Nashik",Nashik,Un-Aided,Autonomous,Autonomous Institute,Autonomous Institute,0510829310,Electrical Engineering,GSTS,159170,37.6293706,Stage I,2025-26,1,778
05108,"Maratha Vidya Prasarak Samaj'S Karmaveer Adv. Baburao Ganpatrao Thakare College Of Engineering, Nashik",Nashik,Un-Aided,Autonomous,Autonomous Institute,Autonomous Institute,0510829310,Electrical Engineering,GVJS,157384,39.2328654,Stage I,2025-26,1,778
05108,"Maratha Vidya Prasarak Samaj'S Karmaveer Adv. Baburao Ganpatrao Thakare College Of Engineering, Nashik",Nashik,Un-Aided,Autonomous,Autonomous Institute,Autonomous Institute,0510829310,Electrical Engineering,GNT1S,103094,66.2972028,Stage I,2025-26,1,778
05108,"Maratha Vidya Prasarak Samaj'S Karmaveer Adv. Baburao Ganpatrao Thakare College Of Engineering, Nashik",Nashik,Un-Aided,Autonomous,Autonomous Institute,Autonomous Institute,0510829310,Electrical Engineering,GNT2S,110261,63.2914656,Stage I,2025-26,1,778
05108,"Maratha Vidya Prasarak Samaj'S Karmaveer Adv. Baburao Ganpatrao Thakare College Of Engineering, Nashik",Nashik,Un-Aided,Autonomous,Autonomous Institute,Autonomous Institute,0510829310,Electrical Engineering,GNT3S,91931,70.6189283,Stage I,2025-26,1,778
05108,"Maratha Vidya Prasarak Samaj'S Karmaveer Adv. Baburao Ganpatrao Thakare College Of Engineering, Nashik",Nashik,Un-Aided,Autonomous,Autonomous Institute,Autonomous Institute,0510829310,Electrical Engineering,GOBCS,80703,75.1620214,Stage I,2025-26,1,778
05108,"Maratha Vidya Prasarak Samaj'S Karmaveer Adv. Baburao Ganpatrao Thakare College Of Engineering, Nashik",Nashik,Un-Aided,Autonomous,Autonomous Institute,Autonomous Institute,0510829310,Electrical Engineering,GSEBCS,116395,60.422115,Stage I,2025-26,1,778
05108,"Maratha Vidya Prasarak Samaj'S Karmaveer Adv. Baburao Ganpatrao Thakare College Of Engineering, Nashik",Nashik,Un-Aided,Autonomous,Autonomous Institute,Autonomous Institute,0510829310,Electrical Engineering,LOPENS,68372,79.027972,Stage I,2025-26,1,778
05108,"Maratha Vidya Prasarak Samaj'S Karmaveer Adv. Baburao Ganpatrao Thakare College Of Engineering, Nashik",Nashik,Un-Aided,Autonomous,Autonomous Institute,Autonomous Institute,0510829310,Electrical Engineering,LSCS,140635,48.5587427,Stage I,2025-26,1,778
05108,"Maratha Vidya Prasarak Samaj'S Karmaveer Adv. Baburao Ganpatrao Thakare College Of Engineering, Nashik",Nashik,Un-Aided,Autonomous,Autonomous Institute,Autonomous Institute,0510829310,Electrical Engineering,LNT1S,103052,66.2972028,Stage I,2025-26,1,778
05108,"Maratha Vidya Prasarak Samaj'S Karmaveer Adv. Baburao Ganpatrao Thakare College Of Engineering, Nashik",Nashik,Un-Aided,Autonomous,Autonomous Institute,Autonomous Institute,0510829310,Electrical Engineering,LOBCS,76173,76.67552,Stage I,2025-26,1,778
05108,"Maratha Vidya Prasarak Samaj'S Karmaveer Adv. Baburao Ganpatrao Thakare College Of Engineering, Nashik",Nashik,Un-Aided,Autonomous,Autonomous Institute,Autonomous Institute,0510829310,Electrical Engineering,LSEBCS,109973,63.3986014,Stage I,2025-26,1,778
05108,"Maratha Vidya Prasarak Samaj'S Karmaveer Adv. Baburao Ganpatrao Thakare College Of Engineering, Nashik",Nashik,Un-Aided,Autonomous,Autonomous Institute,Autonomous Institute,0510829310,Electrical Engineering,DEFOPENS,107182,64.3453843,Stage I,2025-26,1,778
05108,"Maratha Vidya Prasarak Samaj'S Karmaveer Adv. Baburao Ganpatrao Thakare College Of Engineering, Nashik",Nashik,Un-Aided,Autonomous,Autonomous Institute,Autonomous Institute,0510829310,Electrical Engineering,TFWS,61489,81.2846613,Stage I,2025-26,1,778
05108,"Maratha Vidya Prasarak Samaj'S Karmaveer Adv. Baburao Ganpatrao Thakare College Of Engineering, Nashik",Nashik,Un-Aided,Autonomous,Autonomous Institute,Autonomous Institute,0510829310,Electrical Engineering,DEFRSEBCS,151020,43.031473,Stage I,2025-26,1,778
05108,"Maratha Vidya Prasarak Samaj'S Karmaveer Adv. Baburao Ganpatrao Thakare College Of Engineering, Nashik",Nashik,Un-Aided,Autonomous,Autonomous Institute,Autonomous Institute,0510829310,Electrical Engineering,EWS,180682,22.3617813,Stage I,2025-26,1,778
05108,"Maratha Vidya Prasarak Samaj'S Karmaveer Adv. Baburao Ganpatrao Thakare College Of Engineering, Nashik",Nashik,Un-Aided,Autonomous,Autonomous Institute,Autonomous Institute,0510829310,Electrical Engineering,LSTS,200019,4.7274462,Stage II,2025-26,1,778
05108,"Maratha Vidya Prasarak Samaj'S Karmaveer Adv. Baburao Ganpatrao Thakare College Of Engineering, Nashik",Nashik,Un-Aided,Autonomous,Autonomous Institute,Autonomous Institute,0510837210,Electronics And Telecommunication Engg,GOPENS,58342,82.3736697,Stage I,2025-26,1,778
05108,"Maratha Vidya Prasarak Samaj'S Karmaveer Adv. Baburao Ganpatrao Thakare College Of Engineering, Nashik",Nashik,Un-Aided,Autonomous,Autonomous Institute,Autonomous Institute,0510837210,Electronics And Telecommunication Engg,GSCS,113164,61.796967,Stage I,2025-26,1,778
05108,"Maratha Vidya Prasarak Samaj'S Karmaveer Adv. Baburao Ganpatrao Thakare College Of Engineering, Nashik",Nashik,Un-Aided,Autonomous,Autonomous Institute,Autonomous Institute,0510837210,Electronics And Telecommunication Engg,GSTS,151412,42.7403863,Stage I,2025-26,1,778
05108,"Maratha Vidya Prasarak Samaj'S Karmaveer Adv. Baburao Ganpatrao Thakare College Of Engineering, Nashik",Nashik,Un-Aided,Autonomous,Autonomous Institute,Autonomous Institute,0510837210,Electronics And Telecommunication Engg,GVJS,102840,66.2972028,Stage I,2025-26,1,778
05108,"Maratha Vidya Prasarak Samaj'S Karmaveer Adv. Baburao Ganpatrao Thakare College Of Engineering, Nashik",Nashik,Un-Aided,Autonomous,Autonomous Institute,Autonomous Institute,0510837210,Electronics And Telecommunication Engg,GNT1S,73203,77.1631566,Stage I,2025-26,1,778
05108,"Maratha Vidya Prasarak Samaj'S Karmaveer Adv. Baburao Ganpatrao Thakare College Of Engineering, Nashik",Nashik,Un-Aided,Autonomous,Autonomous Institute,Autonomous Institute,0510837210,Electronics And Telecommunication Engg,GNT2S,83917,73.6159498,Stage I,2025-26,1,778
05108,"Maratha Vidya Prasarak Samaj'S Karmaveer Adv. Baburao Ganpatrao Thakare College Of Engineering, Nashik",Nashik,Un-Aided,Autonomous,Autonomous Institute,Autonomous Institute,0510837210,Electronics And Telecommunication Engg,GNT3S,66791,79.6986029,Stage I,2025-26,1,778
05108,"Maratha Vidya Prasarak Samaj'S Karmaveer Adv. Baburao Ganpatrao Thakare College Of Engineering, Nashik",Nashik,Un-Aided,Autonomous,Autonomous Institute,Autonomous Institute,0510837210,Electronics And Telecommunication Engg,GOBCS,62231,81.1295102,Stage I,2025-26,1,778
05108,"Maratha Vidya Prasarak Samaj'S Karmaveer Adv. Baburao Ganpatrao Thakare College Of Engineering, Nashik",Nashik,Un-Aided,Autonomous,Autonomous Institute,Autonomous Institute,0510837210,Electronics And Telecommunication Engg,GSEBCS,71739,78.1688442,Stage I,2025-26,1,778
05108,"Maratha Vidya Prasarak Samaj'S Karmaveer Adv. Baburao Ganpatrao Thakare College Of Engineering, Nashik",Nashik,Un-Aided,Autonomous,Autonomous Institute,Autonomous Institute,0510837210,Electronics And Telecommunication Engg,LOPENS,56719,82.8811189,Stage I,2025-26,1,778
05108,"Maratha Vidya Prasarak Samaj'S Karmaveer Adv. Baburao Ganpatrao Thakare College Of Engineering, Nashik",Nashik,Un-Aided,Autonomous,Autonomous Institute,Autonomous Institute,0510837210,Electronics And Telecommunication Engg,LSCS,103716,65.8992965,Stage I,2025-26,1,778
05108,"Maratha Vidya Prasarak Samaj'S Karmaveer Adv. Baburao Ganpatrao Thakare College Of Engineering, Nashik",Nashik,Un-Aided,Autonomous,Autonomous Institute,Autonomous Institute,0510837210,Electronics And Telecommunication Engg,LSTS,150358,43.1964993,Stage I,2025-26,1,778
05108,"Maratha Vidya Prasarak Samaj'S Karmaveer Adv. Baburao Ganpatrao Thakare College Of Engineering, Nashik",Nashik,Un-Aided,Autonomous,Autonomous Institute,Autonomous Institute,0510837210,Electronics And Telecommunication Engg,LVJS,63975,80.602179,Stage I,2025-26,1,778
05108,"Maratha Vidya Prasarak Samaj'S Karmaveer Adv. Baburao Ganpatrao Thakare College Of Engineering, Nashik",Nashik,Un-Aided,Autonomous,Autonomous Institute,Autonomous Institute,0510837210,Electronics And Telecommunication Engg,LNT1S,92283,70.507201,Stage I,2025-26,1,778
05108,"Maratha Vidya Prasarak Samaj'S Karmaveer Adv. Baburao Ganpatrao Thakare College Of Engineering, Nashik",Nashik,Un-Aided,Autonomous,Autonomous Institute,Autonomous Institute,0510837210,Electronics And Telecommunication Engg,LNT2S,89516,71.5562808,Stage I,2025-26,1,778
05108,"Maratha Vidya Prasarak Samaj'S Karmaveer Adv. Baburao Ganpatrao Thakare College Of Engineering, Nashik",Nashik,Un-Aided,Autonomous,Autonomous Institute,Autonomous Institute,0510837210,Electronics And Telecommunication Engg,LOBCS,58631,82.3322294,Stage I,2025-26,1,778
05108,"Maratha Vidya Prasarak Samaj'S Karmaveer Adv. Baburao Ganpatrao Thakare College Of Engineering, Nashik",Nashik,Un-Aided,Autonomous,Autonomous Institute,Autonomous Institute,0510837210,Electronics And Telecommunication Engg,LSEBCS,71062,78.3357644,Stage I,2025-26,1,778
05108,"Maratha Vidya Prasarak Samaj'S Karmaveer Adv. Baburao Ganpatrao Thakare College Of Engineering, Nashik",Nashik,Un-Aided,Autonomous,Autonomous Institute,Autonomous Institute,0510837210,Electronics And Telecommunication Engg,DEFOPENS,94803,69.4561708,Stage I,2025-26,1,778
05108,"Maratha Vidya Prasarak Samaj'S Karmaveer Adv. Baburao Ganpatrao Thakare College Of Engineering, Nashik",Nashik,Un-Aided,Autonomous,Autonomous Institute,Autonomous Institute,0510837210,Electronics And Telecommunication Engg,DEFOBCS,115742,60.634478,Stage I,2025-26,1,778
05108,"Maratha Vidya Prasarak Samaj'S Karmaveer Adv. Baburao Ganpatrao Thakare College Of Engineering, Nashik",Nashik,Un-Aided,Autonomous,Autonomous Institute,Autonomous Institute,0510837210,Electronics And Telecommunication Engg,TFWS,46214,86.2326458,Stage I,2025-26,1,778
05108,"Maratha Vidya Prasarak Samaj'S Karmaveer Adv. Baburao Ganpatrao Thakare College Of Engineering, Nashik",Nashik,Un-Aided,Autonomous,Autonomous Institute,Autonomous Institute,0510837210,Electronics And Telecommunication Engg,EWS,186845,17.6786167,Stage I,2025-26,1,778
05108,"Maratha Vidya Prasarak Samaj'S Karmaveer Adv. Baburao Ganpatrao Thakare College Of Engineering, Nashik",Nashik,Un-Aided,Autonomous,Autonomous Institute,Autonomous Institute,0510846410,Instrumentation And Control Engineering,GOPENS,76320,76.5279741,Stage I,2025-26,1,778
05108,"Maratha Vidya Prasarak Samaj'S Karmaveer Adv. Baburao Ganpatrao Thakare College Of Engineering, Nashik",Nashik,Un-Aided,Autonomous,Autonomous Institute,Autonomous Institute,0510846410,Instrumentation And Control Engineering,GSCS,147996,44.2599775,Stage I,2025-26,1,778
05108,"Maratha Vidya Prasarak Samaj'S Karmaveer Adv. Baburao Ganpatrao Thakare College Of Engineering, Nashik",Nashik,Un-Aided,Autonomous,Autonomous Institute,Autonomous Institute,0510846410,Instrumentation And Control Engineering,GSTS,87679,72.102802,Stage I,2025-26,1,778
05108,"Maratha Vidya Prasarak Samaj'S Karmaveer Adv. Baburao Ganpatrao Thakare College Of Engineering, Nashik",Nashik,Un-Aided,Autonomous,Autonomous Institute,Autonomous Institute,0510846410,Instrumentation And Control Engineering,GVJS,107677,64.2631037,Stage I,2025-26,1,778
05108,"Maratha Vidya Prasarak Samaj'S Karmaveer Adv. Baburao Ganpatrao Thakare College Of Engineering, Nashik",Nashik,Un-Aided,Autonomous,Autonomous Institute,Autonomous Institute,0510846410,Instrumentation And Control Engineering,GNT1S,98210,68.2382408,Stage I,2025-26,1,778
05108,"Maratha Vidya Prasarak Samaj'S Karmaveer Adv. Baburao Ganpatrao Thakare College Of Engineering, Nashik",Nashik,Un-Aided,Autonomous,Autonomous Institute,Autonomous Institute,0510846410,Instrumentation And Control Engineering,GNT2S,172433,28.8537986,Stage I,2025-26,1,778
05108,"Maratha Vidya Prasarak Samaj'S Karmaveer Adv. Baburao Ganpatrao Thakare College Of Engineering, Nashik",Nashik,Un-Aided,Autonomous,Autonomous Institute,Autonomous Institute,0510846410,Instrumentation And Control Engineering,GOBCS,83307,73.6345056,Stage I,2025-26,1,778
05108,"Maratha Vidya Prasarak Samaj'S Karmaveer Adv. Baburao Ganpatrao Thakare College Of Engineering, Nashik",Nashik,Un-Aided,Autonomous,Autonomous Institute,Autonomous Institute,0510846410,Instrumentation And Control Engineering,GSEBCS,121569,57.8195751,Stage I,2025-26,1,778
05108,"Maratha Vidya Prasarak Samaj'S Karmaveer Adv. Baburao Ganpatrao Thakare College Of Engineering, Nashik",Nashik,Un-Aided,Autonomous,Autonomous Institute,Autonomous Institute,0510846410,Instrumentation And Control Engineering,LOPENS,65714,79.9809712,Stage I,2025-26,1,778
05108,"Maratha Vidya Prasarak Samaj'S Karmaveer Adv. Baburao Ganpatrao Thakare College Of Engineering, Nashik",Nashik,Un-Aided,Autonomous,Autonomous Institute,Autonomous Institute,0510846410,Instrumentation And Control Engineering,LSCS,179835,22.8933117,Stage I,2025-26,1,778
05108,"Maratha Vidya Prasarak Samaj'S Karmaveer Adv. Baburao Ganpatrao Thakare College Of Engineering, Nashik",Nashik,Un-Aided,Autonomous,Autonomous Institute,Autonomous Institute,0510846410,Instrumentation And Control Engineering,LNT3S,116850,60.3213757,Stage I,2025-26,1,778
05108,"Maratha Vidya Prasarak Samaj'S Karmaveer Adv. Baburao Ganpatrao Thakare College Of Engineering, Nashik",Nashik,Un-Aided,Autonomous,Autonomous Institute,Autonomous Institute,0510846410,Instrumentation And Control Engineering,LOBCS,76885,76.2716859,Stage I,2025-26,1,778
05108,"Maratha Vidya Prasarak Samaj'S Karmaveer Adv. Baburao Ganpatrao Thakare College Of Engineering, Nashik",Nashik,Un-Aided,Autonomous,Autonomous Institute,Autonomous Institute,0510846410,Instrumentation And Control Engineering,LSEBCS,149447,43.5338318,Stage I,2025-26,1,778
05108,"Maratha Vidya Prasarak Samaj'S Karmaveer Adv. Baburao Ganpatrao Thakare College Of Engineering, Nashik",Nashik,Un-Aided,Autonomous,Autonomous Institute,Autonomous Institute,0510846410,Instrumentation And Control Engineering,TFWS,67002,79.6925092,Stage I,2025-26,1,778
05108,"Maratha Vidya Prasarak Samaj'S Karmaveer Adv. Baburao Ganpatrao Thakare College Of Engineering, Nashik",Nashik,Un-Aided,Autonomous,Autonomous Institute,Autonomous Institute,0510846410,Instrumentation And Control Engineering,EWS,168477,32.0008834,Stage I,2025-26,1,778
05108,"Maratha Vidya Prasarak Samaj'S Karmaveer Adv. Baburao Ganpatrao Thakare College Of Engineering, Nashik",Nashik,Un-Aided,Autonomous,Autonomous Institute,Autonomous Institute,0510861210,Mechanical Engineering,GOPENS,81530,74.5404987,Stage I,2025-26,1,778
05108,"Maratha Vidya Prasarak Samaj'S Karmaveer Adv. Baburao Ganpatrao Thakare College Of Engineering, Nashik",Nashik,Un-Aided,Autonomous,Autonomous Institute,Autonomous Institute,0510861210,Mechanical Engineering,GSCS,136229,50.7016833,Stage I,2025-26,1,778
05108,"Maratha Vidya Prasarak Samaj'S Karmaveer Adv. Baburao Ganpatrao Thakare College Of Engineering, Nashik",Nashik,Un-Aided,Autonomous,Autonomous Institute,Autonomous Institute,0510861210,Mechanical Engineering,GSTS,177645,24.9543245,Stage I,2025-26,1,778
05108,"Maratha Vidya Prasarak Samaj'S Karmaveer Adv. Baburao Ganpatrao Thakare College Of Engineering, Nashik",Nashik,Un-Aided,Autonomous,Autonomous Institute,Autonomous Institute,0510861210,Mechanical Engineering,GVJS,125430,56.2929777,Stage I,2025-26,1,778
05108,"Maratha Vidya Prasarak Samaj'S Karmaveer Adv. Baburao Ganpatrao Thakare College Of Engineering, Nashik",Nashik,Un-Aided,Autonomous,Autonomous Institute,Autonomous Institute,0510861210,Mechanical Engineering,GNT1S,138812,49.4020979,Stage I,2025-26,1,778
05108,"Maratha Vidya Prasarak Samaj'S Karmaveer Adv. Baburao Ganpatrao Thakare College Of Engineering, Nashik",Nashik,Un-Aided,Autonomous,Autonomous Institute,Autonomous Institute,0510861210,Mechanical Engineering,GNT2S,111475,62.8632493,Stage I,2025-26,1,778
05108,"Maratha Vidya Prasarak Samaj'S Karmaveer Adv. Baburao Ganpatrao Thakare College Of Engineering, Nashik",Nashik,Un-Aided,Autonomous,Autonomous Institute,Autonomous Institute,0510861210,Mechanical Engineering,GNT3S,89206,71.5830116,Stage I,2025-26,1,778
05108,"Maratha Vidya Prasarak Samaj'S Karmaveer Adv. Baburao Ganpatrao Thakare College Of Engineering, Nashik",Nashik,Un-Aided,Autonomous,Autonomous Institute,Autonomous Institute,0510861210,Mechanical Engineering,GOBCS,86548,72.7429418,Stage I,2025-26,1,778
05108,"Maratha Vidya Prasarak Samaj'S Karmaveer Adv. Baburao Ganpatrao Thakare College Of Engineering, Nashik",Nashik,Un-Aided,Autonomous,Autonomous Institute,Autonomous Institute,0510861210,Mechanical Engineering,GSEBCS,129772,54.0903901,Stage I,2025-26,1,778
05108,"Maratha Vidya Prasarak Samaj'S Karmaveer Adv. Baburao Ganpatrao Thakare College Of Engineering, Nashik",Nashik,Un-Aided,Autonomous,Autonomous Institute,Autonomous Institute,0510861210,Mechanical Engineering,LOPENS,89247,71.5830116,Stage I,2025-26,1,778
05108,"Maratha Vidya Prasarak Samaj'S Karmaveer Adv. Baburao Ganpatrao Thakare College Of Engineering, Nashik",Nashik,Un-Aided,Autonomous,Autonomous Institute,Autonomous Institute,0510861210,Mechanical Engineering,LSCS,127248,55.2744499,Stage I,2025-26,1,778
05108,"Maratha Vidya Prasarak Samaj'S Karmaveer Adv. Baburao Ganpatrao Thakare College Of Engineering, Nashik",Nashik,Un-Aided,Autonomous,Autonomous Institute,Autonomous Institute,0510861210,Mechanical Engineering,LNT1S,128457,54.5739657,Stage I,2025-26,1,778
05108,"Maratha Vidya Prasarak Samaj'S Karmaveer Adv. Baburao Ganpatrao Thakare College Of Engineering, Nashik",Nashik,Un-Aided,Autonomous,Autonomous Institute,Autonomous Institute,0510861210,Mechanical Engineering,LNT2S,118201,59.3210117,Stage I,2025-26,1,778
05108,"Maratha Vidya Prasarak Samaj'S Karmaveer Adv. Baburao Ganpatrao Thakare College Of Engineering, Nashik",Nashik,Un-Aided,Autonomous,Autonomous Institute,Autonomous Institute,0510861210,Mechanical Engineering,LOBCS,97423,68.4702591,Stage I,2025-26,1,778
05108,"Maratha Vidya Prasarak Samaj'S Karmaveer Adv. Baburao Ganpatrao Thakare College Of Engineering, Nashik",Nashik,Un-Aided,Autonomous,Autonomous Institute,Autonomous Institute,0510861210,Mechanical Engineering,LSEBCS,130016,54.0903901,Stage I,2025-26,1,778
05108,"Maratha Vidya Prasarak Samaj'S Karmaveer Adv. Baburao Ganpatrao Thakare College Of Engineering, Nashik",Nashik,Un-Aided,Autonomous,Autonomous Institute,Autonomous Institute,0510861210,Mechanical Engineering,DEFOPENS,161460,36.0836122,Stage I,2025-26,1,778
05108,"Maratha Vidya Prasarak Samaj'S Karmaveer Adv. Baburao Ganpatrao Thakare College Of Engineering, Nashik",Nashik,Un-Aided,Autonomous,Autonomous Institute,Autonomous Institute,0510861210,Mechanical Engineering,TFWS,64148,80.4732503,Stage I,2025-26,1,778
05108,"Maratha Vidya Prasarak Samaj'S Karmaveer Adv. Baburao Ganpatrao Thakare College Of Engineering, Nashik",Nashik,Un-Aided,Autonomous,Autonomous Institute,Autonomous Institute,0510861210,Mechanical Engineering,EWS,180409,22.4248107,Stage I,2025-26,1,778
05108,"Maratha Vidya Prasarak Samaj'S Karmaveer Adv. Baburao Ganpatrao Thakare College Of Engineering, Nashik",Nashik,Un-Aided,Autonomous,Autonomous Institute,Autonomous Institute,0510861210,Mechanical Engineering,LVJS,155163,39.902473,Stage II,2025-26,1,778
05108,"Maratha Vidya Prasarak Samaj'S Karmaveer Adv. Baburao Ganpatrao Thakare College Of Engineering, Nashik",Nashik,Un-Aided,Autonomous,Autonomous Institute,Autonomous Institute,0510891610,Automation And Robotics,GOPENS,71893,78.1688442,Stage I,2025-26,1,779
05108,"Maratha Vidya Prasarak Samaj'S Karmaveer Adv. Baburao Ganpatrao Thakare College Of Engineering, Nashik",Nashik,Un-Aided,Autonomous,Autonomous Institute,Autonomous Institute,0510891610,Automation And Robotics,GSCS,141879,47.7841578,Stage I,2025-26,1,779
05108,"Maratha Vidya Prasarak Samaj'S Karmaveer Adv. Baburao Ganpatrao Thakare College Of Engineering, Nashik",Nashik,Un-Aided,Autonomous,Autonomous Institute,Autonomous Institute,0510891610,Automation And Robotics,GVJS,157071,39.3344201,Stage I,2025-26,1,779
05108,"Maratha Vidya Prasarak Samaj'S Karmaveer Adv. Baburao Ganpatrao Thakare College Of Engineering, Nashik",Nashik,Un-Aided,Autonomous,Autonomous Institute,Autonomous Institute,0510891610,Automation And Robotics,GNT1S,88384,71.8197195,Stage I,2025-26,1,779
05108,"Maratha Vidya Prasarak Samaj'S Karmaveer Adv. Baburao Ganpatrao Thakare College Of Engineering, Nashik",Nashik,Un-Aided,Autonomous,Autonomous Institute,Autonomous Institute,0510891610,Automation And Robotics,GNT2S,111053,62.918458,Stage I,2025-26,1,779
05108,"Maratha Vidya Prasarak Samaj'S Karmaveer Adv. Baburao Ganpatrao Thakare College Of Engineering, Nashik",Nashik,Un-Aided,Autonomous,Autonomous Institute,Autonomous Institute,0510891610,Automation And Robotics,GNT3S,80498,75.1716925,Stage I,2025-26,1,779
05108,"Maratha Vidya Prasarak Samaj'S Karmaveer Adv. Baburao Ganpatrao Thakare College Of Engineering, Nashik",Nashik,Un-Aided,Autonomous,Autonomous Institute,Autonomous Institute,0510891610,Automation And Robotics,GOBCS,77381,75.6538462,Stage I,2025-26,1,779
05108,"Maratha Vidya Prasarak Samaj'S Karmaveer Adv. Baburao Ganpatrao Thakare College Of Engineering, Nashik",Nashik,Un-Aided,Autonomous,Autonomous Institute,Autonomous Institute,0510891610,Automation And Robotics,GSEBCS,156993,39.3601986,Stage I,2025-26,1,779
05108,"Maratha Vidya Prasarak Samaj'S Karmaveer Adv. Baburao Ganpatrao Thakare College Of Engineering, Nashik",Nashik,Un-Aided,Autonomous,Autonomous Institute,Autonomous Institute,0510891610,Automation And Robotics,LOPENS,55427,83.3397246,Stage I,2025-26,1,779
05108,"Maratha Vidya Prasarak Samaj'S Karmaveer Adv. Baburao Ganpatrao Thakare College Of Engineering, Nashik",Nashik,Un-Aided,Autonomous,Autonomous Institute,Autonomous Institute,0510891610,Automation And Robotics,LSCS,112557,62.1365556,Stage I,2025-26,1,779
05108,"Maratha Vidya Prasarak Samaj'S Karmaveer Adv. Baburao Ganpatrao Thakare College Of Engineering, Nashik",Nashik,Un-Aided,Autonomous,Autonomous Institute,Autonomous Institute,0510891610,Automation And Robotics,LVJS,111120,62.918458,Stage I,2025-26,1,779
05108,"Maratha Vidya Prasarak Samaj'S Karmaveer Adv. Baburao Ganpatrao Thakare College Of Engineering, Nashik",Nashik,Un-Aided,Autonomous,Autonomous Institute,Autonomous Institute,0510891610,Automation And Robotics,LOBCS,73480,77.161886,Stage I,2025-26,1,779
05108,"Maratha Vidya Prasarak Samaj'S Karmaveer Adv. Baburao Ganpatrao Thakare College Of Engineering, Nashik",Nashik,Un-Aided,Autonomous,Autonomous Institute,Autonomous Institute,0510891610,Automation And Robotics,DEFOPENS,123236,57.4017459,Stage I,2025-26,1,779
05108,"Maratha Vidya Prasarak Samaj'S Karmaveer Adv. Baburao Ganpatrao Thakare College Of Engineering, Nashik",Nashik,Un-Aided,Autonomous,Autonomous Institute,Autonomous Institute,0510891610,Automation And Robotics,TFWS,58028,82.3938224,Stage I,2025-26,1,779
05108,"Maratha Vidya Prasarak Samaj'S Karmaveer Adv. Baburao Ganpatrao Thakare College Of Engineering, Nashik",Nashik,Un-Aided,Autonomous,Autonomous Institute,Autonomous Institute,0510891610,Automation And Robotics,DEFROBCS,161241,36.1161649,Stage I,2025-26,1,779
05108,"Maratha Vidya Prasarak Samaj'S Karmaveer Adv. Baburao Ganpatrao Thakare College Of Engineering, Nashik",Nashik,Un-Aided,Autonomous,Autonomous Institute,Autonomous Institute,0510891610,Automation And Robotics,EWS,187510,16.6909773,Stage I,2025-26,1,779
05108,"Maratha Vidya Prasarak Samaj'S Karmaveer Adv. Baburao Ganpatrao Thakare College Of Engineering, Nashik",Nashik,Un-Aided,Autonomous,Autonomous Institute,Autonomous Institute,0510891610,Automation And Robotics,LSEBCS,165064,33.465035,Stage II,2025-26,1,779
05109,"Sandip Foundation, Sandip Institute Of Technology And Research Centre, Mahiravani, Nashik",Nashik,Un-Aided,Autonomous,Autonomous Institute,Autonomous Institute,0510919110,Civil Engineering,GOPENS,113077,61.796967,Stage I,2025-26,1,780
05109,"Sandip Foundation, Sandip Institute Of Technology And Research Centre, Mahiravani, Nashik",Nashik,Un-Aided,Autonomous,Autonomous Institute,Autonomous Institute,0510919110,Civil Engineering,GSCS,158948,38.2479385,Stage I,2025-26,1,780
05109,"Sandip Foundation, Sandip Institute Of Technology And Research Centre, Mahiravani, Nashik",Nashik,Un-Aided,Autonomous,Autonomous Institute,Autonomous Institute,0510919110,Civil Engineering,GSTS,171122,29.2375397,Stage I,2025-26,1,780
05109,"Sandip Foundation, Sandip Institute Of Technology And Research Centre, Mahiravani, Nashik",Nashik,Un-Aided,Autonomous,Autonomous Institute,Autonomous Institute,0510919110,Civil Engineering,GVJS,120054,58.8525307,Stage I,2025-26,1,780
05109,"Sandip Foundation, Sandip Institute Of Technology And Research Centre, Mahiravani, Nashik",Nashik,Un-Aided,Autonomous,Autonomous Institute,Autonomous Institute,0510919110,Civil Engineering,GNT1S,122608,57.5410529,Stage I,2025-26,1,780
05109,"Sandip Foundation, Sandip Institute Of Technology And Research Centre, Mahiravani, Nashik",Nashik,Un-Aided,Autonomous,Autonomous Institute,Autonomous Institute,0510919110,Civil Engineering,GNT2S,135771,50.9683037,Stage I,2025-26,1,780
05109,"Sandip Foundation, Sandip Institute Of Technology And Research Centre, Mahiravani, Nashik",Nashik,Un-Aided,Autonomous,Autonomous Institute,Autonomous Institute,0510919110,Civil Engineering,GOBCS,121083,58.2180677,Stage I,2025-26,1,780
05109,"Sandip Foundation, Sandip Institute Of Technology And Research Centre, Mahiravani, Nashik",Nashik,Un-Aided,Autonomous,Autonomous Institute,Autonomous Institute,0510919110,Civil Engineering,GSEBCS,133237,52.3622324,Stage I,2025-26,1,780
05109,"Sandip Foundation, Sandip Institute Of Technology And Research Centre, Mahiravani, Nashik",Nashik,Un-Aided,Autonomous,Autonomous Institute,Autonomous Institute,0510919110,Civil Engineering,LOPENS,113202,61.796967,Stage I,2025-26,1,780
05109,"Sandip Foundation, Sandip Institute Of Technology And Research Centre, Mahiravani, Nashik",Nashik,Un-Aided,Autonomous,Autonomous Institute,Autonomous Institute,0510919110,Civil Engineering,LSCS,127140,55.2744499,Stage I,2025-26,1,780
05109,"Sandip Foundation, Sandip Institute Of Technology And Research Centre, Mahiravani, Nashik",Nashik,Un-Aided,Autonomous,Autonomous Institute,Autonomous Institute,0510919110,Civil Engineering,LSTS,123325,57.4017459,Stage I,2025-26,1,780
05109,"Sandip Foundation, Sandip Institute Of Technology And Research Centre, Mahiravani, Nashik",Nashik,Un-Aided,Autonomous,Autonomous Institute,Autonomous Institute,0510919110,Civil Engineering,LNT2S,116389,60.422115,Stage I,2025-26,1,780
05109,"Sandip Foundation, Sandip Institute Of Technology And Research Centre, Mahiravani, Nashik",Nashik,Un-Aided,Autonomous,Autonomous Institute,Autonomous Institute,0510919110,Civil Engineering,LNT3S,155403,39.7546871,Stage I,2025-26,1,780
05109,"Sandip Foundation, Sandip Institute Of Technology And Research Centre, Mahiravani, Nashik",Nashik,Un-Aided,Autonomous,Autonomous Institute,Autonomous Institute,0510919110,Civil Engineering,LOBCS,120711,58.4401523,Stage I,2025-26,1,780
05109,"Sandip Foundation, Sandip Institute Of Technology And Research Centre, Mahiravani, Nashik",Nashik,Un-Aided,Autonomous,Autonomous Institute,Autonomous Institute,0510919110,Civil Engineering,LSEBCS,180902,22.1740686,Stage I,2025-26,1,780
05109,"Sandip Foundation, Sandip Institute Of Technology And Research Centre, Mahiravani, Nashik",Nashik,Un-Aided,Autonomous,Autonomous Institute,Autonomous Institute,0510919110,Civil Engineering,TFWS,89031,71.5830116,Stage I,2025-26,1,780
05109,"Sandip Foundation, Sandip Institute Of Technology And Research Centre, Mahiravani, Nashik",Nashik,Un-Aided,Autonomous,Autonomous Institute,Autonomous Institute,0510924510,Computer Engineering,GOPENS,60034,81.8021201,Stage I,2025-26,1,780
05109,"Sandip Foundation, Sandip Institute Of Technology And Research Centre, Mahiravani, Nashik",Nashik,Un-Aided,Autonomous,Autonomous Institute,Autonomous Institute,0510924510,Computer Engineering,GSCS,101267,66.9039004,Stage I,2025-26,1,780
05109,"Sandip Foundation, Sandip Institute Of Technology And Research Centre, Mahiravani, Nashik",Nashik,Un-Aided,Autonomous,Autonomous Institute,Autonomous Institute,0510924510,Computer Engineering,GSTS,154058,40.6822054,Stage I,2025-26,1,780
05109,"Sandip Foundation, Sandip Institute Of Technology And Research Centre, Mahiravani, Nashik",Nashik,Un-Aided,Autonomous,Autonomous Institute,Autonomous Institute,0510924510,Computer Engineering,GVJS,82512,73.8000589,Stage I,2025-26,1,780
05109,"Sandip Foundation, Sandip Institute Of Technology And Research Centre, Mahiravani, Nashik",Nashik,Un-Aided,Autonomous,Autonomous Institute,Autonomous Institute,0510924510,Computer Engineering,GNT1S,81670,74.5404987,Stage I,2025-26,1,780
05109,"Sandip Foundation, Sandip Institute Of Technology And Research Centre, Mahiravani, Nashik",Nashik,Un-Aided,Autonomous,Autonomous Institute,Autonomous Institute,0510924510,Computer Engineering,GNT2S,68785,78.8357161,Stage I,2025-26,1,780
05109,"Sandip Foundation, Sandip Institute Of Technology And Research Centre, Mahiravani, Nashik",Nashik,Un-Aided,Autonomous,Autonomous Institute,Autonomous Institute,0510924510,Computer Engineering,GNT3S,66402,79.7946282,Stage I,2025-26,1,780
05109,"Sandip Foundation, Sandip Institute Of Technology And Research Centre, Mahiravani, Nashik",Nashik,Un-Aided,Autonomous,Autonomous Institute,Autonomous Institute,0510924510,Computer Engineering,GOBCS,65718,79.9072027,Stage I,2025-26,1,780
05109,"Sandip Foundation, Sandip Institute Of Technology And Research Centre, Mahiravani, Nashik",Nashik,Un-Aided,Autonomous,Autonomous Institute,Autonomous Institute,0510924510,Computer Engineering,GSEBCS,69643,78.6137148,Stage I,2025-26,1,780
05109,"Sandip Foundation, Sandip Institute Of Technology And Research Centre, Mahiravani, Nashik",Nashik,Un-Aided,Autonomous,Autonomous Institute,Autonomous Institute,0510924510,Computer Engineering,LOPENS,49727,85.113912,Stage I,2025-26,1,780
05109,"Sandip Foundation, Sandip Institute Of Technology And Research Centre, Mahiravani, Nashik",Nashik,Un-Aided,Autonomous,Autonomous Institute,Autonomous Institute,0510924510,Computer Engineering,LSCS,91854,70.6189283,Stage I,2025-26,1,780
05109,"Sandip Foundation, Sandip Institute Of Technology And Research Centre, Mahiravani, Nashik",Nashik,Un-Aided,Autonomous,Autonomous Institute,Autonomous Institute,0510924510,Computer Engineering,LSTS,164639,33.6209084,Stage I,2025-26,1,780
05109,"Sandip Foundation, Sandip Institute Of Technology And Research Centre, Mahiravani, Nashik",Nashik,Un-Aided,Autonomous,Autonomous Institute,Autonomous Institute,0510924510,Computer Engineering,LVJS,57245,82.8332926,Stage I,2025-26,1,780
05109,"Sandip Foundation, Sandip Institute Of Technology And Research Centre, Mahiravani, Nashik",Nashik,Un-Aided,Autonomous,Autonomous Institute,Autonomous Institute,0510924510,Computer Engineering,LNT1S,80947,74.9785452,Stage I,2025-26,1,780
05109,"Sandip Foundation, Sandip Institute Of Technology And Research Centre, Mahiravani, Nashik",Nashik,Un-Aided,Autonomous,Autonomous Institute,Autonomous Institute,0510924510,Computer Engineering,LNT2S,75198,76.8955509,Stage I,2025-26,1,780
05109,"Sandip Foundation, Sandip Institute Of Technology And Research Centre, Mahiravani, Nashik",Nashik,Un-Aided,Autonomous,Autonomous Institute,Autonomous Institute,0510924510,Computer Engineering,LNT3S,60666,81.6453226,Stage I,2025-26,1,780
05109,"Sandip Foundation, Sandip Institute Of Technology And Research Centre, Mahiravani, Nashik",Nashik,Un-Aided,Autonomous,Autonomous Institute,Autonomous Institute,0510924510,Computer Engineering,LOBCS,60398,81.7705077,Stage I,2025-26,1,780
05109,"Sandip Foundation, Sandip Institute Of Technology And Research Centre, Mahiravani, Nashik",Nashik,Un-Aided,Autonomous,Autonomous Institute,Autonomous Institute,0510924510,Computer Engineering,LSEBCS,63888,80.602179,Stage I,2025-26,1,780
05109,"Sandip Foundation, Sandip Institute Of Technology And Research Centre, Mahiravani, Nashik",Nashik,Un-Aided,Autonomous,Autonomous Institute,Autonomous Institute,0510924510,Computer Engineering,PWDOPENS,169543,31.5596589,Stage I,2025-26,1,780
05109,"Sandip Foundation, Sandip Institute Of Technology And Research Centre, Mahiravani, Nashik",Nashik,Un-Aided,Autonomous,Autonomous Institute,Autonomous Institute,0510924510,Computer Engineering,DEFOPENS,129086,54.4314351,Stage I,2025-26,1,780
05109,"Sandip Foundation, Sandip Institute Of Technology And Research Centre, Mahiravani, Nashik",Nashik,Un-Aided,Autonomous,Autonomous Institute,Autonomous Institute,0510924510,Computer Engineering,DEFOBCS,153268,41.4458186,Stage I,2025-26,1,780
05109,"Sandip Foundation, Sandip Institute Of Technology And Research Centre, Mahiravani, Nashik",Nashik,Un-Aided,Autonomous,Autonomous Institute,Autonomous Institute,0510924510,Computer Engineering,TFWS,49006,85.2260888,Stage I,2025-26,1,780
05109,"Sandip Foundation, Sandip Institute Of Technology And Research Centre, Mahiravani, Nashik",Nashik,Un-Aided,Autonomous,Autonomous Institute,Autonomous Institute,0510924510,Computer Engineering,DEFRNT2S,132391,52.8806012,Stage I,2025-26,1,780
05109,"Sandip Foundation, Sandip Institute Of Technology And Research Centre, Mahiravani, Nashik",Nashik,Un-Aided,Autonomous,Autonomous Institute,Autonomous Institute,0510924510,Computer Engineering,EWS,124462,56.8426573,Stage I,2025-26,1,780
05109,"Sandip Foundation, Sandip Institute Of Technology And Research Centre, Mahiravani, Nashik",Nashik,Un-Aided,Autonomous,Autonomous Institute,Autonomous Institute,0510924610,Information Technology,GOPENS,68607,78.8357161,Stage I,2025-26,1,780
05109,"Sandip Foundation, Sandip Institute Of Technology And Research Centre, Mahiravani, Nashik",Nashik,Un-Aided,Autonomous,Autonomous Institute,Autonomous Institute,0510924610,Information Technology,GSCS,106680,64.713186,Stage I,2025-26,1,780
05109,"Sandip Foundation, Sandip Institute Of Technology And Research Centre, Mahiravani, Nashik",Nashik,Un-Aided,Autonomous,Autonomous Institute,Autonomous Institute,0510924610,Information Technology,GSTS,149922,43.4652257,Stage I,2025-26,1,780
05109,"Sandip Foundation, Sandip Institute Of Technology And Research Centre, Mahiravani, Nashik",Nashik,Un-Aided,Autonomous,Autonomous Institute,Autonomous Institute,0510924610,Information Technology,GVJS,80861,74.9785452,Stage I,2025-26,1,780
05109,"Sandip Foundation, Sandip Institute Of Technology And Research Centre, Mahiravani, Nashik",Nashik,Un-Aided,Autonomous,Autonomous Institute,Autonomous Institute,0510924610,Information Technology,GNT2S,74531,76.9322569,Stage I,2025-26,1,780
05109,"Sandip Foundation, Sandip Institute Of Technology And Research Centre, Mahiravani, Nashik",Nashik,Un-Aided,Autonomous,Autonomous Institute,Autonomous Institute,0510924610,Information Technology,GNT3S,70997,78.3357644,Stage I,2025-26,1,780
05109,"Sandip Foundation, Sandip Institute Of Technology And Research Centre, Mahiravani, Nashik",Nashik,Un-Aided,Autonomous,Autonomous Institute,Autonomous Institute,0510924610,Information Technology,GOBCS,69909,78.5819586,Stage I,2025-26,1,780
05109,"Sandip Foundation, Sandip Institute Of Technology And Research Centre, Mahiravani, Nashik",Nashik,Un-Aided,Autonomous,Autonomous Institute,Autonomous Institute,0510924610,Information Technology,GSEBCS,79028,75.3562654,Stage I,2025-26,1,780
05109,"Sandip Foundation, Sandip Institute Of Technology And Research Centre, Mahiravani, Nashik",Nashik,Un-Aided,Autonomous,Autonomous Institute,Autonomous Institute,0510924610,Information Technology,LOPENS,69724,78.5819586,Stage I,2025-26,1,780
05109,"Sandip Foundation, Sandip Institute Of Technology And Research Centre, Mahiravani, Nashik",Nashik,Un-Aided,Autonomous,Autonomous Institute,Autonomous Institute,0510924610,Information Technology,LSCS,110337,63.2914656,Stage I,2025-26,1,780
05109,"Sandip Foundation, Sandip Institute Of Technology And Research Centre, Mahiravani, Nashik",Nashik,Un-Aided,Autonomous,Autonomous Institute,Autonomous Institute,0510924610,Information Technology,LSTS,129668,54.1537389,Stage I,2025-26,1,780
05109,"Sandip Foundation, Sandip Institute Of Technology And Research Centre, Mahiravani, Nashik",Nashik,Un-Aided,Autonomous,Autonomous Institute,Autonomous Institute,0510924610,Information Technology,LVJS,82685,73.8000589,Stage I,2025-26,1,780
05109,"Sandip Foundation, Sandip Institute Of Technology And Research Centre, Mahiravani, Nashik",Nashik,Un-Aided,Autonomous,Autonomous Institute,Autonomous Institute,0510924610,Information Technology,LNT1S,88079,71.8498844,Stage I,2025-26,1,780
05109,"Sandip Foundation, Sandip Institute Of Technology And Research Centre, Mahiravani, Nashik",Nashik,Un-Aided,Autonomous,Autonomous Institute,Autonomous Institute,0510924610,Information Technology,LOBCS,69769,78.5819586,Stage I,2025-26,1,780
05109,"Sandip Foundation, Sandip Institute Of Technology And Research Centre, Mahiravani, Nashik",Nashik,Un-Aided,Autonomous,Autonomous Institute,Autonomous Institute,0510924610,Information Technology,LSEBCS,77336,75.6538462,Stage I,2025-26,1,780
05109,"Sandip Foundation, Sandip Institute Of Technology And Research Centre, Mahiravani, Nashik",Nashik,Un-Aided,Autonomous,Autonomous Institute,Autonomous Institute,0510924610,Information Technology,DEFOPENS,140844,48.5587427,Stage I,2025-26,1,780
05109,"Sandip Foundation, Sandip Institute Of Technology And Research Centre, Mahiravani, Nashik",Nashik,Un-Aided,Autonomous,Autonomous Institute,Autonomous Institute,0510924610,Information Technology,TFWS,47608,85.8824755,Stage I,2025-26,1,780
05109,"Sandip Foundation, Sandip Institute Of Technology And Research Centre, Mahiravani, Nashik",Nashik,Un-Aided,Autonomous,Autonomous Institute,Autonomous Institute,0510924610,Information Technology,EWS,188672,15.8481365,Stage I,2025-26,1,780
05109,"Sandip Foundation, Sandip Institute Of Technology And Research Centre, Mahiravani, Nashik",Nashik,Un-Aided,Autonomous,Autonomous Institute,Autonomous Institute,0510929310,Electrical Engineering,GOPENS,106420,64.713186,Stage I,2025-26,1,780
05109,"Sandip Foundation, Sandip Institute Of Technology And Research Centre, Mahiravani, Nashik",Nashik,Un-Aided,Autonomous,Autonomous Institute,Autonomous Institute,0510929310,Electrical Engineering,GSCS,146065,45.8266058,Stage I,2025-26,1,780
05109,"Sandip Foundation, Sandip Institute Of Technology And Research Centre, Mahiravani, Nashik",Nashik,Un-Aided,Autonomous,Autonomous Institute,Autonomous Institute,0510929310,Electrical Engineering,GSTS,161775,35.9909439,Stage I,2025-26,1,780
05109,"Sandip Foundation, Sandip Institute Of Technology And Research Centre, Mahiravani, Nashik",Nashik,Un-Aided,Autonomous,Autonomous Institute,Autonomous Institute,0510929310,Electrical Engineering,GVJS,145375,45.9816283,Stage I,2025-26,1,780
05109,"Sandip Foundation, Sandip Institute Of Technology And Research Centre, Mahiravani, Nashik",Nashik,Un-Aided,Autonomous,Autonomous Institute,Autonomous Institute,0510929310,Electrical Engineering,GNT1S,150182,43.4652257,Stage I,2025-26,1,780
05109,"Sandip Foundation, Sandip Institute Of Technology And Research Centre, Mahiravani, Nashik",Nashik,Un-Aided,Autonomous,Autonomous Institute,Autonomous Institute,0510929310,Electrical Engineering,GNT2S,133374,52.3622324,Stage I,2025-26,1,780
05109,"Sandip Foundation, Sandip Institute Of Technology And Research Centre, Mahiravani, Nashik",Nashik,Un-Aided,Autonomous,Autonomous Institute,Autonomous Institute,0510929310,Electrical Engineering,GNT3S,124655,56.6213771,Stage I,2025-26,1,780
05109,"Sandip Foundation, Sandip Institute Of Technology And Research Centre, Mahiravani, Nashik",Nashik,Un-Aided,Autonomous,Autonomous Institute,Autonomous Institute,0510929310,Electrical Engineering,GOBCS,113644,61.6834321,Stage I,2025-26,1,780
05109,"Sandip Foundation, Sandip Institute Of Technology And Research Centre, Mahiravani, Nashik",Nashik,Un-Aided,Autonomous,Autonomous Institute,Autonomous Institute,0510929310,Electrical Engineering,GSEBCS,142888,47.1398578,Stage I,2025-26,1,780
05109,"Sandip Foundation, Sandip Institute Of Technology And Research Centre, Mahiravani, Nashik",Nashik,Un-Aided,Autonomous,Autonomous Institute,Autonomous Institute,0510929310,Electrical Engineering,LOPENS,101518,66.9039004,Stage I,2025-26,1,780
05109,"Sandip Foundation, Sandip Institute Of Technology And Research Centre, Mahiravani, Nashik",Nashik,Un-Aided,Autonomous,Autonomous Institute,Autonomous Institute,0510929310,Electrical Engineering,LSCS,170130,29.8059527,Stage I,2025-26,1,780
05109,"Sandip Foundation, Sandip Institute Of Technology And Research Centre, Mahiravani, Nashik",Nashik,Un-Aided,Autonomous,Autonomous Institute,Autonomous Institute,0510929310,Electrical Engineering,LSTS,130886,53.6771201,Stage I,2025-26,1,780
05109,"Sandip Foundation, Sandip Institute Of Technology And Research Centre, Mahiravani, Nashik",Nashik,Un-Aided,Autonomous,Autonomous Institute,Autonomous Institute,0510929310,Electrical Engineering,LNT2S,129911,54.0903901,Stage I,2025-26,1,780
05109,"Sandip Foundation, Sandip Institute Of Technology And Research Centre, Mahiravani, Nashik",Nashik,Un-Aided,Autonomous,Autonomous Institute,Autonomous Institute,0510929310,Electrical Engineering,LOBCS,109922,63.3986014,Stage I,2025-26,1,780
05109,"Sandip Foundation, Sandip Institute Of Technology And Research Centre, Mahiravani, Nashik",Nashik,Un-Aided,Autonomous,Autonomous Institute,Autonomous Institute,0510929310,Electrical Engineering,LSEBCS,136723,50.5909012,Stage I,2025-26,1,780
05109,"Sandip Foundation, Sandip Institute Of Technology And Research Centre, Mahiravani, Nashik",Nashik,Un-Aided,Autonomous,Autonomous Institute,Autonomous Institute,0510929310,Electrical Engineering,PWDOPENS,60806,81.6328671,Stage I,2025-26,1,780
05109,"Sandip Foundation, Sandip Institute Of Technology And Research Centre, Mahiravani, Nashik",Nashik,Un-Aided,Autonomous,Autonomous Institute,Autonomous Institute,0510929310,Electrical Engineering,TFWS,91614,70.7504568,Stage I,2025-26,1,780
05109,"Sandip Foundation, Sandip Institute Of Technology And Research Centre, Mahiravani, Nashik",Nashik,Un-Aided,Autonomous,Autonomous Institute,Autonomous Institute,0510929310,Electrical Engineering,EWS,187923,16.5215865,Stage I,2025-26,1,780
05109,"Sandip Foundation, Sandip Institute Of Technology And Research Centre, Mahiravani, Nashik",Nashik,Un-Aided,Autonomous,Autonomous Institute,Autonomous Institute,0510937210,Electronics And Telecommunication Engg,GOPENS,86890,72.6730266,Stage I,2025-26,1,781
05109,"Sandip Foundation, Sandip Institute Of Technology And Research Centre, Mahiravani, Nashik",Nashik,Un-Aided,Autonomous,Autonomous Institute,Autonomous Institute,0510937210,Electronics And Telecommunication Engg,GSCS,138072,49.7291102,Stage I,2025-26,1,781
05109,"Sandip Foundation, Sandip Institute Of Technology And Research Centre, Mahiravani, Nashik",Nashik,Un-Aided,Autonomous,Autonomous Institute,Autonomous Institute,0510937210,Electronics And Telecommunication Engg,GSTS,183188,20.3327444,Stage I,2025-26,1,781
05109,"Sandip Foundation, Sandip Institute Of Technology And Research Centre, Mahiravani, Nashik",Nashik,Un-Aided,Autonomous,Autonomous Institute,Autonomous Institute,0510937210,Electronics And Telecommunication Engg,GVJS,116493,60.422115,Stage I,2025-26,1,781
05109,"Sandip Foundation, Sandip Institute Of Technology And Research Centre, Mahiravani, Nashik",Nashik,Un-Aided,Autonomous,Autonomous Institute,Autonomous Institute,0510937210,Electronics And Telecommunication Engg,GNT1S,98211,68.2382408,Stage I,2025-26,1,781
05109,"Sandip Foundation, Sandip Institute Of Technology And Research Centre, Mahiravani, Nashik",Nashik,Un-Aided,Autonomous,Autonomous Institute,Autonomous Institute,0510937210,Electronics And Telecommunication Engg,GNT2S,94265,69.4936445,Stage I,2025-26,1,781
05109,"Sandip Foundation, Sandip Institute Of Technology And Research Centre, Mahiravani, Nashik",Nashik,Un-Aided,Autonomous,Autonomous Institute,Autonomous Institute,0510937210,Electronics And Telecommunication Engg,GNT3S,87759,72.102802,Stage I,2025-26,1,781
05109,"Sandip Foundation, Sandip Institute Of Technology And Research Centre, Mahiravani, Nashik",Nashik,Un-Aided,Autonomous,Autonomous Institute,Autonomous Institute,0510937210,Electronics And Telecommunication Engg,GOBCS,91464,70.7504568,Stage I,2025-26,1,781
05109,"Sandip Foundation, Sandip Institute Of Technology And Research Centre, Mahiravani, Nashik",Nashik,Un-Aided,Autonomous,Autonomous Institute,Autonomous Institute,0510937210,Electronics And Telecommunication Engg,GSEBCS,99026,68.1117918,Stage I,2025-26,1,781
05109,"Sandip Foundation, Sandip Institute Of Technology And Research Centre, Mahiravani, Nashik",Nashik,Un-Aided,Autonomous,Autonomous Institute,Autonomous Institute,0510937210,Electronics And Telecommunication Engg,LOPENS,82274,74.0094972,Stage I,2025-26,1,781
05109,"Sandip Foundation, Sandip Institute Of Technology And Research Centre, Mahiravani, Nashik",Nashik,Un-Aided,Autonomous,Autonomous Institute,Autonomous Institute,0510937210,Electronics And Telecommunication Engg,LSCS,134884,51.57164,Stage I,2025-26,1,781
05109,"Sandip Foundation, Sandip Institute Of Technology And Research Centre, Mahiravani, Nashik",Nashik,Un-Aided,Autonomous,Autonomous Institute,Autonomous Institute,0510937210,Electronics And Telecommunication Engg,LVJS,153406,41.4020979,Stage I,2025-26,1,781
05109,"Sandip Foundation, Sandip Institute Of Technology And Research Centre, Mahiravani, Nashik",Nashik,Un-Aided,Autonomous,Autonomous Institute,Autonomous Institute,0510937210,Electronics And Telecommunication Engg,LNT1S,127361,55.2744499,Stage I,2025-26,1,781
05109,"Sandip Foundation, Sandip Institute Of Technology And Research Centre, Mahiravani, Nashik",Nashik,Un-Aided,Autonomous,Autonomous Institute,Autonomous Institute,0510937210,Electronics And Telecommunication Engg,LNT2S,113238,61.796967,Stage I,2025-26,1,781
05109,"Sandip Foundation, Sandip Institute Of Technology And Research Centre, Mahiravani, Nashik",Nashik,Un-Aided,Autonomous,Autonomous Institute,Autonomous Institute,0510937210,Electronics And Telecommunication Engg,LNT3S,85354,73.2612864,Stage I,2025-26,1,781
05109,"Sandip Foundation, Sandip Institute Of Technology And Research Centre, Mahiravani, Nashik",Nashik,Un-Aided,Autonomous,Autonomous Institute,Autonomous Institute,0510937210,Electronics And Telecommunication Engg,LOBCS,89359,71.5830116,Stage I,2025-26,1,781
05109,"Sandip Foundation, Sandip Institute Of Technology And Research Centre, Mahiravani, Nashik",Nashik,Un-Aided,Autonomous,Autonomous Institute,Autonomous Institute,0510937210,Electronics And Telecommunication Engg,LSEBCS,89939,71.4842352,Stage I,2025-26,1,781
05109,"Sandip Foundation, Sandip Institute Of Technology And Research Centre, Mahiravani, Nashik",Nashik,Un-Aided,Autonomous,Autonomous Institute,Autonomous Institute,0510937210,Electronics And Telecommunication Engg,DEFOPENS,195446,9.6906054,Stage I,2025-26,1,781
05109,"Sandip Foundation, Sandip Institute Of Technology And Research Centre, Mahiravani, Nashik",Nashik,Un-Aided,Autonomous,Autonomous Institute,Autonomous Institute,0510937210,Electronics And Telecommunication Engg,TFWS,87422,72.1363369,Stage I,2025-26,1,781
05109,"Sandip Foundation, Sandip Institute Of Technology And Research Centre, Mahiravani, Nashik",Nashik,Un-Aided,Autonomous,Autonomous Institute,Autonomous Institute,0510937210,Electronics And Telecommunication Engg,EWS,202372,2.0263167,Stage I,2025-26,1,781
05109,"Sandip Foundation, Sandip Institute Of Technology And Research Centre, Mahiravani, Nashik",Nashik,Un-Aided,Autonomous,Autonomous Institute,Autonomous Institute,0510956610,Computer Science,GOPENS,55183,83.4378744,Stage I,2025-26,1,781
05109,"Sandip Foundation, Sandip Institute Of Technology And Research Centre, Mahiravani, Nashik",Nashik,Un-Aided,Autonomous,Autonomous Institute,Autonomous Institute,0510956610,Computer Science,GSCS,92664,70.5005064,Stage I,2025-26,1,781
05109,"Sandip Foundation, Sandip Institute Of Technology And Research Centre, Mahiravani, Nashik",Nashik,Un-Aided,Autonomous,Autonomous Institute,Autonomous Institute,0510956610,Computer Science,GSTS,143175,47.13962,Stage I,2025-26,1,781
05109,"Sandip Foundation, Sandip Institute Of Technology And Research Centre, Mahiravani, Nashik",Nashik,Un-Aided,Autonomous,Autonomous Institute,Autonomous Institute,0510956610,Computer Science,GNT1S,65823,79.9072027,Stage I,2025-26,1,781
05109,"Sandip Foundation, Sandip Institute Of Technology And Research Centre, Mahiravani, Nashik",Nashik,Un-Aided,Autonomous,Autonomous Institute,Autonomous Institute,0510956610,Computer Science,GNT3S,65046,80.0,Stage I,2025-26,1,781
05109,"Sandip Foundation, Sandip Institute Of Technology And Research Centre, Mahiravani, Nashik",Nashik,Un-Aided,Autonomous,Autonomous Institute,Autonomous Institute,0510956610,Computer Science,GOBCS,60234,81.7705077,Stage I,2025-26,1,781
05109,"Sandip Foundation, Sandip Institute Of Technology And Research Centre, Mahiravani, Nashik",Nashik,Un-Aided,Autonomous,Autonomous Institute,Autonomous Institute,0510956610,Computer Science,GSEBCS,69213,78.6167398,Stage I,2025-26,1,781
05109,"Sandip Foundation, Sandip Institute Of Technology And Research Centre, Mahiravani, Nashik",Nashik,Un-Aided,Autonomous,Autonomous Institute,Autonomous Institute,0510956610,Computer Science,LOPENS,43010,87.3029561,Stage I,2025-26,1,781
05109,"Sandip Foundation, Sandip Institute Of Technology And Research Centre, Mahiravani, Nashik",Nashik,Un-Aided,Autonomous,Autonomous Institute,Autonomous Institute,0510956610,Computer Science,LSCS,101533,66.9039004,Stage I,2025-26,1,781
05109,"Sandip Foundation, Sandip Institute Of Technology And Research Centre, Mahiravani, Nashik",Nashik,Un-Aided,Autonomous,Autonomous Institute,Autonomous Institute,0510956610,Computer Science,LSTS,143270,47.13962,Stage I,2025-26,1,781
05109,"Sandip Foundation, Sandip Institute Of Technology And Research Centre, Mahiravani, Nashik",Nashik,Un-Aided,Autonomous,Autonomous Institute,Autonomous Institute,0510956610,Computer Science,LVJS,97171,68.4887011,Stage I,2025-26,1,781
05109,"Sandip Foundation, Sandip Institute Of Technology And Research Centre, Mahiravani, Nashik",Nashik,Un-Aided,Autonomous,Autonomous Institute,Autonomous Institute,0510956610,Computer Science,LNT2S,77747,75.652265,Stage I,2025-26,1,781
05109,"Sandip Foundation, Sandip Institute Of Technology And Research Centre, Mahiravani, Nashik",Nashik,Un-Aided,Autonomous,Autonomous Institute,Autonomous Institute,0510956610,Computer Science,LOBCS,52782,84.1131441,Stage I,2025-26,1,781
05109,"Sandip Foundation, Sandip Institute Of Technology And Research Centre, Mahiravani, Nashik",Nashik,Un-Aided,Autonomous,Autonomous Institute,Autonomous Institute,0510956610,Computer Science,LSEBCS,53046,84.0903324,Stage I,2025-26,1,781
05109,"Sandip Foundation, Sandip Institute Of Technology And Research Centre, Mahiravani, Nashik",Nashik,Un-Aided,Autonomous,Autonomous Institute,Autonomous Institute,0510956610,Computer Science,DEFOPENS,123301,57.4017459,Stage I,2025-26,1,781
05109,"Sandip Foundation, Sandip Institute Of Technology And Research Centre, Mahiravani, Nashik",Nashik,Un-Aided,Autonomous,Autonomous Institute,Autonomous Institute,0510956610,Computer Science,TFWS,49165,85.2215842,Stage I,2025-26,1,781
05109,"Sandip Foundation, Sandip Institute Of Technology And Research Centre, Mahiravani, Nashik",Nashik,Un-Aided,Autonomous,Autonomous Institute,Autonomous Institute,0510956610,Computer Science,DEFROBCS,176978,25.4595013,Stage I,2025-26,1,781
05109,"Sandip Foundation, Sandip Institute Of Technology And Research Centre, Mahiravani, Nashik",Nashik,Un-Aided,Autonomous,Autonomous Institute,Autonomous Institute,0510956610,Computer Science,EWS,99601,67.8236662,Stage I,2025-26,1,781
05109,"Sandip Foundation, Sandip Institute Of Technology And Research Centre, Mahiravani, Nashik",Nashik,Un-Aided,Autonomous,Autonomous Institute,Autonomous Institute,0510961210,Mechanical Engineering,GOPENS,105178,65.5190641,Stage I,2025-26,1,781
05109,"Sandip Foundation, Sandip Institute Of Technology And Research Centre, Mahiravani, Nashik",Nashik,Un-Aided,Autonomous,Autonomous Institute,Autonomous Institute,0510961210,Mechanical Engineering,GSCS,162450,35.9295868,Stage I,2025-26,1,781
05109,"Sandip Foundation, Sandip Institute Of Technology And Research Centre, Mahiravani, Nashik",Nashik,Un-Aided,Autonomous,Autonomous Institute,Autonomous Institute,0510961210,Mechanical Engineering,GSTS,190796,13.9509479,Stage I,2025-26,1,781
05109,"Sandip Foundation, Sandip Institute Of Technology And Research Centre, Mahiravani, Nashik",Nashik,Un-Aided,Autonomous,Autonomous Institute,Autonomous Institute,0510961210,Mechanical Engineering,GVJS,170961,29.4125763,Stage I,2025-26,1,781
05109,"Sandip Foundation, Sandip Institute Of Technology And Research Centre, Mahiravani, Nashik",Nashik,Un-Aided,Autonomous,Autonomous Institute,Autonomous Institute,0510961210,Mechanical Engineering,GNT1S,126192,55.6405756,Stage I,2025-26,1,781
05109,"Sandip Foundation, Sandip Institute Of Technology And Research Centre, Mahiravani, Nashik",Nashik,Un-Aided,Autonomous,Autonomous Institute,Autonomous Institute,0510961210,Mechanical Engineering,GNT2S,122587,57.5410529,Stage I,2025-26,1,781
05109,"Sandip Foundation, Sandip Institute Of Technology And Research Centre, Mahiravani, Nashik",Nashik,Un-Aided,Autonomous,Autonomous Institute,Autonomous Institute,0510961210,Mechanical Engineering,GNT3S,120738,58.4401523,Stage I,2025-26,1,781
05109,"Sandip Foundation, Sandip Institute Of Technology And Research Centre, Mahiravani, Nashik",Nashik,Un-Aided,Autonomous,Autonomous Institute,Autonomous Institute,0510961210,Mechanical Engineering,GOBCS,112871,62.0615406,Stage I,2025-26,1,781
05109,"Sandip Foundation, Sandip Institute Of Technology And Research Centre, Mahiravani, Nashik",Nashik,Un-Aided,Autonomous,Autonomous Institute,Autonomous Institute,0510961210,Mechanical Engineering,GSEBCS,128628,54.5739657,Stage I,2025-26,1,781
05109,"Sandip Foundation, Sandip Institute Of Technology And Research Centre, Mahiravani, Nashik",Nashik,Un-Aided,Autonomous,Autonomous Institute,Autonomous Institute,0510961210,Mechanical Engineering,LOPENS,114785,60.9090909,Stage I,2025-26,1,781
05109,"Sandip Foundation, Sandip Institute Of Technology And Research Centre, Mahiravani, Nashik",Nashik,Un-Aided,Autonomous,Autonomous Institute,Autonomous Institute,0510961210,Mechanical Engineering,LSCS,177460,25.0722391,Stage I,2025-26,1,781
05109,"Sandip Foundation, Sandip Institute Of Technology And Research Centre, Mahiravani, Nashik",Nashik,Un-Aided,Autonomous,Autonomous Institute,Autonomous Institute,0510961210,Mechanical Engineering,LNT3S,143191,47.13962,Stage I,2025-26,1,781
05109,"Sandip Foundation, Sandip Institute Of Technology And Research Centre, Mahiravani, Nashik",Nashik,Un-Aided,Autonomous,Autonomous Institute,Autonomous Institute,0510961210,Mechanical Engineering,LOBCS,129885,54.0903901,Stage I,2025-26,1,781
05109,"Sandip Foundation, Sandip Institute Of Technology And Research Centre, Mahiravani, Nashik",Nashik,Un-Aided,Autonomous,Autonomous Institute,Autonomous Institute,0510961210,Mechanical Engineering,LSEBCS,154586,40.0432529,Stage I,2025-26,1,781
05109,"Sandip Foundation, Sandip Institute Of Technology And Research Centre, Mahiravani, Nashik",Nashik,Un-Aided,Autonomous,Autonomous Institute,Autonomous Institute,0510961210,Mechanical Engineering,DEFOPENS,181285,22.035802,Stage I,2025-26,1,781
05109,"Sandip Foundation, Sandip Institute Of Technology And Research Centre, Mahiravani, Nashik",Nashik,Un-Aided,Autonomous,Autonomous Institute,Autonomous Institute,0510961210,Mechanical Engineering,TFWS,93426,70.2033567,Stage I,2025-26,1,781
05109,"Sandip Foundation, Sandip Institute Of Technology And Research Centre, Mahiravani, Nashik",Nashik,Un-Aided,Autonomous,Autonomous Institute,Autonomous Institute,0510961210,Mechanical Engineering,EWS,193040,11.7097752,Stage I,2025-26,1,781
05109,"Sandip Foundation, Sandip Institute Of Technology And Research Centre, Mahiravani, Nashik",Nashik,Un-Aided,Autonomous,Autonomous Institute,Autonomous Institute,0510961210,Mechanical Engineering,LNT1S,143570,47.0502678,Stage II,2025-26,1,781
05109,"Sandip Foundation, Sandip Institute Of Technology And Research Centre, Mahiravani, Nashik",Nashik,Un-Aided,Autonomous,Autonomous Institute,Autonomous Institute,0510991610,Automation And Robotics,GOPENS,98774,68.1164395,Stage I,2025-26,1,781
05109,"Sandip Foundation, Sandip Institute Of Technology And Research Centre, Mahiravani, Nashik",Nashik,Un-Aided,Autonomous,Autonomous Institute,Autonomous Institute,0510991610,Automation And Robotics,GSCS,146906,45.2322221,Stage I,2025-26,1,781
05109,"Sandip Foundation, Sandip Institute Of Technology And Research Centre, Mahiravani, Nashik",Nashik,Un-Aided,Autonomous,Autonomous Institute,Autonomous Institute,0510991610,Automation And Robotics,GVJS,147129,45.2322221,Stage I,2025-26,1,781
05109,"Sandip Foundation, Sandip Institute Of Technology And Research Centre, Mahiravani, Nashik",Nashik,Un-Aided,Autonomous,Autonomous Institute,Autonomous Institute,0510991610,Automation And Robotics,GNT1S,113438,61.6834321,Stage I,2025-26,1,781
05109,"Sandip Foundation, Sandip Institute Of Technology And Research Centre, Mahiravani, Nashik",Nashik,Un-Aided,Autonomous,Autonomous Institute,Autonomous Institute,0510991610,Automation And Robotics,GNT2S,136808,50.5909012,Stage I,2025-26,1,781
05109,"Sandip Foundation, Sandip Institute Of Technology And Research Centre, Mahiravani, Nashik",Nashik,Un-Aided,Autonomous,Autonomous Institute,Autonomous Institute,0510991610,Automation And Robotics,GNT3S,120110,58.8525307,Stage I,2025-26,1,781
05109,"Sandip Foundation, Sandip Institute Of Technology And Research Centre, Mahiravani, Nashik",Nashik,Un-Aided,Autonomous,Autonomous Institute,Autonomous Institute,0510991610,Automation And Robotics,GOBCS,107374,64.3453843,Stage I,2025-26,1,781
05109,"Sandip Foundation, Sandip Institute Of Technology And Research Centre, Mahiravani, Nashik",Nashik,Un-Aided,Autonomous,Autonomous Institute,Autonomous Institute,0510991610,Automation And Robotics,GSEBCS,138340,49.7291102,Stage I,2025-26,1,781
05109,"Sandip Foundation, Sandip Institute Of Technology And Research Centre, Mahiravani, Nashik",Nashik,Un-Aided,Autonomous,Autonomous Institute,Autonomous Institute,0510991610,Automation And Robotics,LOPENS,93668,69.8941051,Stage I,2025-26,1,781
05109,"Sandip Foundation, Sandip Institute Of Technology And Research Centre, Mahiravani, Nashik",Nashik,Un-Aided,Autonomous,Autonomous Institute,Autonomous Institute,0510991610,Automation And Robotics,LSCS,135552,50.9683037,Stage I,2025-26,1,781
05109,"Sandip Foundation, Sandip Institute Of Technology And Research Centre, Mahiravani, Nashik",Nashik,Un-Aided,Autonomous,Autonomous Institute,Autonomous Institute,0510991610,Automation And Robotics,LNT2S,122363,57.6249683,Stage I,2025-26,1,781
05109,"Sandip Foundation, Sandip Institute Of Technology And Research Centre, Mahiravani, Nashik",Nashik,Un-Aided,Autonomous,Autonomous Institute,Autonomous Institute,0510991610,Automation And Robotics,LOBCS,105793,65.3084343,Stage I,2025-26,1,781
05109,"Sandip Foundation, Sandip Institute Of Technology And Research Centre, Mahiravani, Nashik",Nashik,Un-Aided,Autonomous,Autonomous Institute,Autonomous Institute,0510991610,Automation And Robotics,LSEBCS,129039,54.4314351,Stage I,2025-26,1,781
05109,"Sandip Foundation, Sandip Institute Of Technology And Research Centre, Mahiravani, Nashik",Nashik,Un-Aided,Autonomous,Autonomous Institute,Autonomous Institute,0510991610,Automation And Robotics,TFWS,82797,73.7482517,Stage I,2025-26,1,781
05109,"Sandip Foundation, Sandip Institute Of Technology And Research Centre, Mahiravani, Nashik",Nashik,Un-Aided,Autonomous,Autonomous Institute,Autonomous Institute,0510991610,Automation And Robotics,EWS,202557,1.7301157,Stage I,2025-26,1,781
05109,"Sandip Foundation, Sandip Institute Of Technology And Research Centre, Mahiravani, Nashik",Nashik,Un-Aided,Autonomous,Autonomous Institute,Autonomous Institute,0510991610,Automation And Robotics,LVJS,164909,33.465035,Stage II,2025-26,1,781
05109,"Sandip Foundation, Sandip Institute Of Technology And Research Centre, Mahiravani, Nashik",Nashik,Un-Aided,Autonomous,Autonomous Institute,Autonomous Institute,0510992110,Artificial Intelligence And Machine Learning,GOPENS,63220,80.8599071,Stage I,2025-26,1,782
05109,"Sandip Foundation, Sandip Institute Of Technology And Research Centre, Mahiravani, Nashik",Nashik,Un-Aided,Autonomous,Autonomous Institute,Autonomous Institute,0510992110,Artificial Intelligence And Machine Learning,GSCS,88354,71.8197195,Stage I,2025-26,1,782
05109,"Sandip Foundation, Sandip Institute Of Technology And Research Centre, Mahiravani, Nashik",Nashik,Un-Aided,Autonomous,Autonomous Institute,Autonomous Institute,0510992110,Artificial Intelligence And Machine Learning,GSTS,181983,21.6174291,Stage I,2025-26,1,782
05109,"Sandip Foundation, Sandip Institute Of Technology And Research Centre, Mahiravani, Nashik",Nashik,Un-Aided,Autonomous,Autonomous Institute,Autonomous Institute,0510992110,Artificial Intelligence And Machine Learning,GNT1S,77021,75.8001957,Stage I,2025-26,1,782
05109,"Sandip Foundation, Sandip Institute Of Technology And Research Centre, Mahiravani, Nashik",Nashik,Un-Aided,Autonomous,Autonomous Institute,Autonomous Institute,0510992110,Artificial Intelligence And Machine Learning,GOBCS,72814,77.5384615,Stage I,2025-26,1,782
05109,"Sandip Foundation, Sandip Institute Of Technology And Research Centre, Mahiravani, Nashik",Nashik,Un-Aided,Autonomous,Autonomous Institute,Autonomous Institute,0510992110,Artificial Intelligence And Machine Learning,GSEBCS,74363,76.9322569,Stage I,2025-26,1,782
05109,"Sandip Foundation, Sandip Institute Of Technology And Research Centre, Mahiravani, Nashik",Nashik,Un-Aided,Autonomous,Autonomous Institute,Autonomous Institute,0510992110,Artificial Intelligence And Machine Learning,LOPENS,72083,78.010417,Stage I,2025-26,1,782
05109,"Sandip Foundation, Sandip Institute Of Technology And Research Centre, Mahiravani, Nashik",Nashik,Un-Aided,Autonomous,Autonomous Institute,Autonomous Institute,0510992110,Artificial Intelligence And Machine Learning,LSCS,123242,57.4017459,Stage I,2025-26,1,782
05109,"Sandip Foundation, Sandip Institute Of Technology And Research Centre, Mahiravani, Nashik",Nashik,Un-Aided,Autonomous,Autonomous Institute,Autonomous Institute,0510992110,Artificial Intelligence And Machine Learning,LSTS,169912,30.26063,Stage I,2025-26,1,782
05109,"Sandip Foundation, Sandip Institute Of Technology And Research Centre, Mahiravani, Nashik",Nashik,Un-Aided,Autonomous,Autonomous Institute,Autonomous Institute,0510992110,Artificial Intelligence And Machine Learning,LVJS,109020,63.5767823,Stage I,2025-26,1,782
05109,"Sandip Foundation, Sandip Institute Of Technology And Research Centre, Mahiravani, Nashik",Nashik,Un-Aided,Autonomous,Autonomous Institute,Autonomous Institute,0510992110,Artificial Intelligence And Machine Learning,LNT1S,109905,63.3986014,Stage I,2025-26,1,782
05109,"Sandip Foundation, Sandip Institute Of Technology And Research Centre, Mahiravani, Nashik",Nashik,Un-Aided,Autonomous,Autonomous Institute,Autonomous Institute,0510992110,Artificial Intelligence And Machine Learning,LNT2S,101677,66.4263323,Stage I,2025-26,1,782
05109,"Sandip Foundation, Sandip Institute Of Technology And Research Centre, Mahiravani, Nashik",Nashik,Un-Aided,Autonomous,Autonomous Institute,Autonomous Institute,0510992110,Artificial Intelligence And Machine Learning,LNT3S,81403,74.6802716,Stage I,2025-26,1,782
05109,"Sandip Foundation, Sandip Institute Of Technology And Research Centre, Mahiravani, Nashik",Nashik,Un-Aided,Autonomous,Autonomous Institute,Autonomous Institute,0510992110,Artificial Intelligence And Machine Learning,LOBCS,74727,76.9213781,Stage I,2025-26,1,782
05109,"Sandip Foundation, Sandip Institute Of Technology And Research Centre, Mahiravani, Nashik",Nashik,Un-Aided,Autonomous,Autonomous Institute,Autonomous Institute,0510992110,Artificial Intelligence And Machine Learning,LSEBCS,74389,76.9322569,Stage I,2025-26,1,782
05109,"Sandip Foundation, Sandip Institute Of Technology And Research Centre, Mahiravani, Nashik",Nashik,Un-Aided,Autonomous,Autonomous Institute,Autonomous Institute,0510992110,Artificial Intelligence And Machine Learning,DEFOPENS,120609,58.4401523,Stage I,2025-26,1,782
05109,"Sandip Foundation, Sandip Institute Of Technology And Research Centre, Mahiravani, Nashik",Nashik,Un-Aided,Autonomous,Autonomous Institute,Autonomous Institute,0510992110,Artificial Intelligence And Machine Learning,TFWS,50969,84.7618697,Stage I,2025-26,1,782
05109,"Sandip Foundation, Sandip Institute Of Technology And Research Centre, Mahiravani, Nashik",Nashik,Un-Aided,Autonomous,Autonomous Institute,Autonomous Institute,0510992110,Artificial Intelligence And Machine Learning,DEFROBCS,152461,42.2674623,Stage I,2025-26,1,782
05109,"Sandip Foundation, Sandip Institute Of Technology And Research Centre, Mahiravani, Nashik",Nashik,Un-Aided,Autonomous,Autonomous Institute,Autonomous Institute,0510992110,Artificial Intelligence And Machine Learning,EWS,158161,38.7925588,Stage I,2025-26,1,782
05109,"Sandip Foundation, Sandip Institute Of Technology And Research Centre, Mahiravani, Nashik",Nashik,Un-Aided,Autonomous,Autonomous Institute,Autonomous Institute,0510999510,Artificial Intelligence And Data Science,GOPENS,67657,79.4832155,Stage I,2025-26,1,782
05109,"Sandip Foundation, Sandip Institute Of Technology And Research Centre, Mahiravani, Nashik",Nashik,Un-Aided,Autonomous,Autonomous Institute,Autonomous Institute,0510999510,Artificial Intelligence And Data Science,GSCS,110264,63.2914656,Stage I,2025-26,1,782
05109,"Sandip Foundation, Sandip Institute Of Technology And Research Centre, Mahiravani, Nashik",Nashik,Un-Aided,Autonomous,Autonomous Institute,Autonomous Institute,0510999510,Artificial Intelligence And Data Science,GSTS,174684,26.7336064,Stage I,2025-26,1,782
05109,"Sandip Foundation, Sandip Institute Of Technology And Research Centre, Mahiravani, Nashik",Nashik,Un-Aided,Autonomous,Autonomous Institute,Autonomous Institute,0510999510,Artificial Intelligence And Data Science,GVJS,78466,75.4880541,Stage I,2025-26,1,782
05109,"Sandip Foundation, Sandip Institute Of Technology And Research Centre, Mahiravani, Nashik",Nashik,Un-Aided,Autonomous,Autonomous Institute,Autonomous Institute,0510999510,Artificial Intelligence And Data Science,GNT1S,75823,76.7635852,Stage I,2025-26,1,782
05109,"Sandip Foundation, Sandip Institute Of Technology And Research Centre, Mahiravani, Nashik",Nashik,Un-Aided,Autonomous,Autonomous Institute,Autonomous Institute,0510999510,Artificial Intelligence And Data Science,GNT2S,74678,76.9213781,Stage I,2025-26,1,782
05109,"Sandip Foundation, Sandip Institute Of Technology And Research Centre, Mahiravani, Nashik",Nashik,Un-Aided,Autonomous,Autonomous Institute,Autonomous Institute,0510999510,Artificial Intelligence And Data Science,GNT3S,70964,78.3357644,Stage I,2025-26,1,782
05109,"Sandip Foundation, Sandip Institute Of Technology And Research Centre, Mahiravani, Nashik",Nashik,Un-Aided,Autonomous,Autonomous Institute,Autonomous Institute,0510999510,Artificial Intelligence And Data Science,GOBCS,70555,78.4242636,Stage I,2025-26,1,782
05109,"Sandip Foundation, Sandip Institute Of Technology And Research Centre, Mahiravani, Nashik",Nashik,Un-Aided,Autonomous,Autonomous Institute,Autonomous Institute,0510999510,Artificial Intelligence And Data Science,GSEBCS,77802,75.652265,Stage I,2025-26,1,782
05109,"Sandip Foundation, Sandip Institute Of Technology And Research Centre, Mahiravani, Nashik",Nashik,Un-Aided,Autonomous,Autonomous Institute,Autonomous Institute,0510999510,Artificial Intelligence And Data Science,LOPENS,63868,80.602179,Stage I,2025-26,1,782
05109,"Sandip Foundation, Sandip Institute Of Technology And Research Centre, Mahiravani, Nashik",Nashik,Un-Aided,Autonomous,Autonomous Institute,Autonomous Institute,0510999510,Artificial Intelligence And Data Science,LSCS,94248,69.4936445,Stage I,2025-26,1,782
05109,"Sandip Foundation, Sandip Institute Of Technology And Research Centre, Mahiravani, Nashik",Nashik,Un-Aided,Autonomous,Autonomous Institute,Autonomous Institute,0510999510,Artificial Intelligence And Data Science,LSTS,119040,59.1762367,Stage I,2025-26,1,782
05109,"Sandip Foundation, Sandip Institute Of Technology And Research Centre, Mahiravani, Nashik",Nashik,Un-Aided,Autonomous,Autonomous Institute,Autonomous Institute,0510999510,Artificial Intelligence And Data Science,LVJS,96748,68.8687467,Stage I,2025-26,1,782
05109,"Sandip Foundation, Sandip Institute Of Technology And Research Centre, Mahiravani, Nashik",Nashik,Un-Aided,Autonomous,Autonomous Institute,Autonomous Institute,0510999510,Artificial Intelligence And Data Science,LNT1S,84783,73.4354379,Stage I,2025-26,1,782
05109,"Sandip Foundation, Sandip Institute Of Technology And Research Centre, Mahiravani, Nashik",Nashik,Un-Aided,Autonomous,Autonomous Institute,Autonomous Institute,0510999510,Artificial Intelligence And Data Science,LNT2S,98639,68.1164395,Stage I,2025-26,1,782
05109,"Sandip Foundation, Sandip Institute Of Technology And Research Centre, Mahiravani, Nashik",Nashik,Un-Aided,Autonomous,Autonomous Institute,Autonomous Institute,0510999510,Artificial Intelligence And Data Science,LOBCS,69939,78.5819586,Stage I,2025-26,1,782
05109,"Sandip Foundation, Sandip Institute Of Technology And Research Centre, Mahiravani, Nashik",Nashik,Un-Aided,Autonomous,Autonomous Institute,Autonomous Institute,0510999510,Artificial Intelligence And Data Science,LSEBCS,72794,77.5384615,Stage I,2025-26,1,782
05109,"Sandip Foundation, Sandip Institute Of Technology And Research Centre, Mahiravani, Nashik",Nashik,Un-Aided,Autonomous,Autonomous Institute,Autonomous Institute,0510999510,Artificial Intelligence And Data Science,DEFOPENS,92089,70.6189283,Stage I,2025-26,1,782
05109,"Sandip Foundation, Sandip Institute Of Technology And Research Centre, Mahiravani, Nashik",Nashik,Un-Aided,Autonomous,Autonomous Institute,Autonomous Institute,0510999510,Artificial Intelligence And Data Science,DEFSCS,153452,41.4020979,Stage I,2025-26,1,782
05109,"Sandip Foundation, Sandip Institute Of Technology And Research Centre, Mahiravani, Nashik",Nashik,Un-Aided,Autonomous,Autonomous Institute,Autonomous Institute,0510999510,Artificial Intelligence And Data Science,DEFOBCS,104652,65.6692751,Stage I,2025-26,1,782
05109,"Sandip Foundation, Sandip Institute Of Technology And Research Centre, Mahiravani, Nashik",Nashik,Un-Aided,Autonomous,Autonomous Institute,Autonomous Institute,0510999510,Artificial Intelligence And Data Science,TFWS,54652,83.5597353,Stage I,2025-26,1,782
05109,"Sandip Foundation, Sandip Institute Of Technology And Research Centre, Mahiravani, Nashik",Nashik,Un-Aided,Autonomous,Autonomous Institute,Autonomous Institute,0510999510,Artificial Intelligence And Data Science,EWS,167993,32.1281783,Stage I,2025-26,1,782
05109,"Sandip Foundation, Sandip Institute Of Technology And Research Centre, Mahiravani, Nashik",Nashik,Un-Aided,Autonomous,Autonomous Institute,Autonomous Institute,0510999510,Artificial Intelligence And Data Science,LSTS,180358,22.4248107,Stage II,2025-26,1,782
05121,"K. K. Wagh Institute Of Engineering Education And Research, Nashik",Nashik,Un-Aided,Autonomous,Autonomous Institute,Autonomous Institute,0512119110,Civil Engineering,GOPENS,63336,80.8599071,Stage I,2025-26,1,783
05121,"K. K. Wagh Institute Of Engineering Education And Research, Nashik",Nashik,Un-Aided,Autonomous,Autonomous Institute,Autonomous Institute,0512119110,Civil Engineering,GSCS,101161,66.9498069,Stage I,2025-26,1,783
05121,"K. K. Wagh Institute Of Engineering Education And Research, Nashik",Nashik,Un-Aided,Autonomous,Autonomous Institute,Autonomous Institute,0512119110,Civil Engineering,GSTS,104593,65.6692751,Stage I,2025-26,1,783
05121,"K. K. Wagh Institute Of Engineering Education And Research, Nashik",Nashik,Un-Aided,Autonomous,Autonomous Institute,Autonomous Institute,0512119110,Civil Engineering,GVJS,89741,71.4842352,Stage I,2025-26,1,783
05121,"K. K. Wagh Institute Of Engineering Education And Research, Nashik",Nashik,Un-Aided,Autonomous,Autonomous Institute,Autonomous Institute,0512119110,Civil Engineering,GNT1S,74985,76.8973331,Stage I,2025-26,1,783
05121,"K. K. Wagh Institute Of Engineering Education And Research, Nashik",Nashik,Un-Aided,Autonomous,Autonomous Institute,Autonomous Institute,0512119110,Civil Engineering,GNT2S,100866,66.9498069,Stage I,2025-26,1,783
05121,"K. K. Wagh Institute Of Engineering Education And Research, Nashik",Nashik,Un-Aided,Autonomous,Autonomous Institute,Autonomous Institute,0512119110,Civil Engineering,GNT3S,69241,78.6167398,Stage I,2025-26,1,783
05121,"K. K. Wagh Institute Of Engineering Education And Research, Nashik",Nashik,Un-Aided,Autonomous,Autonomous Institute,Autonomous Institute,0512119110,Civil Engineering,GOBCS,71413,78.2396759,Stage I,2025-26,1,783
05121,"K. K. Wagh Institute Of Engineering Education And Research, Nashik",Nashik,Un-Aided,Autonomous,Autonomous Institute,Autonomous Institute,0512119110,Civil Engineering,GSEBCS,95174,69.3295893,Stage I,2025-26,1,783
05121,"K. K. Wagh Institute Of Engineering Education And Research, Nashik",Nashik,Un-Aided,Autonomous,Autonomous Institute,Autonomous Institute,0512119110,Civil Engineering,LOPENS,53214,84.0359888,Stage I,2025-26,1,783
05121,"K. K. Wagh Institute Of Engineering Education And Research, Nashik",Nashik,Un-Aided,Autonomous,Autonomous Institute,Autonomous Institute,0512119110,Civil Engineering,LSCS,90298,71.4755245,Stage I,2025-26,1,783
05121,"K. K. Wagh Institute Of Engineering Education And Research, Nashik",Nashik,Un-Aided,Autonomous,Autonomous Institute,Autonomous Institute,0512119110,Civil Engineering,LSTS,118258,59.3210117,Stage I,2025-26,1,783
05121,"K. K. Wagh Institute Of Engineering Education And Research, Nashik",Nashik,Un-Aided,Autonomous,Autonomous Institute,Autonomous Institute,0512119110,Civil Engineering,LNT3S,88078,71.8498844,Stage I,2025-26,1,783
05121,"K. K. Wagh Institute Of Engineering Education And Research, Nashik",Nashik,Un-Aided,Autonomous,Autonomous Institute,Autonomous Institute,0512119110,Civil Engineering,LOBCS,65661,79.9809712,Stage I,2025-26,1,783
05121,"K. K. Wagh Institute Of Engineering Education And Research, Nashik",Nashik,Un-Aided,Autonomous,Autonomous Institute,Autonomous Institute,0512119110,Civil Engineering,LSEBCS,95866,69.0979021,Stage I,2025-26,1,783
05121,"K. K. Wagh Institute Of Engineering Education And Research, Nashik",Nashik,Un-Aided,Autonomous,Autonomous Institute,Autonomous Institute,0512119110,Civil Engineering,DEFOPENS,90932,71.0971787,Stage I,2025-26,1,783
05121,"K. K. Wagh Institute Of Engineering Education And Research, Nashik",Nashik,Un-Aided,Autonomous,Autonomous Institute,Autonomous Institute,0512119110,Civil Engineering,DEFSCS,174420,28.1994074,Stage I,2025-26,1,783
05121,"K. K. Wagh Institute Of Engineering Education And Research, Nashik",Nashik,Un-Aided,Autonomous,Autonomous Institute,Autonomous Institute,0512119110,Civil Engineering,DEFOBCS,190422,14.0716041,Stage I,2025-26,1,783
05121,"K. K. Wagh Institute Of Engineering Education And Research, Nashik",Nashik,Un-Aided,Autonomous,Autonomous Institute,Autonomous Institute,0512119110,Civil Engineering,TFWS,48025,85.6421968,Stage I,2025-26,1,783
05121,"K. K. Wagh Institute Of Engineering Education And Research, Nashik",Nashik,Un-Aided,Autonomous,Autonomous Institute,Autonomous Institute,0512119110,Civil Engineering,ORPHAN,164793,33.6209084,Stage I,2025-26,1,783
05121,"K. K. Wagh Institute Of Engineering Education And Research, Nashik",Nashik,Un-Aided,Autonomous,Autonomous Institute,Autonomous Institute,0512119110,Civil Engineering,EWS,167026,32.3446384,Stage I,2025-26,1,783
05121,"K. K. Wagh Institute Of Engineering Education And Research, Nashik",Nashik,Un-Aided,Autonomous,Autonomous Institute,Autonomous Institute,0512121910,Robotics And Automation,GOPENS,42244,87.4135301,Stage I,2025-26,1,783
05121,"K. K. Wagh Institute Of Engineering Education And Research, Nashik",Nashik,Un-Aided,Autonomous,Autonomous Institute,Autonomous Institute,0512121910,Robotics And Automation,GSCS,84804,73.4354379,Stage I,2025-26,1,783
05121,"K. K. Wagh Institute Of Engineering Education And Research, Nashik",Nashik,Un-Aided,Autonomous,Autonomous Institute,Autonomous Institute,0512121910,Robotics And Automation,GSTS,174677,26.7336064,Stage I,2025-26,1,783
05121,"K. K. Wagh Institute Of Engineering Education And Research, Nashik",Nashik,Un-Aided,Autonomous,Autonomous Institute,Autonomous Institute,0512121910,Robotics And Automation,GVJS,61421,81.3270637,Stage I,2025-26,1,783
05121,"K. K. Wagh Institute Of Engineering Education And Research, Nashik",Nashik,Un-Aided,Autonomous,Autonomous Institute,Autonomous Institute,0512121910,Robotics And Automation,GNT1S,63049,80.9669596,Stage I,2025-26,1,783
05121,"K. K. Wagh Institute Of Engineering Education And Research, Nashik",Nashik,Un-Aided,Autonomous,Autonomous Institute,Autonomous Institute,0512121910,Robotics And Automation,GNT2S,46711,85.977536,Stage I,2025-26,1,783
05121,"K. K. Wagh Institute Of Engineering Education And Research, Nashik",Nashik,Un-Aided,Autonomous,Autonomous Institute,Autonomous Institute,0512121910,Robotics And Automation,GNT3S,49486,85.1919561,Stage I,2025-26,1,783
05121,"K. K. Wagh Institute Of Engineering Education And Research, Nashik",Nashik,Un-Aided,Autonomous,Autonomous Institute,Autonomous Institute,0512121910,Robotics And Automation,GOBCS,46274,86.2326458,Stage I,2025-26,1,783
05121,"K. K. Wagh Institute Of Engineering Education And Research, Nashik",Nashik,Un-Aided,Autonomous,Autonomous Institute,Autonomous Institute,0512121910,Robotics And Automation,GSEBCS,54016,83.7934335,Stage I,2025-26,1,783
05121,"K. K. Wagh Institute Of Engineering Education And Research, Nashik",Nashik,Un-Aided,Autonomous,Autonomous Institute,Autonomous Institute,0512121910,Robotics And Automation,LOPENS,36743,89.1725752,Stage I,2025-26,1,783
05121,"K. K. Wagh Institute Of Engineering Education And Research, Nashik",Nashik,Un-Aided,Autonomous,Autonomous Institute,Autonomous Institute,0512121910,Robotics And Automation,LSCS,67891,79.3730892,Stage I,2025-26,1,783
05121,"K. K. Wagh Institute Of Engineering Education And Research, Nashik",Nashik,Un-Aided,Autonomous,Autonomous Institute,Autonomous Institute,0512121910,Robotics And Automation,LSTS,124684,56.6213771,Stage I,2025-26,1,783
05121,"K. K. Wagh Institute Of Engineering Education And Research, Nashik",Nashik,Un-Aided,Autonomous,Autonomous Institute,Autonomous Institute,0512121910,Robotics And Automation,LVJS,62208,81.1295102,Stage I,2025-26,1,783
05121,"K. K. Wagh Institute Of Engineering Education And Research, Nashik",Nashik,Un-Aided,Autonomous,Autonomous Institute,Autonomous Institute,0512121910,Robotics And Automation,LNT1S,84164,73.5570613,Stage I,2025-26,1,783
05121,"K. K. Wagh Institute Of Engineering Education And Research, Nashik",Nashik,Un-Aided,Autonomous,Autonomous Institute,Autonomous Institute,0512121910,Robotics And Automation,LNT2S,57746,82.5532062,Stage I,2025-26,1,783
05121,"K. K. Wagh Institute Of Engineering Education And Research, Nashik",Nashik,Un-Aided,Autonomous,Autonomous Institute,Autonomous Institute,0512121910,Robotics And Automation,LOBCS,42417,87.3499473,Stage I,2025-26,1,783
05121,"K. K. Wagh Institute Of Engineering Education And Research, Nashik",Nashik,Un-Aided,Autonomous,Autonomous Institute,Autonomous Institute,0512121910,Robotics And Automation,LSEBCS,50832,84.8660601,Stage I,2025-26,1,783
05121,"K. K. Wagh Institute Of Engineering Education And Research, Nashik",Nashik,Un-Aided,Autonomous,Autonomous Institute,Autonomous Institute,0512121910,Robotics And Automation,DEFOPENS,103772,65.8992965,Stage I,2025-26,1,783
05121,"K. K. Wagh Institute Of Engineering Education And Research, Nashik",Nashik,Un-Aided,Autonomous,Autonomous Institute,Autonomous Institute,0512121910,Robotics And Automation,DEFOBCS,110003,63.3986014,Stage I,2025-26,1,783
05121,"K. K. Wagh Institute Of Engineering Education And Research, Nashik",Nashik,Un-Aided,Autonomous,Autonomous Institute,Autonomous Institute,0512121910,Robotics And Automation,TFWS,34631,89.8391608,Stage I,2025-26,1,783
05121,"K. K. Wagh Institute Of Engineering Education And Research, Nashik",Nashik,Un-Aided,Autonomous,Autonomous Institute,Autonomous Institute,0512121910,Robotics And Automation,EWS,106660,64.713186,Stage I,2025-26,1,783
05121,"K. K. Wagh Institute Of Engineering Education And Research, Nashik",Nashik,Un-Aided,Autonomous,Autonomous Institute,Autonomous Institute,0512121910,Robotics And Automation,LSTS,175396,25.968356,Stage II,2025-26,1,783
05121,"K. K. Wagh Institute Of Engineering Education And Research, Nashik",Nashik,Un-Aided,Autonomous,Autonomous Institute,Autonomous Institute,0512124510,Computer Engineering,GOPENS,14282,95.8806117,Stage I,2025-26,1,783
05121,"K. K. Wagh Institute Of Engineering Education And Research, Nashik",Nashik,Un-Aided,Autonomous,Autonomous Institute,Autonomous Institute,0512124510,Computer Engineering,GSCS,41746,87.6322867,Stage I,2025-26,1,783
05121,"K. K. Wagh Institute Of Engineering Education And Research, Nashik",Nashik,Un-Aided,Autonomous,Autonomous Institute,Autonomous Institute,0512124510,Computer Engineering,GSTS,60954,81.5804905,Stage I,2025-26,1,783
05121,"K. K. Wagh Institute Of Engineering Education And Research, Nashik",Nashik,Un-Aided,Autonomous,Autonomous Institute,Autonomous Institute,0512124510,Computer Engineering,GVJS,25099,92.6886627,Stage I,2025-26,1,783
05121,"K. K. Wagh Institute Of Engineering Education And Research, Nashik",Nashik,Un-Aided,Autonomous,Autonomous Institute,Autonomous Institute,0512124510,Computer Engineering,GNT1S,29459,91.3523651,Stage I,2025-26,1,783
05121,"K. K. Wagh Institute Of Engineering Education And Research, Nashik",Nashik,Un-Aided,Autonomous,Autonomous Institute,Autonomous Institute,0512124510,Computer Engineering,GNT2S,23670,93.1055879,Stage I,2025-26,1,783
05121,"K. K. Wagh Institute Of Engineering Education And Research, Nashik",Nashik,Un-Aided,Autonomous,Autonomous Institute,Autonomous Institute,0512124510,Computer Engineering,GOBCS,15993,95.403522,Stage I,2025-26,1,783
05121,"K. K. Wagh Institute Of Engineering Education And Research, Nashik",Nashik,Un-Aided,Autonomous,Autonomous Institute,Autonomous Institute,0512124510,Computer Engineering,GSEBCS,20353,94.111278,Stage I,2025-26,1,783
05121,"K. K. Wagh Institute Of Engineering Education And Research, Nashik",Nashik,Un-Aided,Autonomous,Autonomous Institute,Autonomous Institute,0512124510,Computer Engineering,LOPENS,12674,96.3500457,Stage I,2025-26,1,783
05121,"K. K. Wagh Institute Of Engineering Education And Research, Nashik",Nashik,Un-Aided,Autonomous,Autonomous Institute,Autonomous Institute,0512124510,Computer Engineering,LSCS,42873,87.3181818,Stage I,2025-26,1,783
05121,"K. K. Wagh Institute Of Engineering Education And Research, Nashik",Nashik,Un-Aided,Autonomous,Autonomous Institute,Autonomous Institute,0512124510,Computer Engineering,LSTS,72662,77.5384615,Stage I,2025-26,1,783
05121,"K. K. Wagh Institute Of Engineering Education And Research, Nashik",Nashik,Un-Aided,Autonomous,Autonomous Institute,Autonomous Institute,0512124510,Computer Engineering,LVJS,27063,92.0769231,Stage I,2025-26,1,783
05121,"K. K. Wagh Institute Of Engineering Education And Research, Nashik",Nashik,Un-Aided,Autonomous,Autonomous Institute,Autonomous Institute,0512124510,Computer Engineering,LNT2S,26837,92.1378092,Stage I,2025-26,1,783
05121,"K. K. Wagh Institute Of Engineering Education And Research, Nashik",Nashik,Un-Aided,Autonomous,Autonomous Institute,Autonomous Institute,0512124510,Computer Engineering,LNT3S,12839,96.3320463,Stage I,2025-26,1,783
05121,"K. K. Wagh Institute Of Engineering Education And Research, Nashik",Nashik,Un-Aided,Autonomous,Autonomous Institute,Autonomous Institute,0512124510,Computer Engineering,LOBCS,14356,95.8776224,Stage I,2025-26,1,783
05121,"K. K. Wagh Institute Of Engineering Education And Research, Nashik",Nashik,Un-Aided,Autonomous,Autonomous Institute,Autonomous Institute,0512124510,Computer Engineering,LSEBCS,18698,94.5865408,Stage I,2025-26,1,783
05121,"K. K. Wagh Institute Of Engineering Education And Research, Nashik",Nashik,Un-Aided,Autonomous,Autonomous Institute,Autonomous Institute,0512124510,Computer Engineering,PWDOPENS,161712,35.9909439,Stage I,2025-26,1,783
05121,"K. K. Wagh Institute Of Engineering Education And Research, Nashik",Nashik,Un-Aided,Autonomous,Autonomous Institute,Autonomous Institute,0512124510,Computer Engineering,PWDOBCS,168442,32.0008834,Stage I,2025-26,1,783
05121,"K. K. Wagh Institute Of Engineering Education And Research, Nashik",Nashik,Un-Aided,Autonomous,Autonomous Institute,Autonomous Institute,0512124510,Computer Engineering,DEFOPENS,26763,92.2299976,Stage I,2025-26,1,783
05121,"K. K. Wagh Institute Of Engineering Education And Research, Nashik",Nashik,Un-Aided,Autonomous,Autonomous Institute,Autonomous Institute,0512124510,Computer Engineering,DEFSCS,52737,84.1437716,Stage I,2025-26,1,783
05121,"K. K. Wagh Institute Of Engineering Education And Research, Nashik",Nashik,Un-Aided,Autonomous,Autonomous Institute,Autonomous Institute,0512124510,Computer Engineering,DEFOBCS,27302,92.0400779,Stage I,2025-26,1,783
05121,"K. K. Wagh Institute Of Engineering Education And Research, Nashik",Nashik,Un-Aided,Autonomous,Autonomous Institute,Autonomous Institute,0512124510,Computer Engineering,TFWS,8371,97.6001178,Stage I,2025-26,1,783
05121,"K. K. Wagh Institute Of Engineering Education And Research, Nashik",Nashik,Un-Aided,Autonomous,Autonomous Institute,Autonomous Institute,0512124510,Computer Engineering,ORPHAN,152628,41.7471281,Stage I,2025-26,1,783
05121,"K. K. Wagh Institute Of Engineering Education And Research, Nashik",Nashik,Un-Aided,Autonomous,Autonomous Institute,Autonomous Institute,0512124510,Computer Engineering,EWS,22416,93.515499,Stage I,2025-26,1,783
05121,"K. K. Wagh Institute Of Engineering Education And Research, Nashik",Nashik,Un-Aided,Autonomous,Autonomous Institute,Autonomous Institute,0512124610,Information Technology,GOPENS,19240,94.4637991,Stage I,2025-26,1,783
05121,"K. K. Wagh Institute Of Engineering Education And Research, Nashik",Nashik,Un-Aided,Autonomous,Autonomous Institute,Autonomous Institute,0512124610,Information Technology,GSCS,45691,86.4120225,Stage I,2025-26,1,783
05121,"K. K. Wagh Institute Of Engineering Education And Research, Nashik",Nashik,Un-Aided,Autonomous,Autonomous Institute,Autonomous Institute,0512124610,Information Technology,GSTS,91979,70.6189283,Stage I,2025-26,1,783
05121,"K. K. Wagh Institute Of Engineering Education And Research, Nashik",Nashik,Un-Aided,Autonomous,Autonomous Institute,Autonomous Institute,0512124610,Information Technology,GVJS,27015,92.0769231,Stage I,2025-26,1,783
05121,"K. K. Wagh Institute Of Engineering Education And Research, Nashik",Nashik,Un-Aided,Autonomous,Autonomous Institute,Autonomous Institute,0512124610,Information Technology,GNT1S,29689,91.3082283,Stage I,2025-26,1,783
05121,"K. K. Wagh Institute Of Engineering Education And Research, Nashik",Nashik,Un-Aided,Autonomous,Autonomous Institute,Autonomous Institute,0512124610,Information Technology,GNT2S,24239,92.9202613,Stage I,2025-26,1,783
05121,"K. K. Wagh Institute Of Engineering Education And Research, Nashik",Nashik,Un-Aided,Autonomous,Autonomous Institute,Autonomous Institute,0512124610,Information Technology,GNT3S,22070,93.5806832,Stage I,2025-26,1,783
05121,"K. K. Wagh Institute Of Engineering Education And Research, Nashik",Nashik,Un-Aided,Autonomous,Autonomous Institute,Autonomous Institute,0512124610,Information Technology,GOBCS,19922,94.25259,Stage I,2025-26,1,783
05121,"K. K. Wagh Institute Of Engineering Education And Research, Nashik",Nashik,Un-Aided,Autonomous,Autonomous Institute,Autonomous Institute,0512124610,Information Technology,GSEBCS,23581,93.1561968,Stage I,2025-26,1,783
05121,"K. K. Wagh Institute Of Engineering Education And Research, Nashik",Nashik,Un-Aided,Autonomous,Autonomous Institute,Autonomous Institute,0512124610,Information Technology,LOPENS,18310,94.7397468,Stage I,2025-26,1,783
05121,"K. K. Wagh Institute Of Engineering Education And Research, Nashik",Nashik,Un-Aided,Autonomous,Autonomous Institute,Autonomous Institute,0512124610,Information Technology,LSCS,48240,85.6182564,Stage I,2025-26,1,783
05121,"K. K. Wagh Institute Of Engineering Education And Research, Nashik",Nashik,Un-Aided,Autonomous,Autonomous Institute,Autonomous Institute,0512124610,Information Technology,LSTS,115585,60.634478,Stage I,2025-26,1,783
05121,"K. K. Wagh Institute Of Engineering Education And Research, Nashik",Nashik,Un-Aided,Autonomous,Autonomous Institute,Autonomous Institute,0512124610,Information Technology,LVJS,39694,88.2484746,Stage I,2025-26,1,783
05121,"K. K. Wagh Institute Of Engineering Education And Research, Nashik",Nashik,Un-Aided,Autonomous,Autonomous Institute,Autonomous Institute,0512124610,Information Technology,LNT1S,39567,88.2544975,Stage I,2025-26,1,783
05121,"K. K. Wagh Institute Of Engineering Education And Research, Nashik",Nashik,Un-Aided,Autonomous,Autonomous Institute,Autonomous Institute,0512124610,Information Technology,LNT2S,36689,89.1962092,Stage I,2025-26,1,783
05121,"K. K. Wagh Institute Of Engineering Education And Research, Nashik",Nashik,Un-Aided,Autonomous,Autonomous Institute,Autonomous Institute,0512124610,Information Technology,LOBCS,19157,94.4741287,Stage I,2025-26,1,783
05121,"K. K. Wagh Institute Of Engineering Education And Research, Nashik",Nashik,Un-Aided,Autonomous,Autonomous Institute,Autonomous Institute,0512124610,Information Technology,LSEBCS,22851,93.3751306,Stage I,2025-26,1,783
05121,"K. K. Wagh Institute Of Engineering Education And Research, Nashik",Nashik,Un-Aided,Autonomous,Autonomous Institute,Autonomous Institute,0512124610,Information Technology,PWDOPENS,170856,29.4125763,Stage I,2025-26,1,783
05121,"K. K. Wagh Institute Of Engineering Education And Research, Nashik",Nashik,Un-Aided,Autonomous,Autonomous Institute,Autonomous Institute,0512124610,Information Technology,DEFOPENS,29693,91.3082283,Stage I,2025-26,1,783
05121,"K. K. Wagh Institute Of Engineering Education And Research, Nashik",Nashik,Un-Aided,Autonomous,Autonomous Institute,Autonomous Institute,0512124610,Information Technology,DEFSCS,81906,74.0630785,Stage I,2025-26,1,783
05121,"K. K. Wagh Institute Of Engineering Education And Research, Nashik",Nashik,Un-Aided,Autonomous,Autonomous Institute,Autonomous Institute,0512124610,Information Technology,DEFOBCS,38616,88.6282029,Stage I,2025-26,1,783
05121,"K. K. Wagh Institute Of Engineering Education And Research, Nashik",Nashik,Un-Aided,Autonomous,Autonomous Institute,Autonomous Institute,0512124610,Information Technology,TFWS,16228,95.3167947,Stage I,2025-26,1,783
05121,"K. K. Wagh Institute Of Engineering Education And Research, Nashik",Nashik,Un-Aided,Autonomous,Autonomous Institute,Autonomous Institute,0512124610,Information Technology,EWS,39183,88.4967904,Stage I,2025-26,1,783
05121,"K. K. Wagh Institute Of Engineering Education And Research, Nashik",Nashik,Un-Aided,Autonomous,Autonomous Institute,Autonomous Institute,0512125710,Computer Science And Design,GOPENS,23354,93.2101568,Stage I,2025-26,1,784
05121,"K. K. Wagh Institute Of Engineering Education And Research, Nashik",Nashik,Un-Aided,Autonomous,Autonomous Institute,Autonomous Institute,0512125710,Computer Science And Design,GSCS,53976,83.7934335,Stage I,2025-26,1,784
05121,"K. K. Wagh Institute Of Engineering Education And Research, Nashik",Nashik,Un-Aided,Autonomous,Autonomous Institute,Autonomous Institute,0512125710,Computer Science And Design,GSTS,101241,66.9039004,Stage I,2025-26,1,784
05121,"K. K. Wagh Institute Of Engineering Education And Research, Nashik",Nashik,Un-Aided,Autonomous,Autonomous Institute,Autonomous Institute,0512125710,Computer Science And Design,GVJS,42103,87.5666075,Stage I,2025-26,1,784
05121,"K. K. Wagh Institute Of Engineering Education And Research, Nashik",Nashik,Un-Aided,Autonomous,Autonomous Institute,Autonomous Institute,0512125710,Computer Science And Design,GNT1S,35611,89.51289,Stage I,2025-26,1,784
05121,"K. K. Wagh Institute Of Engineering Education And Research, Nashik",Nashik,Un-Aided,Autonomous,Autonomous Institute,Autonomous Institute,0512125710,Computer Science And Design,GNT2S,26418,92.2706158,Stage I,2025-26,1,784
05121,"K. K. Wagh Institute Of Engineering Education And Research, Nashik",Nashik,Un-Aided,Autonomous,Autonomous Institute,Autonomous Institute,0512125710,Computer Science And Design,GOBCS,24316,92.9187706,Stage I,2025-26,1,784
05121,"K. K. Wagh Institute Of Engineering Education And Research, Nashik",Nashik,Un-Aided,Autonomous,Autonomous Institute,Autonomous Institute,0512125710,Computer Science And Design,GSEBCS,26881,92.1231015,Stage I,2025-26,1,784
05121,"K. K. Wagh Institute Of Engineering Education And Research, Nashik",Nashik,Un-Aided,Autonomous,Autonomous Institute,Autonomous Institute,0512125710,Computer Science And Design,LOPENS,22597,93.4570631,Stage I,2025-26,1,784
05121,"K. K. Wagh Institute Of Engineering Education And Research, Nashik",Nashik,Un-Aided,Autonomous,Autonomous Institute,Autonomous Institute,0512125710,Computer Science And Design,LSCS,44810,86.675963,Stage I,2025-26,1,784
05121,"K. K. Wagh Institute Of Engineering Education And Research, Nashik",Nashik,Un-Aided,Autonomous,Autonomous Institute,Autonomous Institute,0512125710,Computer Science And Design,LSTS,134272,51.7009371,Stage I,2025-26,1,784
05121,"K. K. Wagh Institute Of Engineering Education And Research, Nashik",Nashik,Un-Aided,Autonomous,Autonomous Institute,Autonomous Institute,0512125710,Computer Science And Design,LNT3S,41759,87.6322867,Stage I,2025-26,1,784
05121,"K. K. Wagh Institute Of Engineering Education And Research, Nashik",Nashik,Un-Aided,Autonomous,Autonomous Institute,Autonomous Institute,0512125710,Computer Science And Design,LOBCS,23440,93.1848615,Stage I,2025-26,1,784
05121,"K. K. Wagh Institute Of Engineering Education And Research, Nashik",Nashik,Un-Aided,Autonomous,Autonomous Institute,Autonomous Institute,0512125710,Computer Science And Design,LSEBCS,31787,90.6674583,Stage I,2025-26,1,784
05121,"K. K. Wagh Institute Of Engineering Education And Research, Nashik",Nashik,Un-Aided,Autonomous,Autonomous Institute,Autonomous Institute,0512125710,Computer Science And Design,PWDOPENS,164452,34.896751,Stage I,2025-26,1,784
05121,"K. K. Wagh Institute Of Engineering Education And Research, Nashik",Nashik,Un-Aided,Autonomous,Autonomous Institute,Autonomous Institute,0512125710,Computer Science And Design,DEFOPENS,37464,88.9609194,Stage I,2025-26,1,784
05121,"K. K. Wagh Institute Of Engineering Education And Research, Nashik",Nashik,Un-Aided,Autonomous,Autonomous Institute,Autonomous Institute,0512125710,Computer Science And Design,TFWS,19979,94.2050981,Stage I,2025-26,1,784
05121,"K. K. Wagh Institute Of Engineering Education And Research, Nashik",Nashik,Un-Aided,Autonomous,Autonomous Institute,Autonomous Institute,0512125710,Computer Science And Design,DEFROBCS,56497,82.9717485,Stage I,2025-26,1,784
05121,"K. K. Wagh Institute Of Engineering Education And Research, Nashik",Nashik,Un-Aided,Autonomous,Autonomous Institute,Autonomous Institute,0512125710,Computer Science And Design,EWS,46038,86.3462208,Stage I,2025-26,1,784
05121,"K. K. Wagh Institute Of Engineering Education And Research, Nashik",Nashik,Un-Aided,Autonomous,Autonomous Institute,Autonomous Institute,0512129310,Electrical Engineering,GOPENS,47595,85.8824755,Stage I,2025-26,1,784
05121,"K. K. Wagh Institute Of Engineering Education And Research, Nashik",Nashik,Un-Aided,Autonomous,Autonomous Institute,Autonomous Institute,0512129310,Electrical Engineering,GSCS,85585,73.1347962,Stage I,2025-26,1,784
05121,"K. K. Wagh Institute Of Engineering Education And Research, Nashik",Nashik,Un-Aided,Autonomous,Autonomous Institute,Autonomous Institute,0512129310,Electrical Engineering,GSTS,120815,58.4401523,Stage I,2025-26,1,784
05121,"K. K. Wagh Institute Of Engineering Education And Research, Nashik",Nashik,Un-Aided,Autonomous,Autonomous Institute,Autonomous Institute,0512129310,Electrical Engineering,GVJS,67551,79.4832155,Stage I,2025-26,1,784
05121,"K. K. Wagh Institute Of Engineering Education And Research, Nashik",Nashik,Un-Aided,Autonomous,Autonomous Institute,Autonomous Institute,0512129310,Electrical Engineering,GNT1S,59038,82.135869,Stage I,2025-26,1,784
05121,"K. K. Wagh Institute Of Engineering Education And Research, Nashik",Nashik,Un-Aided,Autonomous,Autonomous Institute,Autonomous Institute,0512129310,Electrical Engineering,GNT2S,60634,81.6453226,Stage I,2025-26,1,784
05121,"K. K. Wagh Institute Of Engineering Education And Research, Nashik",Nashik,Un-Aided,Autonomous,Autonomous Institute,Autonomous Institute,0512129310,Electrical Engineering,GNT3S,49527,85.1919561,Stage I,2025-26,1,784
05121,"K. K. Wagh Institute Of Engineering Education And Research, Nashik",Nashik,Un-Aided,Autonomous,Autonomous Institute,Autonomous Institute,0512129310,Electrical Engineering,GOBCS,51673,84.5176078,Stage I,2025-26,1,784
05121,"K. K. Wagh Institute Of Engineering Education And Research, Nashik",Nashik,Un-Aided,Autonomous,Autonomous Institute,Autonomous Institute,0512129310,Electrical Engineering,GSEBCS,67218,79.6925092,Stage I,2025-26,1,784
05121,"K. K. Wagh Institute Of Engineering Education And Research, Nashik",Nashik,Un-Aided,Autonomous,Autonomous Institute,Autonomous Institute,0512129310,Electrical Engineering,LOPENS,45394,86.552754,Stage I,2025-26,1,784
05121,"K. K. Wagh Institute Of Engineering Education And Research, Nashik",Nashik,Un-Aided,Autonomous,Autonomous Institute,Autonomous Institute,0512129310,Electrical Engineering,LSCS,95718,69.2179237,Stage I,2025-26,1,784
05121,"K. K. Wagh Institute Of Engineering Education And Research, Nashik",Nashik,Un-Aided,Autonomous,Autonomous Institute,Autonomous Institute,0512129310,Electrical Engineering,LSTS,159691,37.1950556,Stage I,2025-26,1,784
05121,"K. K. Wagh Institute Of Engineering Education And Research, Nashik",Nashik,Un-Aided,Autonomous,Autonomous Institute,Autonomous Institute,0512129310,Electrical Engineering,LVJS,138656,49.6043895,Stage I,2025-26,1,784
05121,"K. K. Wagh Institute Of Engineering Education And Research, Nashik",Nashik,Un-Aided,Autonomous,Autonomous Institute,Autonomous Institute,0512129310,Electrical Engineering,LNT1S,82951,73.7482517,Stage I,2025-26,1,784
05121,"K. K. Wagh Institute Of Engineering Education And Research, Nashik",Nashik,Un-Aided,Autonomous,Autonomous Institute,Autonomous Institute,0512129310,Electrical Engineering,LNT2S,51895,84.4950314,Stage I,2025-26,1,784
05121,"K. K. Wagh Institute Of Engineering Education And Research, Nashik",Nashik,Un-Aided,Autonomous,Autonomous Institute,Autonomous Institute,0512129310,Electrical Engineering,LOBCS,49225,85.2215842,Stage I,2025-26,1,784
05121,"K. K. Wagh Institute Of Engineering Education And Research, Nashik",Nashik,Un-Aided,Autonomous,Autonomous Institute,Autonomous Institute,0512129310,Electrical Engineering,LSEBCS,62836,81.0133535,Stage I,2025-26,1,784
05121,"K. K. Wagh Institute Of Engineering Education And Research, Nashik",Nashik,Un-Aided,Autonomous,Autonomous Institute,Autonomous Institute,0512129310,Electrical Engineering,DEFOPENS,87079,72.3760958,Stage I,2025-26,1,784
05121,"K. K. Wagh Institute Of Engineering Education And Research, Nashik",Nashik,Un-Aided,Autonomous,Autonomous Institute,Autonomous Institute,0512129310,Electrical Engineering,DEFOBCS,102255,66.3866132,Stage I,2025-26,1,784
05121,"K. K. Wagh Institute Of Engineering Education And Research, Nashik",Nashik,Un-Aided,Autonomous,Autonomous Institute,Autonomous Institute,0512129310,Electrical Engineering,TFWS,34178,89.9860676,Stage I,2025-26,1,784
05121,"K. K. Wagh Institute Of Engineering Education And Research, Nashik",Nashik,Un-Aided,Autonomous,Autonomous Institute,Autonomous Institute,0512129310,Electrical Engineering,EWS,118632,59.2797111,Stage I,2025-26,1,784
05121,"K. K. Wagh Institute Of Engineering Education And Research, Nashik",Nashik,Un-Aided,Autonomous,Autonomous Institute,Autonomous Institute,0512137210,Electronics And Telecommunication Engg,GOPENS,27669,91.8738016,Stage I,2025-26,1,784
05121,"K. K. Wagh Institute Of Engineering Education And Research, Nashik",Nashik,Un-Aided,Autonomous,Autonomous Institute,Autonomous Institute,0512137210,Electronics And Telecommunication Engg,GSCS,58024,82.3938224,Stage I,2025-26,1,784
05121,"K. K. Wagh Institute Of Engineering Education And Research, Nashik",Nashik,Un-Aided,Autonomous,Autonomous Institute,Autonomous Institute,0512137210,Electronics And Telecommunication Engg,GSTS,154235,40.0936536,Stage I,2025-26,1,784
05121,"K. K. Wagh Institute Of Engineering Education And Research, Nashik",Nashik,Un-Aided,Autonomous,Autonomous Institute,Autonomous Institute,0512137210,Electronics And Telecommunication Engg,GVJS,43823,86.9651776,Stage I,2025-26,1,784
05121,"K. K. Wagh Institute Of Engineering Education And Research, Nashik",Nashik,Un-Aided,Autonomous,Autonomous Institute,Autonomous Institute,0512137210,Electronics And Telecommunication Engg,GNT1S,41528,87.687217,Stage I,2025-26,1,784
05121,"K. K. Wagh Institute Of Engineering Education And Research, Nashik",Nashik,Un-Aided,Autonomous,Autonomous Institute,Autonomous Institute,0512137210,Electronics And Telecommunication Engg,GNT2S,37548,88.9550679,Stage I,2025-26,1,784
05121,"K. K. Wagh Institute Of Engineering Education And Research, Nashik",Nashik,Un-Aided,Autonomous,Autonomous Institute,Autonomous Institute,0512137210,Electronics And Telecommunication Engg,GNT3S,28273,91.7377622,Stage I,2025-26,1,784
05121,"K. K. Wagh Institute Of Engineering Education And Research, Nashik",Nashik,Un-Aided,Autonomous,Autonomous Institute,Autonomous Institute,0512137210,Electronics And Telecommunication Engg,GOBCS,28803,91.5650868,Stage I,2025-26,1,784
05121,"K. K. Wagh Institute Of Engineering Education And Research, Nashik",Nashik,Un-Aided,Autonomous,Autonomous Institute,Autonomous Institute,0512137210,Electronics And Telecommunication Engg,GSEBCS,35401,89.5868952,Stage I,2025-26,1,784
05121,"K. K. Wagh Institute Of Engineering Education And Research, Nashik",Nashik,Un-Aided,Autonomous,Autonomous Institute,Autonomous Institute,0512137210,Electronics And Telecommunication Engg,LOPENS,26869,92.1231015,Stage I,2025-26,1,784
05121,"K. K. Wagh Institute Of Engineering Education And Research, Nashik",Nashik,Un-Aided,Autonomous,Autonomous Institute,Autonomous Institute,0512137210,Electronics And Telecommunication Engg,LSCS,62100,81.1324174,Stage I,2025-26,1,784
05121,"K. K. Wagh Institute Of Engineering Education And Research, Nashik",Nashik,Un-Aided,Autonomous,Autonomous Institute,Autonomous Institute,0512137210,Electronics And Telecommunication Engg,LSTS,144275,46.7613499,Stage I,2025-26,1,784
05121,"K. K. Wagh Institute Of Engineering Education And Research, Nashik",Nashik,Un-Aided,Autonomous,Autonomous Institute,Autonomous Institute,0512137210,Electronics And Telecommunication Engg,LNT2S,48576,85.5207245,Stage I,2025-26,1,784
05121,"K. K. Wagh Institute Of Engineering Education And Research, Nashik",Nashik,Un-Aided,Autonomous,Autonomous Institute,Autonomous Institute,0512137210,Electronics And Telecommunication Engg,LNT3S,41126,87.9159305,Stage I,2025-26,1,784
05121,"K. K. Wagh Institute Of Engineering Education And Research, Nashik",Nashik,Un-Aided,Autonomous,Autonomous Institute,Autonomous Institute,0512137210,Electronics And Telecommunication Engg,LOBCS,28298,91.7146701,Stage I,2025-26,1,784
05121,"K. K. Wagh Institute Of Engineering Education And Research, Nashik",Nashik,Un-Aided,Autonomous,Autonomous Institute,Autonomous Institute,0512137210,Electronics And Telecommunication Engg,LSEBCS,33964,90.0175917,Stage I,2025-26,1,784
05121,"K. K. Wagh Institute Of Engineering Education And Research, Nashik",Nashik,Un-Aided,Autonomous,Autonomous Institute,Autonomous Institute,0512137210,Electronics And Telecommunication Engg,DEFOPENS,51876,84.4950314,Stage I,2025-26,1,784
05121,"K. K. Wagh Institute Of Engineering Education And Research, Nashik",Nashik,Un-Aided,Autonomous,Autonomous Institute,Autonomous Institute,0512137210,Electronics And Telecommunication Engg,DEFOBCS,38298,88.680102,Stage I,2025-26,1,784
05121,"K. K. Wagh Institute Of Engineering Education And Research, Nashik",Nashik,Un-Aided,Autonomous,Autonomous Institute,Autonomous Institute,0512137210,Electronics And Telecommunication Engg,TFWS,27375,92.0354593,Stage I,2025-26,1,784
05121,"K. K. Wagh Institute Of Engineering Education And Research, Nashik",Nashik,Un-Aided,Autonomous,Autonomous Institute,Autonomous Institute,0512137210,Electronics And Telecommunication Engg,EWS,53783,83.880237,Stage I,2025-26,1,784
05121,"K. K. Wagh Institute Of Engineering Education And Research, Nashik",Nashik,Un-Aided,Autonomous,Autonomous Institute,Autonomous Institute,0512150710,Chemical Engineering,GOPENS,55249,83.4378744,Stage I,2025-26,1,784
05121,"K. K. Wagh Institute Of Engineering Education And Research, Nashik",Nashik,Un-Aided,Autonomous,Autonomous Institute,Autonomous Institute,0512150710,Chemical Engineering,GSCS,94931,69.4561708,Stage I,2025-26,1,784
05121,"K. K. Wagh Institute Of Engineering Education And Research, Nashik",Nashik,Un-Aided,Autonomous,Autonomous Institute,Autonomous Institute,0512150710,Chemical Engineering,GSTS,119190,59.1762367,Stage I,2025-26,1,784
05121,"K. K. Wagh Institute Of Engineering Education And Research, Nashik",Nashik,Un-Aided,Autonomous,Autonomous Institute,Autonomous Institute,0512150710,Chemical Engineering,GVJS,71355,78.272232,Stage I,2025-26,1,784
05121,"K. K. Wagh Institute Of Engineering Education And Research, Nashik",Nashik,Un-Aided,Autonomous,Autonomous Institute,Autonomous Institute,0512150710,Chemical Engineering,GNT2S,70498,78.4342571,Stage I,2025-26,1,784
05121,"K. K. Wagh Institute Of Engineering Education And Research, Nashik",Nashik,Un-Aided,Autonomous,Autonomous Institute,Autonomous Institute,0512150710,Chemical Engineering,GNT3S,58872,82.2162613,Stage I,2025-26,1,784
05121,"K. K. Wagh Institute Of Engineering Education And Research, Nashik",Nashik,Un-Aided,Autonomous,Autonomous Institute,Autonomous Institute,0512150710,Chemical Engineering,GOBCS,63198,80.8599071,Stage I,2025-26,1,784
05121,"K. K. Wagh Institute Of Engineering Education And Research, Nashik",Nashik,Un-Aided,Autonomous,Autonomous Institute,Autonomous Institute,0512150710,Chemical Engineering,GSEBCS,96990,68.8687467,Stage I,2025-26,1,784
05121,"K. K. Wagh Institute Of Engineering Education And Research, Nashik",Nashik,Un-Aided,Autonomous,Autonomous Institute,Autonomous Institute,0512150710,Chemical Engineering,LOPENS,53365,83.9367933,Stage I,2025-26,1,784
05121,"K. K. Wagh Institute Of Engineering Education And Research, Nashik",Nashik,Un-Aided,Autonomous,Autonomous Institute,Autonomous Institute,0512150710,Chemical Engineering,LSCS,68653,78.8357161,Stage I,2025-26,1,784
05121,"K. K. Wagh Institute Of Engineering Education And Research, Nashik",Nashik,Un-Aided,Autonomous,Autonomous Institute,Autonomous Institute,0512150710,Chemical Engineering,LSTS,89918,71.4842352,Stage I,2025-26,1,784
05121,"K. K. Wagh Institute Of Engineering Education And Research, Nashik",Nashik,Un-Aided,Autonomous,Autonomous Institute,Autonomous Institute,0512150710,Chemical Engineering,LVJS,75352,76.8955509,Stage I,2025-26,1,784
05121,"K. K. Wagh Institute Of Engineering Education And Research, Nashik",Nashik,Un-Aided,Autonomous,Autonomous Institute,Autonomous Institute,0512150710,Chemical Engineering,LNT1S,73533,77.161886,Stage I,2025-26,1,784
05121,"K. K. Wagh Institute Of Engineering Education And Research, Nashik",Nashik,Un-Aided,Autonomous,Autonomous Institute,Autonomous Institute,0512150710,Chemical Engineering,LOBCS,62282,81.1295102,Stage I,2025-26,1,784
05121,"K. K. Wagh Institute Of Engineering Education And Research, Nashik",Nashik,Un-Aided,Autonomous,Autonomous Institute,Autonomous Institute,0512150710,Chemical Engineering,LSEBCS,117437,60.2517483,Stage I,2025-26,1,784
05121,"K. K. Wagh Institute Of Engineering Education And Research, Nashik",Nashik,Un-Aided,Autonomous,Autonomous Institute,Autonomous Institute,0512150710,Chemical Engineering,DEFOPENS,104860,65.630713,Stage I,2025-26,1,784
05121,"K. K. Wagh Institute Of Engineering Education And Research, Nashik",Nashik,Un-Aided,Autonomous,Autonomous Institute,Autonomous Institute,0512150710,Chemical Engineering,TFWS,51822,84.4950314,Stage I,2025-26,1,784
05121,"K. K. Wagh Institute Of Engineering Education And Research, Nashik",Nashik,Un-Aided,Autonomous,Autonomous Institute,Autonomous Institute,0512150710,Chemical Engineering,DEFROBCS,139790,49.2256217,Stage I,2025-26,1,784
05121,"K. K. Wagh Institute Of Engineering Education And Research, Nashik",Nashik,Un-Aided,Autonomous,Autonomous Institute,Autonomous Institute,0512150710,Chemical Engineering,EWS,74468,76.9322569,Stage I,2025-26,1,784
05121,"K. K. Wagh Institute Of Engineering Education And Research, Nashik",Nashik,Un-Aided,Autonomous,Autonomous Institute,Autonomous Institute,0512161210,Mechanical Engineering,GOPENS,41325,87.7785554,Stage I,2025-26,1,785
05121,"K. K. Wagh Institute Of Engineering Education And Research, Nashik",Nashik,Un-Aided,Autonomous,Autonomous Institute,Autonomous Institute,0512161210,Mechanical Engineering,GSCS,82369,74.0094972,Stage I,2025-26,1,785
05121,"K. K. Wagh Institute Of Engineering Education And Research, Nashik",Nashik,Un-Aided,Autonomous,Autonomous Institute,Autonomous Institute,0512161210,Mechanical Engineering,GSTS,135693,50.9683037,Stage I,2025-26,1,785
05121,"K. K. Wagh Institute Of Engineering Education And Research, Nashik",Nashik,Un-Aided,Autonomous,Autonomous Institute,Autonomous Institute,0512161210,Mechanical Engineering,GVJS,74980,76.8973331,Stage I,2025-26,1,785
05121,"K. K. Wagh Institute Of Engineering Education And Research, Nashik",Nashik,Un-Aided,Autonomous,Autonomous Institute,Autonomous Institute,0512161210,Mechanical Engineering,GNT1S,70626,78.4242636,Stage I,2025-26,1,785
05121,"K. K. Wagh Institute Of Engineering Education And Research, Nashik",Nashik,Un-Aided,Autonomous,Autonomous Institute,Autonomous Institute,0512161210,Mechanical Engineering,GNT2S,67982,79.3730892,Stage I,2025-26,1,785
05121,"K. K. Wagh Institute Of Engineering Education And Research, Nashik",Nashik,Un-Aided,Autonomous,Autonomous Institute,Autonomous Institute,0512161210,Mechanical Engineering,GNT3S,45203,86.6223776,Stage I,2025-26,1,785
05121,"K. K. Wagh Institute Of Engineering Education And Research, Nashik",Nashik,Un-Aided,Autonomous,Autonomous Institute,Autonomous Institute,0512161210,Mechanical Engineering,GOBCS,52216,84.3296195,Stage I,2025-26,1,785
05121,"K. K. Wagh Institute Of Engineering Education And Research, Nashik",Nashik,Un-Aided,Autonomous,Autonomous Institute,Autonomous Institute,0512161210,Mechanical Engineering,GSEBCS,66248,79.7946282,Stage I,2025-26,1,785
05121,"K. K. Wagh Institute Of Engineering Education And Research, Nashik",Nashik,Un-Aided,Autonomous,Autonomous Institute,Autonomous Institute,0512161210,Mechanical Engineering,LOPENS,46878,85.9646097,Stage I,2025-26,1,785
05121,"K. K. Wagh Institute Of Engineering Education And Research, Nashik",Nashik,Un-Aided,Autonomous,Autonomous Institute,Autonomous Institute,0512161210,Mechanical Engineering,LSCS,86329,72.7429418,Stage I,2025-26,1,785
05121,"K. K. Wagh Institute Of Engineering Education And Research, Nashik",Nashik,Un-Aided,Autonomous,Autonomous Institute,Autonomous Institute,0512161210,Mechanical Engineering,LSTS,94175,69.8498837,Stage I,2025-26,1,785
05121,"K. K. Wagh Institute Of Engineering Education And Research, Nashik",Nashik,Un-Aided,Autonomous,Autonomous Institute,Autonomous Institute,0512161210,Mechanical Engineering,LVJS,95846,69.0979021,Stage I,2025-26,1,785
05121,"K. K. Wagh Institute Of Engineering Education And Research, Nashik",Nashik,Un-Aided,Autonomous,Autonomous Institute,Autonomous Institute,0512161210,Mechanical Engineering,LNT2S,85331,73.2612864,Stage I,2025-26,1,785
05121,"K. K. Wagh Institute Of Engineering Education And Research, Nashik",Nashik,Un-Aided,Autonomous,Autonomous Institute,Autonomous Institute,0512161210,Mechanical Engineering,LOBCS,54803,83.4924535,Stage I,2025-26,1,785
05121,"K. K. Wagh Institute Of Engineering Education And Research, Nashik",Nashik,Un-Aided,Autonomous,Autonomous Institute,Autonomous Institute,0512161210,Mechanical Engineering,LSEBCS,59362,82.1124479,Stage I,2025-26,1,785
05121,"K. K. Wagh Institute Of Engineering Education And Research, Nashik",Nashik,Un-Aided,Autonomous,Autonomous Institute,Autonomous Institute,0512161210,Mechanical Engineering,DEFOPENS,130385,53.7591782,Stage I,2025-26,1,785
05121,"K. K. Wagh Institute Of Engineering Education And Research, Nashik",Nashik,Un-Aided,Autonomous,Autonomous Institute,Autonomous Institute,0512161210,Mechanical Engineering,DEFOBCS,155475,39.7546871,Stage I,2025-26,1,785
05121,"K. K. Wagh Institute Of Engineering Education And Research, Nashik",Nashik,Un-Aided,Autonomous,Autonomous Institute,Autonomous Institute,0512161210,Mechanical Engineering,TFWS,30057,91.1459607,Stage I,2025-26,1,785
05121,"K. K. Wagh Institute Of Engineering Education And Research, Nashik",Nashik,Un-Aided,Autonomous,Autonomous Institute,Autonomous Institute,0512161210,Mechanical Engineering,EWS,142072,47.7841578,Stage I,2025-26,1,785
05121,"K. K. Wagh Institute Of Engineering Education And Research, Nashik",Nashik,Un-Aided,Autonomous,Autonomous Institute,Autonomous Institute,0512199510,Artificial Intelligence And Data Science,GOPENS,20899,93.9119037,Stage I,2025-26,1,785
05121,"K. K. Wagh Institute Of Engineering Education And Research, Nashik",Nashik,Un-Aided,Autonomous,Autonomous Institute,Autonomous Institute,0512199510,Artificial Intelligence And Data Science,GSCS,47730,85.8501253,Stage I,2025-26,1,785
05121,"K. K. Wagh Institute Of Engineering Education And Research, Nashik",Nashik,Un-Aided,Autonomous,Autonomous Institute,Autonomous Institute,0512199510,Artificial Intelligence And Data Science,GSTS,88493,71.8197195,Stage I,2025-26,1,785
05121,"K. K. Wagh Institute Of Engineering Education And Research, Nashik",Nashik,Un-Aided,Autonomous,Autonomous Institute,Autonomous Institute,0512199510,Artificial Intelligence And Data Science,GVJS,38882,88.5563899,Stage I,2025-26,1,785
05121,"K. K. Wagh Institute Of Engineering Education And Research, Nashik",Nashik,Un-Aided,Autonomous,Autonomous Institute,Autonomous Institute,0512199510,Artificial Intelligence And Data Science,GNT1S,34683,89.8391608,Stage I,2025-26,1,785
05121,"K. K. Wagh Institute Of Engineering Education And Research, Nashik",Nashik,Un-Aided,Autonomous,Autonomous Institute,Autonomous Institute,0512199510,Artificial Intelligence And Data Science,GNT2S,30165,91.082078,Stage I,2025-26,1,785
05121,"K. K. Wagh Institute Of Engineering Education And Research, Nashik",Nashik,Un-Aided,Autonomous,Autonomous Institute,Autonomous Institute,0512199510,Artificial Intelligence And Data Science,GNT3S,21415,93.8107171,Stage I,2025-26,1,785
05121,"K. K. Wagh Institute Of Engineering Education And Research, Nashik",Nashik,Un-Aided,Autonomous,Autonomous Institute,Autonomous Institute,0512199510,Artificial Intelligence And Data Science,GOBCS,21998,93.5907336,Stage I,2025-26,1,785
05121,"K. K. Wagh Institute Of Engineering Education And Research, Nashik",Nashik,Un-Aided,Autonomous,Autonomous Institute,Autonomous Institute,0512199510,Artificial Intelligence And Data Science,GSEBCS,26001,92.4011947,Stage I,2025-26,1,785
05121,"K. K. Wagh Institute Of Engineering Education And Research, Nashik",Nashik,Un-Aided,Autonomous,Autonomous Institute,Autonomous Institute,0512199510,Artificial Intelligence And Data Science,LOPENS,20058,94.1814562,Stage I,2025-26,1,785
05121,"K. K. Wagh Institute Of Engineering Education And Research, Nashik",Nashik,Un-Aided,Autonomous,Autonomous Institute,Autonomous Institute,0512199510,Artificial Intelligence And Data Science,LSCS,36491,89.2727273,Stage I,2025-26,1,785
05121,"K. K. Wagh Institute Of Engineering Education And Research, Nashik",Nashik,Un-Aided,Autonomous,Autonomous Institute,Autonomous Institute,0512199510,Artificial Intelligence And Data Science,LSTS,86995,72.3760958,Stage I,2025-26,1,785
05121,"K. K. Wagh Institute Of Engineering Education And Research, Nashik",Nashik,Un-Aided,Autonomous,Autonomous Institute,Autonomous Institute,0512199510,Artificial Intelligence And Data Science,LNT1S,34705,89.8231024,Stage I,2025-26,1,785
05121,"K. K. Wagh Institute Of Engineering Education And Research, Nashik",Nashik,Un-Aided,Autonomous,Autonomous Institute,Autonomous Institute,0512199510,Artificial Intelligence And Data Science,LNT2S,35734,89.4914664,Stage I,2025-26,1,785
05121,"K. K. Wagh Institute Of Engineering Education And Research, Nashik",Nashik,Un-Aided,Autonomous,Autonomous Institute,Autonomous Institute,0512199510,Artificial Intelligence And Data Science,LOBCS,20841,93.9463602,Stage I,2025-26,1,785
05121,"K. K. Wagh Institute Of Engineering Education And Research, Nashik",Nashik,Un-Aided,Autonomous,Autonomous Institute,Autonomous Institute,0512199510,Artificial Intelligence And Data Science,LSEBCS,28490,91.699564,Stage I,2025-26,1,785
05121,"K. K. Wagh Institute Of Engineering Education And Research, Nashik",Nashik,Un-Aided,Autonomous,Autonomous Institute,Autonomous Institute,0512199510,Artificial Intelligence And Data Science,PWDOPENS,145231,45.9816283,Stage I,2025-26,1,785
05121,"K. K. Wagh Institute Of Engineering Education And Research, Nashik",Nashik,Un-Aided,Autonomous,Autonomous Institute,Autonomous Institute,0512199510,Artificial Intelligence And Data Science,DEFOPENS,32618,90.4142665,Stage I,2025-26,1,785
05121,"K. K. Wagh Institute Of Engineering Education And Research, Nashik",Nashik,Un-Aided,Autonomous,Autonomous Institute,Autonomous Institute,0512199510,Artificial Intelligence And Data Science,DEFSCS,41826,87.6322867,Stage I,2025-26,1,785
05121,"K. K. Wagh Institute Of Engineering Education And Research, Nashik",Nashik,Un-Aided,Autonomous,Autonomous Institute,Autonomous Institute,0512199510,Artificial Intelligence And Data Science,DEFOBCS,41775,87.6322867,Stage I,2025-26,1,785
05121,"K. K. Wagh Institute Of Engineering Education And Research, Nashik",Nashik,Un-Aided,Autonomous,Autonomous Institute,Autonomous Institute,0512199510,Artificial Intelligence And Data Science,TFWS,13244,96.1861934,Stage I,2025-26,1,785
05121,"K. K. Wagh Institute Of Engineering Education And Research, Nashik",Nashik,Un-Aided,Autonomous,Autonomous Institute,Autonomous Institute,0512199510,Artificial Intelligence And Data Science,EWS,37834,88.7823852,Stage I,2025-26,1,785
05125,"Pravara Rural Education Society'S Sir Visvesvaraya Institute Of Technology, Chincholi Dist. Nashik",Nashik,Un-Aided,Non-Autonomous,Savitribai Phule Pune University,Savitribai Phule Pune University,0512524510,Computer Engineering,GOPENH,88477,71.8197195,Stage I,2025-26,1,793
05125,"Pravara Rural Education Society'S Sir Visvesvaraya Institute Of Technology, Chincholi Dist. Nashik",Nashik,Un-Aided,Non-Autonomous,Savitribai Phule Pune University,Savitribai Phule Pune University,0512524510,Computer Engineering,GSCH,138899,49.4020979,Stage I,2025-26,1,793
05125,"Pravara Rural Education Society'S Sir Visvesvaraya Institute Of Technology, Chincholi Dist. Nashik",Nashik,Un-Aided,Non-Autonomous,Savitribai Phule Pune University,Savitribai Phule Pune University,0512524510,Computer Engineering,GVJH,155611,39.7546871,Stage I,2025-26,1,793
05125,"Pravara Rural Education Society'S Sir Visvesvaraya Institute Of Technology, Chincholi Dist. Nashik",Nashik,Un-Aided,Non-Autonomous,Savitribai Phule Pune University,Savitribai Phule Pune University,0512524510,Computer Engineering,GNT2H,98805,68.1164395,Stage I,2025-26,1,793
05125,"Pravara Rural Education Society'S Sir Visvesvaraya Institute Of Technology, Chincholi Dist. Nashik",Nashik,Un-Aided,Non-Autonomous,Savitribai Phule Pune University,Savitribai Phule Pune University,0512524510,Computer Engineering,GOBCH,96787,68.8687467,Stage I,2025-26,1,793
05125,"Pravara Rural Education Society'S Sir Visvesvaraya Institute Of Technology, Chincholi Dist. Nashik",Nashik,Un-Aided,Non-Autonomous,Savitribai Phule Pune University,Savitribai Phule Pune University,0512524510,Computer Engineering,GSEBCH,139583,49.3416227,Stage I,2025-26,1,793
05125,"Pravara Rural Education Society'S Sir Visvesvaraya Institute Of Technology, Chincholi Dist. Nashik",Nashik,Un-Aided,Non-Autonomous,Savitribai Phule Pune University,Savitribai Phule Pune University,0512524510,Computer Engineering,LOPENH,83295,73.6345056,Stage I,2025-26,1,793
05125,"Pravara Rural Education Society'S Sir Visvesvaraya Institute Of Technology, Chincholi Dist. Nashik",Nashik,Un-Aided,Non-Autonomous,Savitribai Phule Pune University,Savitribai Phule Pune University,0512524510,Computer Engineering,LSCH,108840,63.5767823,Stage I,2025-26,1,793
05125,"Pravara Rural Education Society'S Sir Visvesvaraya Institute Of Technology, Chincholi Dist. Nashik",Nashik,Un-Aided,Non-Autonomous,Savitribai Phule Pune University,Savitribai Phule Pune University,0512524510,Computer Engineering,LNT1H,201579,3.0019522,Stage I,2025-26,1,793
05125,"Pravara Rural Education Society'S Sir Visvesvaraya Institute Of Technology, Chincholi Dist. Nashik",Nashik,Un-Aided,Non-Autonomous,Savitribai Phule Pune University,Savitribai Phule Pune University,0512524510,Computer Engineering,LOBCH,89348,71.5830116,Stage I,2025-26,1,793
05125,"Pravara Rural Education Society'S Sir Visvesvaraya Institute Of Technology, Chincholi Dist. Nashik",Nashik,Un-Aided,Non-Autonomous,Savitribai Phule Pune University,Savitribai Phule Pune University,0512524510,Computer Engineering,LSEBCH,163888,35.4407253,Stage I,2025-26,1,793
05125,"Pravara Rural Education Society'S Sir Visvesvaraya Institute Of Technology, Chincholi Dist. Nashik",Nashik,Un-Aided,Non-Autonomous,Savitribai Phule Pune University,Savitribai Phule Pune University,0512524510,Computer Engineering,GSTH,186126,18.1456181,Stage I,2025-26,1,793
05125,"Pravara Rural Education Society'S Sir Visvesvaraya Institute Of Technology, Chincholi Dist. Nashik",Nashik,Un-Aided,Non-Autonomous,Savitribai Phule Pune University,Savitribai Phule Pune University,0512524510,Computer Engineering,GOPENO,75701,76.7694659,Stage I,2025-26,1,793
05125,"Pravara Rural Education Society'S Sir Visvesvaraya Institute Of Technology, Chincholi Dist. Nashik",Nashik,Un-Aided,Non-Autonomous,Savitribai Phule Pune University,Savitribai Phule Pune University,0512524510,Computer Engineering,GSCO,109334,63.4714222,Stage I,2025-26,1,793
05125,"Pravara Rural Education Society'S Sir Visvesvaraya Institute Of Technology, Chincholi Dist. Nashik",Nashik,Un-Aided,Non-Autonomous,Savitribai Phule Pune University,Savitribai Phule Pune University,0512524510,Computer Engineering,GSTO,178589,24.6987745,Stage I,2025-26,1,793
05125,"Pravara Rural Education Society'S Sir Visvesvaraya Institute Of Technology, Chincholi Dist. Nashik",Nashik,Un-Aided,Non-Autonomous,Savitribai Phule Pune University,Savitribai Phule Pune University,0512524510,Computer Engineering,GVJO,88308,71.8197195,Stage I,2025-26,1,793
05125,"Pravara Rural Education Society'S Sir Visvesvaraya Institute Of Technology, Chincholi Dist. Nashik",Nashik,Un-Aided,Non-Autonomous,Savitribai Phule Pune University,Savitribai Phule Pune University,0512524510,Computer Engineering,GNT3O,92905,70.2628092,Stage I,2025-26,1,793
05125,"Pravara Rural Education Society'S Sir Visvesvaraya Institute Of Technology, Chincholi Dist. Nashik",Nashik,Un-Aided,Non-Autonomous,Savitribai Phule Pune University,Savitribai Phule Pune University,0512524510,Computer Engineering,GOBCO,76975,75.8001957,Stage I,2025-26,1,793
05125,"Pravara Rural Education Society'S Sir Visvesvaraya Institute Of Technology, Chincholi Dist. Nashik",Nashik,Un-Aided,Non-Autonomous,Savitribai Phule Pune University,Savitribai Phule Pune University,0512524510,Computer Engineering,LOPENO,66887,79.6986029,Stage I,2025-26,1,793
05125,"Pravara Rural Education Society'S Sir Visvesvaraya Institute Of Technology, Chincholi Dist. Nashik",Nashik,Un-Aided,Non-Autonomous,Savitribai Phule Pune University,Savitribai Phule Pune University,0512524510,Computer Engineering,LOBCO,81720,74.5404987,Stage I,2025-26,1,793
05125,"Pravara Rural Education Society'S Sir Visvesvaraya Institute Of Technology, Chincholi Dist. Nashik",Nashik,Un-Aided,Non-Autonomous,Savitribai Phule Pune University,Savitribai Phule Pune University,0512524510,Computer Engineering,LSEBCO,76766,76.2716859,Stage I,2025-26,1,793
05125,"Pravara Rural Education Society'S Sir Visvesvaraya Institute Of Technology, Chincholi Dist. Nashik",Nashik,Un-Aided,Non-Autonomous,Savitribai Phule Pune University,Savitribai Phule Pune University,0512524510,Computer Engineering,TFWS,72930,77.2287062,Stage I,2025-26,1,793
05125,"Pravara Rural Education Society'S Sir Visvesvaraya Institute Of Technology, Chincholi Dist. Nashik",Nashik,Un-Aided,Non-Autonomous,Savitribai Phule Pune University,Savitribai Phule Pune University,0512524510,Computer Engineering,EWS,167638,32.1650475,Stage I,2025-26,1,793
05125,"Pravara Rural Education Society'S Sir Visvesvaraya Institute Of Technology, Chincholi Dist. Nashik",Nashik,Un-Aided,Non-Autonomous,Savitribai Phule Pune University,Savitribai Phule Pune University,0512524610,Information Technology,GOPENH,101554,66.9039004,Stage I,2025-26,1,794
05125,"Pravara Rural Education Society'S Sir Visvesvaraya Institute Of Technology, Chincholi Dist. Nashik",Nashik,Un-Aided,Non-Autonomous,Savitribai Phule Pune University,Savitribai Phule Pune University,0512524610,Information Technology,GSCH,173003,28.4151863,Stage I,2025-26,1,794
05125,"Pravara Rural Education Society'S Sir Visvesvaraya Institute Of Technology, Chincholi Dist. Nashik",Nashik,Un-Aided,Non-Autonomous,Savitribai Phule Pune University,Savitribai Phule Pune University,0512524610,Information Technology,GNT1H,135485,50.9683037,Stage I,2025-26,1,794
05125,"Pravara Rural Education Society'S Sir Visvesvaraya Institute Of Technology, Chincholi Dist. Nashik",Nashik,Un-Aided,Non-Autonomous,Savitribai Phule Pune University,Savitribai Phule Pune University,0512524610,Information Technology,GNT2H,104475,65.6692751,Stage I,2025-26,1,794
05125,"Pravara Rural Education Society'S Sir Visvesvaraya Institute Of Technology, Chincholi Dist. Nashik",Nashik,Un-Aided,Non-Autonomous,Savitribai Phule Pune University,Savitribai Phule Pune University,0512524610,Information Technology,GNT3H,107707,64.2631037,Stage I,2025-26,1,794
05125,"Pravara Rural Education Society'S Sir Visvesvaraya Institute Of Technology, Chincholi Dist. Nashik",Nashik,Un-Aided,Non-Autonomous,Savitribai Phule Pune University,Savitribai Phule Pune University,0512524610,Information Technology,GOBCH,108048,63.8244514,Stage I,2025-26,1,794
05125,"Pravara Rural Education Society'S Sir Visvesvaraya Institute Of Technology, Chincholi Dist. Nashik",Nashik,Un-Aided,Non-Autonomous,Savitribai Phule Pune University,Savitribai Phule Pune University,0512524610,Information Technology,GSEBCH,158690,38.3392226,Stage I,2025-26,1,794
05125,"Pravara Rural Education Society'S Sir Visvesvaraya Institute Of Technology, Chincholi Dist. Nashik",Nashik,Un-Aided,Non-Autonomous,Savitribai Phule Pune University,Savitribai Phule Pune University,0512524610,Information Technology,LOPENH,93987,69.8498837,Stage I,2025-26,1,794
05125,"Pravara Rural Education Society'S Sir Visvesvaraya Institute Of Technology, Chincholi Dist. Nashik",Nashik,Un-Aided,Non-Autonomous,Savitribai Phule Pune University,Savitribai Phule Pune University,0512524610,Information Technology,LSCH,172899,28.4151863,Stage I,2025-26,1,794
05125,"Pravara Rural Education Society'S Sir Visvesvaraya Institute Of Technology, Chincholi Dist. Nashik",Nashik,Un-Aided,Non-Autonomous,Savitribai Phule Pune University,Savitribai Phule Pune University,0512524610,Information Technology,LOBCH,98272,68.2382408,Stage I,2025-26,1,794
05125,"Pravara Rural Education Society'S Sir Visvesvaraya Institute Of Technology, Chincholi Dist. Nashik",Nashik,Un-Aided,Non-Autonomous,Savitribai Phule Pune University,Savitribai Phule Pune University,0512524610,Information Technology,GVJH,109208,63.4714222,Stage I,2025-26,1,794
05125,"Pravara Rural Education Society'S Sir Visvesvaraya Institute Of Technology, Chincholi Dist. Nashik",Nashik,Un-Aided,Non-Autonomous,Savitribai Phule Pune University,Savitribai Phule Pune University,0512524610,Information Technology,LSEBCH,123745,57.0133407,Stage I,2025-26,1,794
05125,"Pravara Rural Education Society'S Sir Visvesvaraya Institute Of Technology, Chincholi Dist. Nashik",Nashik,Un-Aided,Non-Autonomous,Savitribai Phule Pune University,Savitribai Phule Pune University,0512524610,Information Technology,GOPENO,84212,73.5570613,Stage I,2025-26,1,794
05125,"Pravara Rural Education Society'S Sir Visvesvaraya Institute Of Technology, Chincholi Dist. Nashik",Nashik,Un-Aided,Non-Autonomous,Savitribai Phule Pune University,Savitribai Phule Pune University,0512524610,Information Technology,GSCO,123676,57.0133407,Stage I,2025-26,1,794
05125,"Pravara Rural Education Society'S Sir Visvesvaraya Institute Of Technology, Chincholi Dist. Nashik",Nashik,Un-Aided,Non-Autonomous,Savitribai Phule Pune University,Savitribai Phule Pune University,0512524610,Information Technology,GNT2O,141960,47.7841578,Stage I,2025-26,1,794
05125,"Pravara Rural Education Society'S Sir Visvesvaraya Institute Of Technology, Chincholi Dist. Nashik",Nashik,Un-Aided,Non-Autonomous,Savitribai Phule Pune University,Savitribai Phule Pune University,0512524610,Information Technology,GOBCO,94987,69.4561708,Stage I,2025-26,1,794
05125,"Pravara Rural Education Society'S Sir Visvesvaraya Institute Of Technology, Chincholi Dist. Nashik",Nashik,Un-Aided,Non-Autonomous,Savitribai Phule Pune University,Savitribai Phule Pune University,0512524610,Information Technology,GSEBCO,93331,70.2033567,Stage I,2025-26,1,794
05125,"Pravara Rural Education Society'S Sir Visvesvaraya Institute Of Technology, Chincholi Dist. Nashik",Nashik,Un-Aided,Non-Autonomous,Savitribai Phule Pune University,Savitribai Phule Pune University,0512524610,Information Technology,LOPENO,72306,77.9513058,Stage I,2025-26,1,794
05125,"Pravara Rural Education Society'S Sir Visvesvaraya Institute Of Technology, Chincholi Dist. Nashik",Nashik,Un-Aided,Non-Autonomous,Savitribai Phule Pune University,Savitribai Phule Pune University,0512524610,Information Technology,LSCO,98028,68.3753318,Stage I,2025-26,1,794
05125,"Pravara Rural Education Society'S Sir Visvesvaraya Institute Of Technology, Chincholi Dist. Nashik",Nashik,Un-Aided,Non-Autonomous,Savitribai Phule Pune University,Savitribai Phule Pune University,0512524610,Information Technology,LOBCO,78394,75.4880541,Stage I,2025-26,1,794
05125,"Pravara Rural Education Society'S Sir Visvesvaraya Institute Of Technology, Chincholi Dist. Nashik",Nashik,Un-Aided,Non-Autonomous,Savitribai Phule Pune University,Savitribai Phule Pune University,0512524610,Information Technology,DEFOPENS,142574,47.3563218,Stage I,2025-26,1,794
05125,"Pravara Rural Education Society'S Sir Visvesvaraya Institute Of Technology, Chincholi Dist. Nashik",Nashik,Un-Aided,Non-Autonomous,Savitribai Phule Pune University,Savitribai Phule Pune University,0512524610,Information Technology,TFWS,79102,75.3562654,Stage I,2025-26,1,794
05125,"Pravara Rural Education Society'S Sir Visvesvaraya Institute Of Technology, Chincholi Dist. Nashik",Nashik,Un-Aided,Non-Autonomous,Savitribai Phule Pune University,Savitribai Phule Pune University,0512550710,Chemical Engineering,GOPENH,134298,51.7009371,Stage I,2025-26,1,795
05125,"Pravara Rural Education Society'S Sir Visvesvaraya Institute Of Technology, Chincholi Dist. Nashik",Nashik,Un-Aided,Non-Autonomous,Savitribai Phule Pune University,Savitribai Phule Pune University,0512550710,Chemical Engineering,GNT1H,156650,39.3601986,Stage I,2025-26,1,795
05125,"Pravara Rural Education Society'S Sir Visvesvaraya Institute Of Technology, Chincholi Dist. Nashik",Nashik,Un-Aided,Non-Autonomous,Savitribai Phule Pune University,Savitribai Phule Pune University,0512550710,Chemical Engineering,GNT2H,147032,45.2322221,Stage I,2025-26,1,795
05125,"Pravara Rural Education Society'S Sir Visvesvaraya Institute Of Technology, Chincholi Dist. Nashik",Nashik,Un-Aided,Non-Autonomous,Savitribai Phule Pune University,Savitribai Phule Pune University,0512550710,Chemical Engineering,GOBCH,141278,47.8905633,Stage I,2025-26,1,795
05125,"Pravara Rural Education Society'S Sir Visvesvaraya Institute Of Technology, Chincholi Dist. Nashik",Nashik,Un-Aided,Non-Autonomous,Savitribai Phule Pune University,Savitribai Phule Pune University,0512550710,Chemical Engineering,GSEBCH,174033,28.2789485,Stage I,2025-26,1,795
05125,"Pravara Rural Education Society'S Sir Visvesvaraya Institute Of Technology, Chincholi Dist. Nashik",Nashik,Un-Aided,Non-Autonomous,Savitribai Phule Pune University,Savitribai Phule Pune University,0512550710,Chemical Engineering,LOPENH,132092,53.2228937,Stage I,2025-26,1,795
05125,"Pravara Rural Education Society'S Sir Visvesvaraya Institute Of Technology, Chincholi Dist. Nashik",Nashik,Un-Aided,Non-Autonomous,Savitribai Phule Pune University,Savitribai Phule Pune University,0512550710,Chemical Engineering,LSCH,183125,20.6428039,Stage I,2025-26,1,795
05125,"Pravara Rural Education Society'S Sir Visvesvaraya Institute Of Technology, Chincholi Dist. Nashik",Nashik,Un-Aided,Non-Autonomous,Savitribai Phule Pune University,Savitribai Phule Pune University,0512550710,Chemical Engineering,LNT2H,175196,25.9873754,Stage I,2025-26,1,795
05125,"Pravara Rural Education Society'S Sir Visvesvaraya Institute Of Technology, Chincholi Dist. Nashik",Nashik,Un-Aided,Non-Autonomous,Savitribai Phule Pune University,Savitribai Phule Pune University,0512550710,Chemical Engineering,LNT3H,140852,48.5587427,Stage I,2025-26,1,795
05125,"Pravara Rural Education Society'S Sir Visvesvaraya Institute Of Technology, Chincholi Dist. Nashik",Nashik,Un-Aided,Non-Autonomous,Savitribai Phule Pune University,Savitribai Phule Pune University,0512550710,Chemical Engineering,LOBCH,132386,52.8806012,Stage I,2025-26,1,795
05125,"Pravara Rural Education Society'S Sir Visvesvaraya Institute Of Technology, Chincholi Dist. Nashik",Nashik,Un-Aided,Non-Autonomous,Savitribai Phule Pune University,Savitribai Phule Pune University,0512550710,Chemical Engineering,LSEBCH,191749,13.2656066,Stage I,2025-26,1,795
05125,"Pravara Rural Education Society'S Sir Visvesvaraya Institute Of Technology, Chincholi Dist. Nashik",Nashik,Un-Aided,Non-Autonomous,Savitribai Phule Pune University,Savitribai Phule Pune University,0512550710,Chemical Engineering,GSEBCH,106746,64.3871019,Stage I,2025-26,1,795
05125,"Pravara Rural Education Society'S Sir Visvesvaraya Institute Of Technology, Chincholi Dist. Nashik",Nashik,Un-Aided,Non-Autonomous,Savitribai Phule Pune University,Savitribai Phule Pune University,0512550710,Chemical Engineering,LVJH,189930,14.9055715,Stage II,2025-26,1,795
05125,"Pravara Rural Education Society'S Sir Visvesvaraya Institute Of Technology, Chincholi Dist. Nashik",Nashik,Un-Aided,Non-Autonomous,Savitribai Phule Pune University,Savitribai Phule Pune University,0512550710,Chemical Engineering,GOPENO,103536,66.1695365,Stage I,2025-26,1,795
05125,"Pravara Rural Education Society'S Sir Visvesvaraya Institute Of Technology, Chincholi Dist. Nashik",Nashik,Un-Aided,Non-Autonomous,Savitribai Phule Pune University,Savitribai Phule Pune University,0512550710,Chemical Engineering,GNT1O,124374,56.8426573,Stage I,2025-26,1,795
05125,"Pravara Rural Education Society'S Sir Visvesvaraya Institute Of Technology, Chincholi Dist. Nashik",Nashik,Un-Aided,Non-Autonomous,Savitribai Phule Pune University,Savitribai Phule Pune University,0512550710,Chemical Engineering,GOBCO,120021,58.8525307,Stage I,2025-26,1,795
05125,"Pravara Rural Education Society'S Sir Visvesvaraya Institute Of Technology, Chincholi Dist. Nashik",Nashik,Un-Aided,Non-Autonomous,Savitribai Phule Pune University,Savitribai Phule Pune University,0512550710,Chemical Engineering,GSEBCO,168292,32.0884521,Stage I,2025-26,1,795
05125,"Pravara Rural Education Society'S Sir Visvesvaraya Institute Of Technology, Chincholi Dist. Nashik",Nashik,Un-Aided,Non-Autonomous,Savitribai Phule Pune University,Savitribai Phule Pune University,0512550710,Chemical Engineering,LOPENO,100271,67.217709,Stage I,2025-26,1,795
05125,"Pravara Rural Education Society'S Sir Visvesvaraya Institute Of Technology, Chincholi Dist. Nashik",Nashik,Un-Aided,Non-Autonomous,Savitribai Phule Pune University,Savitribai Phule Pune University,0512550710,Chemical Engineering,LSCO,152123,42.6339209,Stage I,2025-26,1,795
05125,"Pravara Rural Education Society'S Sir Visvesvaraya Institute Of Technology, Chincholi Dist. Nashik",Nashik,Un-Aided,Non-Autonomous,Savitribai Phule Pune University,Savitribai Phule Pune University,0512550710,Chemical Engineering,LSEBCO,137323,50.4913264,Stage I,2025-26,1,795
05125,"Pravara Rural Education Society'S Sir Visvesvaraya Institute Of Technology, Chincholi Dist. Nashik",Nashik,Un-Aided,Non-Autonomous,Savitribai Phule Pune University,Savitribai Phule Pune University,0512550710,Chemical Engineering,TFWS,107321,64.3453843,Stage I,2025-26,1,795
05125,"Pravara Rural Education Society'S Sir Visvesvaraya Institute Of Technology, Chincholi Dist. Nashik",Nashik,Un-Aided,Non-Autonomous,Savitribai Phule Pune University,Savitribai Phule Pune University,0512584410,Electronics And Computer Engineering,GOPENH,123442,57.4017459,Stage I,2025-26,1,796
05125,"Pravara Rural Education Society'S Sir Visvesvaraya Institute Of Technology, Chincholi Dist. Nashik",Nashik,Un-Aided,Non-Autonomous,Savitribai Phule Pune University,Savitribai Phule Pune University,0512584410,Electronics And Computer Engineering,GSCH,176488,25.5643537,Stage I,2025-26,1,796
05125,"Pravara Rural Education Society'S Sir Visvesvaraya Institute Of Technology, Chincholi Dist. Nashik",Nashik,Un-Aided,Non-Autonomous,Savitribai Phule Pune University,Savitribai Phule Pune University,0512584410,Electronics And Computer Engineering,GNT2H,167840,32.1281783,Stage I,2025-26,1,796
05125,"Pravara Rural Education Society'S Sir Visvesvaraya Institute Of Technology, Chincholi Dist. Nashik",Nashik,Un-Aided,Non-Autonomous,Savitribai Phule Pune University,Savitribai Phule Pune University,0512584410,Electronics And Computer Engineering,GNT3H,139461,49.3416227,Stage I,2025-26,1,796
05125,"Pravara Rural Education Society'S Sir Visvesvaraya Institute Of Technology, Chincholi Dist. Nashik",Nashik,Un-Aided,Non-Autonomous,Savitribai Phule Pune University,Savitribai Phule Pune University,0512584410,Electronics And Computer Engineering,GOBCH,131797,53.2657343,Stage I,2025-26,1,796
05125,"Pravara Rural Education Society'S Sir Visvesvaraya Institute Of Technology, Chincholi Dist. Nashik",Nashik,Un-Aided,Non-Autonomous,Savitribai Phule Pune University,Savitribai Phule Pune University,0512584410,Electronics And Computer Engineering,LOPENH,115496,60.634478,Stage I,2025-26,1,796
05125,"Pravara Rural Education Society'S Sir Visvesvaraya Institute Of Technology, Chincholi Dist. Nashik",Nashik,Un-Aided,Non-Autonomous,Savitribai Phule Pune University,Savitribai Phule Pune University,0512584410,Electronics And Computer Engineering,LNT1H,168023,32.1281783,Stage I,2025-26,1,796
05125,"Pravara Rural Education Society'S Sir Visvesvaraya Institute Of Technology, Chincholi Dist. Nashik",Nashik,Un-Aided,Non-Autonomous,Savitribai Phule Pune University,Savitribai Phule Pune University,0512584410,Electronics And Computer Engineering,LOBCH,122087,57.6249683,Stage I,2025-26,1,796
05125,"Pravara Rural Education Society'S Sir Visvesvaraya Institute Of Technology, Chincholi Dist. Nashik",Nashik,Un-Aided,Non-Autonomous,Savitribai Phule Pune University,Savitribai Phule Pune University,0512584410,Electronics And Computer Engineering,LSEBCH,181314,22.035802,Stage I,2025-26,1,796
05125,"Pravara Rural Education Society'S Sir Visvesvaraya Institute Of Technology, Chincholi Dist. Nashik",Nashik,Un-Aided,Non-Autonomous,Savitribai Phule Pune University,Savitribai Phule Pune University,0512584410,Electronics And Computer Engineering,GSCH,168251,32.0884521,Stage I,2025-26,1,796
05125,"Pravara Rural Education Society'S Sir Visvesvaraya Institute Of Technology, Chincholi Dist. Nashik",Nashik,Un-Aided,Non-Autonomous,Savitribai Phule Pune University,Savitribai Phule Pune University,0512584410,Electronics And Computer Engineering,GVJH,176972,25.4595013,Stage I,2025-26,1,796
05125,"Pravara Rural Education Society'S Sir Visvesvaraya Institute Of Technology, Chincholi Dist. Nashik",Nashik,Un-Aided,Non-Autonomous,Savitribai Phule Pune University,Savitribai Phule Pune University,0512584410,Electronics And Computer Engineering,GSEBCH,165003,33.465035,Stage I,2025-26,1,796
05125,"Pravara Rural Education Society'S Sir Visvesvaraya Institute Of Technology, Chincholi Dist. Nashik",Nashik,Un-Aided,Non-Autonomous,Savitribai Phule Pune University,Savitribai Phule Pune University,0512584410,Electronics And Computer Engineering,LSCH,186858,17.6786167,Stage II,2025-26,1,796
05125,"Pravara Rural Education Society'S Sir Visvesvaraya Institute Of Technology, Chincholi Dist. Nashik",Nashik,Un-Aided,Non-Autonomous,Savitribai Phule Pune University,Savitribai Phule Pune University,0512584410,Electronics And Computer Engineering,GOPENO,107920,63.8244514,Stage I,2025-26,1,796
05125,"Pravara Rural Education Society'S Sir Visvesvaraya Institute Of Technology, Chincholi Dist. Nashik",Nashik,Un-Aided,Non-Autonomous,Savitribai Phule Pune University,Savitribai Phule Pune University,0512584410,Electronics And Computer Engineering,GSCO,178569,24.6987745,Stage I,2025-26,1,796
05125,"Pravara Rural Education Society'S Sir Visvesvaraya Institute Of Technology, Chincholi Dist. Nashik",Nashik,Un-Aided,Non-Autonomous,Savitribai Phule Pune University,Savitribai Phule Pune University,0512584410,Electronics And Computer Engineering,GOBCO,111118,62.918458,Stage I,2025-26,1,796
05125,"Pravara Rural Education Society'S Sir Visvesvaraya Institute Of Technology, Chincholi Dist. Nashik",Nashik,Un-Aided,Non-Autonomous,Savitribai Phule Pune University,Savitribai Phule Pune University,0512584410,Electronics And Computer Engineering,GSEBCO,116569,60.422115,Stage I,2025-26,1,796
05125,"Pravara Rural Education Society'S Sir Visvesvaraya Institute Of Technology, Chincholi Dist. Nashik",Nashik,Un-Aided,Non-Autonomous,Savitribai Phule Pune University,Savitribai Phule Pune University,0512584410,Electronics And Computer Engineering,LOPENO,92336,70.507201,Stage I,2025-26,1,796
05125,"Pravara Rural Education Society'S Sir Visvesvaraya Institute Of Technology, Chincholi Dist. Nashik",Nashik,Un-Aided,Non-Autonomous,Savitribai Phule Pune University,Savitribai Phule Pune University,0512584410,Electronics And Computer Engineering,LNT2O,189567,15.1144829,Stage I,2025-26,1,796
05125,"Pravara Rural Education Society'S Sir Visvesvaraya Institute Of Technology, Chincholi Dist. Nashik",Nashik,Un-Aided,Non-Autonomous,Savitribai Phule Pune University,Savitribai Phule Pune University,0512584410,Electronics And Computer Engineering,TFWS,108161,63.8244514,Stage I,2025-26,1,796
05130,"Brahma Valley College Of Engineering & Research, Trimbakeshwar, Nashik",Nashik,Un-Aided,Non-Autonomous,Savitribai Phule Pune University,Savitribai Phule Pune University,0513019110,Civil Engineering,GOPENH,144685,46.6242967,Stage I,2025-26,1,797
05130,"Brahma Valley College Of Engineering & Research, Trimbakeshwar, Nashik",Nashik,Un-Aided,Non-Autonomous,Savitribai Phule Pune University,Savitribai Phule Pune University,0513019110,Civil Engineering,GSCH,203433,0.4702194,Stage I,2025-26,1,797
05130,"Brahma Valley College Of Engineering & Research, Trimbakeshwar, Nashik",Nashik,Un-Aided,Non-Autonomous,Savitribai Phule Pune University,Savitribai Phule Pune University,0513019110,Civil Engineering,GSTH,175897,25.7272727,Stage I,2025-26,1,797
05130,"Brahma Valley College Of Engineering & Research, Trimbakeshwar, Nashik",Nashik,Un-Aided,Non-Autonomous,Savitribai Phule Pune University,Savitribai Phule Pune University,0513019110,Civil Engineering,GOBCH,155030,39.902473,Stage I,2025-26,1,797
05130,"Brahma Valley College Of Engineering & Research, Trimbakeshwar, Nashik",Nashik,Un-Aided,Non-Autonomous,Savitribai Phule Pune University,Savitribai Phule Pune University,0513019110,Civil Engineering,GSEBCH,189776,14.9055715,Stage I,2025-26,1,797
05130,"Brahma Valley College Of Engineering & Research, Trimbakeshwar, Nashik",Nashik,Un-Aided,Non-Autonomous,Savitribai Phule Pune University,Savitribai Phule Pune University,0513019110,Civil Engineering,LOPENH,168478,32.0008834,Stage I,2025-26,1,797
05130,"Brahma Valley College Of Engineering & Research, Trimbakeshwar, Nashik",Nashik,Un-Aided,Non-Autonomous,Savitribai Phule Pune University,Savitribai Phule Pune University,0513019110,Civil Engineering,LSCH,202748,1.4760019,Stage I,2025-26,1,797
05130,"Brahma Valley College Of Engineering & Research, Trimbakeshwar, Nashik",Nashik,Un-Aided,Non-Autonomous,Savitribai Phule Pune University,Savitribai Phule Pune University,0513019110,Civil Engineering,LOBCH,187986,16.5215865,Stage I,2025-26,1,797
05130,"Brahma Valley College Of Engineering & Research, Trimbakeshwar, Nashik",Nashik,Un-Aided,Non-Autonomous,Savitribai Phule Pune University,Savitribai Phule Pune University,0513019110,Civil Engineering,GNT2H,175420,25.968356,Stage I,2025-26,1,797
05130,"Brahma Valley College Of Engineering & Research, Trimbakeshwar, Nashik",Nashik,Un-Aided,Non-Autonomous,Savitribai Phule Pune University,Savitribai Phule Pune University,0513019110,Civil Engineering,GSEBCH,160944,36.1161649,Stage I,2025-26,1,797
05130,"Brahma Valley College Of Engineering & Research, Trimbakeshwar, Nashik",Nashik,Un-Aided,Non-Autonomous,Savitribai Phule Pune University,Savitribai Phule Pune University,0513019110,Civil Engineering,GOPENO,109910,63.3986014,Stage I,2025-26,1,797
05130,"Brahma Valley College Of Engineering & Research, Trimbakeshwar, Nashik",Nashik,Un-Aided,Non-Autonomous,Savitribai Phule Pune University,Savitribai Phule Pune University,0513019110,Civil Engineering,GNT3O,150223,43.1964993,Stage I,2025-26,1,797
05130,"Brahma Valley College Of Engineering & Research, Trimbakeshwar, Nashik",Nashik,Un-Aided,Non-Autonomous,Savitribai Phule Pune University,Savitribai Phule Pune University,0513019110,Civil Engineering,GOBCO,155365,39.902473,Stage I,2025-26,1,797
05130,"Brahma Valley College Of Engineering & Research, Trimbakeshwar, Nashik",Nashik,Un-Aided,Non-Autonomous,Savitribai Phule Pune University,Savitribai Phule Pune University,0513019110,Civil Engineering,GSEBCO,157604,39.2328654,Stage I,2025-26,1,797
05130,"Brahma Valley College Of Engineering & Research, Trimbakeshwar, Nashik",Nashik,Un-Aided,Non-Autonomous,Savitribai Phule Pune University,Savitribai Phule Pune University,0513019110,Civil Engineering,LOPENO,168504,32.0008834,Stage I,2025-26,1,797
05130,"Brahma Valley College Of Engineering & Research, Trimbakeshwar, Nashik",Nashik,Un-Aided,Non-Autonomous,Savitribai Phule Pune University,Savitribai Phule Pune University,0513019110,Civil Engineering,LSCO,177763,24.9543245,Stage I,2025-26,1,797
05130,"Brahma Valley College Of Engineering & Research, Trimbakeshwar, Nashik",Nashik,Un-Aided,Non-Autonomous,Savitribai Phule Pune University,Savitribai Phule Pune University,0513019110,Civil Engineering,LOBCO,172686,28.6767287,Stage I,2025-26,1,797
05130,"Brahma Valley College Of Engineering & Research, Trimbakeshwar, Nashik",Nashik,Un-Aided,Non-Autonomous,Savitribai Phule Pune University,Savitribai Phule Pune University,0513019110,Civil Engineering,TFWS,146871,45.2322221,Stage I,2025-26,1,797
05130,"Brahma Valley College Of Engineering & Research, Trimbakeshwar, Nashik",Nashik,Un-Aided,Non-Autonomous,Savitribai Phule Pune University,Savitribai Phule Pune University,0513024510,Computer Engineering,GOPENH,108751,63.5767823,Stage I,2025-26,1,798
05130,"Brahma Valley College Of Engineering & Research, Trimbakeshwar, Nashik",Nashik,Un-Aided,Non-Autonomous,Savitribai Phule Pune University,Savitribai Phule Pune University,0513024510,Computer Engineering,GSCH,148206,43.9154166,Stage I,2025-26,1,798
05130,"Brahma Valley College Of Engineering & Research, Trimbakeshwar, Nashik",Nashik,Un-Aided,Non-Autonomous,Savitribai Phule Pune University,Savitribai Phule Pune University,0513024510,Computer Engineering,GSTH,156086,39.6653303,Stage I,2025-26,1,798
05130,"Brahma Valley College Of Engineering & Research, Trimbakeshwar, Nashik",Nashik,Un-Aided,Non-Autonomous,Savitribai Phule Pune University,Savitribai Phule Pune University,0513024510,Computer Engineering,GVJH,179485,22.9939635,Stage I,2025-26,1,798
05130,"Brahma Valley College Of Engineering & Research, Trimbakeshwar, Nashik",Nashik,Un-Aided,Non-Autonomous,Savitribai Phule Pune University,Savitribai Phule Pune University,0513024510,Computer Engineering,GNT3H,118687,59.2797111,Stage I,2025-26,1,798
05130,"Brahma Valley College Of Engineering & Research, Trimbakeshwar, Nashik",Nashik,Un-Aided,Non-Autonomous,Savitribai Phule Pune University,Savitribai Phule Pune University,0513024510,Computer Engineering,GOBCH,112376,62.1365556,Stage I,2025-26,1,798
05130,"Brahma Valley College Of Engineering & Research, Trimbakeshwar, Nashik",Nashik,Un-Aided,Non-Autonomous,Savitribai Phule Pune University,Savitribai Phule Pune University,0513024510,Computer Engineering,GSEBCH,182102,21.5882968,Stage I,2025-26,1,798
05130,"Brahma Valley College Of Engineering & Research, Trimbakeshwar, Nashik",Nashik,Un-Aided,Non-Autonomous,Savitribai Phule Pune University,Savitribai Phule Pune University,0513024510,Computer Engineering,LOPENH,96343,68.9620341,Stage I,2025-26,1,798
05130,"Brahma Valley College Of Engineering & Research, Trimbakeshwar, Nashik",Nashik,Un-Aided,Non-Autonomous,Savitribai Phule Pune University,Savitribai Phule Pune University,0513024510,Computer Engineering,LSCH,172262,28.9513426,Stage I,2025-26,1,798
05130,"Brahma Valley College Of Engineering & Research, Trimbakeshwar, Nashik",Nashik,Un-Aided,Non-Autonomous,Savitribai Phule Pune University,Savitribai Phule Pune University,0513024510,Computer Engineering,LSTH,164191,35.1590106,Stage I,2025-26,1,798
05130,"Brahma Valley College Of Engineering & Research, Trimbakeshwar, Nashik",Nashik,Un-Aided,Non-Autonomous,Savitribai Phule Pune University,Savitribai Phule Pune University,0513024510,Computer Engineering,LOBCH,108165,63.8244514,Stage I,2025-26,1,798
05130,"Brahma Valley College Of Engineering & Research, Trimbakeshwar, Nashik",Nashik,Un-Aided,Non-Autonomous,Savitribai Phule Pune University,Savitribai Phule Pune University,0513024510,Computer Engineering,LSEBCH,128340,54.5872518,Stage I,2025-26,1,798
05130,"Brahma Valley College Of Engineering & Research, Trimbakeshwar, Nashik",Nashik,Un-Aided,Non-Autonomous,Savitribai Phule Pune University,Savitribai Phule Pune University,0513024510,Computer Engineering,GOPENO,83253,73.6345056,Stage I,2025-26,1,798
05130,"Brahma Valley College Of Engineering & Research, Trimbakeshwar, Nashik",Nashik,Un-Aided,Non-Autonomous,Savitribai Phule Pune University,Savitribai Phule Pune University,0513024510,Computer Engineering,GSCO,146682,45.3566434,Stage I,2025-26,1,798
05130,"Brahma Valley College Of Engineering & Research, Trimbakeshwar, Nashik",Nashik,Un-Aided,Non-Autonomous,Savitribai Phule Pune University,Savitribai Phule Pune University,0513024510,Computer Engineering,GVJO,95052,69.3295893,Stage I,2025-26,1,798
05130,"Brahma Valley College Of Engineering & Research, Trimbakeshwar, Nashik",Nashik,Un-Aided,Non-Autonomous,Savitribai Phule Pune University,Savitribai Phule Pune University,0513024510,Computer Engineering,GNT2O,134328,51.7009371,Stage I,2025-26,1,798
05130,"Brahma Valley College Of Engineering & Research, Trimbakeshwar, Nashik",Nashik,Un-Aided,Non-Autonomous,Savitribai Phule Pune University,Savitribai Phule Pune University,0513024510,Computer Engineering,GOBCO,87102,72.3760958,Stage I,2025-26,1,798
05130,"Brahma Valley College Of Engineering & Research, Trimbakeshwar, Nashik",Nashik,Un-Aided,Non-Autonomous,Savitribai Phule Pune University,Savitribai Phule Pune University,0513024510,Computer Engineering,GSEBCO,99020,68.1117918,Stage I,2025-26,1,798
05130,"Brahma Valley College Of Engineering & Research, Trimbakeshwar, Nashik",Nashik,Un-Aided,Non-Autonomous,Savitribai Phule Pune University,Savitribai Phule Pune University,0513024510,Computer Engineering,LOPENO,78511,75.4880541,Stage I,2025-26,1,798
05130,"Brahma Valley College Of Engineering & Research, Trimbakeshwar, Nashik",Nashik,Un-Aided,Non-Autonomous,Savitribai Phule Pune University,Savitribai Phule Pune University,0513024510,Computer Engineering,LOBCO,86511,72.7429418,Stage I,2025-26,1,798
05130,"Brahma Valley College Of Engineering & Research, Trimbakeshwar, Nashik",Nashik,Un-Aided,Non-Autonomous,Savitribai Phule Pune University,Savitribai Phule Pune University,0513024510,Computer Engineering,LNT1O,112346,62.1365556,Stage II,2025-26,1,798
05130,"Brahma Valley College Of Engineering & Research, Trimbakeshwar, Nashik",Nashik,Un-Aided,Non-Autonomous,Savitribai Phule Pune University,Savitribai Phule Pune University,0513024510,Computer Engineering,DEFOPENS,102972,66.2972028,Stage I,2025-26,1,798
05130,"Brahma Valley College Of Engineering & Research, Trimbakeshwar, Nashik",Nashik,Un-Aided,Non-Autonomous,Savitribai Phule Pune University,Savitribai Phule Pune University,0513024510,Computer Engineering,TFWS,89934,71.4842352,Stage I,2025-26,1,798
05130,"Brahma Valley College Of Engineering & Research, Trimbakeshwar, Nashik",Nashik,Un-Aided,Non-Autonomous,Savitribai Phule Pune University,Savitribai Phule Pune University,0513024510,Computer Engineering,EWS,191475,13.3124347,Stage I,2025-26,1,798
05130,"Brahma Valley College Of Engineering & Research, Trimbakeshwar, Nashik",Nashik,Un-Aided,Non-Autonomous,Savitribai Phule Pune University,Savitribai Phule Pune University,0513029310,Electrical Engineering,GOPENH,149142,43.658874,Stage I,2025-26,1,799
05130,"Brahma Valley College Of Engineering & Research, Trimbakeshwar, Nashik",Nashik,Un-Aided,Non-Autonomous,Savitribai Phule Pune University,Savitribai Phule Pune University,0513029310,Electrical Engineering,GOBCH,159689,37.1950556,Stage I,2025-26,1,799
05130,"Brahma Valley College Of Engineering & Research, Trimbakeshwar, Nashik",Nashik,Un-Aided,Non-Autonomous,Savitribai Phule Pune University,Savitribai Phule Pune University,0513029310,Electrical Engineering,LOPENH,149483,43.5338318,Stage I,2025-26,1,799
05130,"Brahma Valley College Of Engineering & Research, Trimbakeshwar, Nashik",Nashik,Un-Aided,Non-Autonomous,Savitribai Phule Pune University,Savitribai Phule Pune University,0513029310,Electrical Engineering,LVJH,184610,19.2051273,Stage I,2025-26,1,799
05130,"Brahma Valley College Of Engineering & Research, Trimbakeshwar, Nashik",Nashik,Un-Aided,Non-Autonomous,Savitribai Phule Pune University,Savitribai Phule Pune University,0513029310,Electrical Engineering,LNT3H,175795,25.8355418,Stage I,2025-26,1,799
05130,"Brahma Valley College Of Engineering & Research, Trimbakeshwar, Nashik",Nashik,Un-Aided,Non-Autonomous,Savitribai Phule Pune University,Savitribai Phule Pune University,0513029310,Electrical Engineering,LOBCH,162081,35.9909439,Stage I,2025-26,1,799
05130,"Brahma Valley College Of Engineering & Research, Trimbakeshwar, Nashik",Nashik,Un-Aided,Non-Autonomous,Savitribai Phule Pune University,Savitribai Phule Pune University,0513029310,Electrical Engineering,GOPENO,142791,47.1398578,Stage I,2025-26,1,799
05130,"Brahma Valley College Of Engineering & Research, Trimbakeshwar, Nashik",Nashik,Un-Aided,Non-Autonomous,Savitribai Phule Pune University,Savitribai Phule Pune University,0513029310,Electrical Engineering,GOBCO,144521,46.6242967,Stage I,2025-26,1,799
05130,"Brahma Valley College Of Engineering & Research, Trimbakeshwar, Nashik",Nashik,Un-Aided,Non-Autonomous,Savitribai Phule Pune University,Savitribai Phule Pune University,0513029310,Electrical Engineering,GSEBCO,147532,44.5303298,Stage I,2025-26,1,799
05130,"Brahma Valley College Of Engineering & Research, Trimbakeshwar, Nashik",Nashik,Un-Aided,Non-Autonomous,Savitribai Phule Pune University,Savitribai Phule Pune University,0513029310,Electrical Engineering,LOPENO,152172,42.6339209,Stage I,2025-26,1,799
05130,"Brahma Valley College Of Engineering & Research, Trimbakeshwar, Nashik",Nashik,Un-Aided,Non-Autonomous,Savitribai Phule Pune University,Savitribai Phule Pune University,0513029310,Electrical Engineering,LOBCO,174288,28.1994074,Stage I,2025-26,1,799
05130,"Brahma Valley College Of Engineering & Research, Trimbakeshwar, Nashik",Nashik,Un-Aided,Non-Autonomous,Savitribai Phule Pune University,Savitribai Phule Pune University,0513029310,Electrical Engineering,TFWS,158866,38.2479385,Stage I,2025-26,1,799
05130,"Brahma Valley College Of Engineering & Research, Trimbakeshwar, Nashik",Nashik,Un-Aided,Non-Autonomous,Savitribai Phule Pune University,Savitribai Phule Pune University,0513061210,Mechanical Engineering,GOPENH,154770,40.0432529,Stage I,2025-26,1,800
05130,"Brahma Valley College Of Engineering & Research, Trimbakeshwar, Nashik",Nashik,Un-Aided,Non-Autonomous,Savitribai Phule Pune University,Savitribai Phule Pune University,0513061210,Mechanical Engineering,GSCH,190743,13.9509479,Stage I,2025-26,1,800
05130,"Brahma Valley College Of Engineering & Research, Trimbakeshwar, Nashik",Nashik,Un-Aided,Non-Autonomous,Savitribai Phule Pune University,Savitribai Phule Pune University,0513061210,Mechanical Engineering,GNT2H,187611,16.5233632,Stage I,2025-26,1,800
05130,"Brahma Valley College Of Engineering & Research, Trimbakeshwar, Nashik",Nashik,Un-Aided,Non-Autonomous,Savitribai Phule Pune University,Savitribai Phule Pune University,0513061210,Mechanical Engineering,GNT3H,173770,28.3031822,Stage I,2025-26,1,800
05130,"Brahma Valley College Of Engineering & Research, Trimbakeshwar, Nashik",Nashik,Un-Aided,Non-Autonomous,Savitribai Phule Pune University,Savitribai Phule Pune University,0513061210,Mechanical Engineering,GOBCH,168201,32.0884521,Stage I,2025-26,1,800
05130,"Brahma Valley College Of Engineering & Research, Trimbakeshwar, Nashik",Nashik,Un-Aided,Non-Autonomous,Savitribai Phule Pune University,Savitribai Phule Pune University,0513061210,Mechanical Engineering,LOPENH,177532,25.0722391,Stage I,2025-26,1,800
05130,"Brahma Valley College Of Engineering & Research, Trimbakeshwar, Nashik",Nashik,Un-Aided,Non-Autonomous,Savitribai Phule Pune University,Savitribai Phule Pune University,0513061210,Mechanical Engineering,LOBCH,193990,11.0553814,Stage I,2025-26,1,800
05130,"Brahma Valley College Of Engineering & Research, Trimbakeshwar, Nashik",Nashik,Un-Aided,Non-Autonomous,Savitribai Phule Pune University,Savitribai Phule Pune University,0513061210,Mechanical Engineering,GOPENO,159757,37.1950556,Stage I,2025-26,1,800
05130,"Brahma Valley College Of Engineering & Research, Trimbakeshwar, Nashik",Nashik,Un-Aided,Non-Autonomous,Savitribai Phule Pune University,Savitribai Phule Pune University,0513061210,Mechanical Engineering,GNT1O,174686,26.7336064,Stage I,2025-26,1,800
05130,"Brahma Valley College Of Engineering & Research, Trimbakeshwar, Nashik",Nashik,Un-Aided,Non-Autonomous,Savitribai Phule Pune University,Savitribai Phule Pune University,0513061210,Mechanical Engineering,GOBCO,168875,31.9280223,Stage I,2025-26,1,800
05130,"Brahma Valley College Of Engineering & Research, Trimbakeshwar, Nashik",Nashik,Un-Aided,Non-Autonomous,Savitribai Phule Pune University,Savitribai Phule Pune University,0513061210,Mechanical Engineering,LOPENO,187103,17.2365618,Stage I,2025-26,1,800
05130,"Brahma Valley College Of Engineering & Research, Trimbakeshwar, Nashik",Nashik,Un-Aided,Non-Autonomous,Savitribai Phule Pune University,Savitribai Phule Pune University,0513061210,Mechanical Engineering,LOPENO,173839,28.3031822,Stage I,2025-26,1,800
05130,"Brahma Valley College Of Engineering & Research, Trimbakeshwar, Nashik",Nashik,Un-Aided,Non-Autonomous,Savitribai Phule Pune University,Savitribai Phule Pune University,0513061210,Mechanical Engineering,LNT3O,190749,13.9509479,Stage I,2025-26,1,800
05130,"Brahma Valley College Of Engineering & Research, Trimbakeshwar, Nashik",Nashik,Un-Aided,Non-Autonomous,Savitribai Phule Pune University,Savitribai Phule Pune University,0513061210,Mechanical Engineering,LOBCO,179662,22.8933117,Stage I,2025-26,1,800
05130,"Brahma Valley College Of Engineering & Research, Trimbakeshwar, Nashik",Nashik,Un-Aided,Non-Autonomous,Savitribai Phule Pune University,Savitribai Phule Pune University,0513061210,Mechanical Engineering,EWS,112877,62.0615406,Stage I,2025-26,1,800
05151,"Met Bhujbal Knowledge City Met League'S Engineering College, Adgaon, Nashik.",Nashik,Un-Aided,Non-Autonomous,Savitribai Phule Pune University,Savitribai Phule Pune University,0515119110,Civil Engineering,GOPENH,95648,69.2179237,Stage I,2025-26,1,811
05151,"Met Bhujbal Knowledge City Met League'S Engineering College, Adgaon, Nashik.",Nashik,Un-Aided,Non-Autonomous,Savitribai Phule Pune University,Savitribai Phule Pune University,0515119110,Civil Engineering,GSCH,143642,47.0502678,Stage I,2025-26,1,811
05151,"Met Bhujbal Knowledge City Met League'S Engineering College, Adgaon, Nashik.",Nashik,Un-Aided,Non-Autonomous,Savitribai Phule Pune University,Savitribai Phule Pune University,0515119110,Civil Engineering,GSTH,109279,63.4714222,Stage I,2025-26,1,811
05151,"Met Bhujbal Knowledge City Met League'S Engineering College, Adgaon, Nashik.",Nashik,Un-Aided,Non-Autonomous,Savitribai Phule Pune University,Savitribai Phule Pune University,0515119110,Civil Engineering,GVJH,155649,39.7546871,Stage I,2025-26,1,811
05151,"Met Bhujbal Knowledge City Met League'S Engineering College, Adgaon, Nashik.",Nashik,Un-Aided,Non-Autonomous,Savitribai Phule Pune University,Savitribai Phule Pune University,0515119110,Civil Engineering,GNT1H,128938,54.4314351,Stage I,2025-26,1,811
05151,"Met Bhujbal Knowledge City Met League'S Engineering College, Adgaon, Nashik.",Nashik,Un-Aided,Non-Autonomous,Savitribai Phule Pune University,Savitribai Phule Pune University,0515119110,Civil Engineering,GNT2H,103352,66.1695365,Stage I,2025-26,1,811
05151,"Met Bhujbal Knowledge City Met League'S Engineering College, Adgaon, Nashik.",Nashik,Un-Aided,Non-Autonomous,Savitribai Phule Pune University,Savitribai Phule Pune University,0515119110,Civil Engineering,GOBCH,100145,67.217709,Stage I,2025-26,1,811
05151,"Met Bhujbal Knowledge City Met League'S Engineering College, Adgaon, Nashik.",Nashik,Un-Aided,Non-Autonomous,Savitribai Phule Pune University,Savitribai Phule Pune University,0515119110,Civil Engineering,GSEBCH,131660,53.2657343,Stage I,2025-26,1,811
05151,"Met Bhujbal Knowledge City Met League'S Engineering College, Adgaon, Nashik.",Nashik,Un-Aided,Non-Autonomous,Savitribai Phule Pune University,Savitribai Phule Pune University,0515119110,Civil Engineering,LOPENH,81569,74.5404987,Stage I,2025-26,1,811
05151,"Met Bhujbal Knowledge City Met League'S Engineering College, Adgaon, Nashik.",Nashik,Un-Aided,Non-Autonomous,Savitribai Phule Pune University,Savitribai Phule Pune University,0515119110,Civil Engineering,LSCH,114227,61.1295449,Stage I,2025-26,1,811
05151,"Met Bhujbal Knowledge City Met League'S Engineering College, Adgaon, Nashik.",Nashik,Un-Aided,Non-Autonomous,Savitribai Phule Pune University,Savitribai Phule Pune University,0515119110,Civil Engineering,LNT2H,123225,57.4017459,Stage I,2025-26,1,811
05151,"Met Bhujbal Knowledge City Met League'S Engineering College, Adgaon, Nashik.",Nashik,Un-Aided,Non-Autonomous,Savitribai Phule Pune University,Savitribai Phule Pune University,0515119110,Civil Engineering,LOBCH,98062,68.3753318,Stage I,2025-26,1,811
05151,"Met Bhujbal Knowledge City Met League'S Engineering College, Adgaon, Nashik.",Nashik,Un-Aided,Non-Autonomous,Savitribai Phule Pune University,Savitribai Phule Pune University,0515119110,Civil Engineering,GOPENO,93594,69.8941051,Stage I,2025-26,1,811
05151,"Met Bhujbal Knowledge City Met League'S Engineering College, Adgaon, Nashik.",Nashik,Un-Aided,Non-Autonomous,Savitribai Phule Pune University,Savitribai Phule Pune University,0515119110,Civil Engineering,GSCO,132162,53.2228937,Stage I,2025-26,1,811
05151,"Met Bhujbal Knowledge City Met League'S Engineering College, Adgaon, Nashik.",Nashik,Un-Aided,Non-Autonomous,Savitribai Phule Pune University,Savitribai Phule Pune University,0515119110,Civil Engineering,GSTO,138131,49.7291102,Stage I,2025-26,1,811
05151,"Met Bhujbal Knowledge City Met League'S Engineering College, Adgaon, Nashik.",Nashik,Un-Aided,Non-Autonomous,Savitribai Phule Pune University,Savitribai Phule Pune University,0515119110,Civil Engineering,GOBCO,103933,65.8462319,Stage I,2025-26,1,811
05151,"Met Bhujbal Knowledge City Met League'S Engineering College, Adgaon, Nashik.",Nashik,Un-Aided,Non-Autonomous,Savitribai Phule Pune University,Savitribai Phule Pune University,0515119110,Civil Engineering,GSEBCO,129164,54.4314351,Stage I,2025-26,1,811
05151,"Met Bhujbal Knowledge City Met League'S Engineering College, Adgaon, Nashik.",Nashik,Un-Aided,Non-Autonomous,Savitribai Phule Pune University,Savitribai Phule Pune University,0515119110,Civil Engineering,LOPENO,83454,73.6328536,Stage I,2025-26,1,811
05151,"Met Bhujbal Knowledge City Met League'S Engineering College, Adgaon, Nashik.",Nashik,Un-Aided,Non-Autonomous,Savitribai Phule Pune University,Savitribai Phule Pune University,0515119110,Civil Engineering,LOBCO,92386,70.507201,Stage I,2025-26,1,811
05151,"Met Bhujbal Knowledge City Met League'S Engineering College, Adgaon, Nashik.",Nashik,Un-Aided,Non-Autonomous,Savitribai Phule Pune University,Savitribai Phule Pune University,0515119110,Civil Engineering,DEFOPENS,108024,63.8244514,Stage I,2025-26,1,811
05151,"Met Bhujbal Knowledge City Met League'S Engineering College, Adgaon, Nashik.",Nashik,Un-Aided,Non-Autonomous,Savitribai Phule Pune University,Savitribai Phule Pune University,0515119110,Civil Engineering,TFWS,81472,74.6802716,Stage I,2025-26,1,811
05151,"Met Bhujbal Knowledge City Met League'S Engineering College, Adgaon, Nashik.",Nashik,Un-Aided,Non-Autonomous,Savitribai Phule Pune University,Savitribai Phule Pune University,0515119110,Civil Engineering,EWS,145058,46.3957696,Stage I,2025-26,1,811
05151,"Met Bhujbal Knowledge City Met League'S Engineering College, Adgaon, Nashik.",Nashik,Un-Aided,Non-Autonomous,Savitribai Phule Pune University,Savitribai Phule Pune University,0515124510,Computer Engineering,GOPENH,35783,89.4898417,Stage I,2025-26,1,812
05151,"Met Bhujbal Knowledge City Met League'S Engineering College, Adgaon, Nashik.",Nashik,Un-Aided,Non-Autonomous,Savitribai Phule Pune University,Savitribai Phule Pune University,0515124510,Computer Engineering,GSCH,64197,80.4732503,Stage I,2025-26,1,812
05151,"Met Bhujbal Knowledge City Met League'S Engineering College, Adgaon, Nashik.",Nashik,Un-Aided,Non-Autonomous,Savitribai Phule Pune University,Savitribai Phule Pune University,0515124510,Computer Engineering,GSTH,113225,61.796967,Stage I,2025-26,1,812
05151,"Met Bhujbal Knowledge City Met League'S Engineering College, Adgaon, Nashik.",Nashik,Un-Aided,Non-Autonomous,Savitribai Phule Pune University,Savitribai Phule Pune University,0515124510,Computer Engineering,GNT1H,40038,88.1387307,Stage I,2025-26,1,812
05151,"Met Bhujbal Knowledge City Met League'S Engineering College, Adgaon, Nashik.",Nashik,Un-Aided,Non-Autonomous,Savitribai Phule Pune University,Savitribai Phule Pune University,0515124510,Computer Engineering,GNT2H,47698,85.8501253,Stage I,2025-26,1,812
05151,"Met Bhujbal Knowledge City Met League'S Engineering College, Adgaon, Nashik.",Nashik,Un-Aided,Non-Autonomous,Savitribai Phule Pune University,Savitribai Phule Pune University,0515124510,Computer Engineering,GOBCH,39127,88.5033286,Stage I,2025-26,1,812
05151,"Met Bhujbal Knowledge City Met League'S Engineering College, Adgaon, Nashik.",Nashik,Un-Aided,Non-Autonomous,Savitribai Phule Pune University,Savitribai Phule Pune University,0515124510,Computer Engineering,GSEBCH,68284,79.3004726,Stage I,2025-26,1,812
05151,"Met Bhujbal Knowledge City Met League'S Engineering College, Adgaon, Nashik.",Nashik,Un-Aided,Non-Autonomous,Savitribai Phule Pune University,Savitribai Phule Pune University,0515124510,Computer Engineering,LOPENH,34851,89.7174391,Stage I,2025-26,1,812
05151,"Met Bhujbal Knowledge City Met League'S Engineering College, Adgaon, Nashik.",Nashik,Un-Aided,Non-Autonomous,Savitribai Phule Pune University,Savitribai Phule Pune University,0515124510,Computer Engineering,LSCH,52973,84.0903324,Stage I,2025-26,1,812
05151,"Met Bhujbal Knowledge City Met League'S Engineering College, Adgaon, Nashik.",Nashik,Un-Aided,Non-Autonomous,Savitribai Phule Pune University,Savitribai Phule Pune University,0515124510,Computer Engineering,LSTH,53511,83.9020979,Stage I,2025-26,1,812
05151,"Met Bhujbal Knowledge City Met League'S Engineering College, Adgaon, Nashik.",Nashik,Un-Aided,Non-Autonomous,Savitribai Phule Pune University,Savitribai Phule Pune University,0515124510,Computer Engineering,LVJH,91135,71.0971787,Stage I,2025-26,1,812
05151,"Met Bhujbal Knowledge City Met League'S Engineering College, Adgaon, Nashik.",Nashik,Un-Aided,Non-Autonomous,Savitribai Phule Pune University,Savitribai Phule Pune University,0515124510,Computer Engineering,LNT3H,48477,85.5207245,Stage I,2025-26,1,812
05151,"Met Bhujbal Knowledge City Met League'S Engineering College, Adgaon, Nashik.",Nashik,Un-Aided,Non-Autonomous,Savitribai Phule Pune University,Savitribai Phule Pune University,0515124510,Computer Engineering,LOBCH,33469,90.1551333,Stage I,2025-26,1,812
05151,"Met Bhujbal Knowledge City Met League'S Engineering College, Adgaon, Nashik.",Nashik,Un-Aided,Non-Autonomous,Savitribai Phule Pune University,Savitribai Phule Pune University,0515124510,Computer Engineering,LSEBCH,65247,79.98947,Stage I,2025-26,1,812
05151,"Met Bhujbal Knowledge City Met League'S Engineering College, Adgaon, Nashik.",Nashik,Un-Aided,Non-Autonomous,Savitribai Phule Pune University,Savitribai Phule Pune University,0515124510,Computer Engineering,PWDOPENH,203061,1.0819823,Stage I,2025-26,1,812
05151,"Met Bhujbal Knowledge City Met League'S Engineering College, Adgaon, Nashik.",Nashik,Un-Aided,Non-Autonomous,Savitribai Phule Pune University,Savitribai Phule Pune University,0515124510,Computer Engineering,GOPENO,36409,89.2739334,Stage I,2025-26,1,812
05151,"Met Bhujbal Knowledge City Met League'S Engineering College, Adgaon, Nashik.",Nashik,Un-Aided,Non-Autonomous,Savitribai Phule Pune University,Savitribai Phule Pune University,0515124510,Computer Engineering,GSCO,64963,80.0,Stage I,2025-26,1,812
05151,"Met Bhujbal Knowledge City Met League'S Engineering College, Adgaon, Nashik.",Nashik,Un-Aided,Non-Autonomous,Savitribai Phule Pune University,Savitribai Phule Pune University,0515124510,Computer Engineering,GSTO,108239,63.8244514,Stage I,2025-26,1,812
05151,"Met Bhujbal Knowledge City Met League'S Engineering College, Adgaon, Nashik.",Nashik,Un-Aided,Non-Autonomous,Savitribai Phule Pune University,Savitribai Phule Pune University,0515124510,Computer Engineering,GVJO,67639,79.4832155,Stage I,2025-26,1,812
05151,"Met Bhujbal Knowledge City Met League'S Engineering College, Adgaon, Nashik.",Nashik,Un-Aided,Non-Autonomous,Savitribai Phule Pune University,Savitribai Phule Pune University,0515124510,Computer Engineering,GOBCO,37948,88.7700729,Stage I,2025-26,1,812
05151,"Met Bhujbal Knowledge City Met League'S Engineering College, Adgaon, Nashik.",Nashik,Un-Aided,Non-Autonomous,Savitribai Phule Pune University,Savitribai Phule Pune University,0515124510,Computer Engineering,GSEBCO,47665,85.8501253,Stage I,2025-26,1,812
05151,"Met Bhujbal Knowledge City Met League'S Engineering College, Adgaon, Nashik.",Nashik,Un-Aided,Non-Autonomous,Savitribai Phule Pune University,Savitribai Phule Pune University,0515124510,Computer Engineering,LOPENO,33474,90.1551333,Stage I,2025-26,1,812
05151,"Met Bhujbal Knowledge City Met League'S Engineering College, Adgaon, Nashik.",Nashik,Un-Aided,Non-Autonomous,Savitribai Phule Pune University,Savitribai Phule Pune University,0515124510,Computer Engineering,LSTO,153477,41.4020979,Stage I,2025-26,1,812
05151,"Met Bhujbal Knowledge City Met League'S Engineering College, Adgaon, Nashik.",Nashik,Un-Aided,Non-Autonomous,Savitribai Phule Pune University,Savitribai Phule Pune University,0515124510,Computer Engineering,LNT1O,56046,83.1060395,Stage I,2025-26,1,812
05151,"Met Bhujbal Knowledge City Met League'S Engineering College, Adgaon, Nashik.",Nashik,Un-Aided,Non-Autonomous,Savitribai Phule Pune University,Savitribai Phule Pune University,0515124510,Computer Engineering,LNT2O,56427,82.9717485,Stage I,2025-26,1,812
05151,"Met Bhujbal Knowledge City Met League'S Engineering College, Adgaon, Nashik.",Nashik,Un-Aided,Non-Autonomous,Savitribai Phule Pune University,Savitribai Phule Pune University,0515124510,Computer Engineering,LNT3O,70017,78.5512207,Stage I,2025-26,1,812
05151,"Met Bhujbal Knowledge City Met League'S Engineering College, Adgaon, Nashik.",Nashik,Un-Aided,Non-Autonomous,Savitribai Phule Pune University,Savitribai Phule Pune University,0515124510,Computer Engineering,LOBCO,35293,89.6391842,Stage I,2025-26,1,812
05151,"Met Bhujbal Knowledge City Met League'S Engineering College, Adgaon, Nashik.",Nashik,Un-Aided,Non-Autonomous,Savitribai Phule Pune University,Savitribai Phule Pune University,0515124510,Computer Engineering,LSEBCO,45105,86.6718198,Stage I,2025-26,1,812
05151,"Met Bhujbal Knowledge City Met League'S Engineering College, Adgaon, Nashik.",Nashik,Un-Aided,Non-Autonomous,Savitribai Phule Pune University,Savitribai Phule Pune University,0515124510,Computer Engineering,DEFOPENS,66258,79.7946282,Stage I,2025-26,1,812
05151,"Met Bhujbal Knowledge City Met League'S Engineering College, Adgaon, Nashik.",Nashik,Un-Aided,Non-Autonomous,Savitribai Phule Pune University,Savitribai Phule Pune University,0515124510,Computer Engineering,DEFOBCS,49250,85.2053352,Stage I,2025-26,1,812
05151,"Met Bhujbal Knowledge City Met League'S Engineering College, Adgaon, Nashik.",Nashik,Un-Aided,Non-Autonomous,Savitribai Phule Pune University,Savitribai Phule Pune University,0515124510,Computer Engineering,TFWS,28668,91.6544074,Stage I,2025-26,1,812
05151,"Met Bhujbal Knowledge City Met League'S Engineering College, Adgaon, Nashik.",Nashik,Un-Aided,Non-Autonomous,Savitribai Phule Pune University,Savitribai Phule Pune University,0515124510,Computer Engineering,EWS,91384,70.7504568,Stage I,2025-26,1,812
05151,"Met Bhujbal Knowledge City Met League'S Engineering College, Adgaon, Nashik.",Nashik,Un-Aided,Non-Autonomous,Savitribai Phule Pune University,Savitribai Phule Pune University,0515124610,Information Technology,GOPENH,48782,85.4112341,Stage I,2025-26,1,813
05151,"Met Bhujbal Knowledge City Met League'S Engineering College, Adgaon, Nashik.",Nashik,Un-Aided,Non-Autonomous,Savitribai Phule Pune University,Savitribai Phule Pune University,0515124610,Information Technology,GSCH,83617,73.6328536,Stage I,2025-26,1,813
05151,"Met Bhujbal Knowledge City Met League'S Engineering College, Adgaon, Nashik.",Nashik,Un-Aided,Non-Autonomous,Savitribai Phule Pune University,Savitribai Phule Pune University,0515124610,Information Technology,GSTH,166648,32.5451434,Stage I,2025-26,1,813
05151,"Met Bhujbal Knowledge City Met League'S Engineering College, Adgaon, Nashik.",Nashik,Un-Aided,Non-Autonomous,Savitribai Phule Pune University,Savitribai Phule Pune University,0515124610,Information Technology,GVJH,100845,66.9498069,Stage I,2025-26,1,813
05151,"Met Bhujbal Knowledge City Met League'S Engineering College, Adgaon, Nashik.",Nashik,Un-Aided,Non-Autonomous,Savitribai Phule Pune University,Savitribai Phule Pune University,0515124610,Information Technology,GNT1H,99508,67.8236662,Stage I,2025-26,1,813
05151,"Met Bhujbal Knowledge City Met League'S Engineering College, Adgaon, Nashik.",Nashik,Un-Aided,Non-Autonomous,Savitribai Phule Pune University,Savitribai Phule Pune University,0515124610,Information Technology,GNT2H,82880,73.7482517,Stage I,2025-26,1,813
05151,"Met Bhujbal Knowledge City Met League'S Engineering College, Adgaon, Nashik.",Nashik,Un-Aided,Non-Autonomous,Savitribai Phule Pune University,Savitribai Phule Pune University,0515124610,Information Technology,GNT3H,53319,83.9367933,Stage I,2025-26,1,813
05151,"Met Bhujbal Knowledge City Met League'S Engineering College, Adgaon, Nashik.",Nashik,Un-Aided,Non-Autonomous,Savitribai Phule Pune University,Savitribai Phule Pune University,0515124610,Information Technology,GOBCH,49802,85.1002266,Stage I,2025-26,1,813
05151,"Met Bhujbal Knowledge City Met League'S Engineering College, Adgaon, Nashik.",Nashik,Un-Aided,Non-Autonomous,Savitribai Phule Pune University,Savitribai Phule Pune University,0515124610,Information Technology,GSEBCH,87432,72.1363369,Stage I,2025-26,1,813
05151,"Met Bhujbal Knowledge City Met League'S Engineering College, Adgaon, Nashik.",Nashik,Un-Aided,Non-Autonomous,Savitribai Phule Pune University,Savitribai Phule Pune University,0515124610,Information Technology,LOPENH,45057,86.6718198,Stage I,2025-26,1,813
05151,"Met Bhujbal Knowledge City Met League'S Engineering College, Adgaon, Nashik.",Nashik,Un-Aided,Non-Autonomous,Savitribai Phule Pune University,Savitribai Phule Pune University,0515124610,Information Technology,LSCH,76429,76.5279741,Stage I,2025-26,1,813
05151,"Met Bhujbal Knowledge City Met League'S Engineering College, Adgaon, Nashik.",Nashik,Un-Aided,Non-Autonomous,Savitribai Phule Pune University,Savitribai Phule Pune University,0515124610,Information Technology,LSTH,156590,39.3601986,Stage I,2025-26,1,813
05151,"Met Bhujbal Knowledge City Met League'S Engineering College, Adgaon, Nashik.",Nashik,Un-Aided,Non-Autonomous,Savitribai Phule Pune University,Savitribai Phule Pune University,0515124610,Information Technology,LNT1H,94925,69.4561708,Stage I,2025-26,1,813
05151,"Met Bhujbal Knowledge City Met League'S Engineering College, Adgaon, Nashik.",Nashik,Un-Aided,Non-Autonomous,Savitribai Phule Pune University,Savitribai Phule Pune University,0515124610,Information Technology,LNT2H,62092,81.1324174,Stage I,2025-26,1,813
05151,"Met Bhujbal Knowledge City Met League'S Engineering College, Adgaon, Nashik.",Nashik,Un-Aided,Non-Autonomous,Savitribai Phule Pune University,Savitribai Phule Pune University,0515124610,Information Technology,LOBCH,47300,85.9058498,Stage I,2025-26,1,813
05151,"Met Bhujbal Knowledge City Met League'S Engineering College, Adgaon, Nashik.",Nashik,Un-Aided,Non-Autonomous,Savitribai Phule Pune University,Savitribai Phule Pune University,0515124610,Information Technology,LSEBCH,71871,78.1688442,Stage I,2025-26,1,813
05151,"Met Bhujbal Knowledge City Met League'S Engineering College, Adgaon, Nashik.",Nashik,Un-Aided,Non-Autonomous,Savitribai Phule Pune University,Savitribai Phule Pune University,0515124610,Information Technology,GOPENO,45687,86.4120225,Stage I,2025-26,1,813
05151,"Met Bhujbal Knowledge City Met League'S Engineering College, Adgaon, Nashik.",Nashik,Un-Aided,Non-Autonomous,Savitribai Phule Pune University,Savitribai Phule Pune University,0515124610,Information Technology,GSCO,69316,78.6167398,Stage I,2025-26,1,813
05151,"Met Bhujbal Knowledge City Met League'S Engineering College, Adgaon, Nashik.",Nashik,Un-Aided,Non-Autonomous,Savitribai Phule Pune University,Savitribai Phule Pune University,0515124610,Information Technology,GSTO,113900,61.5619516,Stage I,2025-26,1,813
05151,"Met Bhujbal Knowledge City Met League'S Engineering College, Adgaon, Nashik.",Nashik,Un-Aided,Non-Autonomous,Savitribai Phule Pune University,Savitribai Phule Pune University,0515124610,Information Technology,GNT2O,65607,79.9809712,Stage I,2025-26,1,813
05151,"Met Bhujbal Knowledge City Met League'S Engineering College, Adgaon, Nashik.",Nashik,Un-Aided,Non-Autonomous,Savitribai Phule Pune University,Savitribai Phule Pune University,0515124610,Information Technology,GOBCO,47124,85.9124978,Stage I,2025-26,1,813
05151,"Met Bhujbal Knowledge City Met League'S Engineering College, Adgaon, Nashik.",Nashik,Un-Aided,Non-Autonomous,Savitribai Phule Pune University,Savitribai Phule Pune University,0515124610,Information Technology,GSEBCO,54880,83.4924535,Stage I,2025-26,1,813
05151,"Met Bhujbal Knowledge City Met League'S Engineering College, Adgaon, Nashik.",Nashik,Un-Aided,Non-Autonomous,Savitribai Phule Pune University,Savitribai Phule Pune University,0515124610,Information Technology,LOPENO,41307,87.7785554,Stage I,2025-26,1,813
05151,"Met Bhujbal Knowledge City Met League'S Engineering College, Adgaon, Nashik.",Nashik,Un-Aided,Non-Autonomous,Savitribai Phule Pune University,Savitribai Phule Pune University,0515124610,Information Technology,LSCO,79113,75.3562654,Stage I,2025-26,1,813
05151,"Met Bhujbal Knowledge City Met League'S Engineering College, Adgaon, Nashik.",Nashik,Un-Aided,Non-Autonomous,Savitribai Phule Pune University,Savitribai Phule Pune University,0515124610,Information Technology,LOBCO,43244,87.1431548,Stage I,2025-26,1,813
05151,"Met Bhujbal Knowledge City Met League'S Engineering College, Adgaon, Nashik.",Nashik,Un-Aided,Non-Autonomous,Savitribai Phule Pune University,Savitribai Phule Pune University,0515124610,Information Technology,DEFOPENS,76223,76.67552,Stage I,2025-26,1,813
05151,"Met Bhujbal Knowledge City Met League'S Engineering College, Adgaon, Nashik.",Nashik,Un-Aided,Non-Autonomous,Savitribai Phule Pune University,Savitribai Phule Pune University,0515124610,Information Technology,DEFOBCS,94669,69.4561708,Stage I,2025-26,1,813
05151,"Met Bhujbal Knowledge City Met League'S Engineering College, Adgaon, Nashik.",Nashik,Un-Aided,Non-Autonomous,Savitribai Phule Pune University,Savitribai Phule Pune University,0515124610,Information Technology,TFWS,40138,88.0840044,Stage I,2025-26,1,813
05151,"Met Bhujbal Knowledge City Met League'S Engineering College, Adgaon, Nashik.",Nashik,Un-Aided,Non-Autonomous,Savitribai Phule Pune University,Savitribai Phule Pune University,0515124610,Information Technology,EWS,155134,39.902473,Stage I,2025-26,1,813
05151,"Met Bhujbal Knowledge City Met League'S Engineering College, Adgaon, Nashik.",Nashik,Un-Aided,Non-Autonomous,Savitribai Phule Pune University,Savitribai Phule Pune University,0515129310,Electrical Engineering,GOPENH,83495,73.6328536,Stage I,2025-26,1,814
05151,"Met Bhujbal Knowledge City Met League'S Engineering College, Adgaon, Nashik.",Nashik,Un-Aided,Non-Autonomous,Savitribai Phule Pune University,Savitribai Phule Pune University,0515129310,Electrical Engineering,GSCH,135230,51.1762787,Stage I,2025-26,1,814
05151,"Met Bhujbal Knowledge City Met League'S Engineering College, Adgaon, Nashik.",Nashik,Un-Aided,Non-Autonomous,Savitribai Phule Pune University,Savitribai Phule Pune University,0515129310,Electrical Engineering,GSTH,172867,28.6767287,Stage I,2025-26,1,814
05151,"Met Bhujbal Knowledge City Met League'S Engineering College, Adgaon, Nashik.",Nashik,Un-Aided,Non-Autonomous,Savitribai Phule Pune University,Savitribai Phule Pune University,0515129310,Electrical Engineering,GVJH,133978,52.1817116,Stage I,2025-26,1,814
05151,"Met Bhujbal Knowledge City Met League'S Engineering College, Adgaon, Nashik.",Nashik,Un-Aided,Non-Autonomous,Savitribai Phule Pune University,Savitribai Phule Pune University,0515129310,Electrical Engineering,GNT2H,113487,61.6834321,Stage I,2025-26,1,814
05151,"Met Bhujbal Knowledge City Met League'S Engineering College, Adgaon, Nashik.",Nashik,Un-Aided,Non-Autonomous,Savitribai Phule Pune University,Savitribai Phule Pune University,0515129310,Electrical Engineering,GNT3H,84455,73.4722277,Stage I,2025-26,1,814
05151,"Met Bhujbal Knowledge City Met League'S Engineering College, Adgaon, Nashik.",Nashik,Un-Aided,Non-Autonomous,Savitribai Phule Pune University,Savitribai Phule Pune University,0515129310,Electrical Engineering,GOBCH,84544,73.4722277,Stage I,2025-26,1,814
05151,"Met Bhujbal Knowledge City Met League'S Engineering College, Adgaon, Nashik.",Nashik,Un-Aided,Non-Autonomous,Savitribai Phule Pune University,Savitribai Phule Pune University,0515129310,Electrical Engineering,GSEBCH,158580,38.3392226,Stage I,2025-26,1,814
05151,"Met Bhujbal Knowledge City Met League'S Engineering College, Adgaon, Nashik.",Nashik,Un-Aided,Non-Autonomous,Savitribai Phule Pune University,Savitribai Phule Pune University,0515129310,Electrical Engineering,LOPENH,77908,75.6075065,Stage I,2025-26,1,814
05151,"Met Bhujbal Knowledge City Met League'S Engineering College, Adgaon, Nashik.",Nashik,Un-Aided,Non-Autonomous,Savitribai Phule Pune University,Savitribai Phule Pune University,0515129310,Electrical Engineering,LSCH,96062,69.0979021,Stage I,2025-26,1,814
05151,"Met Bhujbal Knowledge City Met League'S Engineering College, Adgaon, Nashik.",Nashik,Un-Aided,Non-Autonomous,Savitribai Phule Pune University,Savitribai Phule Pune University,0515129310,Electrical Engineering,LOBCH,81994,74.0630785,Stage I,2025-26,1,814
05151,"Met Bhujbal Knowledge City Met League'S Engineering College, Adgaon, Nashik.",Nashik,Un-Aided,Non-Autonomous,Savitribai Phule Pune University,Savitribai Phule Pune University,0515129310,Electrical Engineering,LSEBCH,121578,57.8195751,Stage I,2025-26,1,814
05151,"Met Bhujbal Knowledge City Met League'S Engineering College, Adgaon, Nashik.",Nashik,Un-Aided,Non-Autonomous,Savitribai Phule Pune University,Savitribai Phule Pune University,0515129310,Electrical Engineering,GSTH,167570,32.1650475,Stage I,2025-26,1,814
05151,"Met Bhujbal Knowledge City Met League'S Engineering College, Adgaon, Nashik.",Nashik,Un-Aided,Non-Autonomous,Savitribai Phule Pune University,Savitribai Phule Pune University,0515129310,Electrical Engineering,GOPENO,84428,73.4722277,Stage I,2025-26,1,814
05151,"Met Bhujbal Knowledge City Met League'S Engineering College, Adgaon, Nashik.",Nashik,Un-Aided,Non-Autonomous,Savitribai Phule Pune University,Savitribai Phule Pune University,0515129310,Electrical Engineering,GSCO,119420,58.8994542,Stage I,2025-26,1,814
05151,"Met Bhujbal Knowledge City Met League'S Engineering College, Adgaon, Nashik.",Nashik,Un-Aided,Non-Autonomous,Savitribai Phule Pune University,Savitribai Phule Pune University,0515129310,Electrical Engineering,GVJO,121832,57.8195751,Stage I,2025-26,1,814
05151,"Met Bhujbal Knowledge City Met League'S Engineering College, Adgaon, Nashik.",Nashik,Un-Aided,Non-Autonomous,Savitribai Phule Pune University,Savitribai Phule Pune University,0515129310,Electrical Engineering,GNT1O,103026,66.2972028,Stage I,2025-26,1,814
05151,"Met Bhujbal Knowledge City Met League'S Engineering College, Adgaon, Nashik.",Nashik,Un-Aided,Non-Autonomous,Savitribai Phule Pune University,Savitribai Phule Pune University,0515129310,Electrical Engineering,GOBCO,88383,71.8197195,Stage I,2025-26,1,814
05151,"Met Bhujbal Knowledge City Met League'S Engineering College, Adgaon, Nashik.",Nashik,Un-Aided,Non-Autonomous,Savitribai Phule Pune University,Savitribai Phule Pune University,0515129310,Electrical Engineering,LOPENO,52906,84.1131441,Stage I,2025-26,1,814
05151,"Met Bhujbal Knowledge City Met League'S Engineering College, Adgaon, Nashik.",Nashik,Un-Aided,Non-Autonomous,Savitribai Phule Pune University,Savitribai Phule Pune University,0515129310,Electrical Engineering,LSCO,189343,15.4365886,Stage I,2025-26,1,814
05151,"Met Bhujbal Knowledge City Met League'S Engineering College, Adgaon, Nashik.",Nashik,Un-Aided,Non-Autonomous,Savitribai Phule Pune University,Savitribai Phule Pune University,0515129310,Electrical Engineering,LSTO,185993,18.4184219,Stage I,2025-26,1,814
05151,"Met Bhujbal Knowledge City Met League'S Engineering College, Adgaon, Nashik.",Nashik,Un-Aided,Non-Autonomous,Savitribai Phule Pune University,Savitribai Phule Pune University,0515129310,Electrical Engineering,LOBCO,82906,73.7482517,Stage I,2025-26,1,814
05151,"Met Bhujbal Knowledge City Met League'S Engineering College, Adgaon, Nashik.",Nashik,Un-Aided,Non-Autonomous,Savitribai Phule Pune University,Savitribai Phule Pune University,0515129310,Electrical Engineering,LSEBCO,153570,41.4020979,Stage I,2025-26,1,814
05151,"Met Bhujbal Knowledge City Met League'S Engineering College, Adgaon, Nashik.",Nashik,Un-Aided,Non-Autonomous,Savitribai Phule Pune University,Savitribai Phule Pune University,0515129310,Electrical Engineering,TFWS,76775,76.2716859,Stage I,2025-26,1,814
05151,"Met Bhujbal Knowledge City Met League'S Engineering College, Adgaon, Nashik.",Nashik,Un-Aided,Non-Autonomous,Savitribai Phule Pune University,Savitribai Phule Pune University,0515129310,Electrical Engineering,EWS,183508,20.2849168,Stage I,2025-26,1,814
05151,"Met Bhujbal Knowledge City Met League'S Engineering College, Adgaon, Nashik.",Nashik,Un-Aided,Non-Autonomous,Savitribai Phule Pune University,Savitribai Phule Pune University,0515137210,Electronics And Telecommunication Engg,GOPENH,64453,80.3575863,Stage I,2025-26,1,815
05151,"Met Bhujbal Knowledge City Met League'S Engineering College, Adgaon, Nashik.",Nashik,Un-Aided,Non-Autonomous,Savitribai Phule Pune University,Savitribai Phule Pune University,0515137210,Electronics And Telecommunication Engg,GSCH,72607,77.5384615,Stage I,2025-26,1,815
05151,"Met Bhujbal Knowledge City Met League'S Engineering College, Adgaon, Nashik.",Nashik,Un-Aided,Non-Autonomous,Savitribai Phule Pune University,Savitribai Phule Pune University,0515137210,Electronics And Telecommunication Engg,GNT1H,110294,63.2914656,Stage I,2025-26,1,815
05151,"Met Bhujbal Knowledge City Met League'S Engineering College, Adgaon, Nashik.",Nashik,Un-Aided,Non-Autonomous,Savitribai Phule Pune University,Savitribai Phule Pune University,0515137210,Electronics And Telecommunication Engg,GOBCH,66113,79.8919296,Stage I,2025-26,1,815
05151,"Met Bhujbal Knowledge City Met League'S Engineering College, Adgaon, Nashik.",Nashik,Un-Aided,Non-Autonomous,Savitribai Phule Pune University,Savitribai Phule Pune University,0515137210,Electronics And Telecommunication Engg,GSEBCH,113016,61.796967,Stage I,2025-26,1,815
05151,"Met Bhujbal Knowledge City Met League'S Engineering College, Adgaon, Nashik.",Nashik,Un-Aided,Non-Autonomous,Savitribai Phule Pune University,Savitribai Phule Pune University,0515137210,Electronics And Telecommunication Engg,LOPENH,61886,81.1967017,Stage I,2025-26,1,815
05151,"Met Bhujbal Knowledge City Met League'S Engineering College, Adgaon, Nashik.",Nashik,Un-Aided,Non-Autonomous,Savitribai Phule Pune University,Savitribai Phule Pune University,0515137210,Electronics And Telecommunication Engg,LSCH,108615,63.6512871,Stage I,2025-26,1,815
05151,"Met Bhujbal Knowledge City Met League'S Engineering College, Adgaon, Nashik.",Nashik,Un-Aided,Non-Autonomous,Savitribai Phule Pune University,Savitribai Phule Pune University,0515137210,Electronics And Telecommunication Engg,LSTH,172410,28.8537986,Stage I,2025-26,1,815
05151,"Met Bhujbal Knowledge City Met League'S Engineering College, Adgaon, Nashik.",Nashik,Un-Aided,Non-Autonomous,Savitribai Phule Pune University,Savitribai Phule Pune University,0515137210,Electronics And Telecommunication Engg,LVJH,150890,43.031473,Stage I,2025-26,1,815
05151,"Met Bhujbal Knowledge City Met League'S Engineering College, Adgaon, Nashik.",Nashik,Un-Aided,Non-Autonomous,Savitribai Phule Pune University,Savitribai Phule Pune University,0515137210,Electronics And Telecommunication Engg,LOBCH,62815,81.0133535,Stage I,2025-26,1,815
05151,"Met Bhujbal Knowledge City Met League'S Engineering College, Adgaon, Nashik.",Nashik,Un-Aided,Non-Autonomous,Savitribai Phule Pune University,Savitribai Phule Pune University,0515137210,Electronics And Telecommunication Engg,LSEBCH,79649,75.210728,Stage I,2025-26,1,815
05151,"Met Bhujbal Knowledge City Met League'S Engineering College, Adgaon, Nashik.",Nashik,Un-Aided,Non-Autonomous,Savitribai Phule Pune University,Savitribai Phule Pune University,0515137210,Electronics And Telecommunication Engg,GOPENO,61586,81.2846613,Stage I,2025-26,1,815
05151,"Met Bhujbal Knowledge City Met League'S Engineering College, Adgaon, Nashik.",Nashik,Un-Aided,Non-Autonomous,Savitribai Phule Pune University,Savitribai Phule Pune University,0515137210,Electronics And Telecommunication Engg,GSCO,98202,68.2382408,Stage I,2025-26,1,815
05151,"Met Bhujbal Knowledge City Met League'S Engineering College, Adgaon, Nashik.",Nashik,Un-Aided,Non-Autonomous,Savitribai Phule Pune University,Savitribai Phule Pune University,0515137210,Electronics And Telecommunication Engg,GNT2O,75722,76.7635852,Stage I,2025-26,1,815
05151,"Met Bhujbal Knowledge City Met League'S Engineering College, Adgaon, Nashik.",Nashik,Un-Aided,Non-Autonomous,Savitribai Phule Pune University,Savitribai Phule Pune University,0515137210,Electronics And Telecommunication Engg,GNT3O,91569,70.7504568,Stage I,2025-26,1,815
05151,"Met Bhujbal Knowledge City Met League'S Engineering College, Adgaon, Nashik.",Nashik,Un-Aided,Non-Autonomous,Savitribai Phule Pune University,Savitribai Phule Pune University,0515137210,Electronics And Telecommunication Engg,GOBCO,62242,81.1295102,Stage I,2025-26,1,815
05151,"Met Bhujbal Knowledge City Met League'S Engineering College, Adgaon, Nashik.",Nashik,Un-Aided,Non-Autonomous,Savitribai Phule Pune University,Savitribai Phule Pune University,0515137210,Electronics And Telecommunication Engg,GSEBCO,68360,79.027972,Stage I,2025-26,1,815
05151,"Met Bhujbal Knowledge City Met League'S Engineering College, Adgaon, Nashik.",Nashik,Un-Aided,Non-Autonomous,Savitribai Phule Pune University,Savitribai Phule Pune University,0515137210,Electronics And Telecommunication Engg,LOPENO,48398,85.5729148,Stage I,2025-26,1,815
05151,"Met Bhujbal Knowledge City Met League'S Engineering College, Adgaon, Nashik.",Nashik,Un-Aided,Non-Autonomous,Savitribai Phule Pune University,Savitribai Phule Pune University,0515137210,Electronics And Telecommunication Engg,LOBCO,56301,83.0707711,Stage I,2025-26,1,815
05151,"Met Bhujbal Knowledge City Met League'S Engineering College, Adgaon, Nashik.",Nashik,Un-Aided,Non-Autonomous,Savitribai Phule Pune University,Savitribai Phule Pune University,0515137210,Electronics And Telecommunication Engg,DEFOPENS,102709,66.3795642,Stage I,2025-26,1,815
05151,"Met Bhujbal Knowledge City Met League'S Engineering College, Adgaon, Nashik.",Nashik,Un-Aided,Non-Autonomous,Savitribai Phule Pune University,Savitribai Phule Pune University,0515137210,Electronics And Telecommunication Engg,TFWS,50318,84.9728618,Stage I,2025-26,1,815
05151,"Met Bhujbal Knowledge City Met League'S Engineering College, Adgaon, Nashik.",Nashik,Un-Aided,Non-Autonomous,Savitribai Phule Pune University,Savitribai Phule Pune University,0515137210,Electronics And Telecommunication Engg,EWS,164016,35.1590106,Stage I,2025-26,1,815
05151,"Met Bhujbal Knowledge City Met League'S Engineering College, Adgaon, Nashik.",Nashik,Un-Aided,Non-Autonomous,Savitribai Phule Pune University,Savitribai Phule Pune University,0515161210,Mechanical Engineering,GOPENH,83464,73.6328536,Stage I,2025-26,1,816
05151,"Met Bhujbal Knowledge City Met League'S Engineering College, Adgaon, Nashik.",Nashik,Un-Aided,Non-Autonomous,Savitribai Phule Pune University,Savitribai Phule Pune University,0515161210,Mechanical Engineering,GSCH,131489,53.2657343,Stage I,2025-26,1,816
05151,"Met Bhujbal Knowledge City Met League'S Engineering College, Adgaon, Nashik.",Nashik,Un-Aided,Non-Autonomous,Savitribai Phule Pune University,Savitribai Phule Pune University,0515161210,Mechanical Engineering,GSTH,184123,19.4484962,Stage I,2025-26,1,816
05151,"Met Bhujbal Knowledge City Met League'S Engineering College, Adgaon, Nashik.",Nashik,Un-Aided,Non-Autonomous,Savitribai Phule Pune University,Savitribai Phule Pune University,0515161210,Mechanical Engineering,GVJH,96516,68.9620341,Stage I,2025-26,1,816
05151,"Met Bhujbal Knowledge City Met League'S Engineering College, Adgaon, Nashik.",Nashik,Un-Aided,Non-Autonomous,Savitribai Phule Pune University,Savitribai Phule Pune University,0515161210,Mechanical Engineering,GNT1H,131949,53.2228937,Stage I,2025-26,1,816
05151,"Met Bhujbal Knowledge City Met League'S Engineering College, Adgaon, Nashik.",Nashik,Un-Aided,Non-Autonomous,Savitribai Phule Pune University,Savitribai Phule Pune University,0515161210,Mechanical Engineering,GNT2H,95074,69.3295893,Stage I,2025-26,1,816
05151,"Met Bhujbal Knowledge City Met League'S Engineering College, Adgaon, Nashik.",Nashik,Un-Aided,Non-Autonomous,Savitribai Phule Pune University,Savitribai Phule Pune University,0515161210,Mechanical Engineering,GNT3H,86091,72.8948543,Stage I,2025-26,1,816
05151,"Met Bhujbal Knowledge City Met League'S Engineering College, Adgaon, Nashik.",Nashik,Un-Aided,Non-Autonomous,Savitribai Phule Pune University,Savitribai Phule Pune University,0515161210,Mechanical Engineering,GOBCH,91329,70.7504568,Stage I,2025-26,1,816
05151,"Met Bhujbal Knowledge City Met League'S Engineering College, Adgaon, Nashik.",Nashik,Un-Aided,Non-Autonomous,Savitribai Phule Pune University,Savitribai Phule Pune University,0515161210,Mechanical Engineering,GSEBCH,129449,54.1537389,Stage I,2025-26,1,816
05151,"Met Bhujbal Knowledge City Met League'S Engineering College, Adgaon, Nashik.",Nashik,Un-Aided,Non-Autonomous,Savitribai Phule Pune University,Savitribai Phule Pune University,0515161210,Mechanical Engineering,LOPENH,98936,68.1164395,Stage I,2025-26,1,816
05151,"Met Bhujbal Knowledge City Met League'S Engineering College, Adgaon, Nashik.",Nashik,Un-Aided,Non-Autonomous,Savitribai Phule Pune University,Savitribai Phule Pune University,0515161210,Mechanical Engineering,LSCH,128158,54.5872518,Stage I,2025-26,1,816
05151,"Met Bhujbal Knowledge City Met League'S Engineering College, Adgaon, Nashik.",Nashik,Un-Aided,Non-Autonomous,Savitribai Phule Pune University,Savitribai Phule Pune University,0515161210,Mechanical Engineering,LNT1H,121897,57.8195751,Stage I,2025-26,1,816
05151,"Met Bhujbal Knowledge City Met League'S Engineering College, Adgaon, Nashik.",Nashik,Un-Aided,Non-Autonomous,Savitribai Phule Pune University,Savitribai Phule Pune University,0515161210,Mechanical Engineering,LNT2H,192066,12.9554081,Stage I,2025-26,1,816
05151,"Met Bhujbal Knowledge City Met League'S Engineering College, Adgaon, Nashik.",Nashik,Un-Aided,Non-Autonomous,Savitribai Phule Pune University,Savitribai Phule Pune University,0515161210,Mechanical Engineering,LNT3H,115696,60.634478,Stage I,2025-26,1,816
05151,"Met Bhujbal Knowledge City Met League'S Engineering College, Adgaon, Nashik.",Nashik,Un-Aided,Non-Autonomous,Savitribai Phule Pune University,Savitribai Phule Pune University,0515161210,Mechanical Engineering,LOBCH,100260,67.217709,Stage I,2025-26,1,816
05151,"Met Bhujbal Knowledge City Met League'S Engineering College, Adgaon, Nashik.",Nashik,Un-Aided,Non-Autonomous,Savitribai Phule Pune University,Savitribai Phule Pune University,0515161210,Mechanical Engineering,LSEBCH,127006,55.4922986,Stage I,2025-26,1,816
05151,"Met Bhujbal Knowledge City Met League'S Engineering College, Adgaon, Nashik.",Nashik,Un-Aided,Non-Autonomous,Savitribai Phule Pune University,Savitribai Phule Pune University,0515161210,Mechanical Engineering,GOPENO,96979,68.8687467,Stage I,2025-26,1,816
05151,"Met Bhujbal Knowledge City Met League'S Engineering College, Adgaon, Nashik.",Nashik,Un-Aided,Non-Autonomous,Savitribai Phule Pune University,Savitribai Phule Pune University,0515161210,Mechanical Engineering,GSCO,116682,60.422115,Stage I,2025-26,1,816
05151,"Met Bhujbal Knowledge City Met League'S Engineering College, Adgaon, Nashik.",Nashik,Un-Aided,Non-Autonomous,Savitribai Phule Pune University,Savitribai Phule Pune University,0515161210,Mechanical Engineering,GSTO,165308,33.0802795,Stage I,2025-26,1,816
05151,"Met Bhujbal Knowledge City Met League'S Engineering College, Adgaon, Nashik.",Nashik,Un-Aided,Non-Autonomous,Savitribai Phule Pune University,Savitribai Phule Pune University,0515161210,Mechanical Engineering,GNT1O,109976,63.3986014,Stage I,2025-26,1,816
05151,"Met Bhujbal Knowledge City Met League'S Engineering College, Adgaon, Nashik.",Nashik,Un-Aided,Non-Autonomous,Savitribai Phule Pune University,Savitribai Phule Pune University,0515161210,Mechanical Engineering,GNT2O,143807,47.0502678,Stage I,2025-26,1,816
05151,"Met Bhujbal Knowledge City Met League'S Engineering College, Adgaon, Nashik.",Nashik,Un-Aided,Non-Autonomous,Savitribai Phule Pune University,Savitribai Phule Pune University,0515161210,Mechanical Engineering,GOBCO,99909,67.8210479,Stage I,2025-26,1,816
05151,"Met Bhujbal Knowledge City Met League'S Engineering College, Adgaon, Nashik.",Nashik,Un-Aided,Non-Autonomous,Savitribai Phule Pune University,Savitribai Phule Pune University,0515161210,Mechanical Engineering,GSEBCO,120252,58.6907687,Stage I,2025-26,1,816
05151,"Met Bhujbal Knowledge City Met League'S Engineering College, Adgaon, Nashik.",Nashik,Un-Aided,Non-Autonomous,Savitribai Phule Pune University,Savitribai Phule Pune University,0515161210,Mechanical Engineering,LOPENO,115982,60.4378874,Stage I,2025-26,1,816
05151,"Met Bhujbal Knowledge City Met League'S Engineering College, Adgaon, Nashik.",Nashik,Un-Aided,Non-Autonomous,Savitribai Phule Pune University,Savitribai Phule Pune University,0515161210,Mechanical Engineering,LSCO,178513,24.6987745,Stage I,2025-26,1,816
05151,"Met Bhujbal Knowledge City Met League'S Engineering College, Adgaon, Nashik.",Nashik,Un-Aided,Non-Autonomous,Savitribai Phule Pune University,Savitribai Phule Pune University,0515161210,Mechanical Engineering,LOBCO,121816,57.8195751,Stage I,2025-26,1,816
05151,"Met Bhujbal Knowledge City Met League'S Engineering College, Adgaon, Nashik.",Nashik,Un-Aided,Non-Autonomous,Savitribai Phule Pune University,Savitribai Phule Pune University,0515161210,Mechanical Engineering,LVJO,102273,66.3866132,Stage II,2025-26,1,816
05151,"Met Bhujbal Knowledge City Met League'S Engineering College, Adgaon, Nashik.",Nashik,Un-Aided,Non-Autonomous,Savitribai Phule Pune University,Savitribai Phule Pune University,0515161210,Mechanical Engineering,LSEBCO,142242,47.3563218,Stage I,2025-26,1,816
05151,"Met Bhujbal Knowledge City Met League'S Engineering College, Adgaon, Nashik.",Nashik,Un-Aided,Non-Autonomous,Savitribai Phule Pune University,Savitribai Phule Pune University,0515161210,Mechanical Engineering,DEFOPENS,190620,14.0584844,Stage I,2025-26,1,816
05151,"Met Bhujbal Knowledge City Met League'S Engineering College, Adgaon, Nashik.",Nashik,Un-Aided,Non-Autonomous,Savitribai Phule Pune University,Savitribai Phule Pune University,0515161210,Mechanical Engineering,TFWS,75738,76.7635852,Stage I,2025-26,1,816
05151,"Met Bhujbal Knowledge City Met League'S Engineering College, Adgaon, Nashik.",Nashik,Un-Aided,Non-Autonomous,Savitribai Phule Pune University,Savitribai Phule Pune University,0515161210,Mechanical Engineering,EWS,189358,15.4365886,Stage I,2025-26,1,816
05151,"Met Bhujbal Knowledge City Met League'S Engineering College, Adgaon, Nashik.",Nashik,Un-Aided,Non-Autonomous,Savitribai Phule Pune University,Savitribai Phule Pune University,0515184410,Electronics And Computer Engineering,GOPENH,71597,78.2396759,Stage I,2025-26,1,817
05151,"Met Bhujbal Knowledge City Met League'S Engineering College, Adgaon, Nashik.",Nashik,Un-Aided,Non-Autonomous,Savitribai Phule Pune University,Savitribai Phule Pune University,0515184410,Electronics And Computer Engineering,GSCH,126422,55.6405756,Stage I,2025-26,1,817
05151,"Met Bhujbal Knowledge City Met League'S Engineering College, Adgaon, Nashik.",Nashik,Un-Aided,Non-Autonomous,Savitribai Phule Pune University,Savitribai Phule Pune University,0515184410,Electronics And Computer Engineering,GVJH,136549,50.7016833,Stage I,2025-26,1,817
05151,"Met Bhujbal Knowledge City Met League'S Engineering College, Adgaon, Nashik.",Nashik,Un-Aided,Non-Autonomous,Savitribai Phule Pune University,Savitribai Phule Pune University,0515184410,Electronics And Computer Engineering,GNT1H,99833,67.8210479,Stage I,2025-26,1,817
05151,"Met Bhujbal Knowledge City Met League'S Engineering College, Adgaon, Nashik.",Nashik,Un-Aided,Non-Autonomous,Savitribai Phule Pune University,Savitribai Phule Pune University,0515184410,Electronics And Computer Engineering,GNT2H,123238,57.4017459,Stage I,2025-26,1,817
05151,"Met Bhujbal Knowledge City Met League'S Engineering College, Adgaon, Nashik.",Nashik,Un-Aided,Non-Autonomous,Savitribai Phule Pune University,Savitribai Phule Pune University,0515184410,Electronics And Computer Engineering,GOBCH,78035,75.6075065,Stage I,2025-26,1,817
05151,"Met Bhujbal Knowledge City Met League'S Engineering College, Adgaon, Nashik.",Nashik,Un-Aided,Non-Autonomous,Savitribai Phule Pune University,Savitribai Phule Pune University,0515184410,Electronics And Computer Engineering,GSEBCH,141483,47.8015007,Stage I,2025-26,1,817
05151,"Met Bhujbal Knowledge City Met League'S Engineering College, Adgaon, Nashik.",Nashik,Un-Aided,Non-Autonomous,Savitribai Phule Pune University,Savitribai Phule Pune University,0515184410,Electronics And Computer Engineering,LOPENH,70086,78.5512207,Stage I,2025-26,1,817
05151,"Met Bhujbal Knowledge City Met League'S Engineering College, Adgaon, Nashik.",Nashik,Un-Aided,Non-Autonomous,Savitribai Phule Pune University,Savitribai Phule Pune University,0515184410,Electronics And Computer Engineering,LSCH,158565,38.3392226,Stage I,2025-26,1,817
05151,"Met Bhujbal Knowledge City Met League'S Engineering College, Adgaon, Nashik.",Nashik,Un-Aided,Non-Autonomous,Savitribai Phule Pune University,Savitribai Phule Pune University,0515184410,Electronics And Computer Engineering,LOBCH,71702,78.1688442,Stage I,2025-26,1,817
05151,"Met Bhujbal Knowledge City Met League'S Engineering College, Adgaon, Nashik.",Nashik,Un-Aided,Non-Autonomous,Savitribai Phule Pune University,Savitribai Phule Pune University,0515184410,Electronics And Computer Engineering,LSEBCH,87957,71.8498844,Stage I,2025-26,1,817
05151,"Met Bhujbal Knowledge City Met League'S Engineering College, Adgaon, Nashik.",Nashik,Un-Aided,Non-Autonomous,Savitribai Phule Pune University,Savitribai Phule Pune University,0515184410,Electronics And Computer Engineering,LSTH,203047,1.0830948,Stage I,2025-26,1,817
05151,"Met Bhujbal Knowledge City Met League'S Engineering College, Adgaon, Nashik.",Nashik,Un-Aided,Non-Autonomous,Savitribai Phule Pune University,Savitribai Phule Pune University,0515184410,Electronics And Computer Engineering,GOPENO,64879,80.3531469,Stage I,2025-26,1,817
05151,"Met Bhujbal Knowledge City Met League'S Engineering College, Adgaon, Nashik.",Nashik,Un-Aided,Non-Autonomous,Savitribai Phule Pune University,Savitribai Phule Pune University,0515184410,Electronics And Computer Engineering,GSCO,107902,64.2631037,Stage I,2025-26,1,817
05151,"Met Bhujbal Knowledge City Met League'S Engineering College, Adgaon, Nashik.",Nashik,Un-Aided,Non-Autonomous,Savitribai Phule Pune University,Savitribai Phule Pune University,0515184410,Electronics And Computer Engineering,GNT3O,81839,74.0630785,Stage I,2025-26,1,817
05151,"Met Bhujbal Knowledge City Met League'S Engineering College, Adgaon, Nashik.",Nashik,Un-Aided,Non-Autonomous,Savitribai Phule Pune University,Savitribai Phule Pune University,0515184410,Electronics And Computer Engineering,GOBCO,69412,78.6167398,Stage I,2025-26,1,817
05151,"Met Bhujbal Knowledge City Met League'S Engineering College, Adgaon, Nashik.",Nashik,Un-Aided,Non-Autonomous,Savitribai Phule Pune University,Savitribai Phule Pune University,0515184410,Electronics And Computer Engineering,GSEBCO,96279,68.9620341,Stage I,2025-26,1,817
05151,"Met Bhujbal Knowledge City Met League'S Engineering College, Adgaon, Nashik.",Nashik,Un-Aided,Non-Autonomous,Savitribai Phule Pune University,Savitribai Phule Pune University,0515184410,Electronics And Computer Engineering,LOPENO,49021,85.2260888,Stage I,2025-26,1,817
05151,"Met Bhujbal Knowledge City Met League'S Engineering College, Adgaon, Nashik.",Nashik,Un-Aided,Non-Autonomous,Savitribai Phule Pune University,Savitribai Phule Pune University,0515184410,Electronics And Computer Engineering,LOBCO,63436,80.7807182,Stage I,2025-26,1,817
05151,"Met Bhujbal Knowledge City Met League'S Engineering College, Adgaon, Nashik.",Nashik,Un-Aided,Non-Autonomous,Savitribai Phule Pune University,Savitribai Phule Pune University,0515184410,Electronics And Computer Engineering,DEFOPENS,185700,18.5475444,Stage I,2025-26,1,817
05151,"Met Bhujbal Knowledge City Met League'S Engineering College, Adgaon, Nashik.",Nashik,Un-Aided,Non-Autonomous,Savitribai Phule Pune University,Savitribai Phule Pune University,0515184410,Electronics And Computer Engineering,TFWS,53484,83.9367933,Stage I,2025-26,1,817
05151,"Met Bhujbal Knowledge City Met League'S Engineering College, Adgaon, Nashik.",Nashik,Un-Aided,Non-Autonomous,Savitribai Phule Pune University,Savitribai Phule Pune University,0515184410,Electronics And Computer Engineering,EWS,198610,6.3882064,Stage I,2025-26,1,817
05151,"Met Bhujbal Knowledge City Met League'S Engineering College, Adgaon, Nashik.",Nashik,Un-Aided,Non-Autonomous,Savitribai Phule Pune University,Savitribai Phule Pune University,0515199510,Artificial Intelligence And Data Science,GOPENH,46628,85.9982332,Stage I,2025-26,1,818
05151,"Met Bhujbal Knowledge City Met League'S Engineering College, Adgaon, Nashik.",Nashik,Un-Aided,Non-Autonomous,Savitribai Phule Pune University,Savitribai Phule Pune University,0515199510,Artificial Intelligence And Data Science,GSCH,69028,78.6729363,Stage I,2025-26,1,818
05151,"Met Bhujbal Knowledge City Met League'S Engineering College, Adgaon, Nashik.",Nashik,Un-Aided,Non-Autonomous,Savitribai Phule Pune University,Savitribai Phule Pune University,0515199510,Artificial Intelligence And Data Science,GSTH,146746,45.3566434,Stage I,2025-26,1,818
05151,"Met Bhujbal Knowledge City Met League'S Engineering College, Adgaon, Nashik.",Nashik,Un-Aided,Non-Autonomous,Savitribai Phule Pune University,Savitribai Phule Pune University,0515199510,Artificial Intelligence And Data Science,GVJH,88660,71.6607627,Stage I,2025-26,1,818
05151,"Met Bhujbal Knowledge City Met League'S Engineering College, Adgaon, Nashik.",Nashik,Un-Aided,Non-Autonomous,Savitribai Phule Pune University,Savitribai Phule Pune University,0515199510,Artificial Intelligence And Data Science,GNT1H,63089,80.9669596,Stage I,2025-26,1,818
05151,"Met Bhujbal Knowledge City Met League'S Engineering College, Adgaon, Nashik.",Nashik,Un-Aided,Non-Autonomous,Savitribai Phule Pune University,Savitribai Phule Pune University,0515199510,Artificial Intelligence And Data Science,GNT2H,58298,82.3736697,Stage I,2025-26,1,818
05151,"Met Bhujbal Knowledge City Met League'S Engineering College, Adgaon, Nashik.",Nashik,Un-Aided,Non-Autonomous,Savitribai Phule Pune University,Savitribai Phule Pune University,0515199510,Artificial Intelligence And Data Science,GNT3H,50086,85.0571556,Stage I,2025-26,1,818
05151,"Met Bhujbal Knowledge City Met League'S Engineering College, Adgaon, Nashik.",Nashik,Un-Aided,Non-Autonomous,Savitribai Phule Pune University,Savitribai Phule Pune University,0515199510,Artificial Intelligence And Data Science,GOBCH,49633,85.113912,Stage I,2025-26,1,818
05151,"Met Bhujbal Knowledge City Met League'S Engineering College, Adgaon, Nashik.",Nashik,Un-Aided,Non-Autonomous,Savitribai Phule Pune University,Savitribai Phule Pune University,0515199510,Artificial Intelligence And Data Science,GSEBCH,65916,79.9072027,Stage I,2025-26,1,818
05151,"Met Bhujbal Knowledge City Met League'S Engineering College, Adgaon, Nashik.",Nashik,Un-Aided,Non-Autonomous,Savitribai Phule Pune University,Savitribai Phule Pune University,0515199510,Artificial Intelligence And Data Science,LOPENH,36556,89.2727273,Stage I,2025-26,1,818
05151,"Met Bhujbal Knowledge City Met League'S Engineering College, Adgaon, Nashik.",Nashik,Un-Aided,Non-Autonomous,Savitribai Phule Pune University,Savitribai Phule Pune University,0515199510,Artificial Intelligence And Data Science,LSCH,51014,84.7618697,Stage I,2025-26,1,818
05151,"Met Bhujbal Knowledge City Met League'S Engineering College, Adgaon, Nashik.",Nashik,Un-Aided,Non-Autonomous,Savitribai Phule Pune University,Savitribai Phule Pune University,0515199510,Artificial Intelligence And Data Science,LSTH,143949,46.7613499,Stage I,2025-26,1,818
05151,"Met Bhujbal Knowledge City Met League'S Engineering College, Adgaon, Nashik.",Nashik,Un-Aided,Non-Autonomous,Savitribai Phule Pune University,Savitribai Phule Pune University,0515199510,Artificial Intelligence And Data Science,LVJH,124275,56.8426573,Stage I,2025-26,1,818
05151,"Met Bhujbal Knowledge City Met League'S Engineering College, Adgaon, Nashik.",Nashik,Un-Aided,Non-Autonomous,Savitribai Phule Pune University,Savitribai Phule Pune University,0515199510,Artificial Intelligence And Data Science,LNT2H,73060,77.2287062,Stage I,2025-26,1,818
05151,"Met Bhujbal Knowledge City Met League'S Engineering College, Adgaon, Nashik.",Nashik,Un-Aided,Non-Autonomous,Savitribai Phule Pune University,Savitribai Phule Pune University,0515199510,Artificial Intelligence And Data Science,LOBCH,42281,87.4115391,Stage I,2025-26,1,818
05151,"Met Bhujbal Knowledge City Met League'S Engineering College, Adgaon, Nashik.",Nashik,Un-Aided,Non-Autonomous,Savitribai Phule Pune University,Savitribai Phule Pune University,0515199510,Artificial Intelligence And Data Science,LSEBCH,44822,86.675963,Stage I,2025-26,1,818
05151,"Met Bhujbal Knowledge City Met League'S Engineering College, Adgaon, Nashik.",Nashik,Un-Aided,Non-Autonomous,Savitribai Phule Pune University,Savitribai Phule Pune University,0515199510,Artificial Intelligence And Data Science,PWDOPENH,196512,8.672418,Stage I,2025-26,1,818
05151,"Met Bhujbal Knowledge City Met League'S Engineering College, Adgaon, Nashik.",Nashik,Un-Aided,Non-Autonomous,Savitribai Phule Pune University,Savitribai Phule Pune University,0515199510,Artificial Intelligence And Data Science,GOPENO,45617,86.4120225,Stage I,2025-26,1,818
05151,"Met Bhujbal Knowledge City Met League'S Engineering College, Adgaon, Nashik.",Nashik,Un-Aided,Non-Autonomous,Savitribai Phule Pune University,Savitribai Phule Pune University,0515199510,Artificial Intelligence And Data Science,GSCO,67209,79.6925092,Stage I,2025-26,1,818
05151,"Met Bhujbal Knowledge City Met League'S Engineering College, Adgaon, Nashik.",Nashik,Un-Aided,Non-Autonomous,Savitribai Phule Pune University,Savitribai Phule Pune University,0515199510,Artificial Intelligence And Data Science,GSTO,127691,55.1895416,Stage I,2025-26,1,818
05151,"Met Bhujbal Knowledge City Met League'S Engineering College, Adgaon, Nashik.",Nashik,Un-Aided,Non-Autonomous,Savitribai Phule Pune University,Savitribai Phule Pune University,0515199510,Artificial Intelligence And Data Science,GVJO,68887,78.6729363,Stage I,2025-26,1,818
05151,"Met Bhujbal Knowledge City Met League'S Engineering College, Adgaon, Nashik.",Nashik,Un-Aided,Non-Autonomous,Savitribai Phule Pune University,Savitribai Phule Pune University,0515199510,Artificial Intelligence And Data Science,GOBCO,46476,86.2041018,Stage I,2025-26,1,818
05151,"Met Bhujbal Knowledge City Met League'S Engineering College, Adgaon, Nashik.",Nashik,Un-Aided,Non-Autonomous,Savitribai Phule Pune University,Savitribai Phule Pune University,0515199510,Artificial Intelligence And Data Science,GSEBCO,59948,81.940403,Stage I,2025-26,1,818
05151,"Met Bhujbal Knowledge City Met League'S Engineering College, Adgaon, Nashik.",Nashik,Un-Aided,Non-Autonomous,Savitribai Phule Pune University,Savitribai Phule Pune University,0515199510,Artificial Intelligence And Data Science,LOPENO,44070,86.9194446,Stage I,2025-26,1,818
05151,"Met Bhujbal Knowledge City Met League'S Engineering College, Adgaon, Nashik.",Nashik,Un-Aided,Non-Autonomous,Savitribai Phule Pune University,Savitribai Phule Pune University,0515199510,Artificial Intelligence And Data Science,LSCO,98489,68.2382408,Stage I,2025-26,1,818
05151,"Met Bhujbal Knowledge City Met League'S Engineering College, Adgaon, Nashik.",Nashik,Un-Aided,Non-Autonomous,Savitribai Phule Pune University,Savitribai Phule Pune University,0515199510,Artificial Intelligence And Data Science,LNT2O,68178,79.3004726,Stage I,2025-26,1,818
05151,"Met Bhujbal Knowledge City Met League'S Engineering College, Adgaon, Nashik.",Nashik,Un-Aided,Non-Autonomous,Savitribai Phule Pune University,Savitribai Phule Pune University,0515199510,Artificial Intelligence And Data Science,LOBCO,45188,86.6223776,Stage I,2025-26,1,818
05151,"Met Bhujbal Knowledge City Met League'S Engineering College, Adgaon, Nashik.",Nashik,Un-Aided,Non-Autonomous,Savitribai Phule Pune University,Savitribai Phule Pune University,0515199510,Artificial Intelligence And Data Science,LSEBCO,61480,81.2846613,Stage I,2025-26,1,818
05151,"Met Bhujbal Knowledge City Met League'S Engineering College, Adgaon, Nashik.",Nashik,Un-Aided,Non-Autonomous,Savitribai Phule Pune University,Savitribai Phule Pune University,0515199510,Artificial Intelligence And Data Science,DEFOPENS,70302,78.4342571,Stage I,2025-26,1,818
05151,"Met Bhujbal Knowledge City Met League'S Engineering College, Adgaon, Nashik.",Nashik,Un-Aided,Non-Autonomous,Savitribai Phule Pune University,Savitribai Phule Pune University,0515199510,Artificial Intelligence And Data Science,DEFSCS,103391,66.1695365,Stage I,2025-26,1,818
05151,"Met Bhujbal Knowledge City Met League'S Engineering College, Adgaon, Nashik.",Nashik,Un-Aided,Non-Autonomous,Savitribai Phule Pune University,Savitribai Phule Pune University,0515199510,Artificial Intelligence And Data Science,DEFOBCS,85510,73.1347962,Stage I,2025-26,1,818
05151,"Met Bhujbal Knowledge City Met League'S Engineering College, Adgaon, Nashik.",Nashik,Un-Aided,Non-Autonomous,Savitribai Phule Pune University,Savitribai Phule Pune University,0515199510,Artificial Intelligence And Data Science,TFWS,31664,90.668828,Stage I,2025-26,1,818
05151,"Met Bhujbal Knowledge City Met League'S Engineering College, Adgaon, Nashik.",Nashik,Un-Aided,Non-Autonomous,Savitribai Phule Pune University,Savitribai Phule Pune University,0515199510,Artificial Intelligence And Data Science,EWS,110091,63.2914656,Stage I,2025-26,1,818
05173,"Snjb'S Late Sau. Kantabai Bhavarlalji Jain College Of Engineering, (Jain Gurukul), Neminagar,Chandwad,(Nashik)",Nashik,Un-Aided Religious Minority - Jain,Autonomous,Autonomous Institute,Autonomous Institute,0517319110,Civil Engineering,GOPENS,113791,61.5619516,Stage I,2025-26,1,860
05173,"Snjb'S Late Sau. Kantabai Bhavarlalji Jain College Of Engineering, (Jain Gurukul), Neminagar,Chandwad,(Nashik)",Nashik,Un-Aided Religious Minority - Jain,Autonomous,Autonomous Institute,Autonomous Institute,0517319110,Civil Engineering,LOPENS,102131,66.3866132,Stage I,2025-26,1,860
05173,"Snjb'S Late Sau. Kantabai Bhavarlalji Jain College Of Engineering, (Jain Gurukul), Neminagar,Chandwad,(Nashik)",Nashik,Un-Aided Religious Minority - Jain,Autonomous,Autonomous Institute,Autonomous Institute,0517319110,Civil Engineering,MI,75685,76.7694659,Stage I,2025-26,1,860
05173,"Snjb'S Late Sau. Kantabai Bhavarlalji Jain College Of Engineering, (Jain Gurukul), Neminagar,Chandwad,(Nashik)",Nashik,Un-Aided Religious Minority - Jain,Autonomous,Autonomous Institute,Autonomous Institute,0517319110,Civil Engineering,TFWS,74937,76.8973331,Stage I,2025-26,1,860
05173,"Snjb'S Late Sau. Kantabai Bhavarlalji Jain College Of Engineering, (Jain Gurukul), Neminagar,Chandwad,(Nashik)",Nashik,Un-Aided Religious Minority - Jain,Autonomous,Autonomous Institute,Autonomous Institute,0517324510,Computer Engineering,GOPENS,67201,79.6925092,Stage I,2025-26,1,860
05173,"Snjb'S Late Sau. Kantabai Bhavarlalji Jain College Of Engineering, (Jain Gurukul), Neminagar,Chandwad,(Nashik)",Nashik,Un-Aided Religious Minority - Jain,Autonomous,Autonomous Institute,Autonomous Institute,0517324510,Computer Engineering,LOPENS,56790,82.8437868,Stage I,2025-26,1,860
05173,"Snjb'S Late Sau. Kantabai Bhavarlalji Jain College Of Engineering, (Jain Gurukul), Neminagar,Chandwad,(Nashik)",Nashik,Un-Aided Religious Minority - Jain,Autonomous,Autonomous Institute,Autonomous Institute,0517324510,Computer Engineering,MI,203014,1.0894199,Stage I,2025-26,1,860
05173,"Snjb'S Late Sau. Kantabai Bhavarlalji Jain College Of Engineering, (Jain Gurukul), Neminagar,Chandwad,(Nashik)",Nashik,Un-Aided Religious Minority - Jain,Autonomous,Autonomous Institute,Autonomous Institute,0517324510,Computer Engineering,TFWS,54775,83.4924535,Stage I,2025-26,1,860
05173,"Snjb'S Late Sau. Kantabai Bhavarlalji Jain College Of Engineering, (Jain Gurukul), Neminagar,Chandwad,(Nashik)",Nashik,Un-Aided Religious Minority - Jain,Autonomous,Autonomous Institute,Autonomous Institute,0517337210,Electronics And Telecommunication Engg,GOPENS,77679,75.652265,Stage I,2025-26,1,860
05173,"Snjb'S Late Sau. Kantabai Bhavarlalji Jain College Of Engineering, (Jain Gurukul), Neminagar,Chandwad,(Nashik)",Nashik,Un-Aided Religious Minority - Jain,Autonomous,Autonomous Institute,Autonomous Institute,0517337210,Electronics And Telecommunication Engg,LOPENS,72132,78.010417,Stage I,2025-26,1,860
05173,"Snjb'S Late Sau. Kantabai Bhavarlalji Jain College Of Engineering, (Jain Gurukul), Neminagar,Chandwad,(Nashik)",Nashik,Un-Aided Religious Minority - Jain,Autonomous,Autonomous Institute,Autonomous Institute,0517337210,Electronics And Telecommunication Engg,MI,162238,35.9295868,Stage I,2025-26,1,860
05173,"Snjb'S Late Sau. Kantabai Bhavarlalji Jain College Of Engineering, (Jain Gurukul), Neminagar,Chandwad,(Nashik)",Nashik,Un-Aided Religious Minority - Jain,Autonomous,Autonomous Institute,Autonomous Institute,0517337210,Electronics And Telecommunication Engg,TFWS,69916,78.5819586,Stage I,2025-26,1,860
05173,"Snjb'S Late Sau. Kantabai Bhavarlalji Jain College Of Engineering, (Jain Gurukul), Neminagar,Chandwad,(Nashik)",Nashik,Un-Aided Religious Minority - Jain,Autonomous,Autonomous Institute,Autonomous Institute,0517361210,Mechanical Engineering,GOPENS,95962,69.0979021,Stage I,2025-26,1,860
05173,"Snjb'S Late Sau. Kantabai Bhavarlalji Jain College Of Engineering, (Jain Gurukul), Neminagar,Chandwad,(Nashik)",Nashik,Un-Aided Religious Minority - Jain,Autonomous,Autonomous Institute,Autonomous Institute,0517361210,Mechanical Engineering,LOPENS,94279,69.4936445,Stage I,2025-26,1,860
05173,"Snjb'S Late Sau. Kantabai Bhavarlalji Jain College Of Engineering, (Jain Gurukul), Neminagar,Chandwad,(Nashik)",Nashik,Un-Aided Religious Minority - Jain,Autonomous,Autonomous Institute,Autonomous Institute,0517361210,Mechanical Engineering,MI,182587,21.540875,Stage I,2025-26,1,860
05173,"Snjb'S Late Sau. Kantabai Bhavarlalji Jain College Of Engineering, (Jain Gurukul), Neminagar,Chandwad,(Nashik)",Nashik,Un-Aided Religious Minority - Jain,Autonomous,Autonomous Institute,Autonomous Institute,0517361210,Mechanical Engineering,TFWS,83116,73.6345056,Stage I,2025-26,1,860
05173,"Snjb'S Late Sau. Kantabai Bhavarlalji Jain College Of Engineering, (Jain Gurukul), Neminagar,Chandwad,(Nashik)",Nashik,Un-Aided Religious Minority - Jain,Autonomous,Autonomous Institute,Autonomous Institute,0517399510,Artificial Intelligence And Data Science,GOPENS,68906,78.6729363,Stage I,2025-26,1,861
05173,"Snjb'S Late Sau. Kantabai Bhavarlalji Jain College Of Engineering, (Jain Gurukul), Neminagar,Chandwad,(Nashik)",Nashik,Un-Aided Religious Minority - Jain,Autonomous,Autonomous Institute,Autonomous Institute,0517399510,Artificial Intelligence And Data Science,LOPENS,68366,79.027972,Stage I,2025-26,1,861
05173,"Snjb'S Late Sau. Kantabai Bhavarlalji Jain College Of Engineering, (Jain Gurukul), Neminagar,Chandwad,(Nashik)",Nashik,Un-Aided Religious Minority - Jain,Autonomous,Autonomous Institute,Autonomous Institute,0517399510,Artificial Intelligence And Data Science,MI,201354,3.2027737,Stage I,2025-26,1,861
05173,"Snjb'S Late Sau. Kantabai Bhavarlalji Jain College Of Engineering, (Jain Gurukul), Neminagar,Chandwad,(Nashik)",Nashik,Un-Aided Religious Minority - Jain,Autonomous,Autonomous Institute,Autonomous Institute,0517399510,Artificial Intelligence And Data Science,TFWS,53843,83.880237,Stage I,2025-26,1,861
05177,"Matoshri College Of Engineering And Research Centre, Eklahare, Nashik",Nashik,Un-Aided,Autonomous,Autonomous Institute,Autonomous Institute,0517719110,Civil Engineering,GOPENS,134419,51.7009371,Stage I,2025-26,1,862
05177,"Matoshri College Of Engineering And Research Centre, Eklahare, Nashik",Nashik,Un-Aided,Autonomous,Autonomous Institute,Autonomous Institute,0517719110,Civil Engineering,GSCS,174936,26.6274079,Stage I,2025-26,1,862
05177,"Matoshri College Of Engineering And Research Centre, Eklahare, Nashik",Nashik,Un-Aided,Autonomous,Autonomous Institute,Autonomous Institute,0517719110,Civil Engineering,GSTS,199768,5.1070551,Stage I,2025-26,1,862
05177,"Matoshri College Of Engineering And Research Centre, Eklahare, Nashik",Nashik,Un-Aided,Autonomous,Autonomous Institute,Autonomous Institute,0517719110,Civil Engineering,GVJS,174721,26.7336064,Stage I,2025-26,1,862
05177,"Matoshri College Of Engineering And Research Centre, Eklahare, Nashik",Nashik,Un-Aided,Autonomous,Autonomous Institute,Autonomous Institute,0517719110,Civil Engineering,GNT1S,141442,47.8015007,Stage I,2025-26,1,862
05177,"Matoshri College Of Engineering And Research Centre, Eklahare, Nashik",Nashik,Un-Aided,Autonomous,Autonomous Institute,Autonomous Institute,0517719110,Civil Engineering,GNT2S,166515,32.5451434,Stage I,2025-26,1,862
05177,"Matoshri College Of Engineering And Research Centre, Eklahare, Nashik",Nashik,Un-Aided,Autonomous,Autonomous Institute,Autonomous Institute,0517719110,Civil Engineering,GOBCS,137567,50.3223138,Stage I,2025-26,1,862
05177,"Matoshri College Of Engineering And Research Centre, Eklahare, Nashik",Nashik,Un-Aided,Autonomous,Autonomous Institute,Autonomous Institute,0517719110,Civil Engineering,LOPENS,133949,52.1817116,Stage I,2025-26,1,862
05177,"Matoshri College Of Engineering And Research Centre, Eklahare, Nashik",Nashik,Un-Aided,Autonomous,Autonomous Institute,Autonomous Institute,0517719110,Civil Engineering,LSCS,196380,8.7118703,Stage I,2025-26,1,862
05177,"Matoshri College Of Engineering And Research Centre, Eklahare, Nashik",Nashik,Un-Aided,Autonomous,Autonomous Institute,Autonomous Institute,0517719110,Civil Engineering,LNT2S,161853,35.9909439,Stage I,2025-26,1,862
05177,"Matoshri College Of Engineering And Research Centre, Eklahare, Nashik",Nashik,Un-Aided,Autonomous,Autonomous Institute,Autonomous Institute,0517719110,Civil Engineering,LNT3S,135597,50.9683037,Stage I,2025-26,1,862
05177,"Matoshri College Of Engineering And Research Centre, Eklahare, Nashik",Nashik,Un-Aided,Autonomous,Autonomous Institute,Autonomous Institute,0517719110,Civil Engineering,LOBCS,136642,50.5909012,Stage I,2025-26,1,862
05177,"Matoshri College Of Engineering And Research Centre, Eklahare, Nashik",Nashik,Un-Aided,Autonomous,Autonomous Institute,Autonomous Institute,0517719110,Civil Engineering,LSEBCS,202839,1.3373113,Stage I,2025-26,1,862
05177,"Matoshri College Of Engineering And Research Centre, Eklahare, Nashik",Nashik,Un-Aided,Autonomous,Autonomous Institute,Autonomous Institute,0517719110,Civil Engineering,DEFOPENS,172511,28.8537986,Stage I,2025-26,1,862
05177,"Matoshri College Of Engineering And Research Centre, Eklahare, Nashik",Nashik,Un-Aided,Autonomous,Autonomous Institute,Autonomous Institute,0517719110,Civil Engineering,TFWS,110598,63.200058,Stage I,2025-26,1,862
05177,"Matoshri College Of Engineering And Research Centre, Eklahare, Nashik",Nashik,Un-Aided,Autonomous,Autonomous Institute,Autonomous Institute,0517724510,Computer Engineering,GOPENS,83225,73.6345056,Stage I,2025-26,1,862
05177,"Matoshri College Of Engineering And Research Centre, Eklahare, Nashik",Nashik,Un-Aided,Autonomous,Autonomous Institute,Autonomous Institute,0517724510,Computer Engineering,GSCS,133430,52.3622324,Stage I,2025-26,1,862
05177,"Matoshri College Of Engineering And Research Centre, Eklahare, Nashik",Nashik,Un-Aided,Autonomous,Autonomous Institute,Autonomous Institute,0517724510,Computer Engineering,GSTS,189455,15.3499592,Stage I,2025-26,1,862
05177,"Matoshri College Of Engineering And Research Centre, Eklahare, Nashik",Nashik,Un-Aided,Autonomous,Autonomous Institute,Autonomous Institute,0517724510,Computer Engineering,GVJS,104635,65.6692751,Stage I,2025-26,1,862
05177,"Matoshri College Of Engineering And Research Centre, Eklahare, Nashik",Nashik,Un-Aided,Autonomous,Autonomous Institute,Autonomous Institute,0517724510,Computer Engineering,GNT1S,92985,70.2628092,Stage I,2025-26,1,862
05177,"Matoshri College Of Engineering And Research Centre, Eklahare, Nashik",Nashik,Un-Aided,Autonomous,Autonomous Institute,Autonomous Institute,0517724510,Computer Engineering,GNT2S,108360,63.6512871,Stage I,2025-26,1,862
05177,"Matoshri College Of Engineering And Research Centre, Eklahare, Nashik",Nashik,Un-Aided,Autonomous,Autonomous Institute,Autonomous Institute,0517724510,Computer Engineering,GNT3S,85274,73.2612864,Stage I,2025-26,1,862
05177,"Matoshri College Of Engineering And Research Centre, Eklahare, Nashik",Nashik,Un-Aided,Autonomous,Autonomous Institute,Autonomous Institute,0517724510,Computer Engineering,GOBCS,89107,71.5830116,Stage I,2025-26,1,862
05177,"Matoshri College Of Engineering And Research Centre, Eklahare, Nashik",Nashik,Un-Aided,Autonomous,Autonomous Institute,Autonomous Institute,0517724510,Computer Engineering,GSEBCS,105462,65.3084343,Stage I,2025-26,1,862
05177,"Matoshri College Of Engineering And Research Centre, Eklahare, Nashik",Nashik,Un-Aided,Autonomous,Autonomous Institute,Autonomous Institute,0517724510,Computer Engineering,LOPENS,80227,75.1716925,Stage I,2025-26,1,862
05177,"Matoshri College Of Engineering And Research Centre, Eklahare, Nashik",Nashik,Un-Aided,Autonomous,Autonomous Institute,Autonomous Institute,0517724510,Computer Engineering,LSCS,122046,57.6249683,Stage I,2025-26,1,862
05177,"Matoshri College Of Engineering And Research Centre, Eklahare, Nashik",Nashik,Un-Aided,Autonomous,Autonomous Institute,Autonomous Institute,0517724510,Computer Engineering,LSTS,202574,1.6858068,Stage I,2025-26,1,862
05177,"Matoshri College Of Engineering And Research Centre, Eklahare, Nashik",Nashik,Un-Aided,Autonomous,Autonomous Institute,Autonomous Institute,0517724510,Computer Engineering,LVJS,105144,65.5190641,Stage I,2025-26,1,862
05177,"Matoshri College Of Engineering And Research Centre, Eklahare, Nashik",Nashik,Un-Aided,Autonomous,Autonomous Institute,Autonomous Institute,0517724510,Computer Engineering,LNT1S,110961,62.918458,Stage I,2025-26,1,862
05177,"Matoshri College Of Engineering And Research Centre, Eklahare, Nashik",Nashik,Un-Aided,Autonomous,Autonomous Institute,Autonomous Institute,0517724510,Computer Engineering,LNT2S,91898,70.6189283,Stage I,2025-26,1,862
05177,"Matoshri College Of Engineering And Research Centre, Eklahare, Nashik",Nashik,Un-Aided,Autonomous,Autonomous Institute,Autonomous Institute,0517724510,Computer Engineering,LNT3S,74074,77.0149774,Stage I,2025-26,1,862
05177,"Matoshri College Of Engineering And Research Centre, Eklahare, Nashik",Nashik,Un-Aided,Autonomous,Autonomous Institute,Autonomous Institute,0517724510,Computer Engineering,LOBCS,79911,75.1927485,Stage I,2025-26,1,862
05177,"Matoshri College Of Engineering And Research Centre, Eklahare, Nashik",Nashik,Un-Aided,Autonomous,Autonomous Institute,Autonomous Institute,0517724510,Computer Engineering,LSEBCS,95923,69.0979021,Stage I,2025-26,1,862
05177,"Matoshri College Of Engineering And Research Centre, Eklahare, Nashik",Nashik,Un-Aided,Autonomous,Autonomous Institute,Autonomous Institute,0517724510,Computer Engineering,PWDOPENS,145852,45.9245973,Stage I,2025-26,1,862
05177,"Matoshri College Of Engineering And Research Centre, Eklahare, Nashik",Nashik,Un-Aided,Autonomous,Autonomous Institute,Autonomous Institute,0517724510,Computer Engineering,DEFOPENS,136413,50.7016833,Stage I,2025-26,1,862
05177,"Matoshri College Of Engineering And Research Centre, Eklahare, Nashik",Nashik,Un-Aided,Autonomous,Autonomous Institute,Autonomous Institute,0517724510,Computer Engineering,TFWS,75769,76.7635852,Stage I,2025-26,1,862
05177,"Matoshri College Of Engineering And Research Centre, Eklahare, Nashik",Nashik,Un-Aided,Autonomous,Autonomous Institute,Autonomous Institute,0517724510,Computer Engineering,DEFROBCS,156989,39.3601986,Stage I,2025-26,1,862
05177,"Matoshri College Of Engineering And Research Centre, Eklahare, Nashik",Nashik,Un-Aided,Autonomous,Autonomous Institute,Autonomous Institute,0517724510,Computer Engineering,EWS,181458,22.035802,Stage I,2025-26,1,862
05177,"Matoshri College Of Engineering And Research Centre, Eklahare, Nashik",Nashik,Un-Aided,Autonomous,Autonomous Institute,Autonomous Institute,0517724610,Information Technology,GOPENS,96510,68.9620341,Stage I,2025-26,1,862
05177,"Matoshri College Of Engineering And Research Centre, Eklahare, Nashik",Nashik,Un-Aided,Autonomous,Autonomous Institute,Autonomous Institute,0517724610,Information Technology,GSCS,152626,41.7471281,Stage I,2025-26,1,862
05177,"Matoshri College Of Engineering And Research Centre, Eklahare, Nashik",Nashik,Un-Aided,Autonomous,Autonomous Institute,Autonomous Institute,0517724610,Information Technology,GSTS,200929,3.5736677,Stage I,2025-26,1,862
05177,"Matoshri College Of Engineering And Research Centre, Eklahare, Nashik",Nashik,Un-Aided,Autonomous,Autonomous Institute,Autonomous Institute,0517724610,Information Technology,GVJS,111381,62.8632493,Stage I,2025-26,1,862
05177,"Matoshri College Of Engineering And Research Centre, Eklahare, Nashik",Nashik,Un-Aided,Autonomous,Autonomous Institute,Autonomous Institute,0517724610,Information Technology,GNT1S,112873,62.0615406,Stage I,2025-26,1,862
05177,"Matoshri College Of Engineering And Research Centre, Eklahare, Nashik",Nashik,Un-Aided,Autonomous,Autonomous Institute,Autonomous Institute,0517724610,Information Technology,GNT2S,112411,62.1365556,Stage I,2025-26,1,862
05177,"Matoshri College Of Engineering And Research Centre, Eklahare, Nashik",Nashik,Un-Aided,Autonomous,Autonomous Institute,Autonomous Institute,0517724610,Information Technology,GNT3S,121169,58.2180677,Stage I,2025-26,1,862
05177,"Matoshri College Of Engineering And Research Centre, Eklahare, Nashik",Nashik,Un-Aided,Autonomous,Autonomous Institute,Autonomous Institute,0517724610,Information Technology,GOBCS,99367,67.8236662,Stage I,2025-26,1,862
05177,"Matoshri College Of Engineering And Research Centre, Eklahare, Nashik",Nashik,Un-Aided,Autonomous,Autonomous Institute,Autonomous Institute,0517724610,Information Technology,GSEBCS,130263,53.7591782,Stage I,2025-26,1,862
05177,"Matoshri College Of Engineering And Research Centre, Eklahare, Nashik",Nashik,Un-Aided,Autonomous,Autonomous Institute,Autonomous Institute,0517724610,Information Technology,LOPENS,86324,72.7429418,Stage I,2025-26,1,862
05177,"Matoshri College Of Engineering And Research Centre, Eklahare, Nashik",Nashik,Un-Aided,Autonomous,Autonomous Institute,Autonomous Institute,0517724610,Information Technology,LSCS,141211,47.8905633,Stage I,2025-26,1,862
05177,"Matoshri College Of Engineering And Research Centre, Eklahare, Nashik",Nashik,Un-Aided,Autonomous,Autonomous Institute,Autonomous Institute,0517724610,Information Technology,LVJS,125271,56.5039753,Stage I,2025-26,1,862
05177,"Matoshri College Of Engineering And Research Centre, Eklahare, Nashik",Nashik,Un-Aided,Autonomous,Autonomous Institute,Autonomous Institute,0517724610,Information Technology,LNT1S,105670,65.3084343,Stage I,2025-26,1,862
05177,"Matoshri College Of Engineering And Research Centre, Eklahare, Nashik",Nashik,Un-Aided,Autonomous,Autonomous Institute,Autonomous Institute,0517724610,Information Technology,LNT2S,96299,68.9620341,Stage I,2025-26,1,862
05177,"Matoshri College Of Engineering And Research Centre, Eklahare, Nashik",Nashik,Un-Aided,Autonomous,Autonomous Institute,Autonomous Institute,0517724610,Information Technology,LOBCS,96541,68.9620341,Stage I,2025-26,1,862
05177,"Matoshri College Of Engineering And Research Centre, Eklahare, Nashik",Nashik,Un-Aided,Autonomous,Autonomous Institute,Autonomous Institute,0517724610,Information Technology,LSEBCS,118306,59.3210117,Stage I,2025-26,1,862
05177,"Matoshri College Of Engineering And Research Centre, Eklahare, Nashik",Nashik,Un-Aided,Autonomous,Autonomous Institute,Autonomous Institute,0517724610,Information Technology,TFWS,91603,70.7504568,Stage I,2025-26,1,862
05177,"Matoshri College Of Engineering And Research Centre, Eklahare, Nashik",Nashik,Un-Aided,Autonomous,Autonomous Institute,Autonomous Institute,0517724610,Information Technology,EWS,79000,75.3562654,Stage I,2025-26,1,862
05177,"Matoshri College Of Engineering And Research Centre, Eklahare, Nashik",Nashik,Un-Aided,Autonomous,Autonomous Institute,Autonomous Institute,0517729310,Electrical Engineering,GOPENS,117202,60.2517483,Stage I,2025-26,1,862
05177,"Matoshri College Of Engineering And Research Centre, Eklahare, Nashik",Nashik,Un-Aided,Autonomous,Autonomous Institute,Autonomous Institute,0517729310,Electrical Engineering,GSCS,183186,20.3327444,Stage I,2025-26,1,862
05177,"Matoshri College Of Engineering And Research Centre, Eklahare, Nashik",Nashik,Un-Aided,Autonomous,Autonomous Institute,Autonomous Institute,0517729310,Electrical Engineering,GSTS,172797,28.6767287,Stage I,2025-26,1,862
05177,"Matoshri College Of Engineering And Research Centre, Eklahare, Nashik",Nashik,Un-Aided,Autonomous,Autonomous Institute,Autonomous Institute,0517729310,Electrical Engineering,GNT1S,127461,55.2744499,Stage I,2025-26,1,862
05177,"Matoshri College Of Engineering And Research Centre, Eklahare, Nashik",Nashik,Un-Aided,Autonomous,Autonomous Institute,Autonomous Institute,0517729310,Electrical Engineering,GNT2S,158323,38.7925588,Stage I,2025-26,1,862
05177,"Matoshri College Of Engineering And Research Centre, Eklahare, Nashik",Nashik,Un-Aided,Autonomous,Autonomous Institute,Autonomous Institute,0517729310,Electrical Engineering,GNT3S,124956,56.6213771,Stage I,2025-26,1,862
05177,"Matoshri College Of Engineering And Research Centre, Eklahare, Nashik",Nashik,Un-Aided,Autonomous,Autonomous Institute,Autonomous Institute,0517729310,Electrical Engineering,GOBCS,122486,57.5410529,Stage I,2025-26,1,862
05177,"Matoshri College Of Engineering And Research Centre, Eklahare, Nashik",Nashik,Un-Aided,Autonomous,Autonomous Institute,Autonomous Institute,0517729310,Electrical Engineering,GSEBCS,164709,33.6209084,Stage I,2025-26,1,862
05177,"Matoshri College Of Engineering And Research Centre, Eklahare, Nashik",Nashik,Un-Aided,Autonomous,Autonomous Institute,Autonomous Institute,0517729310,Electrical Engineering,LOPENS,124545,56.8426573,Stage I,2025-26,1,862
05177,"Matoshri College Of Engineering And Research Centre, Eklahare, Nashik",Nashik,Un-Aided,Autonomous,Autonomous Institute,Autonomous Institute,0517729310,Electrical Engineering,LSCS,177940,24.8659004,Stage I,2025-26,1,862
05177,"Matoshri College Of Engineering And Research Centre, Eklahare, Nashik",Nashik,Un-Aided,Autonomous,Autonomous Institute,Autonomous Institute,0517729310,Electrical Engineering,LNT2S,176032,25.7272727,Stage I,2025-26,1,862
05177,"Matoshri College Of Engineering And Research Centre, Eklahare, Nashik",Nashik,Un-Aided,Autonomous,Autonomous Institute,Autonomous Institute,0517729310,Electrical Engineering,LOBCS,129155,54.4314351,Stage I,2025-26,1,862
05177,"Matoshri College Of Engineering And Research Centre, Eklahare, Nashik",Nashik,Un-Aided,Autonomous,Autonomous Institute,Autonomous Institute,0517729310,Electrical Engineering,LSEBCS,162907,35.6771832,Stage I,2025-26,1,862
05177,"Matoshri College Of Engineering And Research Centre, Eklahare, Nashik",Nashik,Un-Aided,Autonomous,Autonomous Institute,Autonomous Institute,0517729310,Electrical Engineering,TFWS,95133,69.3295893,Stage I,2025-26,1,862
05177,"Matoshri College Of Engineering And Research Centre, Eklahare, Nashik",Nashik,Un-Aided,Autonomous,Autonomous Institute,Autonomous Institute,0517729310,Electrical Engineering,LSCS,188660,15.8481365,Stage II,2025-26,1,862
05177,"Matoshri College Of Engineering And Research Centre, Eklahare, Nashik",Nashik,Un-Aided,Autonomous,Autonomous Institute,Autonomous Institute,0517729310,Electrical Engineering,LVJS,161703,36.0836122,Stage II,2025-26,1,862
05177,"Matoshri College Of Engineering And Research Centre, Eklahare, Nashik",Nashik,Un-Aided,Autonomous,Autonomous Institute,Autonomous Institute,0517737210,Electronics And Telecommunication Engg,GOPENS,102760,66.2972028,Stage I,2025-26,1,863
05177,"Matoshri College Of Engineering And Research Centre, Eklahare, Nashik",Nashik,Un-Aided,Autonomous,Autonomous Institute,Autonomous Institute,0517737210,Electronics And Telecommunication Engg,GSCS,170629,29.5314685,Stage I,2025-26,1,863
05177,"Matoshri College Of Engineering And Research Centre, Eklahare, Nashik",Nashik,Un-Aided,Autonomous,Autonomous Institute,Autonomous Institute,0517737210,Electronics And Telecommunication Engg,GVJS,106160,64.7148712,Stage I,2025-26,1,863
05177,"Matoshri College Of Engineering And Research Centre, Eklahare, Nashik",Nashik,Un-Aided,Autonomous,Autonomous Institute,Autonomous Institute,0517737210,Electronics And Telecommunication Engg,GNT1S,120468,58.6907687,Stage I,2025-26,1,863
05177,"Matoshri College Of Engineering And Research Centre, Eklahare, Nashik",Nashik,Un-Aided,Autonomous,Autonomous Institute,Autonomous Institute,0517737210,Electronics And Telecommunication Engg,GNT2S,118054,59.9607019,Stage I,2025-26,1,863
05177,"Matoshri College Of Engineering And Research Centre, Eklahare, Nashik",Nashik,Un-Aided,Autonomous,Autonomous Institute,Autonomous Institute,0517737210,Electronics And Telecommunication Engg,GOBCS,105877,65.3084343,Stage I,2025-26,1,863
05177,"Matoshri College Of Engineering And Research Centre, Eklahare, Nashik",Nashik,Un-Aided,Autonomous,Autonomous Institute,Autonomous Institute,0517737210,Electronics And Telecommunication Engg,GSEBCS,132777,52.5968356,Stage I,2025-26,1,863
05177,"Matoshri College Of Engineering And Research Centre, Eklahare, Nashik",Nashik,Un-Aided,Autonomous,Autonomous Institute,Autonomous Institute,0517737210,Electronics And Telecommunication Engg,LOPENS,92414,70.507201,Stage I,2025-26,1,863
05177,"Matoshri College Of Engineering And Research Centre, Eklahare, Nashik",Nashik,Un-Aided,Autonomous,Autonomous Institute,Autonomous Institute,0517737210,Electronics And Telecommunication Engg,LSCS,159477,37.1950556,Stage I,2025-26,1,863
05177,"Matoshri College Of Engineering And Research Centre, Eklahare, Nashik",Nashik,Un-Aided,Autonomous,Autonomous Institute,Autonomous Institute,0517737210,Electronics And Telecommunication Engg,LNT1S,167441,32.1650475,Stage I,2025-26,1,863
05177,"Matoshri College Of Engineering And Research Centre, Eklahare, Nashik",Nashik,Un-Aided,Autonomous,Autonomous Institute,Autonomous Institute,0517737210,Electronics And Telecommunication Engg,LNT3S,123277,57.4017459,Stage I,2025-26,1,863
05177,"Matoshri College Of Engineering And Research Centre, Eklahare, Nashik",Nashik,Un-Aided,Autonomous,Autonomous Institute,Autonomous Institute,0517737210,Electronics And Telecommunication Engg,LOBCS,102173,66.3866132,Stage I,2025-26,1,863
05177,"Matoshri College Of Engineering And Research Centre, Eklahare, Nashik",Nashik,Un-Aided,Autonomous,Autonomous Institute,Autonomous Institute,0517737210,Electronics And Telecommunication Engg,LSEBCS,118803,59.2797111,Stage I,2025-26,1,863
05177,"Matoshri College Of Engineering And Research Centre, Eklahare, Nashik",Nashik,Un-Aided,Autonomous,Autonomous Institute,Autonomous Institute,0517737210,Electronics And Telecommunication Engg,DEFOPENS,129978,54.0903901,Stage I,2025-26,1,863
05177,"Matoshri College Of Engineering And Research Centre, Eklahare, Nashik",Nashik,Un-Aided,Autonomous,Autonomous Institute,Autonomous Institute,0517737210,Electronics And Telecommunication Engg,TFWS,95107,69.3295893,Stage I,2025-26,1,863
05177,"Matoshri College Of Engineering And Research Centre, Eklahare, Nashik",Nashik,Un-Aided,Autonomous,Autonomous Institute,Autonomous Institute,0517761210,Mechanical Engineering,GOPENS,123381,57.4017459,Stage I,2025-26,1,863
05177,"Matoshri College Of Engineering And Research Centre, Eklahare, Nashik",Nashik,Un-Aided,Autonomous,Autonomous Institute,Autonomous Institute,0517761210,Mechanical Engineering,GSCS,179698,22.8933117,Stage I,2025-26,1,863
05177,"Matoshri College Of Engineering And Research Centre, Eklahare, Nashik",Nashik,Un-Aided,Autonomous,Autonomous Institute,Autonomous Institute,0517761210,Mechanical Engineering,GSTS,196367,8.7118703,Stage I,2025-26,1,863
05177,"Matoshri College Of Engineering And Research Centre, Eklahare, Nashik",Nashik,Un-Aided,Autonomous,Autonomous Institute,Autonomous Institute,0517761210,Mechanical Engineering,GVJS,161854,35.9909439,Stage I,2025-26,1,863
05177,"Matoshri College Of Engineering And Research Centre, Eklahare, Nashik",Nashik,Un-Aided,Autonomous,Autonomous Institute,Autonomous Institute,0517761210,Mechanical Engineering,GNT1S,169193,31.9226076,Stage I,2025-26,1,863
05177,"Matoshri College Of Engineering And Research Centre, Eklahare, Nashik",Nashik,Un-Aided,Autonomous,Autonomous Institute,Autonomous Institute,0517761210,Mechanical Engineering,GNT2S,164339,34.896751,Stage I,2025-26,1,863
05177,"Matoshri College Of Engineering And Research Centre, Eklahare, Nashik",Nashik,Un-Aided,Autonomous,Autonomous Institute,Autonomous Institute,0517761210,Mechanical Engineering,GNT3S,128957,54.4314351,Stage I,2025-26,1,863
05177,"Matoshri College Of Engineering And Research Centre, Eklahare, Nashik",Nashik,Un-Aided,Autonomous,Autonomous Institute,Autonomous Institute,0517761210,Mechanical Engineering,GOBCS,127365,55.2744499,Stage I,2025-26,1,863
05177,"Matoshri College Of Engineering And Research Centre, Eklahare, Nashik",Nashik,Un-Aided,Autonomous,Autonomous Institute,Autonomous Institute,0517761210,Mechanical Engineering,GSEBCS,181283,22.035802,Stage I,2025-26,1,863
05177,"Matoshri College Of Engineering And Research Centre, Eklahare, Nashik",Nashik,Un-Aided,Autonomous,Autonomous Institute,Autonomous Institute,0517761210,Mechanical Engineering,LOPENS,127381,55.2744499,Stage I,2025-26,1,863
05177,"Matoshri College Of Engineering And Research Centre, Eklahare, Nashik",Nashik,Un-Aided,Autonomous,Autonomous Institute,Autonomous Institute,0517761210,Mechanical Engineering,LSCS,186746,17.6786167,Stage I,2025-26,1,863
05177,"Matoshri College Of Engineering And Research Centre, Eklahare, Nashik",Nashik,Un-Aided,Autonomous,Autonomous Institute,Autonomous Institute,0517761210,Mechanical Engineering,LNT2S,161672,36.0836122,Stage I,2025-26,1,863
05177,"Matoshri College Of Engineering And Research Centre, Eklahare, Nashik",Nashik,Un-Aided,Autonomous,Autonomous Institute,Autonomous Institute,0517761210,Mechanical Engineering,LOBCS,129308,54.1537389,Stage I,2025-26,1,863
05177,"Matoshri College Of Engineering And Research Centre, Eklahare, Nashik",Nashik,Un-Aided,Autonomous,Autonomous Institute,Autonomous Institute,0517761210,Mechanical Engineering,LSEBCS,190313,14.3147873,Stage I,2025-26,1,863
05177,"Matoshri College Of Engineering And Research Centre, Eklahare, Nashik",Nashik,Un-Aided,Autonomous,Autonomous Institute,Autonomous Institute,0517761210,Mechanical Engineering,TFWS,125450,56.2929777,Stage I,2025-26,1,863
05177,"Matoshri College Of Engineering And Research Centre, Eklahare, Nashik",Nashik,Un-Aided,Autonomous,Autonomous Institute,Autonomous Institute,0517761210,Mechanical Engineering,EWS,178405,24.7167509,Stage I,2025-26,1,863
05177,"Matoshri College Of Engineering And Research Centre, Eklahare, Nashik",Nashik,Un-Aided,Autonomous,Autonomous Institute,Autonomous Institute,0517761210,Mechanical Engineering,LVJS,164739,33.6209084,Stage II,2025-26,1,863
05177,"Matoshri College Of Engineering And Research Centre, Eklahare, Nashik",Nashik,Un-Aided,Autonomous,Autonomous Institute,Autonomous Institute,0517784410,Electronics And Computer Engineering,GOPENS,123089,57.4376852,Stage I,2025-26,1,863
05177,"Matoshri College Of Engineering And Research Centre, Eklahare, Nashik",Nashik,Un-Aided,Autonomous,Autonomous Institute,Autonomous Institute,0517784410,Electronics And Computer Engineering,GSCS,202724,1.5108743,Stage I,2025-26,1,863
05177,"Matoshri College Of Engineering And Research Centre, Eklahare, Nashik",Nashik,Un-Aided,Autonomous,Autonomous Institute,Autonomous Institute,0517784410,Electronics And Computer Engineering,GVJS,198221,6.6801689,Stage I,2025-26,1,863
05177,"Matoshri College Of Engineering And Research Centre, Eklahare, Nashik",Nashik,Un-Aided,Autonomous,Autonomous Institute,Autonomous Institute,0517784410,Electronics And Computer Engineering,GNT1S,160184,36.226012,Stage I,2025-26,1,863
05177,"Matoshri College Of Engineering And Research Centre, Eklahare, Nashik",Nashik,Un-Aided,Autonomous,Autonomous Institute,Autonomous Institute,0517784410,Electronics And Computer Engineering,GNT2S,154433,40.0936536,Stage I,2025-26,1,863
05177,"Matoshri College Of Engineering And Research Centre, Eklahare, Nashik",Nashik,Un-Aided,Autonomous,Autonomous Institute,Autonomous Institute,0517784410,Electronics And Computer Engineering,GNT3S,133238,52.3622324,Stage I,2025-26,1,863
05177,"Matoshri College Of Engineering And Research Centre, Eklahare, Nashik",Nashik,Un-Aided,Autonomous,Autonomous Institute,Autonomous Institute,0517784410,Electronics And Computer Engineering,GOBCS,132131,53.2228937,Stage I,2025-26,1,863
05177,"Matoshri College Of Engineering And Research Centre, Eklahare, Nashik",Nashik,Un-Aided,Autonomous,Autonomous Institute,Autonomous Institute,0517784410,Electronics And Computer Engineering,GSEBCS,190347,14.0716041,Stage I,2025-26,1,863
05177,"Matoshri College Of Engineering And Research Centre, Eklahare, Nashik",Nashik,Un-Aided,Autonomous,Autonomous Institute,Autonomous Institute,0517784410,Electronics And Computer Engineering,LOPENS,116301,60.4378874,Stage I,2025-26,1,863
05177,"Matoshri College Of Engineering And Research Centre, Eklahare, Nashik",Nashik,Un-Aided,Autonomous,Autonomous Institute,Autonomous Institute,0517784410,Electronics And Computer Engineering,LSCS,203225,0.7902273,Stage I,2025-26,1,863
05177,"Matoshri College Of Engineering And Research Centre, Eklahare, Nashik",Nashik,Un-Aided,Autonomous,Autonomous Institute,Autonomous Institute,0517784410,Electronics And Computer Engineering,LNT1S,195816,9.113484,Stage I,2025-26,1,863
05177,"Matoshri College Of Engineering And Research Centre, Eklahare, Nashik",Nashik,Un-Aided,Autonomous,Autonomous Institute,Autonomous Institute,0517784410,Electronics And Computer Engineering,LNT2S,127412,55.2744499,Stage I,2025-26,1,863
05177,"Matoshri College Of Engineering And Research Centre, Eklahare, Nashik",Nashik,Un-Aided,Autonomous,Autonomous Institute,Autonomous Institute,0517784410,Electronics And Computer Engineering,LNT3S,137753,50.3223138,Stage I,2025-26,1,863
05177,"Matoshri College Of Engineering And Research Centre, Eklahare, Nashik",Nashik,Un-Aided,Autonomous,Autonomous Institute,Autonomous Institute,0517784410,Electronics And Computer Engineering,LOBCS,121681,57.8195751,Stage I,2025-26,1,863
05177,"Matoshri College Of Engineering And Research Centre, Eklahare, Nashik",Nashik,Un-Aided,Autonomous,Autonomous Institute,Autonomous Institute,0517784410,Electronics And Computer Engineering,LSEBCS,175040,26.6274079,Stage I,2025-26,1,863
05177,"Matoshri College Of Engineering And Research Centre, Eklahare, Nashik",Nashik,Un-Aided,Autonomous,Autonomous Institute,Autonomous Institute,0517784410,Electronics And Computer Engineering,TFWS,116402,60.422115,Stage I,2025-26,1,863
05177,"Matoshri College Of Engineering And Research Centre, Eklahare, Nashik",Nashik,Un-Aided,Autonomous,Autonomous Institute,Autonomous Institute,0517799510,Artificial Intelligence And Data Science,GOPENS,92290,70.507201,Stage I,2025-26,1,863
05177,"Matoshri College Of Engineering And Research Centre, Eklahare, Nashik",Nashik,Un-Aided,Autonomous,Autonomous Institute,Autonomous Institute,0517799510,Artificial Intelligence And Data Science,GSCS,130163,54.0903901,Stage I,2025-26,1,863
05177,"Matoshri College Of Engineering And Research Centre, Eklahare, Nashik",Nashik,Un-Aided,Autonomous,Autonomous Institute,Autonomous Institute,0517799510,Artificial Intelligence And Data Science,GSTS,110488,63.200058,Stage I,2025-26,1,863
05177,"Matoshri College Of Engineering And Research Centre, Eklahare, Nashik",Nashik,Un-Aided,Autonomous,Autonomous Institute,Autonomous Institute,0517799510,Artificial Intelligence And Data Science,GVJS,108431,63.6512871,Stage I,2025-26,1,863
05177,"Matoshri College Of Engineering And Research Centre, Eklahare, Nashik",Nashik,Un-Aided,Autonomous,Autonomous Institute,Autonomous Institute,0517799510,Artificial Intelligence And Data Science,GNT1S,112819,62.0615406,Stage I,2025-26,1,863
05177,"Matoshri College Of Engineering And Research Centre, Eklahare, Nashik",Nashik,Un-Aided,Autonomous,Autonomous Institute,Autonomous Institute,0517799510,Artificial Intelligence And Data Science,GNT2S,114111,61.5619516,Stage I,2025-26,1,863
05177,"Matoshri College Of Engineering And Research Centre, Eklahare, Nashik",Nashik,Un-Aided,Autonomous,Autonomous Institute,Autonomous Institute,0517799510,Artificial Intelligence And Data Science,GNT3S,100972,66.9498069,Stage I,2025-26,1,863
05177,"Matoshri College Of Engineering And Research Centre, Eklahare, Nashik",Nashik,Un-Aided,Autonomous,Autonomous Institute,Autonomous Institute,0517799510,Artificial Intelligence And Data Science,GOBCS,95999,69.0979021,Stage I,2025-26,1,863
05177,"Matoshri College Of Engineering And Research Centre, Eklahare, Nashik",Nashik,Un-Aided,Autonomous,Autonomous Institute,Autonomous Institute,0517799510,Artificial Intelligence And Data Science,GSEBCS,114980,60.9090909,Stage I,2025-26,1,863
05177,"Matoshri College Of Engineering And Research Centre, Eklahare, Nashik",Nashik,Un-Aided,Autonomous,Autonomous Institute,Autonomous Institute,0517799510,Artificial Intelligence And Data Science,LOPENS,88701,71.6607627,Stage I,2025-26,1,863
05177,"Matoshri College Of Engineering And Research Centre, Eklahare, Nashik",Nashik,Un-Aided,Autonomous,Autonomous Institute,Autonomous Institute,0517799510,Artificial Intelligence And Data Science,LSCS,131220,53.6060165,Stage I,2025-26,1,863
05177,"Matoshri College Of Engineering And Research Centre, Eklahare, Nashik",Nashik,Un-Aided,Autonomous,Autonomous Institute,Autonomous Institute,0517799510,Artificial Intelligence And Data Science,LSTS,185807,18.5475444,Stage I,2025-26,1,863
05177,"Matoshri College Of Engineering And Research Centre, Eklahare, Nashik",Nashik,Un-Aided,Autonomous,Autonomous Institute,Autonomous Institute,0517799510,Artificial Intelligence And Data Science,LVJS,130383,53.7591782,Stage I,2025-26,1,863
05177,"Matoshri College Of Engineering And Research Centre, Eklahare, Nashik",Nashik,Un-Aided,Autonomous,Autonomous Institute,Autonomous Institute,0517799510,Artificial Intelligence And Data Science,LNT1S,115344,60.8775137,Stage I,2025-26,1,863
05177,"Matoshri College Of Engineering And Research Centre, Eklahare, Nashik",Nashik,Un-Aided,Autonomous,Autonomous Institute,Autonomous Institute,0517799510,Artificial Intelligence And Data Science,LNT2S,113582,61.6834321,Stage I,2025-26,1,863
05177,"Matoshri College Of Engineering And Research Centre, Eklahare, Nashik",Nashik,Un-Aided,Autonomous,Autonomous Institute,Autonomous Institute,0517799510,Artificial Intelligence And Data Science,LOBCS,90729,71.173087,Stage I,2025-26,1,863
05177,"Matoshri College Of Engineering And Research Centre, Eklahare, Nashik",Nashik,Un-Aided,Autonomous,Autonomous Institute,Autonomous Institute,0517799510,Artificial Intelligence And Data Science,LSEBCS,93071,70.2628092,Stage I,2025-26,1,863
05177,"Matoshri College Of Engineering And Research Centre, Eklahare, Nashik",Nashik,Un-Aided,Autonomous,Autonomous Institute,Autonomous Institute,0517799510,Artificial Intelligence And Data Science,DEFOPENS,155444,39.7546871,Stage I,2025-26,1,863
05177,"Matoshri College Of Engineering And Research Centre, Eklahare, Nashik",Nashik,Un-Aided,Autonomous,Autonomous Institute,Autonomous Institute,0517799510,Artificial Intelligence And Data Science,TFWS,65531,79.9809712,Stage I,2025-26,1,863
05177,"Matoshri College Of Engineering And Research Centre, Eklahare, Nashik",Nashik,Un-Aided,Autonomous,Autonomous Institute,Autonomous Institute,0517799510,Artificial Intelligence And Data Science,EWS,167870,32.1281783,Stage I,2025-26,1,863
05181,"Gokhale Education Society'S, R.H. Sapat College Of Engineering, Management Studies And Research, Nashik",Nashik,Un-Aided,Non-Autonomous,Savitribai Phule Pune University,Savitribai Phule Pune University,0518119110,Civil Engineering,GOPENH,113500,61.6834321,Stage I,2025-26,1,870
05181,"Gokhale Education Society'S, R.H. Sapat College Of Engineering, Management Studies And Research, Nashik",Nashik,Un-Aided,Non-Autonomous,Savitribai Phule Pune University,Savitribai Phule Pune University,0518119110,Civil Engineering,GSCH,168713,31.9280223,Stage I,2025-26,1,870
05181,"Gokhale Education Society'S, R.H. Sapat College Of Engineering, Management Studies And Research, Nashik",Nashik,Un-Aided,Non-Autonomous,Savitribai Phule Pune University,Savitribai Phule Pune University,0518119110,Civil Engineering,GSTH,151924,42.6339209,Stage I,2025-26,1,870
05181,"Gokhale Education Society'S, R.H. Sapat College Of Engineering, Management Studies And Research, Nashik",Nashik,Un-Aided,Non-Autonomous,Savitribai Phule Pune University,Savitribai Phule Pune University,0518119110,Civil Engineering,GVJH,158326,38.7925588,Stage I,2025-26,1,870
05181,"Gokhale Education Society'S, R.H. Sapat College Of Engineering, Management Studies And Research, Nashik",Nashik,Un-Aided,Non-Autonomous,Savitribai Phule Pune University,Savitribai Phule Pune University,0518119110,Civil Engineering,GNT2H,158809,38.2479385,Stage I,2025-26,1,870
05181,"Gokhale Education Society'S, R.H. Sapat College Of Engineering, Management Studies And Research, Nashik",Nashik,Un-Aided,Non-Autonomous,Savitribai Phule Pune University,Savitribai Phule Pune University,0518119110,Civil Engineering,GNT3H,121789,57.8195751,Stage I,2025-26,1,870
05181,"Gokhale Education Society'S, R.H. Sapat College Of Engineering, Management Studies And Research, Nashik",Nashik,Un-Aided,Non-Autonomous,Savitribai Phule Pune University,Savitribai Phule Pune University,0518119110,Civil Engineering,GOBCH,116433,60.422115,Stage I,2025-26,1,870
05181,"Gokhale Education Society'S, R.H. Sapat College Of Engineering, Management Studies And Research, Nashik",Nashik,Un-Aided,Non-Autonomous,Savitribai Phule Pune University,Savitribai Phule Pune University,0518119110,Civil Engineering,GSEBCH,154968,39.902473,Stage I,2025-26,1,870
05181,"Gokhale Education Society'S, R.H. Sapat College Of Engineering, Management Studies And Research, Nashik",Nashik,Un-Aided,Non-Autonomous,Savitribai Phule Pune University,Savitribai Phule Pune University,0518119110,Civil Engineering,LOPENH,107782,64.2631037,Stage I,2025-26,1,870
05181,"Gokhale Education Society'S, R.H. Sapat College Of Engineering, Management Studies And Research, Nashik",Nashik,Un-Aided,Non-Autonomous,Savitribai Phule Pune University,Savitribai Phule Pune University,0518119110,Civil Engineering,LSCH,178587,24.6987745,Stage I,2025-26,1,870
05181,"Gokhale Education Society'S, R.H. Sapat College Of Engineering, Management Studies And Research, Nashik",Nashik,Un-Aided,Non-Autonomous,Savitribai Phule Pune University,Savitribai Phule Pune University,0518119110,Civil Engineering,LSTH,161108,36.1161649,Stage I,2025-26,1,870
05181,"Gokhale Education Society'S, R.H. Sapat College Of Engineering, Management Studies And Research, Nashik",Nashik,Un-Aided,Non-Autonomous,Savitribai Phule Pune University,Savitribai Phule Pune University,0518119110,Civil Engineering,LNT1H,181474,22.035802,Stage I,2025-26,1,870
05181,"Gokhale Education Society'S, R.H. Sapat College Of Engineering, Management Studies And Research, Nashik",Nashik,Un-Aided,Non-Autonomous,Savitribai Phule Pune University,Savitribai Phule Pune University,0518119110,Civil Engineering,LNT3H,120045,58.8525307,Stage I,2025-26,1,870
05181,"Gokhale Education Society'S, R.H. Sapat College Of Engineering, Management Studies And Research, Nashik",Nashik,Un-Aided,Non-Autonomous,Savitribai Phule Pune University,Savitribai Phule Pune University,0518119110,Civil Engineering,LOBCH,111027,62.918458,Stage I,2025-26,1,870
05181,"Gokhale Education Society'S, R.H. Sapat College Of Engineering, Management Studies And Research, Nashik",Nashik,Un-Aided,Non-Autonomous,Savitribai Phule Pune University,Savitribai Phule Pune University,0518119110,Civil Engineering,LSEBCH,192378,12.4732664,Stage I,2025-26,1,870
05181,"Gokhale Education Society'S, R.H. Sapat College Of Engineering, Management Studies And Research, Nashik",Nashik,Un-Aided,Non-Autonomous,Savitribai Phule Pune University,Savitribai Phule Pune University,0518119110,Civil Engineering,GOPENO,119145,59.1762367,Stage I,2025-26,1,870
05181,"Gokhale Education Society'S, R.H. Sapat College Of Engineering, Management Studies And Research, Nashik",Nashik,Un-Aided,Non-Autonomous,Savitribai Phule Pune University,Savitribai Phule Pune University,0518119110,Civil Engineering,GSCO,175811,25.8355418,Stage I,2025-26,1,870
05181,"Gokhale Education Society'S, R.H. Sapat College Of Engineering, Management Studies And Research, Nashik",Nashik,Un-Aided,Non-Autonomous,Savitribai Phule Pune University,Savitribai Phule Pune University,0518119110,Civil Engineering,GOBCO,130677,53.6771201,Stage I,2025-26,1,870
05181,"Gokhale Education Society'S, R.H. Sapat College Of Engineering, Management Studies And Research, Nashik",Nashik,Un-Aided,Non-Autonomous,Savitribai Phule Pune University,Savitribai Phule Pune University,0518119110,Civil Engineering,GSEBCO,178394,24.7167509,Stage I,2025-26,1,870
05181,"Gokhale Education Society'S, R.H. Sapat College Of Engineering, Management Studies And Research, Nashik",Nashik,Un-Aided,Non-Autonomous,Savitribai Phule Pune University,Savitribai Phule Pune University,0518119110,Civil Engineering,LOPENO,71114,78.3357644,Stage I,2025-26,1,870
05181,"Gokhale Education Society'S, R.H. Sapat College Of Engineering, Management Studies And Research, Nashik",Nashik,Un-Aided,Non-Autonomous,Savitribai Phule Pune University,Savitribai Phule Pune University,0518119110,Civil Engineering,LSTO,197045,7.8975079,Stage I,2025-26,1,870
05181,"Gokhale Education Society'S, R.H. Sapat College Of Engineering, Management Studies And Research, Nashik",Nashik,Un-Aided,Non-Autonomous,Savitribai Phule Pune University,Savitribai Phule Pune University,0518119110,Civil Engineering,LVJO,157648,39.2328654,Stage II,2025-26,1,870
05181,"Gokhale Education Society'S, R.H. Sapat College Of Engineering, Management Studies And Research, Nashik",Nashik,Un-Aided,Non-Autonomous,Savitribai Phule Pune University,Savitribai Phule Pune University,0518119110,Civil Engineering,LSCO,175895,25.7272727,Stage I,2025-26,1,870
05181,"Gokhale Education Society'S, R.H. Sapat College Of Engineering, Management Studies And Research, Nashik",Nashik,Un-Aided,Non-Autonomous,Savitribai Phule Pune University,Savitribai Phule Pune University,0518119110,Civil Engineering,TFWS,102483,66.3795642,Stage I,2025-26,1,870
05181,"Gokhale Education Society'S, R.H. Sapat College Of Engineering, Management Studies And Research, Nashik",Nashik,Un-Aided,Non-Autonomous,Savitribai Phule Pune University,Savitribai Phule Pune University,0518119110,Civil Engineering,EWS,157200,39.3344201,Stage I,2025-26,1,870
05181,"Gokhale Education Society'S, R.H. Sapat College Of Engineering, Management Studies And Research, Nashik",Nashik,Un-Aided,Non-Autonomous,Savitribai Phule Pune University,Savitribai Phule Pune University,0518124510,Computer Engineering,GOPENH,52427,84.3018999,Stage I,2025-26,1,871
05181,"Gokhale Education Society'S, R.H. Sapat College Of Engineering, Management Studies And Research, Nashik",Nashik,Un-Aided,Non-Autonomous,Savitribai Phule Pune University,Savitribai Phule Pune University,0518124510,Computer Engineering,GSCH,102180,66.3866132,Stage I,2025-26,1,871
05181,"Gokhale Education Society'S, R.H. Sapat College Of Engineering, Management Studies And Research, Nashik",Nashik,Un-Aided,Non-Autonomous,Savitribai Phule Pune University,Savitribai Phule Pune University,0518124510,Computer Engineering,GSTH,108034,63.8244514,Stage I,2025-26,1,871
05181,"Gokhale Education Society'S, R.H. Sapat College Of Engineering, Management Studies And Research, Nashik",Nashik,Un-Aided,Non-Autonomous,Savitribai Phule Pune University,Savitribai Phule Pune University,0518124510,Computer Engineering,GVJH,72870,77.2287062,Stage I,2025-26,1,871
05181,"Gokhale Education Society'S, R.H. Sapat College Of Engineering, Management Studies And Research, Nashik",Nashik,Un-Aided,Non-Autonomous,Savitribai Phule Pune University,Savitribai Phule Pune University,0518124510,Computer Engineering,GNT1H,75193,76.8955509,Stage I,2025-26,1,871
05181,"Gokhale Education Society'S, R.H. Sapat College Of Engineering, Management Studies And Research, Nashik",Nashik,Un-Aided,Non-Autonomous,Savitribai Phule Pune University,Savitribai Phule Pune University,0518124510,Computer Engineering,GNT2H,67620,79.4832155,Stage I,2025-26,1,871
05181,"Gokhale Education Society'S, R.H. Sapat College Of Engineering, Management Studies And Research, Nashik",Nashik,Un-Aided,Non-Autonomous,Savitribai Phule Pune University,Savitribai Phule Pune University,0518124510,Computer Engineering,GOBCH,55020,83.4741816,Stage I,2025-26,1,871
05181,"Gokhale Education Society'S, R.H. Sapat College Of Engineering, Management Studies And Research, Nashik",Nashik,Un-Aided,Non-Autonomous,Savitribai Phule Pune University,Savitribai Phule Pune University,0518124510,Computer Engineering,GSEBCH,99427,67.8236662,Stage I,2025-26,1,871
05181,"Gokhale Education Society'S, R.H. Sapat College Of Engineering, Management Studies And Research, Nashik",Nashik,Un-Aided,Non-Autonomous,Savitribai Phule Pune University,Savitribai Phule Pune University,0518124510,Computer Engineering,LOPENH,49900,85.1002266,Stage I,2025-26,1,871
05181,"Gokhale Education Society'S, R.H. Sapat College Of Engineering, Management Studies And Research, Nashik",Nashik,Un-Aided,Non-Autonomous,Savitribai Phule Pune University,Savitribai Phule Pune University,0518124510,Computer Engineering,LSCH,75937,76.7635852,Stage I,2025-26,1,871
05181,"Gokhale Education Society'S, R.H. Sapat College Of Engineering, Management Studies And Research, Nashik",Nashik,Un-Aided,Non-Autonomous,Savitribai Phule Pune University,Savitribai Phule Pune University,0518124510,Computer Engineering,LSTH,141754,47.8015007,Stage I,2025-26,1,871
05181,"Gokhale Education Society'S, R.H. Sapat College Of Engineering, Management Studies And Research, Nashik",Nashik,Un-Aided,Non-Autonomous,Savitribai Phule Pune University,Savitribai Phule Pune University,0518124510,Computer Engineering,LNT2H,71296,78.272232,Stage I,2025-26,1,871
05181,"Gokhale Education Society'S, R.H. Sapat College Of Engineering, Management Studies And Research, Nashik",Nashik,Un-Aided,Non-Autonomous,Savitribai Phule Pune University,Savitribai Phule Pune University,0518124510,Computer Engineering,LOBCH,53273,84.0359888,Stage I,2025-26,1,871
05181,"Gokhale Education Society'S, R.H. Sapat College Of Engineering, Management Studies And Research, Nashik",Nashik,Un-Aided,Non-Autonomous,Savitribai Phule Pune University,Savitribai Phule Pune University,0518124510,Computer Engineering,LSEBCH,75638,76.7694659,Stage I,2025-26,1,871
05181,"Gokhale Education Society'S, R.H. Sapat College Of Engineering, Management Studies And Research, Nashik",Nashik,Un-Aided,Non-Autonomous,Savitribai Phule Pune University,Savitribai Phule Pune University,0518124510,Computer Engineering,GOPENO,48852,85.4112341,Stage I,2025-26,1,871
05181,"Gokhale Education Society'S, R.H. Sapat College Of Engineering, Management Studies And Research, Nashik",Nashik,Un-Aided,Non-Autonomous,Savitribai Phule Pune University,Savitribai Phule Pune University,0518124510,Computer Engineering,GSCO,93566,69.8941051,Stage I,2025-26,1,871
05181,"Gokhale Education Society'S, R.H. Sapat College Of Engineering, Management Studies And Research, Nashik",Nashik,Un-Aided,Non-Autonomous,Savitribai Phule Pune University,Savitribai Phule Pune University,0518124510,Computer Engineering,GSTO,178246,24.7167509,Stage I,2025-26,1,871
05181,"Gokhale Education Society'S, R.H. Sapat College Of Engineering, Management Studies And Research, Nashik",Nashik,Un-Aided,Non-Autonomous,Savitribai Phule Pune University,Savitribai Phule Pune University,0518124510,Computer Engineering,GVJO,75333,76.8955509,Stage I,2025-26,1,871
05181,"Gokhale Education Society'S, R.H. Sapat College Of Engineering, Management Studies And Research, Nashik",Nashik,Un-Aided,Non-Autonomous,Savitribai Phule Pune University,Savitribai Phule Pune University,0518124510,Computer Engineering,GNT1O,55488,83.3397246,Stage I,2025-26,1,871
05181,"Gokhale Education Society'S, R.H. Sapat College Of Engineering, Management Studies And Research, Nashik",Nashik,Un-Aided,Non-Autonomous,Savitribai Phule Pune University,Savitribai Phule Pune University,0518124510,Computer Engineering,GNT2O,64068,80.602179,Stage I,2025-26,1,871
05181,"Gokhale Education Society'S, R.H. Sapat College Of Engineering, Management Studies And Research, Nashik",Nashik,Un-Aided,Non-Autonomous,Savitribai Phule Pune University,Savitribai Phule Pune University,0518124510,Computer Engineering,GOBCO,52368,84.3018999,Stage I,2025-26,1,871
05181,"Gokhale Education Society'S, R.H. Sapat College Of Engineering, Management Studies And Research, Nashik",Nashik,Un-Aided,Non-Autonomous,Savitribai Phule Pune University,Savitribai Phule Pune University,0518124510,Computer Engineering,GSEBCO,69179,78.6729363,Stage I,2025-26,1,871
05181,"Gokhale Education Society'S, R.H. Sapat College Of Engineering, Management Studies And Research, Nashik",Nashik,Un-Aided,Non-Autonomous,Savitribai Phule Pune University,Savitribai Phule Pune University,0518124510,Computer Engineering,LOPENO,41866,87.5995489,Stage I,2025-26,1,871
05181,"Gokhale Education Society'S, R.H. Sapat College Of Engineering, Management Studies And Research, Nashik",Nashik,Un-Aided,Non-Autonomous,Savitribai Phule Pune University,Savitribai Phule Pune University,0518124510,Computer Engineering,LNT3O,79003,75.3562654,Stage I,2025-26,1,871
05181,"Gokhale Education Society'S, R.H. Sapat College Of Engineering, Management Studies And Research, Nashik",Nashik,Un-Aided,Non-Autonomous,Savitribai Phule Pune University,Savitribai Phule Pune University,0518124510,Computer Engineering,LOBCO,52287,84.3296195,Stage I,2025-26,1,871
05181,"Gokhale Education Society'S, R.H. Sapat College Of Engineering, Management Studies And Research, Nashik",Nashik,Un-Aided,Non-Autonomous,Savitribai Phule Pune University,Savitribai Phule Pune University,0518124510,Computer Engineering,LSEBCO,79916,75.1927485,Stage I,2025-26,1,871
05181,"Gokhale Education Society'S, R.H. Sapat College Of Engineering, Management Studies And Research, Nashik",Nashik,Un-Aided,Non-Autonomous,Savitribai Phule Pune University,Savitribai Phule Pune University,0518124510,Computer Engineering,GSTO,110491,63.200058,Stage I,2025-26,1,871
05181,"Gokhale Education Society'S, R.H. Sapat College Of Engineering, Management Studies And Research, Nashik",Nashik,Un-Aided,Non-Autonomous,Savitribai Phule Pune University,Savitribai Phule Pune University,0518124510,Computer Engineering,DEFOPENS,115264,60.8775137,Stage I,2025-26,1,871
05181,"Gokhale Education Society'S, R.H. Sapat College Of Engineering, Management Studies And Research, Nashik",Nashik,Un-Aided,Non-Autonomous,Savitribai Phule Pune University,Savitribai Phule Pune University,0518124510,Computer Engineering,DEFOBCS,150416,43.1964993,Stage I,2025-26,1,871
05181,"Gokhale Education Society'S, R.H. Sapat College Of Engineering, Management Studies And Research, Nashik",Nashik,Un-Aided,Non-Autonomous,Savitribai Phule Pune University,Savitribai Phule Pune University,0518124510,Computer Engineering,TFWS,46396,86.2041018,Stage I,2025-26,1,871
05181,"Gokhale Education Society'S, R.H. Sapat College Of Engineering, Management Studies And Research, Nashik",Nashik,Un-Aided,Non-Autonomous,Savitribai Phule Pune University,Savitribai Phule Pune University,0518124510,Computer Engineering,EWS,155389,39.902473,Stage I,2025-26,1,871
05181,"Gokhale Education Society'S, R.H. Sapat College Of Engineering, Management Studies And Research, Nashik",Nashik,Un-Aided,Non-Autonomous,Savitribai Phule Pune University,Savitribai Phule Pune University,0518129310,Electrical Engineering,GOPENH,112143,62.1365556,Stage I,2025-26,1,872
05181,"Gokhale Education Society'S, R.H. Sapat College Of Engineering, Management Studies And Research, Nashik",Nashik,Un-Aided,Non-Autonomous,Savitribai Phule Pune University,Savitribai Phule Pune University,0518129310,Electrical Engineering,GSCH,166020,32.5553935,Stage I,2025-26,1,872
05181,"Gokhale Education Society'S, R.H. Sapat College Of Engineering, Management Studies And Research, Nashik",Nashik,Un-Aided,Non-Autonomous,Savitribai Phule Pune University,Savitribai Phule Pune University,0518129310,Electrical Engineering,GVJH,181234,22.1118881,Stage I,2025-26,1,872
05181,"Gokhale Education Society'S, R.H. Sapat College Of Engineering, Management Studies And Research, Nashik",Nashik,Un-Aided,Non-Autonomous,Savitribai Phule Pune University,Savitribai Phule Pune University,0518129310,Electrical Engineering,GNT1H,117934,59.9607019,Stage I,2025-26,1,872
05181,"Gokhale Education Society'S, R.H. Sapat College Of Engineering, Management Studies And Research, Nashik",Nashik,Un-Aided,Non-Autonomous,Savitribai Phule Pune University,Savitribai Phule Pune University,0518129310,Electrical Engineering,GNT2H,158623,38.3392226,Stage I,2025-26,1,872
05181,"Gokhale Education Society'S, R.H. Sapat College Of Engineering, Management Studies And Research, Nashik",Nashik,Un-Aided,Non-Autonomous,Savitribai Phule Pune University,Savitribai Phule Pune University,0518129310,Electrical Engineering,GNT3H,118616,59.2797111,Stage I,2025-26,1,872
05181,"Gokhale Education Society'S, R.H. Sapat College Of Engineering, Management Studies And Research, Nashik",Nashik,Un-Aided,Non-Autonomous,Savitribai Phule Pune University,Savitribai Phule Pune University,0518129310,Electrical Engineering,GOBCH,114462,61.1295449,Stage I,2025-26,1,872
05181,"Gokhale Education Society'S, R.H. Sapat College Of Engineering, Management Studies And Research, Nashik",Nashik,Un-Aided,Non-Autonomous,Savitribai Phule Pune University,Savitribai Phule Pune University,0518129310,Electrical Engineering,GSEBCH,203616,0.191012,Stage I,2025-26,1,872
05181,"Gokhale Education Society'S, R.H. Sapat College Of Engineering, Management Studies And Research, Nashik",Nashik,Un-Aided,Non-Autonomous,Savitribai Phule Pune University,Savitribai Phule Pune University,0518129310,Electrical Engineering,LOPENH,104879,65.630713,Stage I,2025-26,1,872
05181,"Gokhale Education Society'S, R.H. Sapat College Of Engineering, Management Studies And Research, Nashik",Nashik,Un-Aided,Non-Autonomous,Savitribai Phule Pune University,Savitribai Phule Pune University,0518129310,Electrical Engineering,LNT1H,127970,54.5872518,Stage I,2025-26,1,872
05181,"Gokhale Education Society'S, R.H. Sapat College Of Engineering, Management Studies And Research, Nashik",Nashik,Un-Aided,Non-Autonomous,Savitribai Phule Pune University,Savitribai Phule Pune University,0518129310,Electrical Engineering,LOBCH,111319,62.8632493,Stage I,2025-26,1,872
05181,"Gokhale Education Society'S, R.H. Sapat College Of Engineering, Management Studies And Research, Nashik",Nashik,Un-Aided,Non-Autonomous,Savitribai Phule Pune University,Savitribai Phule Pune University,0518129310,Electrical Engineering,LSEBCH,160364,36.226012,Stage I,2025-26,1,872
05181,"Gokhale Education Society'S, R.H. Sapat College Of Engineering, Management Studies And Research, Nashik",Nashik,Un-Aided,Non-Autonomous,Savitribai Phule Pune University,Savitribai Phule Pune University,0518129310,Electrical Engineering,LSCH,171880,28.984931,Stage II,2025-26,1,872
05181,"Gokhale Education Society'S, R.H. Sapat College Of Engineering, Management Studies And Research, Nashik",Nashik,Un-Aided,Non-Autonomous,Savitribai Phule Pune University,Savitribai Phule Pune University,0518129310,Electrical Engineering,LVJH,161833,35.9909439,Stage I,2025-26,1,872
05181,"Gokhale Education Society'S, R.H. Sapat College Of Engineering, Management Studies And Research, Nashik",Nashik,Un-Aided,Non-Autonomous,Savitribai Phule Pune University,Savitribai Phule Pune University,0518129310,Electrical Engineering,GOPENO,110586,63.200058,Stage I,2025-26,1,872
05181,"Gokhale Education Society'S, R.H. Sapat College Of Engineering, Management Studies And Research, Nashik",Nashik,Un-Aided,Non-Autonomous,Savitribai Phule Pune University,Savitribai Phule Pune University,0518129310,Electrical Engineering,GSCO,163927,35.1590106,Stage I,2025-26,1,872
05181,"Gokhale Education Society'S, R.H. Sapat College Of Engineering, Management Studies And Research, Nashik",Nashik,Un-Aided,Non-Autonomous,Savitribai Phule Pune University,Savitribai Phule Pune University,0518129310,Electrical Engineering,GVJO,193338,11.5879038,Stage I,2025-26,1,872
05181,"Gokhale Education Society'S, R.H. Sapat College Of Engineering, Management Studies And Research, Nashik",Nashik,Un-Aided,Non-Autonomous,Savitribai Phule Pune University,Savitribai Phule Pune University,0518129310,Electrical Engineering,GNT2O,142110,47.7841578,Stage I,2025-26,1,872
05181,"Gokhale Education Society'S, R.H. Sapat College Of Engineering, Management Studies And Research, Nashik",Nashik,Un-Aided,Non-Autonomous,Savitribai Phule Pune University,Savitribai Phule Pune University,0518129310,Electrical Engineering,GOBCO,120940,58.4401523,Stage I,2025-26,1,872
05181,"Gokhale Education Society'S, R.H. Sapat College Of Engineering, Management Studies And Research, Nashik",Nashik,Un-Aided,Non-Autonomous,Savitribai Phule Pune University,Savitribai Phule Pune University,0518129310,Electrical Engineering,GSEBCO,153009,41.4458186,Stage I,2025-26,1,872
05181,"Gokhale Education Society'S, R.H. Sapat College Of Engineering, Management Studies And Research, Nashik",Nashik,Un-Aided,Non-Autonomous,Savitribai Phule Pune University,Savitribai Phule Pune University,0518129310,Electrical Engineering,LOPENO,105010,65.630713,Stage I,2025-26,1,872
05181,"Gokhale Education Society'S, R.H. Sapat College Of Engineering, Management Studies And Research, Nashik",Nashik,Un-Aided,Non-Autonomous,Savitribai Phule Pune University,Savitribai Phule Pune University,0518129310,Electrical Engineering,LOBCO,119180,59.1762367,Stage I,2025-26,1,872
05181,"Gokhale Education Society'S, R.H. Sapat College Of Engineering, Management Studies And Research, Nashik",Nashik,Un-Aided,Non-Autonomous,Savitribai Phule Pune University,Savitribai Phule Pune University,0518129310,Electrical Engineering,LSCO,170697,29.5314685,Stage II,2025-26,1,872
05181,"Gokhale Education Society'S, R.H. Sapat College Of Engineering, Management Studies And Research, Nashik",Nashik,Un-Aided,Non-Autonomous,Savitribai Phule Pune University,Savitribai Phule Pune University,0518129310,Electrical Engineering,TFWS,102652,66.3795642,Stage I,2025-26,1,872
05181,"Gokhale Education Society'S, R.H. Sapat College Of Engineering, Management Studies And Research, Nashik",Nashik,Un-Aided,Non-Autonomous,Savitribai Phule Pune University,Savitribai Phule Pune University,0518129310,Electrical Engineering,EWS,190725,13.9509479,Stage I,2025-26,1,872
05181,"Gokhale Education Society'S, R.H. Sapat College Of Engineering, Management Studies And Research, Nashik",Nashik,Un-Aided,Non-Autonomous,Savitribai Phule Pune University,Savitribai Phule Pune University,0518137210,Electronics And Telecommunication Engg,GOPENH,86644,72.6730266,Stage I,2025-26,1,873
05181,"Gokhale Education Society'S, R.H. Sapat College Of Engineering, Management Studies And Research, Nashik",Nashik,Un-Aided,Non-Autonomous,Savitribai Phule Pune University,Savitribai Phule Pune University,0518137210,Electronics And Telecommunication Engg,GSCH,132157,53.2228937,Stage I,2025-26,1,873
05181,"Gokhale Education Society'S, R.H. Sapat College Of Engineering, Management Studies And Research, Nashik",Nashik,Un-Aided,Non-Autonomous,Savitribai Phule Pune University,Savitribai Phule Pune University,0518137210,Electronics And Telecommunication Engg,GVJH,151177,42.9247346,Stage I,2025-26,1,873
05181,"Gokhale Education Society'S, R.H. Sapat College Of Engineering, Management Studies And Research, Nashik",Nashik,Un-Aided,Non-Autonomous,Savitribai Phule Pune University,Savitribai Phule Pune University,0518137210,Electronics And Telecommunication Engg,GNT1H,110926,62.918458,Stage I,2025-26,1,873
05181,"Gokhale Education Society'S, R.H. Sapat College Of Engineering, Management Studies And Research, Nashik",Nashik,Un-Aided,Non-Autonomous,Savitribai Phule Pune University,Savitribai Phule Pune University,0518137210,Electronics And Telecommunication Engg,GNT2H,91866,70.6189283,Stage I,2025-26,1,873
05181,"Gokhale Education Society'S, R.H. Sapat College Of Engineering, Management Studies And Research, Nashik",Nashik,Un-Aided,Non-Autonomous,Savitribai Phule Pune University,Savitribai Phule Pune University,0518137210,Electronics And Telecommunication Engg,GNT3H,86967,72.3760958,Stage I,2025-26,1,873
05181,"Gokhale Education Society'S, R.H. Sapat College Of Engineering, Management Studies And Research, Nashik",Nashik,Un-Aided,Non-Autonomous,Savitribai Phule Pune University,Savitribai Phule Pune University,0518137210,Electronics And Telecommunication Engg,GOBCH,88508,71.8197195,Stage I,2025-26,1,873
05181,"Gokhale Education Society'S, R.H. Sapat College Of Engineering, Management Studies And Research, Nashik",Nashik,Un-Aided,Non-Autonomous,Savitribai Phule Pune University,Savitribai Phule Pune University,0518137210,Electronics And Telecommunication Engg,GSEBCH,135336,50.9683037,Stage I,2025-26,1,873
05181,"Gokhale Education Society'S, R.H. Sapat College Of Engineering, Management Studies And Research, Nashik",Nashik,Un-Aided,Non-Autonomous,Savitribai Phule Pune University,Savitribai Phule Pune University,0518137210,Electronics And Telecommunication Engg,LOPENH,78762,75.4048881,Stage I,2025-26,1,873
05181,"Gokhale Education Society'S, R.H. Sapat College Of Engineering, Management Studies And Research, Nashik",Nashik,Un-Aided,Non-Autonomous,Savitribai Phule Pune University,Savitribai Phule Pune University,0518137210,Electronics And Telecommunication Engg,LSCH,116330,60.4378874,Stage I,2025-26,1,873
05181,"Gokhale Education Society'S, R.H. Sapat College Of Engineering, Management Studies And Research, Nashik",Nashik,Un-Aided,Non-Autonomous,Savitribai Phule Pune University,Savitribai Phule Pune University,0518137210,Electronics And Telecommunication Engg,LNT2H,84118,73.5570613,Stage I,2025-26,1,873
05181,"Gokhale Education Society'S, R.H. Sapat College Of Engineering, Management Studies And Research, Nashik",Nashik,Un-Aided,Non-Autonomous,Savitribai Phule Pune University,Savitribai Phule Pune University,0518137210,Electronics And Telecommunication Engg,LOBCH,84124,73.5570613,Stage I,2025-26,1,873
05181,"Gokhale Education Society'S, R.H. Sapat College Of Engineering, Management Studies And Research, Nashik",Nashik,Un-Aided,Non-Autonomous,Savitribai Phule Pune University,Savitribai Phule Pune University,0518137210,Electronics And Telecommunication Engg,LSEBCH,143295,47.13962,Stage I,2025-26,1,873
05181,"Gokhale Education Society'S, R.H. Sapat College Of Engineering, Management Studies And Research, Nashik",Nashik,Un-Aided,Non-Autonomous,Savitribai Phule Pune University,Savitribai Phule Pune University,0518137210,Electronics And Telecommunication Engg,GOPENO,74807,76.9213781,Stage I,2025-26,1,873
05181,"Gokhale Education Society'S, R.H. Sapat College Of Engineering, Management Studies And Research, Nashik",Nashik,Un-Aided,Non-Autonomous,Savitribai Phule Pune University,Savitribai Phule Pune University,0518137210,Electronics And Telecommunication Engg,GSCO,108698,63.6512871,Stage I,2025-26,1,873
05181,"Gokhale Education Society'S, R.H. Sapat College Of Engineering, Management Studies And Research, Nashik",Nashik,Un-Aided,Non-Autonomous,Savitribai Phule Pune University,Savitribai Phule Pune University,0518137210,Electronics And Telecommunication Engg,GNT1O,83264,73.6345056,Stage I,2025-26,1,873
05181,"Gokhale Education Society'S, R.H. Sapat College Of Engineering, Management Studies And Research, Nashik",Nashik,Un-Aided,Non-Autonomous,Savitribai Phule Pune University,Savitribai Phule Pune University,0518137210,Electronics And Telecommunication Engg,GNT3O,95959,69.0979021,Stage I,2025-26,1,873
05181,"Gokhale Education Society'S, R.H. Sapat College Of Engineering, Management Studies And Research, Nashik",Nashik,Un-Aided,Non-Autonomous,Savitribai Phule Pune University,Savitribai Phule Pune University,0518137210,Electronics And Telecommunication Engg,GOBCO,77196,75.8001957,Stage I,2025-26,1,873
05181,"Gokhale Education Society'S, R.H. Sapat College Of Engineering, Management Studies And Research, Nashik",Nashik,Un-Aided,Non-Autonomous,Savitribai Phule Pune University,Savitribai Phule Pune University,0518137210,Electronics And Telecommunication Engg,LOPENO,61598,81.2846613,Stage I,2025-26,1,873
05181,"Gokhale Education Society'S, R.H. Sapat College Of Engineering, Management Studies And Research, Nashik",Nashik,Un-Aided,Non-Autonomous,Savitribai Phule Pune University,Savitribai Phule Pune University,0518137210,Electronics And Telecommunication Engg,LSCO,111443,62.8632493,Stage I,2025-26,1,873
05181,"Gokhale Education Society'S, R.H. Sapat College Of Engineering, Management Studies And Research, Nashik",Nashik,Un-Aided,Non-Autonomous,Savitribai Phule Pune University,Savitribai Phule Pune University,0518137210,Electronics And Telecommunication Engg,LNT2O,116471,60.422115,Stage I,2025-26,1,873
05181,"Gokhale Education Society'S, R.H. Sapat College Of Engineering, Management Studies And Research, Nashik",Nashik,Un-Aided,Non-Autonomous,Savitribai Phule Pune University,Savitribai Phule Pune University,0518137210,Electronics And Telecommunication Engg,LOBCO,66285,79.7946282,Stage I,2025-26,1,873
05181,"Gokhale Education Society'S, R.H. Sapat College Of Engineering, Management Studies And Research, Nashik",Nashik,Un-Aided,Non-Autonomous,Savitribai Phule Pune University,Savitribai Phule Pune University,0518137210,Electronics And Telecommunication Engg,LSEBCO,109794,63.3986014,Stage I,2025-26,1,873
05181,"Gokhale Education Society'S, R.H. Sapat College Of Engineering, Management Studies And Research, Nashik",Nashik,Un-Aided,Non-Autonomous,Savitribai Phule Pune University,Savitribai Phule Pune University,0518137210,Electronics And Telecommunication Engg,DEFOPENS,172015,28.9513426,Stage I,2025-26,1,873
05181,"Gokhale Education Society'S, R.H. Sapat College Of Engineering, Management Studies And Research, Nashik",Nashik,Un-Aided,Non-Autonomous,Savitribai Phule Pune University,Savitribai Phule Pune University,0518137210,Electronics And Telecommunication Engg,TFWS,81290,74.6802716,Stage I,2025-26,1,873
05181,"Gokhale Education Society'S, R.H. Sapat College Of Engineering, Management Studies And Research, Nashik",Nashik,Un-Aided,Non-Autonomous,Savitribai Phule Pune University,Savitribai Phule Pune University,0518137210,Electronics And Telecommunication Engg,EWS,175458,25.968356,Stage I,2025-26,1,873
05181,"Gokhale Education Society'S, R.H. Sapat College Of Engineering, Management Studies And Research, Nashik",Nashik,Un-Aided,Non-Autonomous,Savitribai Phule Pune University,Savitribai Phule Pune University,0518161210,Mechanical Engineering,GOPENH,107927,63.8244514,Stage I,2025-26,1,874
05181,"Gokhale Education Society'S, R.H. Sapat College Of Engineering, Management Studies And Research, Nashik",Nashik,Un-Aided,Non-Autonomous,Savitribai Phule Pune University,Savitribai Phule Pune University,0518161210,Mechanical Engineering,GSCH,172036,28.9513426,Stage I,2025-26,1,874
05181,"Gokhale Education Society'S, R.H. Sapat College Of Engineering, Management Studies And Research, Nashik",Nashik,Un-Aided,Non-Autonomous,Savitribai Phule Pune University,Savitribai Phule Pune University,0518161210,Mechanical Engineering,GVJH,198961,5.8085422,Stage I,2025-26,1,874
05181,"Gokhale Education Society'S, R.H. Sapat College Of Engineering, Management Studies And Research, Nashik",Nashik,Un-Aided,Non-Autonomous,Savitribai Phule Pune University,Savitribai Phule Pune University,0518161210,Mechanical Engineering,GNT1H,146552,45.3566434,Stage I,2025-26,1,874
05181,"Gokhale Education Society'S, R.H. Sapat College Of Engineering, Management Studies And Research, Nashik",Nashik,Un-Aided,Non-Autonomous,Savitribai Phule Pune University,Savitribai Phule Pune University,0518161210,Mechanical Engineering,GNT2H,122719,57.5410529,Stage I,2025-26,1,874
05181,"Gokhale Education Society'S, R.H. Sapat College Of Engineering, Management Studies And Research, Nashik",Nashik,Un-Aided,Non-Autonomous,Savitribai Phule Pune University,Savitribai Phule Pune University,0518161210,Mechanical Engineering,GOBCH,116474,60.422115,Stage I,2025-26,1,874
05181,"Gokhale Education Society'S, R.H. Sapat College Of Engineering, Management Studies And Research, Nashik",Nashik,Un-Aided,Non-Autonomous,Savitribai Phule Pune University,Savitribai Phule Pune University,0518161210,Mechanical Engineering,GSEBCH,177750,24.9543245,Stage I,2025-26,1,874
05181,"Gokhale Education Society'S, R.H. Sapat College Of Engineering, Management Studies And Research, Nashik",Nashik,Un-Aided,Non-Autonomous,Savitribai Phule Pune University,Savitribai Phule Pune University,0518161210,Mechanical Engineering,LOPENH,113748,61.6834321,Stage I,2025-26,1,874
05181,"Gokhale Education Society'S, R.H. Sapat College Of Engineering, Management Studies And Research, Nashik",Nashik,Un-Aided,Non-Autonomous,Savitribai Phule Pune University,Savitribai Phule Pune University,0518161210,Mechanical Engineering,LSCH,197352,7.7370436,Stage I,2025-26,1,874
05181,"Gokhale Education Society'S, R.H. Sapat College Of Engineering, Management Studies And Research, Nashik",Nashik,Un-Aided,Non-Autonomous,Savitribai Phule Pune University,Savitribai Phule Pune University,0518161210,Mechanical Engineering,LNT2H,178618,24.6987745,Stage I,2025-26,1,874
05181,"Gokhale Education Society'S, R.H. Sapat College Of Engineering, Management Studies And Research, Nashik",Nashik,Un-Aided,Non-Autonomous,Savitribai Phule Pune University,Savitribai Phule Pune University,0518161210,Mechanical Engineering,LNT3H,124587,56.6213771,Stage I,2025-26,1,874
05181,"Gokhale Education Society'S, R.H. Sapat College Of Engineering, Management Studies And Research, Nashik",Nashik,Un-Aided,Non-Autonomous,Savitribai Phule Pune University,Savitribai Phule Pune University,0518161210,Mechanical Engineering,LOBCH,120287,58.6907687,Stage I,2025-26,1,874
05181,"Gokhale Education Society'S, R.H. Sapat College Of Engineering, Management Studies And Research, Nashik",Nashik,Un-Aided,Non-Autonomous,Savitribai Phule Pune University,Savitribai Phule Pune University,0518161210,Mechanical Engineering,LSEBCH,197176,7.8969624,Stage II,2025-26,1,874
05181,"Gokhale Education Society'S, R.H. Sapat College Of Engineering, Management Studies And Research, Nashik",Nashik,Un-Aided,Non-Autonomous,Savitribai Phule Pune University,Savitribai Phule Pune University,0518161210,Mechanical Engineering,LVJH,191120,13.6137728,Stage II,2025-26,1,874
05181,"Gokhale Education Society'S, R.H. Sapat College Of Engineering, Management Studies And Research, Nashik",Nashik,Un-Aided,Non-Autonomous,Savitribai Phule Pune University,Savitribai Phule Pune University,0518161210,Mechanical Engineering,GOPENO,118930,59.1762367,Stage I,2025-26,1,874
05181,"Gokhale Education Society'S, R.H. Sapat College Of Engineering, Management Studies And Research, Nashik",Nashik,Un-Aided,Non-Autonomous,Savitribai Phule Pune University,Savitribai Phule Pune University,0518161210,Mechanical Engineering,GSCO,174889,26.6274079,Stage I,2025-26,1,874
05181,"Gokhale Education Society'S, R.H. Sapat College Of Engineering, Management Studies And Research, Nashik",Nashik,Un-Aided,Non-Autonomous,Savitribai Phule Pune University,Savitribai Phule Pune University,0518161210,Mechanical Engineering,GNT2O,159086,37.6293706,Stage I,2025-26,1,874
05181,"Gokhale Education Society'S, R.H. Sapat College Of Engineering, Management Studies And Research, Nashik",Nashik,Un-Aided,Non-Autonomous,Savitribai Phule Pune University,Savitribai Phule Pune University,0518161210,Mechanical Engineering,GOBCO,133513,52.3622324,Stage I,2025-26,1,874
05181,"Gokhale Education Society'S, R.H. Sapat College Of Engineering, Management Studies And Research, Nashik",Nashik,Un-Aided,Non-Autonomous,Savitribai Phule Pune University,Savitribai Phule Pune University,0518161210,Mechanical Engineering,GSEBCO,163693,35.4407253,Stage I,2025-26,1,874
05181,"Gokhale Education Society'S, R.H. Sapat College Of Engineering, Management Studies And Research, Nashik",Nashik,Un-Aided,Non-Autonomous,Savitribai Phule Pune University,Savitribai Phule Pune University,0518161210,Mechanical Engineering,LOPENO,127717,55.1895416,Stage I,2025-26,1,874
05181,"Gokhale Education Society'S, R.H. Sapat College Of Engineering, Management Studies And Research, Nashik",Nashik,Un-Aided,Non-Autonomous,Savitribai Phule Pune University,Savitribai Phule Pune University,0518161210,Mechanical Engineering,LOBCO,132601,52.8806012,Stage I,2025-26,1,874
05181,"Gokhale Education Society'S, R.H. Sapat College Of Engineering, Management Studies And Research, Nashik",Nashik,Un-Aided,Non-Autonomous,Savitribai Phule Pune University,Savitribai Phule Pune University,0518161210,Mechanical Engineering,LVJO,149950,43.4652257,Stage II,2025-26,1,874
05181,"Gokhale Education Society'S, R.H. Sapat College Of Engineering, Management Studies And Research, Nashik",Nashik,Un-Aided,Non-Autonomous,Savitribai Phule Pune University,Savitribai Phule Pune University,0518161210,Mechanical Engineering,GSEBCO,185902,18.4184219,Stage I,2025-26,1,874
05181,"Gokhale Education Society'S, R.H. Sapat College Of Engineering, Management Studies And Research, Nashik",Nashik,Un-Aided,Non-Autonomous,Savitribai Phule Pune University,Savitribai Phule Pune University,0518161210,Mechanical Engineering,LSCO,184677,19.2051273,Stage I,2025-26,1,874
05181,"Gokhale Education Society'S, R.H. Sapat College Of Engineering, Management Studies And Research, Nashik",Nashik,Un-Aided,Non-Autonomous,Savitribai Phule Pune University,Savitribai Phule Pune University,0518161210,Mechanical Engineering,LNT1O,158282,38.7925588,Stage II,2025-26,1,874
05181,"Gokhale Education Society'S, R.H. Sapat College Of Engineering, Management Studies And Research, Nashik",Nashik,Un-Aided,Non-Autonomous,Savitribai Phule Pune University,Savitribai Phule Pune University,0518161210,Mechanical Engineering,DEFOPENS,197649,7.2413793,Stage I,2025-26,1,874
05181,"Gokhale Education Society'S, R.H. Sapat College Of Engineering, Management Studies And Research, Nashik",Nashik,Un-Aided,Non-Autonomous,Savitribai Phule Pune University,Savitribai Phule Pune University,0518161210,Mechanical Engineering,TFWS,103374,66.1695365,Stage I,2025-26,1,874
05181,"Gokhale Education Society'S, R.H. Sapat College Of Engineering, Management Studies And Research, Nashik",Nashik,Un-Aided,Non-Autonomous,Savitribai Phule Pune University,Savitribai Phule Pune University,0518161210,Mechanical Engineering,EWS,173202,28.4151863,Stage I,2025-26,1,874
05181,"Gokhale Education Society'S, R.H. Sapat College Of Engineering, Management Studies And Research, Nashik",Nashik,Un-Aided,Non-Autonomous,Savitribai Phule Pune University,Savitribai Phule Pune University,0518199510,Artificial Intelligence And Data Science,GOPENH,55409,83.3397246,Stage I,2025-26,1,875
05181,"Gokhale Education Society'S, R.H. Sapat College Of Engineering, Management Studies And Research, Nashik",Nashik,Un-Aided,Non-Autonomous,Savitribai Phule Pune University,Savitribai Phule Pune University,0518199510,Artificial Intelligence And Data Science,GSCH,94467,69.4936445,Stage I,2025-26,1,875
05181,"Gokhale Education Society'S, R.H. Sapat College Of Engineering, Management Studies And Research, Nashik",Nashik,Un-Aided,Non-Autonomous,Savitribai Phule Pune University,Savitribai Phule Pune University,0518199510,Artificial Intelligence And Data Science,GSTH,151434,42.7403863,Stage I,2025-26,1,875
05181,"Gokhale Education Society'S, R.H. Sapat College Of Engineering, Management Studies And Research, Nashik",Nashik,Un-Aided,Non-Autonomous,Savitribai Phule Pune University,Savitribai Phule Pune University,0518199510,Artificial Intelligence And Data Science,GVJH,119626,58.8994542,Stage I,2025-26,1,875
05181,"Gokhale Education Society'S, R.H. Sapat College Of Engineering, Management Studies And Research, Nashik",Nashik,Un-Aided,Non-Autonomous,Savitribai Phule Pune University,Savitribai Phule Pune University,0518199510,Artificial Intelligence And Data Science,GNT3H,55583,83.2103258,Stage I,2025-26,1,875
05181,"Gokhale Education Society'S, R.H. Sapat College Of Engineering, Management Studies And Research, Nashik",Nashik,Un-Aided,Non-Autonomous,Savitribai Phule Pune University,Savitribai Phule Pune University,0518199510,Artificial Intelligence And Data Science,GOBCH,58706,82.2162613,Stage I,2025-26,1,875
05181,"Gokhale Education Society'S, R.H. Sapat College Of Engineering, Management Studies And Research, Nashik",Nashik,Un-Aided,Non-Autonomous,Savitribai Phule Pune University,Savitribai Phule Pune University,0518199510,Artificial Intelligence And Data Science,GSEBCH,90353,71.4755245,Stage I,2025-26,1,875
05181,"Gokhale Education Society'S, R.H. Sapat College Of Engineering, Management Studies And Research, Nashik",Nashik,Un-Aided,Non-Autonomous,Savitribai Phule Pune University,Savitribai Phule Pune University,0518199510,Artificial Intelligence And Data Science,LOPENH,52065,84.4752545,Stage I,2025-26,1,875
05181,"Gokhale Education Society'S, R.H. Sapat College Of Engineering, Management Studies And Research, Nashik",Nashik,Un-Aided,Non-Autonomous,Savitribai Phule Pune University,Savitribai Phule Pune University,0518199510,Artificial Intelligence And Data Science,LSCH,87309,72.1363369,Stage I,2025-26,1,875
05181,"Gokhale Education Society'S, R.H. Sapat College Of Engineering, Management Studies And Research, Nashik",Nashik,Un-Aided,Non-Autonomous,Savitribai Phule Pune University,Savitribai Phule Pune University,0518199510,Artificial Intelligence And Data Science,LNT1H,96948,68.8687467,Stage I,2025-26,1,875
05181,"Gokhale Education Society'S, R.H. Sapat College Of Engineering, Management Studies And Research, Nashik",Nashik,Un-Aided,Non-Autonomous,Savitribai Phule Pune University,Savitribai Phule Pune University,0518199510,Artificial Intelligence And Data Science,LOBCH,54664,83.5597353,Stage I,2025-26,1,875
05181,"Gokhale Education Society'S, R.H. Sapat College Of Engineering, Management Studies And Research, Nashik",Nashik,Un-Aided,Non-Autonomous,Savitribai Phule Pune University,Savitribai Phule Pune University,0518199510,Artificial Intelligence And Data Science,GOPENO,52982,84.0903324,Stage I,2025-26,1,875
05181,"Gokhale Education Society'S, R.H. Sapat College Of Engineering, Management Studies And Research, Nashik",Nashik,Un-Aided,Non-Autonomous,Savitribai Phule Pune University,Savitribai Phule Pune University,0518199510,Artificial Intelligence And Data Science,GSCO,95824,69.0979021,Stage I,2025-26,1,875
05181,"Gokhale Education Society'S, R.H. Sapat College Of Engineering, Management Studies And Research, Nashik",Nashik,Un-Aided,Non-Autonomous,Savitribai Phule Pune University,Savitribai Phule Pune University,0518199510,Artificial Intelligence And Data Science,GNT2O,69281,78.6167398,Stage I,2025-26,1,875
05181,"Gokhale Education Society'S, R.H. Sapat College Of Engineering, Management Studies And Research, Nashik",Nashik,Un-Aided,Non-Autonomous,Savitribai Phule Pune University,Savitribai Phule Pune University,0518199510,Artificial Intelligence And Data Science,GOBCO,56905,82.8437868,Stage I,2025-26,1,875
05181,"Gokhale Education Society'S, R.H. Sapat College Of Engineering, Management Studies And Research, Nashik",Nashik,Un-Aided,Non-Autonomous,Savitribai Phule Pune University,Savitribai Phule Pune University,0518199510,Artificial Intelligence And Data Science,GSEBCO,83799,73.6159498,Stage I,2025-26,1,875
05181,"Gokhale Education Society'S, R.H. Sapat College Of Engineering, Management Studies And Research, Nashik",Nashik,Un-Aided,Non-Autonomous,Savitribai Phule Pune University,Savitribai Phule Pune University,0518199510,Artificial Intelligence And Data Science,LOPENO,54917,83.4924535,Stage I,2025-26,1,875
05181,"Gokhale Education Society'S, R.H. Sapat College Of Engineering, Management Studies And Research, Nashik",Nashik,Un-Aided,Non-Autonomous,Savitribai Phule Pune University,Savitribai Phule Pune University,0518199510,Artificial Intelligence And Data Science,LOBCO,57662,82.5532062,Stage I,2025-26,1,875
05181,"Gokhale Education Society'S, R.H. Sapat College Of Engineering, Management Studies And Research, Nashik",Nashik,Un-Aided,Non-Autonomous,Savitribai Phule Pune University,Savitribai Phule Pune University,0518199510,Artificial Intelligence And Data Science,LSEBCO,80016,75.1927485,Stage I,2025-26,1,875
05181,"Gokhale Education Society'S, R.H. Sapat College Of Engineering, Management Studies And Research, Nashik",Nashik,Un-Aided,Non-Autonomous,Savitribai Phule Pune University,Savitribai Phule Pune University,0518199510,Artificial Intelligence And Data Science,GSTO,167214,32.3446384,Stage I,2025-26,1,875
05181,"Gokhale Education Society'S, R.H. Sapat College Of Engineering, Management Studies And Research, Nashik",Nashik,Un-Aided,Non-Autonomous,Savitribai Phule Pune University,Savitribai Phule Pune University,0518199510,Artificial Intelligence And Data Science,DEFOPENS,148826,43.74434,Stage I,2025-26,1,875
05181,"Gokhale Education Society'S, R.H. Sapat College Of Engineering, Management Studies And Research, Nashik",Nashik,Un-Aided,Non-Autonomous,Savitribai Phule Pune University,Savitribai Phule Pune University,0518199510,Artificial Intelligence And Data Science,TFWS,47904,85.8461538,Stage I,2025-26,1,875
05181,"Gokhale Education Society'S, R.H. Sapat College Of Engineering, Management Studies And Research, Nashik",Nashik,Un-Aided,Non-Autonomous,Savitribai Phule Pune University,Savitribai Phule Pune University,0518199510,Artificial Intelligence And Data Science,DEFROBCS,160883,36.1811489,Stage I,2025-26,1,875
05181,"Gokhale Education Society'S, R.H. Sapat College Of Engineering, Management Studies And Research, Nashik",Nashik,Un-Aided,Non-Autonomous,Savitribai Phule Pune University,Savitribai Phule Pune University,0518199510,Artificial Intelligence And Data Science,EWS,139154,49.4020979,Stage I,2025-26,1,875
05182,"Kalyani Charitable Trust, Late Gambhirrao Natuba Sapkal College Of Engineering, Anjaneri, Trimbakeshwar Road, Nashik",Nashik,Un-Aided,Non-Autonomous,Savitribai Phule Pune University,Savitribai Phule Pune University,0518219110,Civil Engineering,GOPENH,150692,43.031473,Stage I,2025-26,1,876
05182,"Kalyani Charitable Trust, Late Gambhirrao Natuba Sapkal College Of Engineering, Anjaneri, Trimbakeshwar Road, Nashik",Nashik,Un-Aided,Non-Autonomous,Savitribai Phule Pune University,Savitribai Phule Pune University,0518219110,Civil Engineering,GSCH,192542,12.3781915,Stage I,2025-26,1,876
05182,"Kalyani Charitable Trust, Late Gambhirrao Natuba Sapkal College Of Engineering, Anjaneri, Trimbakeshwar Road, Nashik",Nashik,Un-Aided,Non-Autonomous,Savitribai Phule Pune University,Savitribai Phule Pune University,0518219110,Civil Engineering,GSTH,201149,3.493007,Stage I,2025-26,1,876
05182,"Kalyani Charitable Trust, Late Gambhirrao Natuba Sapkal College Of Engineering, Anjaneri, Trimbakeshwar Road, Nashik",Nashik,Un-Aided,Non-Autonomous,Savitribai Phule Pune University,Savitribai Phule Pune University,0518219110,Civil Engineering,GOBCH,160124,36.5248856,Stage I,2025-26,1,876
05182,"Kalyani Charitable Trust, Late Gambhirrao Natuba Sapkal College Of Engineering, Anjaneri, Trimbakeshwar Road, Nashik",Nashik,Un-Aided,Non-Autonomous,Savitribai Phule Pune University,Savitribai Phule Pune University,0518219110,Civil Engineering,LOPENH,158166,38.7925588,Stage I,2025-26,1,876
05182,"Kalyani Charitable Trust, Late Gambhirrao Natuba Sapkal College Of Engineering, Anjaneri, Trimbakeshwar Road, Nashik",Nashik,Un-Aided,Non-Autonomous,Savitribai Phule Pune University,Savitribai Phule Pune University,0518219110,Civil Engineering,LOBCH,176758,25.4595013,Stage I,2025-26,1,876
05182,"Kalyani Charitable Trust, Late Gambhirrao Natuba Sapkal College Of Engineering, Anjaneri, Trimbakeshwar Road, Nashik",Nashik,Un-Aided,Non-Autonomous,Savitribai Phule Pune University,Savitribai Phule Pune University,0518219110,Civil Engineering,LSTH,202356,2.0436563,Stage II,2025-26,1,876
05182,"Kalyani Charitable Trust, Late Gambhirrao Natuba Sapkal College Of Engineering, Anjaneri, Trimbakeshwar Road, Nashik",Nashik,Un-Aided,Non-Autonomous,Savitribai Phule Pune University,Savitribai Phule Pune University,0518219110,Civil Engineering,LNT2H,198069,7.1251441,Stage I,2025-26,1,876
05182,"Kalyani Charitable Trust, Late Gambhirrao Natuba Sapkal College Of Engineering, Anjaneri, Trimbakeshwar Road, Nashik",Nashik,Un-Aided,Non-Autonomous,Savitribai Phule Pune University,Savitribai Phule Pune University,0518219110,Civil Engineering,GOPENO,162144,35.9295868,Stage I,2025-26,1,876
05182,"Kalyani Charitable Trust, Late Gambhirrao Natuba Sapkal College Of Engineering, Anjaneri, Trimbakeshwar Road, Nashik",Nashik,Un-Aided,Non-Autonomous,Savitribai Phule Pune University,Savitribai Phule Pune University,0518219110,Civil Engineering,GSTO,188539,15.9545455,Stage I,2025-26,1,876
05182,"Kalyani Charitable Trust, Late Gambhirrao Natuba Sapkal College Of Engineering, Anjaneri, Trimbakeshwar Road, Nashik",Nashik,Un-Aided,Non-Autonomous,Savitribai Phule Pune University,Savitribai Phule Pune University,0518219110,Civil Engineering,GNT1O,165707,32.6791073,Stage I,2025-26,1,876
05182,"Kalyani Charitable Trust, Late Gambhirrao Natuba Sapkal College Of Engineering, Anjaneri, Trimbakeshwar Road, Nashik",Nashik,Un-Aided,Non-Autonomous,Savitribai Phule Pune University,Savitribai Phule Pune University,0518219110,Civil Engineering,GOBCO,164332,34.896751,Stage I,2025-26,1,876
05182,"Kalyani Charitable Trust, Late Gambhirrao Natuba Sapkal College Of Engineering, Anjaneri, Trimbakeshwar Road, Nashik",Nashik,Un-Aided,Non-Autonomous,Savitribai Phule Pune University,Savitribai Phule Pune University,0518219110,Civil Engineering,LOPENO,87536,72.1363369,Stage I,2025-26,1,876
05182,"Kalyani Charitable Trust, Late Gambhirrao Natuba Sapkal College Of Engineering, Anjaneri, Trimbakeshwar Road, Nashik",Nashik,Un-Aided,Non-Autonomous,Savitribai Phule Pune University,Savitribai Phule Pune University,0518219110,Civil Engineering,GNT3O,162881,35.6771832,Stage I,2025-26,1,876
05182,"Kalyani Charitable Trust, Late Gambhirrao Natuba Sapkal College Of Engineering, Anjaneri, Trimbakeshwar Road, Nashik",Nashik,Un-Aided,Non-Autonomous,Savitribai Phule Pune University,Savitribai Phule Pune University,0518219110,Civil Engineering,LSTO,202866,1.3284939,Stage II,2025-26,1,876
05182,"Kalyani Charitable Trust, Late Gambhirrao Natuba Sapkal College Of Engineering, Anjaneri, Trimbakeshwar Road, Nashik",Nashik,Un-Aided,Non-Autonomous,Savitribai Phule Pune University,Savitribai Phule Pune University,0518219110,Civil Engineering,TFWS,147417,44.5303298,Stage I,2025-26,1,876
05182,"Kalyani Charitable Trust, Late Gambhirrao Natuba Sapkal College Of Engineering, Anjaneri, Trimbakeshwar Road, Nashik",Nashik,Un-Aided,Non-Autonomous,Savitribai Phule Pune University,Savitribai Phule Pune University,0518224510,Computer Engineering,GOPENH,108802,63.5767823,Stage I,2025-26,1,877
05182,"Kalyani Charitable Trust, Late Gambhirrao Natuba Sapkal College Of Engineering, Anjaneri, Trimbakeshwar Road, Nashik",Nashik,Un-Aided,Non-Autonomous,Savitribai Phule Pune University,Savitribai Phule Pune University,0518224510,Computer Engineering,GSCH,168834,31.9280223,Stage I,2025-26,1,877
05182,"Kalyani Charitable Trust, Late Gambhirrao Natuba Sapkal College Of Engineering, Anjaneri, Trimbakeshwar Road, Nashik",Nashik,Un-Aided,Non-Autonomous,Savitribai Phule Pune University,Savitribai Phule Pune University,0518224510,Computer Engineering,GVJH,151402,42.7403863,Stage I,2025-26,1,877
05182,"Kalyani Charitable Trust, Late Gambhirrao Natuba Sapkal College Of Engineering, Anjaneri, Trimbakeshwar Road, Nashik",Nashik,Un-Aided,Non-Autonomous,Savitribai Phule Pune University,Savitribai Phule Pune University,0518224510,Computer Engineering,GNT1H,153824,40.6822054,Stage I,2025-26,1,877
05182,"Kalyani Charitable Trust, Late Gambhirrao Natuba Sapkal College Of Engineering, Anjaneri, Trimbakeshwar Road, Nashik",Nashik,Un-Aided,Non-Autonomous,Savitribai Phule Pune University,Savitribai Phule Pune University,0518224510,Computer Engineering,GNT2H,128729,54.5739657,Stage I,2025-26,1,877
05182,"Kalyani Charitable Trust, Late Gambhirrao Natuba Sapkal College Of Engineering, Anjaneri, Trimbakeshwar Road, Nashik",Nashik,Un-Aided,Non-Autonomous,Savitribai Phule Pune University,Savitribai Phule Pune University,0518224510,Computer Engineering,GNT3H,110849,62.918458,Stage I,2025-26,1,877
05182,"Kalyani Charitable Trust, Late Gambhirrao Natuba Sapkal College Of Engineering, Anjaneri, Trimbakeshwar Road, Nashik",Nashik,Un-Aided,Non-Autonomous,Savitribai Phule Pune University,Savitribai Phule Pune University,0518224510,Computer Engineering,GOBCH,112627,62.0615406,Stage I,2025-26,1,877
05182,"Kalyani Charitable Trust, Late Gambhirrao Natuba Sapkal College Of Engineering, Anjaneri, Trimbakeshwar Road, Nashik",Nashik,Un-Aided,Non-Autonomous,Savitribai Phule Pune University,Savitribai Phule Pune University,0518224510,Computer Engineering,GSEBCH,197924,7.1465923,Stage I,2025-26,1,877
05182,"Kalyani Charitable Trust, Late Gambhirrao Natuba Sapkal College Of Engineering, Anjaneri, Trimbakeshwar Road, Nashik",Nashik,Un-Aided,Non-Autonomous,Savitribai Phule Pune University,Savitribai Phule Pune University,0518224510,Computer Engineering,LOPENH,97236,68.4887011,Stage I,2025-26,1,877
05182,"Kalyani Charitable Trust, Late Gambhirrao Natuba Sapkal College Of Engineering, Anjaneri, Trimbakeshwar Road, Nashik",Nashik,Un-Aided,Non-Autonomous,Savitribai Phule Pune University,Savitribai Phule Pune University,0518224510,Computer Engineering,LSCH,137294,50.4913264,Stage I,2025-26,1,877
05182,"Kalyani Charitable Trust, Late Gambhirrao Natuba Sapkal College Of Engineering, Anjaneri, Trimbakeshwar Road, Nashik",Nashik,Un-Aided,Non-Autonomous,Savitribai Phule Pune University,Savitribai Phule Pune University,0518224510,Computer Engineering,LNT3H,109999,63.3986014,Stage I,2025-26,1,877
05182,"Kalyani Charitable Trust, Late Gambhirrao Natuba Sapkal College Of Engineering, Anjaneri, Trimbakeshwar Road, Nashik",Nashik,Un-Aided,Non-Autonomous,Savitribai Phule Pune University,Savitribai Phule Pune University,0518224510,Computer Engineering,LOBCH,115510,60.634478,Stage I,2025-26,1,877
05182,"Kalyani Charitable Trust, Late Gambhirrao Natuba Sapkal College Of Engineering, Anjaneri, Trimbakeshwar Road, Nashik",Nashik,Un-Aided,Non-Autonomous,Savitribai Phule Pune University,Savitribai Phule Pune University,0518224510,Computer Engineering,LSEBCH,116473,60.422115,Stage I,2025-26,1,877
05182,"Kalyani Charitable Trust, Late Gambhirrao Natuba Sapkal College Of Engineering, Anjaneri, Trimbakeshwar Road, Nashik",Nashik,Un-Aided,Non-Autonomous,Savitribai Phule Pune University,Savitribai Phule Pune University,0518224510,Computer Engineering,GSEBCH,123744,57.0133407,Stage I,2025-26,1,877
05182,"Kalyani Charitable Trust, Late Gambhirrao Natuba Sapkal College Of Engineering, Anjaneri, Trimbakeshwar Road, Nashik",Nashik,Un-Aided,Non-Autonomous,Savitribai Phule Pune University,Savitribai Phule Pune University,0518224510,Computer Engineering,GOPENO,92658,70.5005064,Stage I,2025-26,1,877
05182,"Kalyani Charitable Trust, Late Gambhirrao Natuba Sapkal College Of Engineering, Anjaneri, Trimbakeshwar Road, Nashik",Nashik,Un-Aided,Non-Autonomous,Savitribai Phule Pune University,Savitribai Phule Pune University,0518224510,Computer Engineering,GSCO,142785,47.1398578,Stage I,2025-26,1,877
05182,"Kalyani Charitable Trust, Late Gambhirrao Natuba Sapkal College Of Engineering, Anjaneri, Trimbakeshwar Road, Nashik",Nashik,Un-Aided,Non-Autonomous,Savitribai Phule Pune University,Savitribai Phule Pune University,0518224510,Computer Engineering,GVJO,92804,70.5005064,Stage I,2025-26,1,877
05182,"Kalyani Charitable Trust, Late Gambhirrao Natuba Sapkal College Of Engineering, Anjaneri, Trimbakeshwar Road, Nashik",Nashik,Un-Aided,Non-Autonomous,Savitribai Phule Pune University,Savitribai Phule Pune University,0518224510,Computer Engineering,GOBCO,96536,68.9620341,Stage I,2025-26,1,877
05182,"Kalyani Charitable Trust, Late Gambhirrao Natuba Sapkal College Of Engineering, Anjaneri, Trimbakeshwar Road, Nashik",Nashik,Un-Aided,Non-Autonomous,Savitribai Phule Pune University,Savitribai Phule Pune University,0518224510,Computer Engineering,GSEBCO,112489,62.1365556,Stage I,2025-26,1,877
05182,"Kalyani Charitable Trust, Late Gambhirrao Natuba Sapkal College Of Engineering, Anjaneri, Trimbakeshwar Road, Nashik",Nashik,Un-Aided,Non-Autonomous,Savitribai Phule Pune University,Savitribai Phule Pune University,0518224510,Computer Engineering,LOPENO,82221,74.0094972,Stage I,2025-26,1,877
05182,"Kalyani Charitable Trust, Late Gambhirrao Natuba Sapkal College Of Engineering, Anjaneri, Trimbakeshwar Road, Nashik",Nashik,Un-Aided,Non-Autonomous,Savitribai Phule Pune University,Savitribai Phule Pune University,0518224510,Computer Engineering,LSCO,135039,51.1762787,Stage I,2025-26,1,877
05182,"Kalyani Charitable Trust, Late Gambhirrao Natuba Sapkal College Of Engineering, Anjaneri, Trimbakeshwar Road, Nashik",Nashik,Un-Aided,Non-Autonomous,Savitribai Phule Pune University,Savitribai Phule Pune University,0518224510,Computer Engineering,LNT2O,132508,52.8806012,Stage I,2025-26,1,877
05182,"Kalyani Charitable Trust, Late Gambhirrao Natuba Sapkal College Of Engineering, Anjaneri, Trimbakeshwar Road, Nashik",Nashik,Un-Aided,Non-Autonomous,Savitribai Phule Pune University,Savitribai Phule Pune University,0518224510,Computer Engineering,LOBCO,92407,70.507201,Stage I,2025-26,1,877
05182,"Kalyani Charitable Trust, Late Gambhirrao Natuba Sapkal College Of Engineering, Anjaneri, Trimbakeshwar Road, Nashik",Nashik,Un-Aided,Non-Autonomous,Savitribai Phule Pune University,Savitribai Phule Pune University,0518224510,Computer Engineering,LSEBCO,149446,43.5338318,Stage I,2025-26,1,877
05182,"Kalyani Charitable Trust, Late Gambhirrao Natuba Sapkal College Of Engineering, Anjaneri, Trimbakeshwar Road, Nashik",Nashik,Un-Aided,Non-Autonomous,Savitribai Phule Pune University,Savitribai Phule Pune University,0518224510,Computer Engineering,DEFOPENS,195639,9.4338928,Stage I,2025-26,1,877
05182,"Kalyani Charitable Trust, Late Gambhirrao Natuba Sapkal College Of Engineering, Anjaneri, Trimbakeshwar Road, Nashik",Nashik,Un-Aided,Non-Autonomous,Savitribai Phule Pune University,Savitribai Phule Pune University,0518224510,Computer Engineering,TFWS,96207,68.9620341,Stage I,2025-26,1,877
05182,"Kalyani Charitable Trust, Late Gambhirrao Natuba Sapkal College Of Engineering, Anjaneri, Trimbakeshwar Road, Nashik",Nashik,Un-Aided,Non-Autonomous,Savitribai Phule Pune University,Savitribai Phule Pune University,0518224510,Computer Engineering,EWS,193620,11.1969965,Stage I,2025-26,1,877
05182,"Kalyani Charitable Trust, Late Gambhirrao Natuba Sapkal College Of Engineering, Anjaneri, Trimbakeshwar Road, Nashik",Nashik,Un-Aided,Non-Autonomous,Savitribai Phule Pune University,Savitribai Phule Pune University,0518226310,Artificial Intelligence (Ai) And Data Science,GOPENH,115235,60.8775137,Stage I,2025-26,1,878
05182,"Kalyani Charitable Trust, Late Gambhirrao Natuba Sapkal College Of Engineering, Anjaneri, Trimbakeshwar Road, Nashik",Nashik,Un-Aided,Non-Autonomous,Savitribai Phule Pune University,Savitribai Phule Pune University,0518226310,Artificial Intelligence (Ai) And Data Science,GSCH,179711,22.8933117,Stage I,2025-26,1,878
05182,"Kalyani Charitable Trust, Late Gambhirrao Natuba Sapkal College Of Engineering, Anjaneri, Trimbakeshwar Road, Nashik",Nashik,Un-Aided,Non-Autonomous,Savitribai Phule Pune University,Savitribai Phule Pune University,0518226310,Artificial Intelligence (Ai) And Data Science,GSTH,134510,51.57164,Stage I,2025-26,1,878
05182,"Kalyani Charitable Trust, Late Gambhirrao Natuba Sapkal College Of Engineering, Anjaneri, Trimbakeshwar Road, Nashik",Nashik,Un-Aided,Non-Autonomous,Savitribai Phule Pune University,Savitribai Phule Pune University,0518226310,Artificial Intelligence (Ai) And Data Science,GVJH,184134,19.4484962,Stage I,2025-26,1,878
05182,"Kalyani Charitable Trust, Late Gambhirrao Natuba Sapkal College Of Engineering, Anjaneri, Trimbakeshwar Road, Nashik",Nashik,Un-Aided,Non-Autonomous,Savitribai Phule Pune University,Savitribai Phule Pune University,0518226310,Artificial Intelligence (Ai) And Data Science,GNT2H,143262,47.13962,Stage I,2025-26,1,878
05182,"Kalyani Charitable Trust, Late Gambhirrao Natuba Sapkal College Of Engineering, Anjaneri, Trimbakeshwar Road, Nashik",Nashik,Un-Aided,Non-Autonomous,Savitribai Phule Pune University,Savitribai Phule Pune University,0518226310,Artificial Intelligence (Ai) And Data Science,GOBCH,117327,60.2517483,Stage I,2025-26,1,878
05182,"Kalyani Charitable Trust, Late Gambhirrao Natuba Sapkal College Of Engineering, Anjaneri, Trimbakeshwar Road, Nashik",Nashik,Un-Aided,Non-Autonomous,Savitribai Phule Pune University,Savitribai Phule Pune University,0518226310,Artificial Intelligence (Ai) And Data Science,GSEBCH,149033,43.658874,Stage I,2025-26,1,878
05182,"Kalyani Charitable Trust, Late Gambhirrao Natuba Sapkal College Of Engineering, Anjaneri, Trimbakeshwar Road, Nashik",Nashik,Un-Aided,Non-Autonomous,Savitribai Phule Pune University,Savitribai Phule Pune University,0518226310,Artificial Intelligence (Ai) And Data Science,LOPENH,92942,70.2628092,Stage I,2025-26,1,878
05182,"Kalyani Charitable Trust, Late Gambhirrao Natuba Sapkal College Of Engineering, Anjaneri, Trimbakeshwar Road, Nashik",Nashik,Un-Aided,Non-Autonomous,Savitribai Phule Pune University,Savitribai Phule Pune University,0518226310,Artificial Intelligence (Ai) And Data Science,LSCH,194210,10.8523619,Stage I,2025-26,1,878
05182,"Kalyani Charitable Trust, Late Gambhirrao Natuba Sapkal College Of Engineering, Anjaneri, Trimbakeshwar Road, Nashik",Nashik,Un-Aided,Non-Autonomous,Savitribai Phule Pune University,Savitribai Phule Pune University,0518226310,Artificial Intelligence (Ai) And Data Science,LNT1H,183598,19.8246656,Stage I,2025-26,1,878
05182,"Kalyani Charitable Trust, Late Gambhirrao Natuba Sapkal College Of Engineering, Anjaneri, Trimbakeshwar Road, Nashik",Nashik,Un-Aided,Non-Autonomous,Savitribai Phule Pune University,Savitribai Phule Pune University,0518226310,Artificial Intelligence (Ai) And Data Science,LOBCH,116460,60.422115,Stage I,2025-26,1,878
05182,"Kalyani Charitable Trust, Late Gambhirrao Natuba Sapkal College Of Engineering, Anjaneri, Trimbakeshwar Road, Nashik",Nashik,Un-Aided,Non-Autonomous,Savitribai Phule Pune University,Savitribai Phule Pune University,0518226310,Artificial Intelligence (Ai) And Data Science,LSEBCH,129954,54.0903901,Stage I,2025-26,1,878
05182,"Kalyani Charitable Trust, Late Gambhirrao Natuba Sapkal College Of Engineering, Anjaneri, Trimbakeshwar Road, Nashik",Nashik,Un-Aided,Non-Autonomous,Savitribai Phule Pune University,Savitribai Phule Pune University,0518226310,Artificial Intelligence (Ai) And Data Science,PWDOPENH,143756,47.0502678,Stage I,2025-26,1,878
05182,"Kalyani Charitable Trust, Late Gambhirrao Natuba Sapkal College Of Engineering, Anjaneri, Trimbakeshwar Road, Nashik",Nashik,Un-Aided,Non-Autonomous,Savitribai Phule Pune University,Savitribai Phule Pune University,0518226310,Artificial Intelligence (Ai) And Data Science,GVJH,127750,55.1895416,Stage I,2025-26,1,878
05182,"Kalyani Charitable Trust, Late Gambhirrao Natuba Sapkal College Of Engineering, Anjaneri, Trimbakeshwar Road, Nashik",Nashik,Un-Aided,Non-Autonomous,Savitribai Phule Pune University,Savitribai Phule Pune University,0518226310,Artificial Intelligence (Ai) And Data Science,LVJH,157262,39.3344201,Stage I,2025-26,1,878
05182,"Kalyani Charitable Trust, Late Gambhirrao Natuba Sapkal College Of Engineering, Anjaneri, Trimbakeshwar Road, Nashik",Nashik,Un-Aided,Non-Autonomous,Savitribai Phule Pune University,Savitribai Phule Pune University,0518226310,Artificial Intelligence (Ai) And Data Science,GOPENO,85047,73.2612864,Stage I,2025-26,1,878
05182,"Kalyani Charitable Trust, Late Gambhirrao Natuba Sapkal College Of Engineering, Anjaneri, Trimbakeshwar Road, Nashik",Nashik,Un-Aided,Non-Autonomous,Savitribai Phule Pune University,Savitribai Phule Pune University,0518226310,Artificial Intelligence (Ai) And Data Science,GSCO,150314,43.1964993,Stage I,2025-26,1,878
05182,"Kalyani Charitable Trust, Late Gambhirrao Natuba Sapkal College Of Engineering, Anjaneri, Trimbakeshwar Road, Nashik",Nashik,Un-Aided,Non-Autonomous,Savitribai Phule Pune University,Savitribai Phule Pune University,0518226310,Artificial Intelligence (Ai) And Data Science,GNT1O,101341,66.9039004,Stage I,2025-26,1,878
05182,"Kalyani Charitable Trust, Late Gambhirrao Natuba Sapkal College Of Engineering, Anjaneri, Trimbakeshwar Road, Nashik",Nashik,Un-Aided,Non-Autonomous,Savitribai Phule Pune University,Savitribai Phule Pune University,0518226310,Artificial Intelligence (Ai) And Data Science,GNT2O,151268,42.9247346,Stage I,2025-26,1,878
05182,"Kalyani Charitable Trust, Late Gambhirrao Natuba Sapkal College Of Engineering, Anjaneri, Trimbakeshwar Road, Nashik",Nashik,Un-Aided,Non-Autonomous,Savitribai Phule Pune University,Savitribai Phule Pune University,0518226310,Artificial Intelligence (Ai) And Data Science,GOBCO,97150,68.4887011,Stage I,2025-26,1,878
05182,"Kalyani Charitable Trust, Late Gambhirrao Natuba Sapkal College Of Engineering, Anjaneri, Trimbakeshwar Road, Nashik",Nashik,Un-Aided,Non-Autonomous,Savitribai Phule Pune University,Savitribai Phule Pune University,0518226310,Artificial Intelligence (Ai) And Data Science,GSEBCO,131913,53.2657343,Stage I,2025-26,1,878
05182,"Kalyani Charitable Trust, Late Gambhirrao Natuba Sapkal College Of Engineering, Anjaneri, Trimbakeshwar Road, Nashik",Nashik,Un-Aided,Non-Autonomous,Savitribai Phule Pune University,Savitribai Phule Pune University,0518226310,Artificial Intelligence (Ai) And Data Science,LOPENO,72901,77.2287062,Stage I,2025-26,1,878
05182,"Kalyani Charitable Trust, Late Gambhirrao Natuba Sapkal College Of Engineering, Anjaneri, Trimbakeshwar Road, Nashik",Nashik,Un-Aided,Non-Autonomous,Savitribai Phule Pune University,Savitribai Phule Pune University,0518226310,Artificial Intelligence (Ai) And Data Science,LNT3O,159048,37.6293706,Stage I,2025-26,1,878
05182,"Kalyani Charitable Trust, Late Gambhirrao Natuba Sapkal College Of Engineering, Anjaneri, Trimbakeshwar Road, Nashik",Nashik,Un-Aided,Non-Autonomous,Savitribai Phule Pune University,Savitribai Phule Pune University,0518226310,Artificial Intelligence (Ai) And Data Science,LSEBCO,152037,42.6339209,Stage II,2025-26,1,878
05182,"Kalyani Charitable Trust, Late Gambhirrao Natuba Sapkal College Of Engineering, Anjaneri, Trimbakeshwar Road, Nashik",Nashik,Un-Aided,Non-Autonomous,Savitribai Phule Pune University,Savitribai Phule Pune University,0518226310,Artificial Intelligence (Ai) And Data Science,TFWS,87937,71.8498844,Stage I,2025-26,1,878
05182,"Kalyani Charitable Trust, Late Gambhirrao Natuba Sapkal College Of Engineering, Anjaneri, Trimbakeshwar Road, Nashik",Nashik,Un-Aided,Non-Autonomous,Savitribai Phule Pune University,Savitribai Phule Pune University,0518226310,Artificial Intelligence (Ai) And Data Science,EWS,178009,24.8659004,Stage I,2025-26,1,878
05182,"Kalyani Charitable Trust, Late Gambhirrao Natuba Sapkal College Of Engineering, Anjaneri, Trimbakeshwar Road, Nashik",Nashik,Un-Aided,Non-Autonomous,Savitribai Phule Pune University,Savitribai Phule Pune University,0518229310,Electrical Engineering,GOPENH,139088,49.4020979,Stage I,2025-26,1,879
05182,"Kalyani Charitable Trust, Late Gambhirrao Natuba Sapkal College Of Engineering, Anjaneri, Trimbakeshwar Road, Nashik",Nashik,Un-Aided,Non-Autonomous,Savitribai Phule Pune University,Savitribai Phule Pune University,0518229310,Electrical Engineering,GSCH,197429,7.6100354,Stage I,2025-26,1,879
05182,"Kalyani Charitable Trust, Late Gambhirrao Natuba Sapkal College Of Engineering, Anjaneri, Trimbakeshwar Road, Nashik",Nashik,Un-Aided,Non-Autonomous,Savitribai Phule Pune University,Savitribai Phule Pune University,0518229310,Electrical Engineering,GSTH,158383,38.3392226,Stage I,2025-26,1,879
05182,"Kalyani Charitable Trust, Late Gambhirrao Natuba Sapkal College Of Engineering, Anjaneri, Trimbakeshwar Road, Nashik",Nashik,Un-Aided,Non-Autonomous,Savitribai Phule Pune University,Savitribai Phule Pune University,0518229310,Electrical Engineering,GNT1H,145479,45.9816283,Stage I,2025-26,1,879
05182,"Kalyani Charitable Trust, Late Gambhirrao Natuba Sapkal College Of Engineering, Anjaneri, Trimbakeshwar Road, Nashik",Nashik,Un-Aided,Non-Autonomous,Savitribai Phule Pune University,Savitribai Phule Pune University,0518229310,Electrical Engineering,GNT3H,164294,34.896751,Stage I,2025-26,1,879
05182,"Kalyani Charitable Trust, Late Gambhirrao Natuba Sapkal College Of Engineering, Anjaneri, Trimbakeshwar Road, Nashik",Nashik,Un-Aided,Non-Autonomous,Savitribai Phule Pune University,Savitribai Phule Pune University,0518229310,Electrical Engineering,GOBCH,145937,45.9245973,Stage I,2025-26,1,879
05182,"Kalyani Charitable Trust, Late Gambhirrao Natuba Sapkal College Of Engineering, Anjaneri, Trimbakeshwar Road, Nashik",Nashik,Un-Aided,Non-Autonomous,Savitribai Phule Pune University,Savitribai Phule Pune University,0518229310,Electrical Engineering,GSEBCH,198091,6.9235509,Stage I,2025-26,1,879
05182,"Kalyani Charitable Trust, Late Gambhirrao Natuba Sapkal College Of Engineering, Anjaneri, Trimbakeshwar Road, Nashik",Nashik,Un-Aided,Non-Autonomous,Savitribai Phule Pune University,Savitribai Phule Pune University,0518229310,Electrical Engineering,LOPENH,138180,49.7291102,Stage I,2025-26,1,879
05182,"Kalyani Charitable Trust, Late Gambhirrao Natuba Sapkal College Of Engineering, Anjaneri, Trimbakeshwar Road, Nashik",Nashik,Un-Aided,Non-Autonomous,Savitribai Phule Pune University,Savitribai Phule Pune University,0518229310,Electrical Engineering,LSTH,203177,0.8557158,Stage I,2025-26,1,879
05182,"Kalyani Charitable Trust, Late Gambhirrao Natuba Sapkal College Of Engineering, Anjaneri, Trimbakeshwar Road, Nashik",Nashik,Un-Aided,Non-Autonomous,Savitribai Phule Pune University,Savitribai Phule Pune University,0518229310,Electrical Engineering,LOBCH,139935,49.2256217,Stage I,2025-26,1,879
05182,"Kalyani Charitable Trust, Late Gambhirrao Natuba Sapkal College Of Engineering, Anjaneri, Trimbakeshwar Road, Nashik",Nashik,Un-Aided,Non-Autonomous,Savitribai Phule Pune University,Savitribai Phule Pune University,0518229310,Electrical Engineering,LSEBCH,161523,36.0836122,Stage I,2025-26,1,879
05182,"Kalyani Charitable Trust, Late Gambhirrao Natuba Sapkal College Of Engineering, Anjaneri, Trimbakeshwar Road, Nashik",Nashik,Un-Aided,Non-Autonomous,Savitribai Phule Pune University,Savitribai Phule Pune University,0518229310,Electrical Engineering,GNT2H,184099,19.4484962,Stage I,2025-26,1,879
05182,"Kalyani Charitable Trust, Late Gambhirrao Natuba Sapkal College Of Engineering, Anjaneri, Trimbakeshwar Road, Nashik",Nashik,Un-Aided,Non-Autonomous,Savitribai Phule Pune University,Savitribai Phule Pune University,0518229310,Electrical Engineering,GOPENO,142540,47.3563218,Stage I,2025-26,1,879
05182,"Kalyani Charitable Trust, Late Gambhirrao Natuba Sapkal College Of Engineering, Anjaneri, Trimbakeshwar Road, Nashik",Nashik,Un-Aided,Non-Autonomous,Savitribai Phule Pune University,Savitribai Phule Pune University,0518229310,Electrical Engineering,GSCO,172849,28.6767287,Stage I,2025-26,1,879
05182,"Kalyani Charitable Trust, Late Gambhirrao Natuba Sapkal College Of Engineering, Anjaneri, Trimbakeshwar Road, Nashik",Nashik,Un-Aided,Non-Autonomous,Savitribai Phule Pune University,Savitribai Phule Pune University,0518229310,Electrical Engineering,GOBCO,142833,47.1398578,Stage I,2025-26,1,879
05182,"Kalyani Charitable Trust, Late Gambhirrao Natuba Sapkal College Of Engineering, Anjaneri, Trimbakeshwar Road, Nashik",Nashik,Un-Aided,Non-Autonomous,Savitribai Phule Pune University,Savitribai Phule Pune University,0518229310,Electrical Engineering,LOPENO,139425,49.3416227,Stage I,2025-26,1,879
05182,"Kalyani Charitable Trust, Late Gambhirrao Natuba Sapkal College Of Engineering, Anjaneri, Trimbakeshwar Road, Nashik",Nashik,Un-Aided,Non-Autonomous,Savitribai Phule Pune University,Savitribai Phule Pune University,0518229310,Electrical Engineering,LOBCO,161791,35.9909439,Stage I,2025-26,1,879
05182,"Kalyani Charitable Trust, Late Gambhirrao Natuba Sapkal College Of Engineering, Anjaneri, Trimbakeshwar Road, Nashik",Nashik,Un-Aided,Non-Autonomous,Savitribai Phule Pune University,Savitribai Phule Pune University,0518229310,Electrical Engineering,TFWS,131320,53.6060165,Stage I,2025-26,1,879
05182,"Kalyani Charitable Trust, Late Gambhirrao Natuba Sapkal College Of Engineering, Anjaneri, Trimbakeshwar Road, Nashik",Nashik,Un-Aided,Non-Autonomous,Savitribai Phule Pune University,Savitribai Phule Pune University,0518237210,Electronics And Telecommunication Engg,GOPENH,120625,58.4401523,Stage I,2025-26,1,880
05182,"Kalyani Charitable Trust, Late Gambhirrao Natuba Sapkal College Of Engineering, Anjaneri, Trimbakeshwar Road, Nashik",Nashik,Un-Aided,Non-Autonomous,Savitribai Phule Pune University,Savitribai Phule Pune University,0518237210,Electronics And Telecommunication Engg,GSCH,202069,2.4063712,Stage I,2025-26,1,880
05182,"Kalyani Charitable Trust, Late Gambhirrao Natuba Sapkal College Of Engineering, Anjaneri, Trimbakeshwar Road, Nashik",Nashik,Un-Aided,Non-Autonomous,Savitribai Phule Pune University,Savitribai Phule Pune University,0518237210,Electronics And Telecommunication Engg,GNT1H,145464,45.9816283,Stage I,2025-26,1,880
05182,"Kalyani Charitable Trust, Late Gambhirrao Natuba Sapkal College Of Engineering, Anjaneri, Trimbakeshwar Road, Nashik",Nashik,Un-Aided,Non-Autonomous,Savitribai Phule Pune University,Savitribai Phule Pune University,0518237210,Electronics And Telecommunication Engg,GNT2H,153436,41.4020979,Stage I,2025-26,1,880
05182,"Kalyani Charitable Trust, Late Gambhirrao Natuba Sapkal College Of Engineering, Anjaneri, Trimbakeshwar Road, Nashik",Nashik,Un-Aided,Non-Autonomous,Savitribai Phule Pune University,Savitribai Phule Pune University,0518237210,Electronics And Telecommunication Engg,GOBCH,128242,54.5872518,Stage I,2025-26,1,880
05182,"Kalyani Charitable Trust, Late Gambhirrao Natuba Sapkal College Of Engineering, Anjaneri, Trimbakeshwar Road, Nashik",Nashik,Un-Aided,Non-Autonomous,Savitribai Phule Pune University,Savitribai Phule Pune University,0518237210,Electronics And Telecommunication Engg,LOPENH,119173,59.1762367,Stage I,2025-26,1,880
05182,"Kalyani Charitable Trust, Late Gambhirrao Natuba Sapkal College Of Engineering, Anjaneri, Trimbakeshwar Road, Nashik",Nashik,Un-Aided,Non-Autonomous,Savitribai Phule Pune University,Savitribai Phule Pune University,0518237210,Electronics And Telecommunication Engg,LSCH,203756,0.0139324,Stage I,2025-26,1,880
05182,"Kalyani Charitable Trust, Late Gambhirrao Natuba Sapkal College Of Engineering, Anjaneri, Trimbakeshwar Road, Nashik",Nashik,Un-Aided,Non-Autonomous,Savitribai Phule Pune University,Savitribai Phule Pune University,0518237210,Electronics And Telecommunication Engg,LOBCH,137561,50.3223138,Stage I,2025-26,1,880
05182,"Kalyani Charitable Trust, Late Gambhirrao Natuba Sapkal College Of Engineering, Anjaneri, Trimbakeshwar Road, Nashik",Nashik,Un-Aided,Non-Autonomous,Savitribai Phule Pune University,Savitribai Phule Pune University,0518237210,Electronics And Telecommunication Engg,GVJH,130880,53.6771201,Stage I,2025-26,1,880
05182,"Kalyani Charitable Trust, Late Gambhirrao Natuba Sapkal College Of Engineering, Anjaneri, Trimbakeshwar Road, Nashik",Nashik,Un-Aided,Non-Autonomous,Savitribai Phule Pune University,Savitribai Phule Pune University,0518237210,Electronics And Telecommunication Engg,GSEBCH,196410,8.672418,Stage I,2025-26,1,880
05182,"Kalyani Charitable Trust, Late Gambhirrao Natuba Sapkal College Of Engineering, Anjaneri, Trimbakeshwar Road, Nashik",Nashik,Un-Aided,Non-Autonomous,Savitribai Phule Pune University,Savitribai Phule Pune University,0518237210,Electronics And Telecommunication Engg,LSEBCH,192796,11.9485358,Stage I,2025-26,1,880
05182,"Kalyani Charitable Trust, Late Gambhirrao Natuba Sapkal College Of Engineering, Anjaneri, Trimbakeshwar Road, Nashik",Nashik,Un-Aided,Non-Autonomous,Savitribai Phule Pune University,Savitribai Phule Pune University,0518237210,Electronics And Telecommunication Engg,GOPENO,105224,65.5190641,Stage I,2025-26,1,880
05182,"Kalyani Charitable Trust, Late Gambhirrao Natuba Sapkal College Of Engineering, Anjaneri, Trimbakeshwar Road, Nashik",Nashik,Un-Aided,Non-Autonomous,Savitribai Phule Pune University,Savitribai Phule Pune University,0518237210,Electronics And Telecommunication Engg,GSCO,186157,18.1456181,Stage I,2025-26,1,880
05182,"Kalyani Charitable Trust, Late Gambhirrao Natuba Sapkal College Of Engineering, Anjaneri, Trimbakeshwar Road, Nashik",Nashik,Un-Aided,Non-Autonomous,Savitribai Phule Pune University,Savitribai Phule Pune University,0518237210,Electronics And Telecommunication Engg,GNT2O,118543,59.2797111,Stage I,2025-26,1,880
05182,"Kalyani Charitable Trust, Late Gambhirrao Natuba Sapkal College Of Engineering, Anjaneri, Trimbakeshwar Road, Nashik",Nashik,Un-Aided,Non-Autonomous,Savitribai Phule Pune University,Savitribai Phule Pune University,0518237210,Electronics And Telecommunication Engg,GOBCO,106045,64.7148712,Stage I,2025-26,1,880
05182,"Kalyani Charitable Trust, Late Gambhirrao Natuba Sapkal College Of Engineering, Anjaneri, Trimbakeshwar Road, Nashik",Nashik,Un-Aided,Non-Autonomous,Savitribai Phule Pune University,Savitribai Phule Pune University,0518237210,Electronics And Telecommunication Engg,GSEBCO,124354,56.8426573,Stage I,2025-26,1,880
05182,"Kalyani Charitable Trust, Late Gambhirrao Natuba Sapkal College Of Engineering, Anjaneri, Trimbakeshwar Road, Nashik",Nashik,Un-Aided,Non-Autonomous,Savitribai Phule Pune University,Savitribai Phule Pune University,0518237210,Electronics And Telecommunication Engg,LOPENO,109439,63.4714222,Stage I,2025-26,1,880
05182,"Kalyani Charitable Trust, Late Gambhirrao Natuba Sapkal College Of Engineering, Anjaneri, Trimbakeshwar Road, Nashik",Nashik,Un-Aided,Non-Autonomous,Savitribai Phule Pune University,Savitribai Phule Pune University,0518237210,Electronics And Telecommunication Engg,LSCO,181451,22.035802,Stage I,2025-26,1,880
05182,"Kalyani Charitable Trust, Late Gambhirrao Natuba Sapkal College Of Engineering, Anjaneri, Trimbakeshwar Road, Nashik",Nashik,Un-Aided,Non-Autonomous,Savitribai Phule Pune University,Savitribai Phule Pune University,0518237210,Electronics And Telecommunication Engg,LOBCO,115046,60.9090909,Stage I,2025-26,1,880
05182,"Kalyani Charitable Trust, Late Gambhirrao Natuba Sapkal College Of Engineering, Anjaneri, Trimbakeshwar Road, Nashik",Nashik,Un-Aided,Non-Autonomous,Savitribai Phule Pune University,Savitribai Phule Pune University,0518237210,Electronics And Telecommunication Engg,TFWS,110407,63.2914656,Stage I,2025-26,1,880
05182,"Kalyani Charitable Trust, Late Gambhirrao Natuba Sapkal College Of Engineering, Anjaneri, Trimbakeshwar Road, Nashik",Nashik,Un-Aided,Non-Autonomous,Savitribai Phule Pune University,Savitribai Phule Pune University,0518261210,Mechanical Engineering,GOPENH,136886,50.5909012,Stage I,2025-26,1,881
05182,"Kalyani Charitable Trust, Late Gambhirrao Natuba Sapkal College Of Engineering, Anjaneri, Trimbakeshwar Road, Nashik",Nashik,Un-Aided,Non-Autonomous,Savitribai Phule Pune University,Savitribai Phule Pune University,0518261210,Mechanical Engineering,GSCH,202920,1.2224512,Stage I,2025-26,1,881
05182,"Kalyani Charitable Trust, Late Gambhirrao Natuba Sapkal College Of Engineering, Anjaneri, Trimbakeshwar Road, Nashik",Nashik,Un-Aided,Non-Autonomous,Savitribai Phule Pune University,Savitribai Phule Pune University,0518261210,Mechanical Engineering,GNT2H,157562,39.2328654,Stage I,2025-26,1,881
05182,"Kalyani Charitable Trust, Late Gambhirrao Natuba Sapkal College Of Engineering, Anjaneri, Trimbakeshwar Road, Nashik",Nashik,Un-Aided,Non-Autonomous,Savitribai Phule Pune University,Savitribai Phule Pune University,0518261210,Mechanical Engineering,GOBCH,145220,45.9816283,Stage I,2025-26,1,881
05182,"Kalyani Charitable Trust, Late Gambhirrao Natuba Sapkal College Of Engineering, Anjaneri, Trimbakeshwar Road, Nashik",Nashik,Un-Aided,Non-Autonomous,Savitribai Phule Pune University,Savitribai Phule Pune University,0518261210,Mechanical Engineering,LOPENH,150674,43.031473,Stage I,2025-26,1,881
05182,"Kalyani Charitable Trust, Late Gambhirrao Natuba Sapkal College Of Engineering, Anjaneri, Trimbakeshwar Road, Nashik",Nashik,Un-Aided,Non-Autonomous,Savitribai Phule Pune University,Savitribai Phule Pune University,0518261210,Mechanical Engineering,LNT3H,194270,10.8523619,Stage I,2025-26,1,881
05182,"Kalyani Charitable Trust, Late Gambhirrao Natuba Sapkal College Of Engineering, Anjaneri, Trimbakeshwar Road, Nashik",Nashik,Un-Aided,Non-Autonomous,Savitribai Phule Pune University,Savitribai Phule Pune University,0518261210,Mechanical Engineering,LOBCH,152347,42.2674623,Stage I,2025-26,1,881
05182,"Kalyani Charitable Trust, Late Gambhirrao Natuba Sapkal College Of Engineering, Anjaneri, Trimbakeshwar Road, Nashik",Nashik,Un-Aided,Non-Autonomous,Savitribai Phule Pune University,Savitribai Phule Pune University,0518261210,Mechanical Engineering,LNT2H,180904,22.1740686,Stage II,2025-26,1,881
05182,"Kalyani Charitable Trust, Late Gambhirrao Natuba Sapkal College Of Engineering, Anjaneri, Trimbakeshwar Road, Nashik",Nashik,Un-Aided,Non-Autonomous,Savitribai Phule Pune University,Savitribai Phule Pune University,0518261210,Mechanical Engineering,GOPENO,148379,43.9154166,Stage I,2025-26,1,881
05182,"Kalyani Charitable Trust, Late Gambhirrao Natuba Sapkal College Of Engineering, Anjaneri, Trimbakeshwar Road, Nashik",Nashik,Un-Aided,Non-Autonomous,Savitribai Phule Pune University,Savitribai Phule Pune University,0518261210,Mechanical Engineering,GOBCO,154280,40.0936536,Stage I,2025-26,1,881
05182,"Kalyani Charitable Trust, Late Gambhirrao Natuba Sapkal College Of Engineering, Anjaneri, Trimbakeshwar Road, Nashik",Nashik,Un-Aided,Non-Autonomous,Savitribai Phule Pune University,Savitribai Phule Pune University,0518261210,Mechanical Engineering,LOPENO,165396,33.0802795,Stage I,2025-26,1,881
05182,"Kalyani Charitable Trust, Late Gambhirrao Natuba Sapkal College Of Engineering, Anjaneri, Trimbakeshwar Road, Nashik",Nashik,Un-Aided,Non-Autonomous,Savitribai Phule Pune University,Savitribai Phule Pune University,0518261210,Mechanical Engineering,TFWS,126674,55.4922986,Stage I,2025-26,1,881
05184,"Amruta Vaishnavi Education & Welfare Trust'S Shatabdi Institute Of Engineering & Research, Agaskhind Tal. Sinnar",Nashik,Un-Aided Religious Minority - Christian,Non-Autonomous,Savitribai Phule Pune University,Savitribai Phule Pune University,0518419110,Civil Engineering,GOPENH,165084,33.465035,Stage I,2025-26,1,882
05184,"Amruta Vaishnavi Education & Welfare Trust'S Shatabdi Institute Of Engineering & Research, Agaskhind Tal. Sinnar",Nashik,Un-Aided Religious Minority - Christian,Non-Autonomous,Savitribai Phule Pune University,Savitribai Phule Pune University,0518419110,Civil Engineering,LOPENH,180897,22.1740686,Stage I,2025-26,1,882
05184,"Amruta Vaishnavi Education & Welfare Trust'S Shatabdi Institute Of Engineering & Research, Agaskhind Tal. Sinnar",Nashik,Un-Aided Religious Minority - Christian,Non-Autonomous,Savitribai Phule Pune University,Savitribai Phule Pune University,0518419110,Civil Engineering,GOPENO,161635,36.0836122,Stage I,2025-26,1,882
05184,"Amruta Vaishnavi Education & Welfare Trust'S Shatabdi Institute Of Engineering & Research, Agaskhind Tal. Sinnar",Nashik,Un-Aided Religious Minority - Christian,Non-Autonomous,Savitribai Phule Pune University,Savitribai Phule Pune University,0518419110,Civil Engineering,LOPENO,145600,45.9245973,Stage I,2025-26,1,882
05184,"Amruta Vaishnavi Education & Welfare Trust'S Shatabdi Institute Of Engineering & Research, Agaskhind Tal. Sinnar",Nashik,Un-Aided Religious Minority - Christian,Non-Autonomous,Savitribai Phule Pune University,Savitribai Phule Pune University,0518424510,Computer Engineering,GOPENH,116204,60.4378874,Stage I,2025-26,1,882
05184,"Amruta Vaishnavi Education & Welfare Trust'S Shatabdi Institute Of Engineering & Research, Agaskhind Tal. Sinnar",Nashik,Un-Aided Religious Minority - Christian,Non-Autonomous,Savitribai Phule Pune University,Savitribai Phule Pune University,0518424510,Computer Engineering,LOPENH,109938,63.3986014,Stage I,2025-26,1,882
05184,"Amruta Vaishnavi Education & Welfare Trust'S Shatabdi Institute Of Engineering & Research, Agaskhind Tal. Sinnar",Nashik,Un-Aided Religious Minority - Christian,Non-Autonomous,Savitribai Phule Pune University,Savitribai Phule Pune University,0518424510,Computer Engineering,GOPENO,86746,72.6730266,Stage I,2025-26,1,882
05184,"Amruta Vaishnavi Education & Welfare Trust'S Shatabdi Institute Of Engineering & Research, Agaskhind Tal. Sinnar",Nashik,Un-Aided Religious Minority - Christian,Non-Autonomous,Savitribai Phule Pune University,Savitribai Phule Pune University,0518424510,Computer Engineering,LOPENO,67326,79.6033896,Stage I,2025-26,1,882
05184,"Amruta Vaishnavi Education & Welfare Trust'S Shatabdi Institute Of Engineering & Research, Agaskhind Tal. Sinnar",Nashik,Un-Aided Religious Minority - Christian,Non-Autonomous,Savitribai Phule Pune University,Savitribai Phule Pune University,0518424510,Computer Engineering,TFWS,43770,86.9651776,Stage I,2025-26,1,882
05184,"Amruta Vaishnavi Education & Welfare Trust'S Shatabdi Institute Of Engineering & Research, Agaskhind Tal. Sinnar",Nashik,Un-Aided Religious Minority - Christian,Non-Autonomous,Savitribai Phule Pune University,Savitribai Phule Pune University,0518429310,Electrical Engineering,GOPENH,172978,28.4151863,Stage I,2025-26,1,883
05184,"Amruta Vaishnavi Education & Welfare Trust'S Shatabdi Institute Of Engineering & Research, Agaskhind Tal. Sinnar",Nashik,Un-Aided Religious Minority - Christian,Non-Autonomous,Savitribai Phule Pune University,Savitribai Phule Pune University,0518429310,Electrical Engineering,LOPENH,170069,29.8059527,Stage I,2025-26,1,883
05184,"Amruta Vaishnavi Education & Welfare Trust'S Shatabdi Institute Of Engineering & Research, Agaskhind Tal. Sinnar",Nashik,Un-Aided Religious Minority - Christian,Non-Autonomous,Savitribai Phule Pune University,Savitribai Phule Pune University,0518429310,Electrical Engineering,GOPENO,151449,42.7403863,Stage I,2025-26,1,883
05184,"Amruta Vaishnavi Education & Welfare Trust'S Shatabdi Institute Of Engineering & Research, Agaskhind Tal. Sinnar",Nashik,Un-Aided Religious Minority - Christian,Non-Autonomous,Savitribai Phule Pune University,Savitribai Phule Pune University,0518429310,Electrical Engineering,LOPENO,160250,36.226012,Stage I,2025-26,1,883
05184,"Amruta Vaishnavi Education & Welfare Trust'S Shatabdi Institute Of Engineering & Research, Agaskhind Tal. Sinnar",Nashik,Un-Aided Religious Minority - Christian,Non-Autonomous,Savitribai Phule Pune University,Savitribai Phule Pune University,0518437210,Electronics And Telecommunication Engg,GOPENH,148800,43.74434,Stage I,2025-26,1,883
05184,"Amruta Vaishnavi Education & Welfare Trust'S Shatabdi Institute Of Engineering & Research, Agaskhind Tal. Sinnar",Nashik,Un-Aided Religious Minority - Christian,Non-Autonomous,Savitribai Phule Pune University,Savitribai Phule Pune University,0518437210,Electronics And Telecommunication Engg,LOPENH,135059,51.1762787,Stage I,2025-26,1,883
05184,"Amruta Vaishnavi Education & Welfare Trust'S Shatabdi Institute Of Engineering & Research, Agaskhind Tal. Sinnar",Nashik,Un-Aided Religious Minority - Christian,Non-Autonomous,Savitribai Phule Pune University,Savitribai Phule Pune University,0518437210,Electronics And Telecommunication Engg,GOPENO,135801,50.8281802,Stage I,2025-26,1,883
05184,"Amruta Vaishnavi Education & Welfare Trust'S Shatabdi Institute Of Engineering & Research, Agaskhind Tal. Sinnar",Nashik,Un-Aided Religious Minority - Christian,Non-Autonomous,Savitribai Phule Pune University,Savitribai Phule Pune University,0518437210,Electronics And Telecommunication Engg,LOPENO,122422,57.5410529,Stage I,2025-26,1,883
05184,"Amruta Vaishnavi Education & Welfare Trust'S Shatabdi Institute Of Engineering & Research, Agaskhind Tal. Sinnar",Nashik,Un-Aided Religious Minority - Christian,Non-Autonomous,Savitribai Phule Pune University,Savitribai Phule Pune University,0518461210,Mechanical Engineering,GOPENH,168025,32.1281783,Stage I,2025-26,1,884
05184,"Amruta Vaishnavi Education & Welfare Trust'S Shatabdi Institute Of Engineering & Research, Agaskhind Tal. Sinnar",Nashik,Un-Aided Religious Minority - Christian,Non-Autonomous,Savitribai Phule Pune University,Savitribai Phule Pune University,0518461210,Mechanical Engineering,LOPENH,192725,11.9485358,Stage I,2025-26,1,884
05184,"Amruta Vaishnavi Education & Welfare Trust'S Shatabdi Institute Of Engineering & Research, Agaskhind Tal. Sinnar",Nashik,Un-Aided Religious Minority - Christian,Non-Autonomous,Savitribai Phule Pune University,Savitribai Phule Pune University,0518461210,Mechanical Engineering,GOPENO,157036,39.3344201,Stage I,2025-26,1,884
05184,"Amruta Vaishnavi Education & Welfare Trust'S Shatabdi Institute Of Engineering & Research, Agaskhind Tal. Sinnar",Nashik,Un-Aided Religious Minority - Christian,Non-Autonomous,Savitribai Phule Pune University,Savitribai Phule Pune University,0518461210,Mechanical Engineering,LOPENO,185495,18.6473767,Stage I,2025-26,1,884
05244,"Met'S Institute Of Technology Polytechnic, Bhujbal Knowledge City, Adgaon Nashik",Nashik,Un-Aided,Non-Autonomous,Savitribai Phule Pune University,Savitribai Phule Pune University,0524425710,Computer Science And Design,GOPENH,68947,78.6729363,Stage I,2025-26,1,889
05244,"Met'S Institute Of Technology Polytechnic, Bhujbal Knowledge City, Adgaon Nashik",Nashik,Un-Aided,Non-Autonomous,Savitribai Phule Pune University,Savitribai Phule Pune University,0524425710,Computer Science And Design,GSCH,102078,66.3866132,Stage I,2025-26,1,889
05244,"Met'S Institute Of Technology Polytechnic, Bhujbal Knowledge City, Adgaon Nashik",Nashik,Un-Aided,Non-Autonomous,Savitribai Phule Pune University,Savitribai Phule Pune University,0524425710,Computer Science And Design,GSTH,153091,41.4458186,Stage I,2025-26,1,889
05244,"Met'S Institute Of Technology Polytechnic, Bhujbal Knowledge City, Adgaon Nashik",Nashik,Un-Aided,Non-Autonomous,Savitribai Phule Pune University,Savitribai Phule Pune University,0524425710,Computer Science And Design,GNT2H,93748,69.8941051,Stage I,2025-26,1,889
05244,"Met'S Institute Of Technology Polytechnic, Bhujbal Knowledge City, Adgaon Nashik",Nashik,Un-Aided,Non-Autonomous,Savitribai Phule Pune University,Savitribai Phule Pune University,0524425710,Computer Science And Design,GNT3H,73422,77.161886,Stage I,2025-26,1,889
05244,"Met'S Institute Of Technology Polytechnic, Bhujbal Knowledge City, Adgaon Nashik",Nashik,Un-Aided,Non-Autonomous,Savitribai Phule Pune University,Savitribai Phule Pune University,0524425710,Computer Science And Design,GOBCH,74888,76.8973331,Stage I,2025-26,1,889
05244,"Met'S Institute Of Technology Polytechnic, Bhujbal Knowledge City, Adgaon Nashik",Nashik,Un-Aided,Non-Autonomous,Savitribai Phule Pune University,Savitribai Phule Pune University,0524425710,Computer Science And Design,LOPENH,58430,82.3736697,Stage I,2025-26,1,889
05244,"Met'S Institute Of Technology Polytechnic, Bhujbal Knowledge City, Adgaon Nashik",Nashik,Un-Aided,Non-Autonomous,Savitribai Phule Pune University,Savitribai Phule Pune University,0524425710,Computer Science And Design,LSCH,105983,64.7148712,Stage I,2025-26,1,889
05244,"Met'S Institute Of Technology Polytechnic, Bhujbal Knowledge City, Adgaon Nashik",Nashik,Un-Aided,Non-Autonomous,Savitribai Phule Pune University,Savitribai Phule Pune University,0524425710,Computer Science And Design,LOBCH,72385,77.9513058,Stage I,2025-26,1,889
05244,"Met'S Institute Of Technology Polytechnic, Bhujbal Knowledge City, Adgaon Nashik",Nashik,Un-Aided,Non-Autonomous,Savitribai Phule Pune University,Savitribai Phule Pune University,0524425710,Computer Science And Design,LSEBCH,106452,64.713186,Stage I,2025-26,1,889
05244,"Met'S Institute Of Technology Polytechnic, Bhujbal Knowledge City, Adgaon Nashik",Nashik,Un-Aided,Non-Autonomous,Savitribai Phule Pune University,Savitribai Phule Pune University,0524425710,Computer Science And Design,GSEBCH,102113,66.3866132,Stage I,2025-26,1,889
05244,"Met'S Institute Of Technology Polytechnic, Bhujbal Knowledge City, Adgaon Nashik",Nashik,Un-Aided,Non-Autonomous,Savitribai Phule Pune University,Savitribai Phule Pune University,0524425710,Computer Science And Design,GOPENO,69140,78.6729363,Stage I,2025-26,1,889
05244,"Met'S Institute Of Technology Polytechnic, Bhujbal Knowledge City, Adgaon Nashik",Nashik,Un-Aided,Non-Autonomous,Savitribai Phule Pune University,Savitribai Phule Pune University,0524425710,Computer Science And Design,GSCO,88624,71.6607627,Stage I,2025-26,1,889
05244,"Met'S Institute Of Technology Polytechnic, Bhujbal Knowledge City, Adgaon Nashik",Nashik,Un-Aided,Non-Autonomous,Savitribai Phule Pune University,Savitribai Phule Pune University,0524425710,Computer Science And Design,GSTO,139217,49.4020979,Stage I,2025-26,1,889
05244,"Met'S Institute Of Technology Polytechnic, Bhujbal Knowledge City, Adgaon Nashik",Nashik,Un-Aided,Non-Autonomous,Savitribai Phule Pune University,Savitribai Phule Pune University,0524425710,Computer Science And Design,GVJO,87447,72.1363369,Stage I,2025-26,1,889
05244,"Met'S Institute Of Technology Polytechnic, Bhujbal Knowledge City, Adgaon Nashik",Nashik,Un-Aided,Non-Autonomous,Savitribai Phule Pune University,Savitribai Phule Pune University,0524425710,Computer Science And Design,GNT1O,82910,73.7482517,Stage I,2025-26,1,889
05244,"Met'S Institute Of Technology Polytechnic, Bhujbal Knowledge City, Adgaon Nashik",Nashik,Un-Aided,Non-Autonomous,Savitribai Phule Pune University,Savitribai Phule Pune University,0524425710,Computer Science And Design,GOBCO,71472,78.2396759,Stage I,2025-26,1,889
05244,"Met'S Institute Of Technology Polytechnic, Bhujbal Knowledge City, Adgaon Nashik",Nashik,Un-Aided,Non-Autonomous,Savitribai Phule Pune University,Savitribai Phule Pune University,0524425710,Computer Science And Design,GSEBCO,75870,76.7635852,Stage I,2025-26,1,889
05244,"Met'S Institute Of Technology Polytechnic, Bhujbal Knowledge City, Adgaon Nashik",Nashik,Un-Aided,Non-Autonomous,Savitribai Phule Pune University,Savitribai Phule Pune University,0524425710,Computer Science And Design,LOPENO,69787,78.5819586,Stage I,2025-26,1,889
05244,"Met'S Institute Of Technology Polytechnic, Bhujbal Knowledge City, Adgaon Nashik",Nashik,Un-Aided,Non-Autonomous,Savitribai Phule Pune University,Savitribai Phule Pune University,0524425710,Computer Science And Design,LSCO,86690,72.6730266,Stage I,2025-26,1,889
05244,"Met'S Institute Of Technology Polytechnic, Bhujbal Knowledge City, Adgaon Nashik",Nashik,Un-Aided,Non-Autonomous,Savitribai Phule Pune University,Savitribai Phule Pune University,0524425710,Computer Science And Design,LOBCO,80060,75.1927485,Stage I,2025-26,1,889
05244,"Met'S Institute Of Technology Polytechnic, Bhujbal Knowledge City, Adgaon Nashik",Nashik,Un-Aided,Non-Autonomous,Savitribai Phule Pune University,Savitribai Phule Pune University,0524425710,Computer Science And Design,DEFOPENS,201509,3.1009937,Stage I,2025-26,1,889
05244,"Met'S Institute Of Technology Polytechnic, Bhujbal Knowledge City, Adgaon Nashik",Nashik,Un-Aided,Non-Autonomous,Savitribai Phule Pune University,Savitribai Phule Pune University,0524425710,Computer Science And Design,TFWS,63749,80.7175218,Stage I,2025-26,1,889
05244,"Met'S Institute Of Technology Polytechnic, Bhujbal Knowledge City, Adgaon Nashik",Nashik,Un-Aided,Non-Autonomous,Savitribai Phule Pune University,Savitribai Phule Pune University,0524425710,Computer Science And Design,EWS,174634,26.7336064,Stage I,2025-26,1,889
05244,"Met'S Institute Of Technology Polytechnic, Bhujbal Knowledge City, Adgaon Nashik",Nashik,Un-Aided,Non-Autonomous,Savitribai Phule Pune University,Savitribai Phule Pune University,0524491610,Automation And Robotics,GOPENH,77920,75.6075065,Stage I,2025-26,1,890
05244,"Met'S Institute Of Technology Polytechnic, Bhujbal Knowledge City, Adgaon Nashik",Nashik,Un-Aided,Non-Autonomous,Savitribai Phule Pune University,Savitribai Phule Pune University,0524491610,Automation And Robotics,GSCH,156661,39.3601986,Stage I,2025-26,1,890
05244,"Met'S Institute Of Technology Polytechnic, Bhujbal Knowledge City, Adgaon Nashik",Nashik,Un-Aided,Non-Autonomous,Savitribai Phule Pune University,Savitribai Phule Pune University,0524491610,Automation And Robotics,GSTH,113419,61.6834321,Stage I,2025-26,1,890
05244,"Met'S Institute Of Technology Polytechnic, Bhujbal Knowledge City, Adgaon Nashik",Nashik,Un-Aided,Non-Autonomous,Savitribai Phule Pune University,Savitribai Phule Pune University,0524491610,Automation And Robotics,GVJH,153838,40.6822054,Stage I,2025-26,1,890
05244,"Met'S Institute Of Technology Polytechnic, Bhujbal Knowledge City, Adgaon Nashik",Nashik,Un-Aided,Non-Autonomous,Savitribai Phule Pune University,Savitribai Phule Pune University,0524491610,Automation And Robotics,GNT1H,124337,56.8426573,Stage I,2025-26,1,890
05244,"Met'S Institute Of Technology Polytechnic, Bhujbal Knowledge City, Adgaon Nashik",Nashik,Un-Aided,Non-Autonomous,Savitribai Phule Pune University,Savitribai Phule Pune University,0524491610,Automation And Robotics,GOBCH,87719,72.102802,Stage I,2025-26,1,890
05244,"Met'S Institute Of Technology Polytechnic, Bhujbal Knowledge City, Adgaon Nashik",Nashik,Un-Aided,Non-Autonomous,Savitribai Phule Pune University,Savitribai Phule Pune University,0524491610,Automation And Robotics,GSEBCH,159050,37.6293706,Stage I,2025-26,1,890
05244,"Met'S Institute Of Technology Polytechnic, Bhujbal Knowledge City, Adgaon Nashik",Nashik,Un-Aided,Non-Autonomous,Savitribai Phule Pune University,Savitribai Phule Pune University,0524491610,Automation And Robotics,LOPENH,78951,75.3562654,Stage I,2025-26,1,890
05244,"Met'S Institute Of Technology Polytechnic, Bhujbal Knowledge City, Adgaon Nashik",Nashik,Un-Aided,Non-Autonomous,Savitribai Phule Pune University,Savitribai Phule Pune University,0524491610,Automation And Robotics,LSCH,144312,46.7613499,Stage I,2025-26,1,890
05244,"Met'S Institute Of Technology Polytechnic, Bhujbal Knowledge City, Adgaon Nashik",Nashik,Un-Aided,Non-Autonomous,Savitribai Phule Pune University,Savitribai Phule Pune University,0524491610,Automation And Robotics,LNT2H,174867,26.6274079,Stage I,2025-26,1,890
05244,"Met'S Institute Of Technology Polytechnic, Bhujbal Knowledge City, Adgaon Nashik",Nashik,Un-Aided,Non-Autonomous,Savitribai Phule Pune University,Savitribai Phule Pune University,0524491610,Automation And Robotics,LNT3H,83782,73.6159498,Stage I,2025-26,1,890
05244,"Met'S Institute Of Technology Polytechnic, Bhujbal Knowledge City, Adgaon Nashik",Nashik,Un-Aided,Non-Autonomous,Savitribai Phule Pune University,Savitribai Phule Pune University,0524491610,Automation And Robotics,LOBCH,86289,72.7429418,Stage I,2025-26,1,890
05244,"Met'S Institute Of Technology Polytechnic, Bhujbal Knowledge City, Adgaon Nashik",Nashik,Un-Aided,Non-Autonomous,Savitribai Phule Pune University,Savitribai Phule Pune University,0524491610,Automation And Robotics,LSEBCH,96771,68.8687467,Stage I,2025-26,1,890
05244,"Met'S Institute Of Technology Polytechnic, Bhujbal Knowledge City, Adgaon Nashik",Nashik,Un-Aided,Non-Autonomous,Savitribai Phule Pune University,Savitribai Phule Pune University,0524491610,Automation And Robotics,GOPENO,86005,72.8948543,Stage I,2025-26,1,890
05244,"Met'S Institute Of Technology Polytechnic, Bhujbal Knowledge City, Adgaon Nashik",Nashik,Un-Aided,Non-Autonomous,Savitribai Phule Pune University,Savitribai Phule Pune University,0524491610,Automation And Robotics,GSCO,158017,39.230205,Stage I,2025-26,1,890
05244,"Met'S Institute Of Technology Polytechnic, Bhujbal Knowledge City, Adgaon Nashik",Nashik,Un-Aided,Non-Autonomous,Savitribai Phule Pune University,Savitribai Phule Pune University,0524491610,Automation And Robotics,GOBCO,87293,72.1363369,Stage I,2025-26,1,890
05244,"Met'S Institute Of Technology Polytechnic, Bhujbal Knowledge City, Adgaon Nashik",Nashik,Un-Aided,Non-Autonomous,Savitribai Phule Pune University,Savitribai Phule Pune University,0524491610,Automation And Robotics,GSEBCO,138698,49.6043895,Stage I,2025-26,1,890
05244,"Met'S Institute Of Technology Polytechnic, Bhujbal Knowledge City, Adgaon Nashik",Nashik,Un-Aided,Non-Autonomous,Savitribai Phule Pune University,Savitribai Phule Pune University,0524491610,Automation And Robotics,LOPENO,101454,66.9039004,Stage I,2025-26,1,890
05244,"Met'S Institute Of Technology Polytechnic, Bhujbal Knowledge City, Adgaon Nashik",Nashik,Un-Aided,Non-Autonomous,Savitribai Phule Pune University,Savitribai Phule Pune University,0524491610,Automation And Robotics,LOBCO,101874,66.4263323,Stage I,2025-26,1,890
05244,"Met'S Institute Of Technology Polytechnic, Bhujbal Knowledge City, Adgaon Nashik",Nashik,Un-Aided,Non-Autonomous,Savitribai Phule Pune University,Savitribai Phule Pune University,0524491610,Automation And Robotics,TFWS,79776,75.210728,Stage I,2025-26,1,890
05244,"Met'S Institute Of Technology Polytechnic, Bhujbal Knowledge City, Adgaon Nashik",Nashik,Un-Aided,Non-Autonomous,Savitribai Phule Pune University,Savitribai Phule Pune University,0524491610,Automation And Robotics,EWS,195249,9.7858898,Stage I,2025-26,1,890
05244,"Met'S Institute Of Technology Polytechnic, Bhujbal Knowledge City, Adgaon Nashik",Nashik,Un-Aided,Non-Autonomous,Savitribai Phule Pune University,Savitribai Phule Pune University,0524492210,Civil And Environmental Engineering,GOPENH,146198,45.8266058,Stage I,2025-26,1,891
05244,"Met'S Institute Of Technology Polytechnic, Bhujbal Knowledge City, Adgaon Nashik",Nashik,Un-Aided,Non-Autonomous,Savitribai Phule Pune University,Savitribai Phule Pune University,0524492210,Civil And Environmental Engineering,GSCH,180859,22.1740686,Stage I,2025-26,1,891
05244,"Met'S Institute Of Technology Polytechnic, Bhujbal Knowledge City, Adgaon Nashik",Nashik,Un-Aided,Non-Autonomous,Savitribai Phule Pune University,Savitribai Phule Pune University,0524492210,Civil And Environmental Engineering,GSTH,182935,20.6428039,Stage I,2025-26,1,891
05244,"Met'S Institute Of Technology Polytechnic, Bhujbal Knowledge City, Adgaon Nashik",Nashik,Un-Aided,Non-Autonomous,Savitribai Phule Pune University,Savitribai Phule Pune University,0524492210,Civil And Environmental Engineering,GNT1H,180180,22.4248107,Stage I,2025-26,1,891
05244,"Met'S Institute Of Technology Polytechnic, Bhujbal Knowledge City, Adgaon Nashik",Nashik,Un-Aided,Non-Autonomous,Savitribai Phule Pune University,Savitribai Phule Pune University,0524492210,Civil And Environmental Engineering,GNT2H,190352,14.0716041,Stage I,2025-26,1,891
05244,"Met'S Institute Of Technology Polytechnic, Bhujbal Knowledge City, Adgaon Nashik",Nashik,Un-Aided,Non-Autonomous,Savitribai Phule Pune University,Savitribai Phule Pune University,0524492210,Civil And Environmental Engineering,GOBCH,162980,35.6771832,Stage I,2025-26,1,891
05244,"Met'S Institute Of Technology Polytechnic, Bhujbal Knowledge City, Adgaon Nashik",Nashik,Un-Aided,Non-Autonomous,Savitribai Phule Pune University,Savitribai Phule Pune University,0524492210,Civil And Environmental Engineering,GSEBCH,187411,16.6909773,Stage I,2025-26,1,891
05244,"Met'S Institute Of Technology Polytechnic, Bhujbal Knowledge City, Adgaon Nashik",Nashik,Un-Aided,Non-Autonomous,Savitribai Phule Pune University,Savitribai Phule Pune University,0524492210,Civil And Environmental Engineering,LOPENH,130452,53.7591782,Stage I,2025-26,1,891
05244,"Met'S Institute Of Technology Polytechnic, Bhujbal Knowledge City, Adgaon Nashik",Nashik,Un-Aided,Non-Autonomous,Savitribai Phule Pune University,Savitribai Phule Pune University,0524492210,Civil And Environmental Engineering,LSCH,149077,43.658874,Stage I,2025-26,1,891
05244,"Met'S Institute Of Technology Polytechnic, Bhujbal Knowledge City, Adgaon Nashik",Nashik,Un-Aided,Non-Autonomous,Savitribai Phule Pune University,Savitribai Phule Pune University,0524492210,Civil And Environmental Engineering,LOBCH,145609,45.9245973,Stage I,2025-26,1,891
05244,"Met'S Institute Of Technology Polytechnic, Bhujbal Knowledge City, Adgaon Nashik",Nashik,Un-Aided,Non-Autonomous,Savitribai Phule Pune University,Savitribai Phule Pune University,0524492210,Civil And Environmental Engineering,GSTH,197396,7.6100354,Stage I,2025-26,1,891
05244,"Met'S Institute Of Technology Polytechnic, Bhujbal Knowledge City, Adgaon Nashik",Nashik,Un-Aided,Non-Autonomous,Savitribai Phule Pune University,Savitribai Phule Pune University,0524492210,Civil And Environmental Engineering,GOPENO,112830,62.0615406,Stage I,2025-26,1,891
05244,"Met'S Institute Of Technology Polytechnic, Bhujbal Knowledge City, Adgaon Nashik",Nashik,Un-Aided,Non-Autonomous,Savitribai Phule Pune University,Savitribai Phule Pune University,0524492210,Civil And Environmental Engineering,GSCO,180945,22.1740686,Stage I,2025-26,1,891
05244,"Met'S Institute Of Technology Polytechnic, Bhujbal Knowledge City, Adgaon Nashik",Nashik,Un-Aided,Non-Autonomous,Savitribai Phule Pune University,Savitribai Phule Pune University,0524492210,Civil And Environmental Engineering,GOBCO,160604,36.1811489,Stage I,2025-26,1,891
05244,"Met'S Institute Of Technology Polytechnic, Bhujbal Knowledge City, Adgaon Nashik",Nashik,Un-Aided,Non-Autonomous,Savitribai Phule Pune University,Savitribai Phule Pune University,0524492210,Civil And Environmental Engineering,GSEBCO,197003,7.8975079,Stage I,2025-26,1,891
05244,"Met'S Institute Of Technology Polytechnic, Bhujbal Knowledge City, Adgaon Nashik",Nashik,Un-Aided,Non-Autonomous,Savitribai Phule Pune University,Savitribai Phule Pune University,0524492210,Civil And Environmental Engineering,LOPENO,160678,36.1811489,Stage I,2025-26,1,891
05244,"Met'S Institute Of Technology Polytechnic, Bhujbal Knowledge City, Adgaon Nashik",Nashik,Un-Aided,Non-Autonomous,Savitribai Phule Pune University,Savitribai Phule Pune University,0524492210,Civil And Environmental Engineering,LSCO,161187,36.1161649,Stage I,2025-26,1,891
05244,"Met'S Institute Of Technology Polytechnic, Bhujbal Knowledge City, Adgaon Nashik",Nashik,Un-Aided,Non-Autonomous,Savitribai Phule Pune University,Savitribai Phule Pune University,0524492210,Civil And Environmental Engineering,GNT3O,180801,22.1740686,Stage I,2025-26,1,891
05244,"Met'S Institute Of Technology Polytechnic, Bhujbal Knowledge City, Adgaon Nashik",Nashik,Un-Aided,Non-Autonomous,Savitribai Phule Pune University,Savitribai Phule Pune University,0524492210,Civil And Environmental Engineering,LVJO,163894,35.4407253,Stage I,2025-26,1,891
05244,"Met'S Institute Of Technology Polytechnic, Bhujbal Knowledge City, Adgaon Nashik",Nashik,Un-Aided,Non-Autonomous,Savitribai Phule Pune University,Savitribai Phule Pune University,0524492210,Civil And Environmental Engineering,DEFOPENS,168455,32.0008834,Stage I,2025-26,1,891
05244,"Met'S Institute Of Technology Polytechnic, Bhujbal Knowledge City, Adgaon Nashik",Nashik,Un-Aided,Non-Autonomous,Savitribai Phule Pune University,Savitribai Phule Pune University,0524492210,Civil And Environmental Engineering,TFWS,146323,45.8266058,Stage I,2025-26,1,891
05263,"Matoshri Education Soceity, Matoshri Institute Of Technology, Dhanore, Nashik",Nashik,Un-Aided,Non-Autonomous,Savitribai Phule Pune University,Savitribai Phule Pune University,0526324510,Computer Engineering,GOPENH,118820,59.2797111,Stage I,2025-26,1,895
05263,"Matoshri Education Soceity, Matoshri Institute Of Technology, Dhanore, Nashik",Nashik,Un-Aided,Non-Autonomous,Savitribai Phule Pune University,Savitribai Phule Pune University,0526324510,Computer Engineering,GSCH,145078,46.3957696,Stage I,2025-26,1,895
05263,"Matoshri Education Soceity, Matoshri Institute Of Technology, Dhanore, Nashik",Nashik,Un-Aided,Non-Autonomous,Savitribai Phule Pune University,Savitribai Phule Pune University,0526324510,Computer Engineering,GSTH,172307,28.8537986,Stage I,2025-26,1,895
05263,"Matoshri Education Soceity, Matoshri Institute Of Technology, Dhanore, Nashik",Nashik,Un-Aided,Non-Autonomous,Savitribai Phule Pune University,Savitribai Phule Pune University,0526324510,Computer Engineering,GVJH,149023,43.658874,Stage I,2025-26,1,895
05263,"Matoshri Education Soceity, Matoshri Institute Of Technology, Dhanore, Nashik",Nashik,Un-Aided,Non-Autonomous,Savitribai Phule Pune University,Savitribai Phule Pune University,0526324510,Computer Engineering,GNT2H,158747,38.2479385,Stage I,2025-26,1,895
05263,"Matoshri Education Soceity, Matoshri Institute Of Technology, Dhanore, Nashik",Nashik,Un-Aided,Non-Autonomous,Savitribai Phule Pune University,Savitribai Phule Pune University,0526324510,Computer Engineering,GNT3H,130777,53.6771201,Stage I,2025-26,1,895
05263,"Matoshri Education Soceity, Matoshri Institute Of Technology, Dhanore, Nashik",Nashik,Un-Aided,Non-Autonomous,Savitribai Phule Pune University,Savitribai Phule Pune University,0526324510,Computer Engineering,GOBCH,126784,55.4922986,Stage I,2025-26,1,895
05263,"Matoshri Education Soceity, Matoshri Institute Of Technology, Dhanore, Nashik",Nashik,Un-Aided,Non-Autonomous,Savitribai Phule Pune University,Savitribai Phule Pune University,0526324510,Computer Engineering,GSEBCH,200461,4.3158445,Stage I,2025-26,1,895
05263,"Matoshri Education Soceity, Matoshri Institute Of Technology, Dhanore, Nashik",Nashik,Un-Aided,Non-Autonomous,Savitribai Phule Pune University,Savitribai Phule Pune University,0526324510,Computer Engineering,LOPENH,109602,63.3986014,Stage I,2025-26,1,895
05263,"Matoshri Education Soceity, Matoshri Institute Of Technology, Dhanore, Nashik",Nashik,Un-Aided,Non-Autonomous,Savitribai Phule Pune University,Savitribai Phule Pune University,0526324510,Computer Engineering,LSCH,149117,43.658874,Stage I,2025-26,1,895
05263,"Matoshri Education Soceity, Matoshri Institute Of Technology, Dhanore, Nashik",Nashik,Un-Aided,Non-Autonomous,Savitribai Phule Pune University,Savitribai Phule Pune University,0526324510,Computer Engineering,LNT2H,190190,14.3147873,Stage I,2025-26,1,895
05263,"Matoshri Education Soceity, Matoshri Institute Of Technology, Dhanore, Nashik",Nashik,Un-Aided,Non-Autonomous,Savitribai Phule Pune University,Savitribai Phule Pune University,0526324510,Computer Engineering,LOBCH,123233,57.4017459,Stage I,2025-26,1,895
05263,"Matoshri Education Soceity, Matoshri Institute Of Technology, Dhanore, Nashik",Nashik,Un-Aided,Non-Autonomous,Savitribai Phule Pune University,Savitribai Phule Pune University,0526324510,Computer Engineering,LSEBCH,169168,31.9226076,Stage I,2025-26,1,895
05263,"Matoshri Education Soceity, Matoshri Institute Of Technology, Dhanore, Nashik",Nashik,Un-Aided,Non-Autonomous,Savitribai Phule Pune University,Savitribai Phule Pune University,0526324510,Computer Engineering,GSTH,183717,19.8246656,Stage I,2025-26,1,895
05263,"Matoshri Education Soceity, Matoshri Institute Of Technology, Dhanore, Nashik",Nashik,Un-Aided,Non-Autonomous,Savitribai Phule Pune University,Savitribai Phule Pune University,0526324510,Computer Engineering,GSEBCH,124452,56.8426573,Stage I,2025-26,1,895
05263,"Matoshri Education Soceity, Matoshri Institute Of Technology, Dhanore, Nashik",Nashik,Un-Aided,Non-Autonomous,Savitribai Phule Pune University,Savitribai Phule Pune University,0526324510,Computer Engineering,LNT1H,179042,23.4701479,Stage I,2025-26,1,895
05263,"Matoshri Education Soceity, Matoshri Institute Of Technology, Dhanore, Nashik",Nashik,Un-Aided,Non-Autonomous,Savitribai Phule Pune University,Savitribai Phule Pune University,0526324510,Computer Engineering,GOPENO,92303,70.507201,Stage I,2025-26,1,895
05263,"Matoshri Education Soceity, Matoshri Institute Of Technology, Dhanore, Nashik",Nashik,Un-Aided,Non-Autonomous,Savitribai Phule Pune University,Savitribai Phule Pune University,0526324510,Computer Engineering,GSCO,133105,52.5968356,Stage I,2025-26,1,895
05263,"Matoshri Education Soceity, Matoshri Institute Of Technology, Dhanore, Nashik",Nashik,Un-Aided,Non-Autonomous,Savitribai Phule Pune University,Savitribai Phule Pune University,0526324510,Computer Engineering,GSTO,101297,66.9039004,Stage I,2025-26,1,895
05263,"Matoshri Education Soceity, Matoshri Institute Of Technology, Dhanore, Nashik",Nashik,Un-Aided,Non-Autonomous,Savitribai Phule Pune University,Savitribai Phule Pune University,0526324510,Computer Engineering,GSEBCO,146083,45.8266058,Stage I,2025-26,1,895
05263,"Matoshri Education Soceity, Matoshri Institute Of Technology, Dhanore, Nashik",Nashik,Un-Aided,Non-Autonomous,Savitribai Phule Pune University,Savitribai Phule Pune University,0526324510,Computer Engineering,LOPENO,93961,69.8498837,Stage I,2025-26,1,895
05263,"Matoshri Education Soceity, Matoshri Institute Of Technology, Dhanore, Nashik",Nashik,Un-Aided,Non-Autonomous,Savitribai Phule Pune University,Savitribai Phule Pune University,0526324510,Computer Engineering,LSCO,149126,43.658874,Stage I,2025-26,1,895
05263,"Matoshri Education Soceity, Matoshri Institute Of Technology, Dhanore, Nashik",Nashik,Un-Aided,Non-Autonomous,Savitribai Phule Pune University,Savitribai Phule Pune University,0526324510,Computer Engineering,LOBCO,104918,65.630713,Stage I,2025-26,1,895
05263,"Matoshri Education Soceity, Matoshri Institute Of Technology, Dhanore, Nashik",Nashik,Un-Aided,Non-Autonomous,Savitribai Phule Pune University,Savitribai Phule Pune University,0526324510,Computer Engineering,LSEBCO,95907,69.0979021,Stage I,2025-26,1,895
05263,"Matoshri Education Soceity, Matoshri Institute Of Technology, Dhanore, Nashik",Nashik,Un-Aided,Non-Autonomous,Savitribai Phule Pune University,Savitribai Phule Pune University,0526324510,Computer Engineering,TFWS,82550,73.8000589,Stage I,2025-26,1,895
05263,"Matoshri Education Soceity, Matoshri Institute Of Technology, Dhanore, Nashik",Nashik,Un-Aided,Non-Autonomous,Savitribai Phule Pune University,Savitribai Phule Pune University,0526324510,Computer Engineering,EWS,144411,46.6242967,Stage I,2025-26,1,895
05263,"Matoshri Education Soceity, Matoshri Institute Of Technology, Dhanore, Nashik",Nashik,Un-Aided,Non-Autonomous,Savitribai Phule Pune University,Savitribai Phule Pune University,0526329310,Electrical Engineering,GOPENH,153517,41.4020979,Stage I,2025-26,1,896
05263,"Matoshri Education Soceity, Matoshri Institute Of Technology, Dhanore, Nashik",Nashik,Un-Aided,Non-Autonomous,Savitribai Phule Pune University,Savitribai Phule Pune University,0526329310,Electrical Engineering,GNT3H,168237,32.0884521,Stage I,2025-26,1,896
05263,"Matoshri Education Soceity, Matoshri Institute Of Technology, Dhanore, Nashik",Nashik,Un-Aided,Non-Autonomous,Savitribai Phule Pune University,Savitribai Phule Pune University,0526329310,Electrical Engineering,GOBCH,164478,34.896751,Stage I,2025-26,1,896
05263,"Matoshri Education Soceity, Matoshri Institute Of Technology, Dhanore, Nashik",Nashik,Un-Aided,Non-Autonomous,Savitribai Phule Pune University,Savitribai Phule Pune University,0526329310,Electrical Engineering,LOPENH,150204,43.1964993,Stage I,2025-26,1,896
05263,"Matoshri Education Soceity, Matoshri Institute Of Technology, Dhanore, Nashik",Nashik,Un-Aided,Non-Autonomous,Savitribai Phule Pune University,Savitribai Phule Pune University,0526329310,Electrical Engineering,LOBCH,157513,39.2328654,Stage I,2025-26,1,896
05263,"Matoshri Education Soceity, Matoshri Institute Of Technology, Dhanore, Nashik",Nashik,Un-Aided,Non-Autonomous,Savitribai Phule Pune University,Savitribai Phule Pune University,0526329310,Electrical Engineering,LSTH,195653,9.4338928,Stage I,2025-26,1,896
05263,"Matoshri Education Soceity, Matoshri Institute Of Technology, Dhanore, Nashik",Nashik,Un-Aided,Non-Autonomous,Savitribai Phule Pune University,Savitribai Phule Pune University,0526329310,Electrical Engineering,GOPENO,153394,41.4020979,Stage I,2025-26,1,896
05263,"Matoshri Education Soceity, Matoshri Institute Of Technology, Dhanore, Nashik",Nashik,Un-Aided,Non-Autonomous,Savitribai Phule Pune University,Savitribai Phule Pune University,0526329310,Electrical Engineering,GOBCO,158247,38.7925588,Stage I,2025-26,1,896
05263,"Matoshri Education Soceity, Matoshri Institute Of Technology, Dhanore, Nashik",Nashik,Un-Aided,Non-Autonomous,Savitribai Phule Pune University,Savitribai Phule Pune University,0526329310,Electrical Engineering,GSEBCO,177095,25.2088452,Stage I,2025-26,1,896
05263,"Matoshri Education Soceity, Matoshri Institute Of Technology, Dhanore, Nashik",Nashik,Un-Aided,Non-Autonomous,Savitribai Phule Pune University,Savitribai Phule Pune University,0526329310,Electrical Engineering,LOPENO,130711,53.6771201,Stage I,2025-26,1,896
05263,"Matoshri Education Soceity, Matoshri Institute Of Technology, Dhanore, Nashik",Nashik,Un-Aided,Non-Autonomous,Savitribai Phule Pune University,Savitribai Phule Pune University,0526337210,Electronics And Telecommunication Engg,GOPENH,160373,36.226012,Stage I,2025-26,1,897
05263,"Matoshri Education Soceity, Matoshri Institute Of Technology, Dhanore, Nashik",Nashik,Un-Aided,Non-Autonomous,Savitribai Phule Pune University,Savitribai Phule Pune University,0526337210,Electronics And Telecommunication Engg,GSCH,174676,26.7336064,Stage I,2025-26,1,897
05263,"Matoshri Education Soceity, Matoshri Institute Of Technology, Dhanore, Nashik",Nashik,Un-Aided,Non-Autonomous,Savitribai Phule Pune University,Savitribai Phule Pune University,0526337210,Electronics And Telecommunication Engg,GNT1H,170413,29.5314685,Stage I,2025-26,1,897
05263,"Matoshri Education Soceity, Matoshri Institute Of Technology, Dhanore, Nashik",Nashik,Un-Aided,Non-Autonomous,Savitribai Phule Pune University,Savitribai Phule Pune University,0526337210,Electronics And Telecommunication Engg,GNT2H,165722,32.6791073,Stage I,2025-26,1,897
05263,"Matoshri Education Soceity, Matoshri Institute Of Technology, Dhanore, Nashik",Nashik,Un-Aided,Non-Autonomous,Savitribai Phule Pune University,Savitribai Phule Pune University,0526337210,Electronics And Telecommunication Engg,GOBCH,172510,28.8537986,Stage I,2025-26,1,897
05263,"Matoshri Education Soceity, Matoshri Institute Of Technology, Dhanore, Nashik",Nashik,Un-Aided,Non-Autonomous,Savitribai Phule Pune University,Savitribai Phule Pune University,0526337210,Electronics And Telecommunication Engg,LOPENH,155839,39.6653303,Stage I,2025-26,1,897
05263,"Matoshri Education Soceity, Matoshri Institute Of Technology, Dhanore, Nashik",Nashik,Un-Aided,Non-Autonomous,Savitribai Phule Pune University,Savitribai Phule Pune University,0526337210,Electronics And Telecommunication Engg,LOBCH,155034,39.902473,Stage I,2025-26,1,897
05263,"Matoshri Education Soceity, Matoshri Institute Of Technology, Dhanore, Nashik",Nashik,Un-Aided,Non-Autonomous,Savitribai Phule Pune University,Savitribai Phule Pune University,0526337210,Electronics And Telecommunication Engg,LSEBCH,141131,47.8905633,Stage I,2025-26,1,897
05263,"Matoshri Education Soceity, Matoshri Institute Of Technology, Dhanore, Nashik",Nashik,Un-Aided,Non-Autonomous,Savitribai Phule Pune University,Savitribai Phule Pune University,0526337210,Electronics And Telecommunication Engg,GSCH,146533,45.3566434,Stage I,2025-26,1,897
05263,"Matoshri Education Soceity, Matoshri Institute Of Technology, Dhanore, Nashik",Nashik,Un-Aided,Non-Autonomous,Savitribai Phule Pune University,Savitribai Phule Pune University,0526337210,Electronics And Telecommunication Engg,GSEBCH,176509,25.4741362,Stage I,2025-26,1,897
05263,"Matoshri Education Soceity, Matoshri Institute Of Technology, Dhanore, Nashik",Nashik,Un-Aided,Non-Autonomous,Savitribai Phule Pune University,Savitribai Phule Pune University,0526337210,Electronics And Telecommunication Engg,LSCH,193169,11.6988417,Stage I,2025-26,1,897
05263,"Matoshri Education Soceity, Matoshri Institute Of Technology, Dhanore, Nashik",Nashik,Un-Aided,Non-Autonomous,Savitribai Phule Pune University,Savitribai Phule Pune University,0526337210,Electronics And Telecommunication Engg,LVJH,166005,32.5553935,Stage I,2025-26,1,897
05263,"Matoshri Education Soceity, Matoshri Institute Of Technology, Dhanore, Nashik",Nashik,Un-Aided,Non-Autonomous,Savitribai Phule Pune University,Savitribai Phule Pune University,0526337210,Electronics And Telecommunication Engg,GOPENO,121446,58.2180677,Stage I,2025-26,1,897
05263,"Matoshri Education Soceity, Matoshri Institute Of Technology, Dhanore, Nashik",Nashik,Un-Aided,Non-Autonomous,Savitribai Phule Pune University,Savitribai Phule Pune University,0526337210,Electronics And Telecommunication Engg,GNT1O,158931,38.2479385,Stage I,2025-26,1,897
05263,"Matoshri Education Soceity, Matoshri Institute Of Technology, Dhanore, Nashik",Nashik,Un-Aided,Non-Autonomous,Savitribai Phule Pune University,Savitribai Phule Pune University,0526337210,Electronics And Telecommunication Engg,GOBCO,126514,55.6405756,Stage I,2025-26,1,897
05263,"Matoshri Education Soceity, Matoshri Institute Of Technology, Dhanore, Nashik",Nashik,Un-Aided,Non-Autonomous,Savitribai Phule Pune University,Savitribai Phule Pune University,0526337210,Electronics And Telecommunication Engg,GSEBCO,144587,46.6242967,Stage I,2025-26,1,897
05263,"Matoshri Education Soceity, Matoshri Institute Of Technology, Dhanore, Nashik",Nashik,Un-Aided,Non-Autonomous,Savitribai Phule Pune University,Savitribai Phule Pune University,0526337210,Electronics And Telecommunication Engg,LOPENO,141674,47.8015007,Stage I,2025-26,1,897
05263,"Matoshri Education Soceity, Matoshri Institute Of Technology, Dhanore, Nashik",Nashik,Un-Aided,Non-Autonomous,Savitribai Phule Pune University,Savitribai Phule Pune University,0526337210,Electronics And Telecommunication Engg,LSTO,176310,25.5643537,Stage I,2025-26,1,897
05263,"Matoshri Education Soceity, Matoshri Institute Of Technology, Dhanore, Nashik",Nashik,Un-Aided,Non-Autonomous,Savitribai Phule Pune University,Savitribai Phule Pune University,0526337210,Electronics And Telecommunication Engg,LOBCO,146980,45.2322221,Stage I,2025-26,1,897
05263,"Matoshri Education Soceity, Matoshri Institute Of Technology, Dhanore, Nashik",Nashik,Un-Aided,Non-Autonomous,Savitribai Phule Pune University,Savitribai Phule Pune University,0526337210,Electronics And Telecommunication Engg,LSEBCO,187376,16.860405,Stage II,2025-26,1,897
05263,"Matoshri Education Soceity, Matoshri Institute Of Technology, Dhanore, Nashik",Nashik,Un-Aided,Non-Autonomous,Savitribai Phule Pune University,Savitribai Phule Pune University,0526337210,Electronics And Telecommunication Engg,GNT3O,172257,28.9513426,Stage I,2025-26,1,897
05330,"Pune Vidyarthi Griha’S College Of Engineering & Shrikrushna S. Dhamankar Institute Of Management, Nashik",Nashik,Un-Aided,Non-Autonomous,Savitribai Phule Pune University,Savitribai Phule Pune University,0533024510,Computer Engineering,GOPENH,46003,86.3462208,Stage I,2025-26,1,903
05330,"Pune Vidyarthi Griha’S College Of Engineering & Shrikrushna S. Dhamankar Institute Of Management, Nashik",Nashik,Un-Aided,Non-Autonomous,Savitribai Phule Pune University,Savitribai Phule Pune University,0533024510,Computer Engineering,GSCH,112630,62.0615406,Stage I,2025-26,1,903
05330,"Pune Vidyarthi Griha’S College Of Engineering & Shrikrushna S. Dhamankar Institute Of Management, Nashik",Nashik,Un-Aided,Non-Autonomous,Savitribai Phule Pune University,Savitribai Phule Pune University,0533024510,Computer Engineering,GSTH,181558,22.0346747,Stage I,2025-26,1,903
05330,"Pune Vidyarthi Griha’S College Of Engineering & Shrikrushna S. Dhamankar Institute Of Management, Nashik",Nashik,Un-Aided,Non-Autonomous,Savitribai Phule Pune University,Savitribai Phule Pune University,0533024510,Computer Engineering,GVJH,108664,63.6512871,Stage I,2025-26,1,903
05330,"Pune Vidyarthi Griha’S College Of Engineering & Shrikrushna S. Dhamankar Institute Of Management, Nashik",Nashik,Un-Aided,Non-Autonomous,Savitribai Phule Pune University,Savitribai Phule Pune University,0533024510,Computer Engineering,GNT1H,50535,84.8811189,Stage I,2025-26,1,903
05330,"Pune Vidyarthi Griha’S College Of Engineering & Shrikrushna S. Dhamankar Institute Of Management, Nashik",Nashik,Un-Aided,Non-Autonomous,Savitribai Phule Pune University,Savitribai Phule Pune University,0533024510,Computer Engineering,GNT2H,64511,80.3575863,Stage I,2025-26,1,903
05330,"Pune Vidyarthi Griha’S College Of Engineering & Shrikrushna S. Dhamankar Institute Of Management, Nashik",Nashik,Un-Aided,Non-Autonomous,Savitribai Phule Pune University,Savitribai Phule Pune University,0533024510,Computer Engineering,GNT3H,50411,84.8811189,Stage I,2025-26,1,903
05330,"Pune Vidyarthi Griha’S College Of Engineering & Shrikrushna S. Dhamankar Institute Of Management, Nashik",Nashik,Un-Aided,Non-Autonomous,Savitribai Phule Pune University,Savitribai Phule Pune University,0533024510,Computer Engineering,GOBCH,56539,82.8811189,Stage I,2025-26,1,903
05330,"Pune Vidyarthi Griha’S College Of Engineering & Shrikrushna S. Dhamankar Institute Of Management, Nashik",Nashik,Un-Aided,Non-Autonomous,Savitribai Phule Pune University,Savitribai Phule Pune University,0533024510,Computer Engineering,GSEBCH,72002,78.010417,Stage I,2025-26,1,903
05330,"Pune Vidyarthi Griha’S College Of Engineering & Shrikrushna S. Dhamankar Institute Of Management, Nashik",Nashik,Un-Aided,Non-Autonomous,Savitribai Phule Pune University,Savitribai Phule Pune University,0533024510,Computer Engineering,LOPENH,45678,86.4120225,Stage I,2025-26,1,903
05330,"Pune Vidyarthi Griha’S College Of Engineering & Shrikrushna S. Dhamankar Institute Of Management, Nashik",Nashik,Un-Aided,Non-Autonomous,Savitribai Phule Pune University,Savitribai Phule Pune University,0533024510,Computer Engineering,LSCH,106551,64.713186,Stage I,2025-26,1,903
05330,"Pune Vidyarthi Griha’S College Of Engineering & Shrikrushna S. Dhamankar Institute Of Management, Nashik",Nashik,Un-Aided,Non-Autonomous,Savitribai Phule Pune University,Savitribai Phule Pune University,0533024510,Computer Engineering,LSTH,121150,58.2180677,Stage I,2025-26,1,903
05330,"Pune Vidyarthi Griha’S College Of Engineering & Shrikrushna S. Dhamankar Institute Of Management, Nashik",Nashik,Un-Aided,Non-Autonomous,Savitribai Phule Pune University,Savitribai Phule Pune University,0533024510,Computer Engineering,LVJH,138431,49.6043895,Stage I,2025-26,1,903
05330,"Pune Vidyarthi Griha’S College Of Engineering & Shrikrushna S. Dhamankar Institute Of Management, Nashik",Nashik,Un-Aided,Non-Autonomous,Savitribai Phule Pune University,Savitribai Phule Pune University,0533024510,Computer Engineering,LOBCH,52208,84.3296195,Stage I,2025-26,1,903
05330,"Pune Vidyarthi Griha’S College Of Engineering & Shrikrushna S. Dhamankar Institute Of Management, Nashik",Nashik,Un-Aided,Non-Autonomous,Savitribai Phule Pune University,Savitribai Phule Pune University,0533024510,Computer Engineering,LSEBCH,60844,81.6328671,Stage I,2025-26,1,903
05330,"Pune Vidyarthi Griha’S College Of Engineering & Shrikrushna S. Dhamankar Institute Of Management, Nashik",Nashik,Un-Aided,Non-Autonomous,Savitribai Phule Pune University,Savitribai Phule Pune University,0533024510,Computer Engineering,GOPENO,20004,94.2050981,Stage I,2025-26,1,903
05330,"Pune Vidyarthi Griha’S College Of Engineering & Shrikrushna S. Dhamankar Institute Of Management, Nashik",Nashik,Un-Aided,Non-Autonomous,Savitribai Phule Pune University,Savitribai Phule Pune University,0533024510,Computer Engineering,GSCO,46870,85.9646097,Stage I,2025-26,1,903
05330,"Pune Vidyarthi Griha’S College Of Engineering & Shrikrushna S. Dhamankar Institute Of Management, Nashik",Nashik,Un-Aided,Non-Autonomous,Savitribai Phule Pune University,Savitribai Phule Pune University,0533024510,Computer Engineering,GNT1O,39208,88.4967904,Stage I,2025-26,1,903
05330,"Pune Vidyarthi Griha’S College Of Engineering & Shrikrushna S. Dhamankar Institute Of Management, Nashik",Nashik,Un-Aided,Non-Autonomous,Savitribai Phule Pune University,Savitribai Phule Pune University,0533024510,Computer Engineering,GOBCO,25523,92.5540912,Stage I,2025-26,1,903
05330,"Pune Vidyarthi Griha’S College Of Engineering & Shrikrushna S. Dhamankar Institute Of Management, Nashik",Nashik,Un-Aided,Non-Autonomous,Savitribai Phule Pune University,Savitribai Phule Pune University,0533024510,Computer Engineering,GSEBCO,32358,90.5015276,Stage I,2025-26,1,903
05330,"Pune Vidyarthi Griha’S College Of Engineering & Shrikrushna S. Dhamankar Institute Of Management, Nashik",Nashik,Un-Aided,Non-Autonomous,Savitribai Phule Pune University,Savitribai Phule Pune University,0533024510,Computer Engineering,LOPENO,25459,92.5745163,Stage I,2025-26,1,903
05330,"Pune Vidyarthi Griha’S College Of Engineering & Shrikrushna S. Dhamankar Institute Of Management, Nashik",Nashik,Un-Aided,Non-Autonomous,Savitribai Phule Pune University,Savitribai Phule Pune University,0533024510,Computer Engineering,LSCO,56076,83.1060395,Stage I,2025-26,1,903
05330,"Pune Vidyarthi Griha’S College Of Engineering & Shrikrushna S. Dhamankar Institute Of Management, Nashik",Nashik,Un-Aided,Non-Autonomous,Savitribai Phule Pune University,Savitribai Phule Pune University,0533024510,Computer Engineering,LVJO,67771,79.4832155,Stage I,2025-26,1,903
05330,"Pune Vidyarthi Griha’S College Of Engineering & Shrikrushna S. Dhamankar Institute Of Management, Nashik",Nashik,Un-Aided,Non-Autonomous,Savitribai Phule Pune University,Savitribai Phule Pune University,0533024510,Computer Engineering,LNT2O,77896,75.6075065,Stage I,2025-26,1,903
05330,"Pune Vidyarthi Griha’S College Of Engineering & Shrikrushna S. Dhamankar Institute Of Management, Nashik",Nashik,Un-Aided,Non-Autonomous,Savitribai Phule Pune University,Savitribai Phule Pune University,0533024510,Computer Engineering,LNT3O,95072,69.3295893,Stage I,2025-26,1,903
05330,"Pune Vidyarthi Griha’S College Of Engineering & Shrikrushna S. Dhamankar Institute Of Management, Nashik",Nashik,Un-Aided,Non-Autonomous,Savitribai Phule Pune University,Savitribai Phule Pune University,0533024510,Computer Engineering,LOBCO,26197,92.3780367,Stage I,2025-26,1,903
05330,"Pune Vidyarthi Griha’S College Of Engineering & Shrikrushna S. Dhamankar Institute Of Management, Nashik",Nashik,Un-Aided,Non-Autonomous,Savitribai Phule Pune University,Savitribai Phule Pune University,0533024510,Computer Engineering,LSEBCO,51388,84.621564,Stage I,2025-26,1,903
05330,"Pune Vidyarthi Griha’S College Of Engineering & Shrikrushna S. Dhamankar Institute Of Management, Nashik",Nashik,Un-Aided,Non-Autonomous,Savitribai Phule Pune University,Savitribai Phule Pune University,0533024510,Computer Engineering,GSTO,189116,15.4704064,Stage I,2025-26,1,903
05330,"Pune Vidyarthi Griha’S College Of Engineering & Shrikrushna S. Dhamankar Institute Of Management, Nashik",Nashik,Un-Aided,Non-Autonomous,Savitribai Phule Pune University,Savitribai Phule Pune University,0533024510,Computer Engineering,LSTO,146089,45.8266058,Stage I,2025-26,1,903
05330,"Pune Vidyarthi Griha’S College Of Engineering & Shrikrushna S. Dhamankar Institute Of Management, Nashik",Nashik,Un-Aided,Non-Autonomous,Savitribai Phule Pune University,Savitribai Phule Pune University,0533024510,Computer Engineering,DEFOPENS,71050,78.3357644,Stage I,2025-26,1,903
05330,"Pune Vidyarthi Griha’S College Of Engineering & Shrikrushna S. Dhamankar Institute Of Management, Nashik",Nashik,Un-Aided,Non-Autonomous,Savitribai Phule Pune University,Savitribai Phule Pune University,0533024510,Computer Engineering,DEFSCS,157018,39.3344201,Stage I,2025-26,1,903
05330,"Pune Vidyarthi Griha’S College Of Engineering & Shrikrushna S. Dhamankar Institute Of Management, Nashik",Nashik,Un-Aided,Non-Autonomous,Savitribai Phule Pune University,Savitribai Phule Pune University,0533024510,Computer Engineering,DEFOBCS,28561,91.6927138,Stage I,2025-26,1,903
05330,"Pune Vidyarthi Griha’S College Of Engineering & Shrikrushna S. Dhamankar Institute Of Management, Nashik",Nashik,Un-Aided,Non-Autonomous,Savitribai Phule Pune University,Savitribai Phule Pune University,0533024510,Computer Engineering,TFWS,28087,91.7521019,Stage I,2025-26,1,903
05330,"Pune Vidyarthi Griha’S College Of Engineering & Shrikrushna S. Dhamankar Institute Of Management, Nashik",Nashik,Un-Aided,Non-Autonomous,Savitribai Phule Pune University,Savitribai Phule Pune University,0533024510,Computer Engineering,EWS,123060,57.4376852,Stage I,2025-26,1,903
05330,"Pune Vidyarthi Griha’S College Of Engineering & Shrikrushna S. Dhamankar Institute Of Management, Nashik",Nashik,Un-Aided,Non-Autonomous,Savitribai Phule Pune University,Savitribai Phule Pune University,0533024610,Information Technology,GOPENH,70419,78.4342571,Stage I,2025-26,1,904
05330,"Pune Vidyarthi Griha’S College Of Engineering & Shrikrushna S. Dhamankar Institute Of Management, Nashik",Nashik,Un-Aided,Non-Autonomous,Savitribai Phule Pune University,Savitribai Phule Pune University,0533024610,Information Technology,GSCH,131796,53.2657343,Stage I,2025-26,1,904
05330,"Pune Vidyarthi Griha’S College Of Engineering & Shrikrushna S. Dhamankar Institute Of Management, Nashik",Nashik,Un-Aided,Non-Autonomous,Savitribai Phule Pune University,Savitribai Phule Pune University,0533024610,Information Technology,GSTH,197943,7.1465923,Stage I,2025-26,1,904
05330,"Pune Vidyarthi Griha’S College Of Engineering & Shrikrushna S. Dhamankar Institute Of Management, Nashik",Nashik,Un-Aided,Non-Autonomous,Savitribai Phule Pune University,Savitribai Phule Pune University,0533024610,Information Technology,GVJH,176217,25.7272727,Stage I,2025-26,1,904
05330,"Pune Vidyarthi Griha’S College Of Engineering & Shrikrushna S. Dhamankar Institute Of Management, Nashik",Nashik,Un-Aided,Non-Autonomous,Savitribai Phule Pune University,Savitribai Phule Pune University,0533024610,Information Technology,GNT1H,110567,63.200058,Stage I,2025-26,1,904
05330,"Pune Vidyarthi Griha’S College Of Engineering & Shrikrushna S. Dhamankar Institute Of Management, Nashik",Nashik,Un-Aided,Non-Autonomous,Savitribai Phule Pune University,Savitribai Phule Pune University,0533024610,Information Technology,GNT2H,90393,71.4755245,Stage I,2025-26,1,904
05330,"Pune Vidyarthi Griha’S College Of Engineering & Shrikrushna S. Dhamankar Institute Of Management, Nashik",Nashik,Un-Aided,Non-Autonomous,Savitribai Phule Pune University,Savitribai Phule Pune University,0533024610,Information Technology,GNT3H,80846,74.9785452,Stage I,2025-26,1,904
05330,"Pune Vidyarthi Griha’S College Of Engineering & Shrikrushna S. Dhamankar Institute Of Management, Nashik",Nashik,Un-Aided,Non-Autonomous,Savitribai Phule Pune University,Savitribai Phule Pune University,0533024610,Information Technology,GOBCH,74625,76.9213781,Stage I,2025-26,1,904
05330,"Pune Vidyarthi Griha’S College Of Engineering & Shrikrushna S. Dhamankar Institute Of Management, Nashik",Nashik,Un-Aided,Non-Autonomous,Savitribai Phule Pune University,Savitribai Phule Pune University,0533024610,Information Technology,GSEBCH,118583,59.2797111,Stage I,2025-26,1,904
05330,"Pune Vidyarthi Griha’S College Of Engineering & Shrikrushna S. Dhamankar Institute Of Management, Nashik",Nashik,Un-Aided,Non-Autonomous,Savitribai Phule Pune University,Savitribai Phule Pune University,0533024610,Information Technology,LOPENH,67691,79.4832155,Stage I,2025-26,1,904
05330,"Pune Vidyarthi Griha’S College Of Engineering & Shrikrushna S. Dhamankar Institute Of Management, Nashik",Nashik,Un-Aided,Non-Autonomous,Savitribai Phule Pune University,Savitribai Phule Pune University,0533024610,Information Technology,LSCH,110839,63.200058,Stage I,2025-26,1,904
05330,"Pune Vidyarthi Griha’S College Of Engineering & Shrikrushna S. Dhamankar Institute Of Management, Nashik",Nashik,Un-Aided,Non-Autonomous,Savitribai Phule Pune University,Savitribai Phule Pune University,0533024610,Information Technology,LNT1H,120504,58.6907687,Stage I,2025-26,1,904
05330,"Pune Vidyarthi Griha’S College Of Engineering & Shrikrushna S. Dhamankar Institute Of Management, Nashik",Nashik,Un-Aided,Non-Autonomous,Savitribai Phule Pune University,Savitribai Phule Pune University,0533024610,Information Technology,LNT2H,83525,73.6328536,Stage I,2025-26,1,904
05330,"Pune Vidyarthi Griha’S College Of Engineering & Shrikrushna S. Dhamankar Institute Of Management, Nashik",Nashik,Un-Aided,Non-Autonomous,Savitribai Phule Pune University,Savitribai Phule Pune University,0533024610,Information Technology,LOBCH,69015,78.6729363,Stage I,2025-26,1,904
05330,"Pune Vidyarthi Griha’S College Of Engineering & Shrikrushna S. Dhamankar Institute Of Management, Nashik",Nashik,Un-Aided,Non-Autonomous,Savitribai Phule Pune University,Savitribai Phule Pune University,0533024610,Information Technology,LSEBCH,101200,66.9498069,Stage I,2025-26,1,904
05330,"Pune Vidyarthi Griha’S College Of Engineering & Shrikrushna S. Dhamankar Institute Of Management, Nashik",Nashik,Un-Aided,Non-Autonomous,Savitribai Phule Pune University,Savitribai Phule Pune University,0533024610,Information Technology,LVJH,97977,68.3753318,Stage I,2025-26,1,904
05330,"Pune Vidyarthi Griha’S College Of Engineering & Shrikrushna S. Dhamankar Institute Of Management, Nashik",Nashik,Un-Aided,Non-Autonomous,Savitribai Phule Pune University,Savitribai Phule Pune University,0533024610,Information Technology,GOPENO,36050,89.3412389,Stage I,2025-26,1,904
05330,"Pune Vidyarthi Griha’S College Of Engineering & Shrikrushna S. Dhamankar Institute Of Management, Nashik",Nashik,Un-Aided,Non-Autonomous,Savitribai Phule Pune University,Savitribai Phule Pune University,0533024610,Information Technology,GSCO,64914,80.0,Stage I,2025-26,1,904
05330,"Pune Vidyarthi Griha’S College Of Engineering & Shrikrushna S. Dhamankar Institute Of Management, Nashik",Nashik,Un-Aided,Non-Autonomous,Savitribai Phule Pune University,Savitribai Phule Pune University,0533024610,Information Technology,GVJO,77230,75.8001957,Stage I,2025-26,1,904
05330,"Pune Vidyarthi Griha’S College Of Engineering & Shrikrushna S. Dhamankar Institute Of Management, Nashik",Nashik,Un-Aided,Non-Autonomous,Savitribai Phule Pune University,Savitribai Phule Pune University,0533024610,Information Technology,GNT2O,64431,80.3575863,Stage I,2025-26,1,904
05330,"Pune Vidyarthi Griha’S College Of Engineering & Shrikrushna S. Dhamankar Institute Of Management, Nashik",Nashik,Un-Aided,Non-Autonomous,Savitribai Phule Pune University,Savitribai Phule Pune University,0533024610,Information Technology,GNT3O,56209,83.0707711,Stage I,2025-26,1,904
05330,"Pune Vidyarthi Griha’S College Of Engineering & Shrikrushna S. Dhamankar Institute Of Management, Nashik",Nashik,Un-Aided,Non-Autonomous,Savitribai Phule Pune University,Savitribai Phule Pune University,0533024610,Information Technology,GOBCO,40109,88.0840044,Stage I,2025-26,1,904
05330,"Pune Vidyarthi Griha’S College Of Engineering & Shrikrushna S. Dhamankar Institute Of Management, Nashik",Nashik,Un-Aided,Non-Autonomous,Savitribai Phule Pune University,Savitribai Phule Pune University,0533024610,Information Technology,GSEBCO,43276,87.1431548,Stage I,2025-26,1,904
05330,"Pune Vidyarthi Griha’S College Of Engineering & Shrikrushna S. Dhamankar Institute Of Management, Nashik",Nashik,Un-Aided,Non-Autonomous,Savitribai Phule Pune University,Savitribai Phule Pune University,0533024610,Information Technology,LOPENO,32094,90.6221224,Stage I,2025-26,1,904
05330,"Pune Vidyarthi Griha’S College Of Engineering & Shrikrushna S. Dhamankar Institute Of Management, Nashik",Nashik,Un-Aided,Non-Autonomous,Savitribai Phule Pune University,Savitribai Phule Pune University,0533024610,Information Technology,LSCO,90694,71.173087,Stage I,2025-26,1,904
05330,"Pune Vidyarthi Griha’S College Of Engineering & Shrikrushna S. Dhamankar Institute Of Management, Nashik",Nashik,Un-Aided,Non-Autonomous,Savitribai Phule Pune University,Savitribai Phule Pune University,0533024610,Information Technology,LOBCO,57716,82.5532062,Stage I,2025-26,1,904
05330,"Pune Vidyarthi Griha’S College Of Engineering & Shrikrushna S. Dhamankar Institute Of Management, Nashik",Nashik,Un-Aided,Non-Autonomous,Savitribai Phule Pune University,Savitribai Phule Pune University,0533024610,Information Technology,DEFOPENS,95386,69.3295893,Stage I,2025-26,1,904
05330,"Pune Vidyarthi Griha’S College Of Engineering & Shrikrushna S. Dhamankar Institute Of Management, Nashik",Nashik,Un-Aided,Non-Autonomous,Savitribai Phule Pune University,Savitribai Phule Pune University,0533024610,Information Technology,DEFOBCS,122349,57.6249683,Stage I,2025-26,1,904
05330,"Pune Vidyarthi Griha’S College Of Engineering & Shrikrushna S. Dhamankar Institute Of Management, Nashik",Nashik,Un-Aided,Non-Autonomous,Savitribai Phule Pune University,Savitribai Phule Pune University,0533024610,Information Technology,TFWS,52411,84.3018999,Stage I,2025-26,1,904
05330,"Pune Vidyarthi Griha’S College Of Engineering & Shrikrushna S. Dhamankar Institute Of Management, Nashik",Nashik,Un-Aided,Non-Autonomous,Savitribai Phule Pune University,Savitribai Phule Pune University,0533024610,Information Technology,EWS,172897,28.4151863,Stage I,2025-26,1,904
05330,"Pune Vidyarthi Griha’S College Of Engineering & Shrikrushna S. Dhamankar Institute Of Management, Nashik",Nashik,Un-Aided,Non-Autonomous,Savitribai Phule Pune University,Savitribai Phule Pune University,0533037210,Electronics And Telecommunication Engg,GOPENH,74506,76.9322569,Stage I,2025-26,1,905
05330,"Pune Vidyarthi Griha’S College Of Engineering & Shrikrushna S. Dhamankar Institute Of Management, Nashik",Nashik,Un-Aided,Non-Autonomous,Savitribai Phule Pune University,Savitribai Phule Pune University,0533037210,Electronics And Telecommunication Engg,GSCH,149798,43.4652257,Stage I,2025-26,1,905
05330,"Pune Vidyarthi Griha’S College Of Engineering & Shrikrushna S. Dhamankar Institute Of Management, Nashik",Nashik,Un-Aided,Non-Autonomous,Savitribai Phule Pune University,Savitribai Phule Pune University,0533037210,Electronics And Telecommunication Engg,GSTH,197502,7.4355245,Stage I,2025-26,1,905
05330,"Pune Vidyarthi Griha’S College Of Engineering & Shrikrushna S. Dhamankar Institute Of Management, Nashik",Nashik,Un-Aided,Non-Autonomous,Savitribai Phule Pune University,Savitribai Phule Pune University,0533037210,Electronics And Telecommunication Engg,GVJH,186388,17.8544822,Stage I,2025-26,1,905
05330,"Pune Vidyarthi Griha’S College Of Engineering & Shrikrushna S. Dhamankar Institute Of Management, Nashik",Nashik,Un-Aided,Non-Autonomous,Savitribai Phule Pune University,Savitribai Phule Pune University,0533037210,Electronics And Telecommunication Engg,GNT2H,105735,65.3084343,Stage I,2025-26,1,905
05330,"Pune Vidyarthi Griha’S College Of Engineering & Shrikrushna S. Dhamankar Institute Of Management, Nashik",Nashik,Un-Aided,Non-Autonomous,Savitribai Phule Pune University,Savitribai Phule Pune University,0533037210,Electronics And Telecommunication Engg,GOBCH,87115,72.3760958,Stage I,2025-26,1,905
05330,"Pune Vidyarthi Griha’S College Of Engineering & Shrikrushna S. Dhamankar Institute Of Management, Nashik",Nashik,Un-Aided,Non-Autonomous,Savitribai Phule Pune University,Savitribai Phule Pune University,0533037210,Electronics And Telecommunication Engg,GSEBCH,136669,50.5909012,Stage I,2025-26,1,905
05330,"Pune Vidyarthi Griha’S College Of Engineering & Shrikrushna S. Dhamankar Institute Of Management, Nashik",Nashik,Un-Aided,Non-Autonomous,Savitribai Phule Pune University,Savitribai Phule Pune University,0533037210,Electronics And Telecommunication Engg,LOPENH,81223,74.6802716,Stage I,2025-26,1,905
05330,"Pune Vidyarthi Griha’S College Of Engineering & Shrikrushna S. Dhamankar Institute Of Management, Nashik",Nashik,Un-Aided,Non-Autonomous,Savitribai Phule Pune University,Savitribai Phule Pune University,0533037210,Electronics And Telecommunication Engg,LSCH,155872,39.6653303,Stage I,2025-26,1,905
05330,"Pune Vidyarthi Griha’S College Of Engineering & Shrikrushna S. Dhamankar Institute Of Management, Nashik",Nashik,Un-Aided,Non-Autonomous,Savitribai Phule Pune University,Savitribai Phule Pune University,0533037210,Electronics And Telecommunication Engg,LSTH,149945,43.4652257,Stage I,2025-26,1,905
05330,"Pune Vidyarthi Griha’S College Of Engineering & Shrikrushna S. Dhamankar Institute Of Management, Nashik",Nashik,Un-Aided,Non-Autonomous,Savitribai Phule Pune University,Savitribai Phule Pune University,0533037210,Electronics And Telecommunication Engg,LNT3H,93876,69.8941051,Stage I,2025-26,1,905
05330,"Pune Vidyarthi Griha’S College Of Engineering & Shrikrushna S. Dhamankar Institute Of Management, Nashik",Nashik,Un-Aided,Non-Autonomous,Savitribai Phule Pune University,Savitribai Phule Pune University,0533037210,Electronics And Telecommunication Engg,LOBCH,82415,74.0094972,Stage I,2025-26,1,905
05330,"Pune Vidyarthi Griha’S College Of Engineering & Shrikrushna S. Dhamankar Institute Of Management, Nashik",Nashik,Un-Aided,Non-Autonomous,Savitribai Phule Pune University,Savitribai Phule Pune University,0533037210,Electronics And Telecommunication Engg,LSEBCH,84484,73.4722277,Stage I,2025-26,1,905
05330,"Pune Vidyarthi Griha’S College Of Engineering & Shrikrushna S. Dhamankar Institute Of Management, Nashik",Nashik,Un-Aided,Non-Autonomous,Savitribai Phule Pune University,Savitribai Phule Pune University,0533037210,Electronics And Telecommunication Engg,GOPENO,36902,89.1476381,Stage I,2025-26,1,905
05330,"Pune Vidyarthi Griha’S College Of Engineering & Shrikrushna S. Dhamankar Institute Of Management, Nashik",Nashik,Un-Aided,Non-Autonomous,Savitribai Phule Pune University,Savitribai Phule Pune University,0533037210,Electronics And Telecommunication Engg,GSCO,112893,62.0615406,Stage I,2025-26,1,905
05330,"Pune Vidyarthi Griha’S College Of Engineering & Shrikrushna S. Dhamankar Institute Of Management, Nashik",Nashik,Un-Aided,Non-Autonomous,Savitribai Phule Pune University,Savitribai Phule Pune University,0533037210,Electronics And Telecommunication Engg,GNT1O,58098,82.3938224,Stage I,2025-26,1,905
05330,"Pune Vidyarthi Griha’S College Of Engineering & Shrikrushna S. Dhamankar Institute Of Management, Nashik",Nashik,Un-Aided,Non-Autonomous,Savitribai Phule Pune University,Savitribai Phule Pune University,0533037210,Electronics And Telecommunication Engg,GNT2O,85058,73.2612864,Stage I,2025-26,1,905
05330,"Pune Vidyarthi Griha’S College Of Engineering & Shrikrushna S. Dhamankar Institute Of Management, Nashik",Nashik,Un-Aided,Non-Autonomous,Savitribai Phule Pune University,Savitribai Phule Pune University,0533037210,Electronics And Telecommunication Engg,GOBCO,42402,87.4115391,Stage I,2025-26,1,905
05330,"Pune Vidyarthi Griha’S College Of Engineering & Shrikrushna S. Dhamankar Institute Of Management, Nashik",Nashik,Un-Aided,Non-Autonomous,Savitribai Phule Pune University,Savitribai Phule Pune University,0533037210,Electronics And Telecommunication Engg,GSEBCO,72674,77.5384615,Stage I,2025-26,1,905
05330,"Pune Vidyarthi Griha’S College Of Engineering & Shrikrushna S. Dhamankar Institute Of Management, Nashik",Nashik,Un-Aided,Non-Autonomous,Savitribai Phule Pune University,Savitribai Phule Pune University,0533037210,Electronics And Telecommunication Engg,LOPENO,21004,93.8935512,Stage I,2025-26,1,905
05330,"Pune Vidyarthi Griha’S College Of Engineering & Shrikrushna S. Dhamankar Institute Of Management, Nashik",Nashik,Un-Aided,Non-Autonomous,Savitribai Phule Pune University,Savitribai Phule Pune University,0533037210,Electronics And Telecommunication Engg,LSEBCO,77440,75.6538462,Stage I,2025-26,1,905
05330,"Pune Vidyarthi Griha’S College Of Engineering & Shrikrushna S. Dhamankar Institute Of Management, Nashik",Nashik,Un-Aided,Non-Autonomous,Savitribai Phule Pune University,Savitribai Phule Pune University,0533037210,Electronics And Telecommunication Engg,TFWS,44253,86.7202099,Stage I,2025-26,1,905
05330,"Pune Vidyarthi Griha’S College Of Engineering & Shrikrushna S. Dhamankar Institute Of Management, Nashik",Nashik,Un-Aided,Non-Autonomous,Savitribai Phule Pune University,Savitribai Phule Pune University,0533037210,Electronics And Telecommunication Engg,EWS,32342,90.5015276,Stage I,2025-26,1,905
05330,"Pune Vidyarthi Griha’S College Of Engineering & Shrikrushna S. Dhamankar Institute Of Management, Nashik",Nashik,Un-Aided,Non-Autonomous,Savitribai Phule Pune University,Savitribai Phule Pune University,0533061210,Mechanical Engineering,GOPENH,109671,63.3986014,Stage I,2025-26,1,906
05330,"Pune Vidyarthi Griha’S College Of Engineering & Shrikrushna S. Dhamankar Institute Of Management, Nashik",Nashik,Un-Aided,Non-Autonomous,Savitribai Phule Pune University,Savitribai Phule Pune University,0533061210,Mechanical Engineering,GSCH,184477,19.2944893,Stage I,2025-26,1,906
05330,"Pune Vidyarthi Griha’S College Of Engineering & Shrikrushna S. Dhamankar Institute Of Management, Nashik",Nashik,Un-Aided,Non-Autonomous,Savitribai Phule Pune University,Savitribai Phule Pune University,0533061210,Mechanical Engineering,GSTH,193396,11.5879038,Stage I,2025-26,1,906
05330,"Pune Vidyarthi Griha’S College Of Engineering & Shrikrushna S. Dhamankar Institute Of Management, Nashik",Nashik,Un-Aided,Non-Autonomous,Savitribai Phule Pune University,Savitribai Phule Pune University,0533061210,Mechanical Engineering,GNT1H,155947,39.6653303,Stage I,2025-26,1,906
05330,"Pune Vidyarthi Griha’S College Of Engineering & Shrikrushna S. Dhamankar Institute Of Management, Nashik",Nashik,Un-Aided,Non-Autonomous,Savitribai Phule Pune University,Savitribai Phule Pune University,0533061210,Mechanical Engineering,GNT2H,154366,40.0936536,Stage I,2025-26,1,906
05330,"Pune Vidyarthi Griha’S College Of Engineering & Shrikrushna S. Dhamankar Institute Of Management, Nashik",Nashik,Un-Aided,Non-Autonomous,Savitribai Phule Pune University,Savitribai Phule Pune University,0533061210,Mechanical Engineering,GNT3H,122891,57.4376852,Stage I,2025-26,1,906
05330,"Pune Vidyarthi Griha’S College Of Engineering & Shrikrushna S. Dhamankar Institute Of Management, Nashik",Nashik,Un-Aided,Non-Autonomous,Savitribai Phule Pune University,Savitribai Phule Pune University,0533061210,Mechanical Engineering,GOBCH,119650,58.8994542,Stage I,2025-26,1,906
05330,"Pune Vidyarthi Griha’S College Of Engineering & Shrikrushna S. Dhamankar Institute Of Management, Nashik",Nashik,Un-Aided,Non-Autonomous,Savitribai Phule Pune University,Savitribai Phule Pune University,0533061210,Mechanical Engineering,GSEBCH,166955,32.4837011,Stage I,2025-26,1,906
05330,"Pune Vidyarthi Griha’S College Of Engineering & Shrikrushna S. Dhamankar Institute Of Management, Nashik",Nashik,Un-Aided,Non-Autonomous,Savitribai Phule Pune University,Savitribai Phule Pune University,0533061210,Mechanical Engineering,LOPENH,121719,57.8195751,Stage I,2025-26,1,906
05330,"Pune Vidyarthi Griha’S College Of Engineering & Shrikrushna S. Dhamankar Institute Of Management, Nashik",Nashik,Un-Aided,Non-Autonomous,Savitribai Phule Pune University,Savitribai Phule Pune University,0533061210,Mechanical Engineering,LNT2H,174040,28.2789485,Stage I,2025-26,1,906
05330,"Pune Vidyarthi Griha’S College Of Engineering & Shrikrushna S. Dhamankar Institute Of Management, Nashik",Nashik,Un-Aided,Non-Autonomous,Savitribai Phule Pune University,Savitribai Phule Pune University,0533061210,Mechanical Engineering,LOBCH,124356,56.8426573,Stage I,2025-26,1,906
05330,"Pune Vidyarthi Griha’S College Of Engineering & Shrikrushna S. Dhamankar Institute Of Management, Nashik",Nashik,Un-Aided,Non-Autonomous,Savitribai Phule Pune University,Savitribai Phule Pune University,0533061210,Mechanical Engineering,LSCH,188206,16.1743072,Stage II,2025-26,1,906
05330,"Pune Vidyarthi Griha’S College Of Engineering & Shrikrushna S. Dhamankar Institute Of Management, Nashik",Nashik,Un-Aided,Non-Autonomous,Savitribai Phule Pune University,Savitribai Phule Pune University,0533061210,Mechanical Engineering,LSEBCH,198585,6.3882064,Stage II,2025-26,1,906
05330,"Pune Vidyarthi Griha’S College Of Engineering & Shrikrushna S. Dhamankar Institute Of Management, Nashik",Nashik,Un-Aided,Non-Autonomous,Savitribai Phule Pune University,Savitribai Phule Pune University,0533061210,Mechanical Engineering,GOPENO,92824,70.5005064,Stage I,2025-26,1,906
05330,"Pune Vidyarthi Griha’S College Of Engineering & Shrikrushna S. Dhamankar Institute Of Management, Nashik",Nashik,Un-Aided,Non-Autonomous,Savitribai Phule Pune University,Savitribai Phule Pune University,0533061210,Mechanical Engineering,GSCO,127289,55.2744499,Stage I,2025-26,1,906
05330,"Pune Vidyarthi Griha’S College Of Engineering & Shrikrushna S. Dhamankar Institute Of Management, Nashik",Nashik,Un-Aided,Non-Autonomous,Savitribai Phule Pune University,Savitribai Phule Pune University,0533061210,Mechanical Engineering,GVJO,187516,16.6909773,Stage I,2025-26,1,906
05330,"Pune Vidyarthi Griha’S College Of Engineering & Shrikrushna S. Dhamankar Institute Of Management, Nashik",Nashik,Un-Aided,Non-Autonomous,Savitribai Phule Pune University,Savitribai Phule Pune University,0533061210,Mechanical Engineering,GOBCO,109544,63.4714222,Stage I,2025-26,1,906
05330,"Pune Vidyarthi Griha’S College Of Engineering & Shrikrushna S. Dhamankar Institute Of Management, Nashik",Nashik,Un-Aided,Non-Autonomous,Savitribai Phule Pune University,Savitribai Phule Pune University,0533061210,Mechanical Engineering,GSEBCO,151919,42.6339209,Stage I,2025-26,1,906
05330,"Pune Vidyarthi Griha’S College Of Engineering & Shrikrushna S. Dhamankar Institute Of Management, Nashik",Nashik,Un-Aided,Non-Autonomous,Savitribai Phule Pune University,Savitribai Phule Pune University,0533061210,Mechanical Engineering,LOPENO,103561,65.8992965,Stage I,2025-26,1,906
05330,"Pune Vidyarthi Griha’S College Of Engineering & Shrikrushna S. Dhamankar Institute Of Management, Nashik",Nashik,Un-Aided,Non-Autonomous,Savitribai Phule Pune University,Savitribai Phule Pune University,0533061210,Mechanical Engineering,LOBCO,114509,61.1295449,Stage I,2025-26,1,906
05330,"Pune Vidyarthi Griha’S College Of Engineering & Shrikrushna S. Dhamankar Institute Of Management, Nashik",Nashik,Un-Aided,Non-Autonomous,Savitribai Phule Pune University,Savitribai Phule Pune University,0533061210,Mechanical Engineering,LSCO,156427,39.5742169,Stage II,2025-26,1,906
05330,"Pune Vidyarthi Griha’S College Of Engineering & Shrikrushna S. Dhamankar Institute Of Management, Nashik",Nashik,Un-Aided,Non-Autonomous,Savitribai Phule Pune University,Savitribai Phule Pune University,0533061210,Mechanical Engineering,TFWS,107459,64.3453843,Stage I,2025-26,1,906
05330,"Pune Vidyarthi Griha’S College Of Engineering & Shrikrushna S. Dhamankar Institute Of Management, Nashik",Nashik,Un-Aided,Non-Autonomous,Savitribai Phule Pune University,Savitribai Phule Pune University,0533061210,Mechanical Engineering,EWS,181599,22.0346747,Stage I,2025-26,1,906
05330,"Pune Vidyarthi Griha’S College Of Engineering & Shrikrushna S. Dhamankar Institute Of Management, Nashik",Nashik,Un-Aided,Non-Autonomous,Savitribai Phule Pune University,Savitribai Phule Pune University,0533099510,Artificial Intelligence And Data Science,GOPENH,57101,82.837277,Stage I,2025-26,1,907
05330,"Pune Vidyarthi Griha’S College Of Engineering & Shrikrushna S. Dhamankar Institute Of Management, Nashik",Nashik,Un-Aided,Non-Autonomous,Savitribai Phule Pune University,Savitribai Phule Pune University,0533099510,Artificial Intelligence And Data Science,GSCH,93650,69.8941051,Stage I,2025-26,1,907
05330,"Pune Vidyarthi Griha’S College Of Engineering & Shrikrushna S. Dhamankar Institute Of Management, Nashik",Nashik,Un-Aided,Non-Autonomous,Savitribai Phule Pune University,Savitribai Phule Pune University,0533099510,Artificial Intelligence And Data Science,GSTH,189095,15.4704064,Stage I,2025-26,1,907
05330,"Pune Vidyarthi Griha’S College Of Engineering & Shrikrushna S. Dhamankar Institute Of Management, Nashik",Nashik,Un-Aided,Non-Autonomous,Savitribai Phule Pune University,Savitribai Phule Pune University,0533099510,Artificial Intelligence And Data Science,GVJH,131069,53.6060165,Stage I,2025-26,1,907
05330,"Pune Vidyarthi Griha’S College Of Engineering & Shrikrushna S. Dhamankar Institute Of Management, Nashik",Nashik,Un-Aided,Non-Autonomous,Savitribai Phule Pune University,Savitribai Phule Pune University,0533099510,Artificial Intelligence And Data Science,GNT1H,71430,78.2396759,Stage I,2025-26,1,907
05330,"Pune Vidyarthi Griha’S College Of Engineering & Shrikrushna S. Dhamankar Institute Of Management, Nashik",Nashik,Un-Aided,Non-Autonomous,Savitribai Phule Pune University,Savitribai Phule Pune University,0533099510,Artificial Intelligence And Data Science,GNT2H,67998,79.3730892,Stage I,2025-26,1,907
05330,"Pune Vidyarthi Griha’S College Of Engineering & Shrikrushna S. Dhamankar Institute Of Management, Nashik",Nashik,Un-Aided,Non-Autonomous,Savitribai Phule Pune University,Savitribai Phule Pune University,0533099510,Artificial Intelligence And Data Science,GOBCH,59180,82.1319232,Stage I,2025-26,1,907
05330,"Pune Vidyarthi Griha’S College Of Engineering & Shrikrushna S. Dhamankar Institute Of Management, Nashik",Nashik,Un-Aided,Non-Autonomous,Savitribai Phule Pune University,Savitribai Phule Pune University,0533099510,Artificial Intelligence And Data Science,GSEBCH,114952,60.9090909,Stage I,2025-26,1,907
05330,"Pune Vidyarthi Griha’S College Of Engineering & Shrikrushna S. Dhamankar Institute Of Management, Nashik",Nashik,Un-Aided,Non-Autonomous,Savitribai Phule Pune University,Savitribai Phule Pune University,0533099510,Artificial Intelligence And Data Science,LOPENH,43452,87.1376478,Stage I,2025-26,1,907
05330,"Pune Vidyarthi Griha’S College Of Engineering & Shrikrushna S. Dhamankar Institute Of Management, Nashik",Nashik,Un-Aided,Non-Autonomous,Savitribai Phule Pune University,Savitribai Phule Pune University,0533099510,Artificial Intelligence And Data Science,LSCH,66023,79.8919296,Stage I,2025-26,1,907
05330,"Pune Vidyarthi Griha’S College Of Engineering & Shrikrushna S. Dhamankar Institute Of Management, Nashik",Nashik,Un-Aided,Non-Autonomous,Savitribai Phule Pune University,Savitribai Phule Pune University,0533099510,Artificial Intelligence And Data Science,LOBCH,54237,83.7674516,Stage I,2025-26,1,907
05330,"Pune Vidyarthi Griha’S College Of Engineering & Shrikrushna S. Dhamankar Institute Of Management, Nashik",Nashik,Un-Aided,Non-Autonomous,Savitribai Phule Pune University,Savitribai Phule Pune University,0533099510,Artificial Intelligence And Data Science,LSEBCH,100436,67.217709,Stage I,2025-26,1,907
05330,"Pune Vidyarthi Griha’S College Of Engineering & Shrikrushna S. Dhamankar Institute Of Management, Nashik",Nashik,Un-Aided,Non-Autonomous,Savitribai Phule Pune University,Savitribai Phule Pune University,0533099510,Artificial Intelligence And Data Science,GOPENO,28666,91.6544074,Stage I,2025-26,1,907
05330,"Pune Vidyarthi Griha’S College Of Engineering & Shrikrushna S. Dhamankar Institute Of Management, Nashik",Nashik,Un-Aided,Non-Autonomous,Savitribai Phule Pune University,Savitribai Phule Pune University,0533099510,Artificial Intelligence And Data Science,GSCO,49950,85.0571556,Stage I,2025-26,1,907
05330,"Pune Vidyarthi Griha’S College Of Engineering & Shrikrushna S. Dhamankar Institute Of Management, Nashik",Nashik,Un-Aided,Non-Autonomous,Savitribai Phule Pune University,Savitribai Phule Pune University,0533099510,Artificial Intelligence And Data Science,GNT2O,65437,79.9809712,Stage I,2025-26,1,907
05330,"Pune Vidyarthi Griha’S College Of Engineering & Shrikrushna S. Dhamankar Institute Of Management, Nashik",Nashik,Un-Aided,Non-Autonomous,Savitribai Phule Pune University,Savitribai Phule Pune University,0533099510,Artificial Intelligence And Data Science,GNT3O,62639,81.0403668,Stage I,2025-26,1,907
05330,"Pune Vidyarthi Griha’S College Of Engineering & Shrikrushna S. Dhamankar Institute Of Management, Nashik",Nashik,Un-Aided,Non-Autonomous,Savitribai Phule Pune University,Savitribai Phule Pune University,0533099510,Artificial Intelligence And Data Science,GOBCO,31579,90.6820865,Stage I,2025-26,1,907
05330,"Pune Vidyarthi Griha’S College Of Engineering & Shrikrushna S. Dhamankar Institute Of Management, Nashik",Nashik,Un-Aided,Non-Autonomous,Savitribai Phule Pune University,Savitribai Phule Pune University,0533099510,Artificial Intelligence And Data Science,GSEBCO,52721,84.1437716,Stage I,2025-26,1,907
05330,"Pune Vidyarthi Griha’S College Of Engineering & Shrikrushna S. Dhamankar Institute Of Management, Nashik",Nashik,Un-Aided,Non-Autonomous,Savitribai Phule Pune University,Savitribai Phule Pune University,0533099510,Artificial Intelligence And Data Science,LOPENO,22469,93.4773416,Stage I,2025-26,1,907
05330,"Pune Vidyarthi Griha’S College Of Engineering & Shrikrushna S. Dhamankar Institute Of Management, Nashik",Nashik,Un-Aided,Non-Autonomous,Savitribai Phule Pune University,Savitribai Phule Pune University,0533099510,Artificial Intelligence And Data Science,LNT1O,85485,73.1347962,Stage I,2025-26,1,907
05330,"Pune Vidyarthi Griha’S College Of Engineering & Shrikrushna S. Dhamankar Institute Of Management, Nashik",Nashik,Un-Aided,Non-Autonomous,Savitribai Phule Pune University,Savitribai Phule Pune University,0533099510,Artificial Intelligence And Data Science,LSEBCO,39675,88.2484746,Stage I,2025-26,1,907
05330,"Pune Vidyarthi Griha’S College Of Engineering & Shrikrushna S. Dhamankar Institute Of Management, Nashik",Nashik,Un-Aided,Non-Autonomous,Savitribai Phule Pune University,Savitribai Phule Pune University,0533099510,Artificial Intelligence And Data Science,DEFOPENS,63144,80.9669596,Stage I,2025-26,1,907
05330,"Pune Vidyarthi Griha’S College Of Engineering & Shrikrushna S. Dhamankar Institute Of Management, Nashik",Nashik,Un-Aided,Non-Autonomous,Savitribai Phule Pune University,Savitribai Phule Pune University,0533099510,Artificial Intelligence And Data Science,DEFOBCS,125852,55.9381337,Stage I,2025-26,1,907
05330,"Pune Vidyarthi Griha’S College Of Engineering & Shrikrushna S. Dhamankar Institute Of Management, Nashik",Nashik,Un-Aided,Non-Autonomous,Savitribai Phule Pune University,Savitribai Phule Pune University,0533099510,Artificial Intelligence And Data Science,TFWS,38896,88.5372351,Stage I,2025-26,1,907
05330,"Pune Vidyarthi Griha’S College Of Engineering & Shrikrushna S. Dhamankar Institute Of Management, Nashik",Nashik,Un-Aided,Non-Autonomous,Savitribai Phule Pune University,Savitribai Phule Pune University,0533099510,Artificial Intelligence And Data Science,DEFROBCS,149528,43.5338318,Stage I,2025-26,1,907
05330,"Pune Vidyarthi Griha’S College Of Engineering & Shrikrushna S. Dhamankar Institute Of Management, Nashik",Nashik,Un-Aided,Non-Autonomous,Savitribai Phule Pune University,Savitribai Phule Pune University,0533099510,Artificial Intelligence And Data Science,EWS,150931,43.031473,Stage I,2025-26,1,907
05331,"Sandip Foundation'S, Sandip Institute Of Engineering & Management, Nashik",Nashik,Un-Aided,Non-Autonomous,Savitribai Phule Pune University,Savitribai Phule Pune University,0533119110,Civil Engineering,GOPENH,129703,54.1537389,Stage I,2025-26,1,908
05331,"Sandip Foundation'S, Sandip Institute Of Engineering & Management, Nashik",Nashik,Un-Aided,Non-Autonomous,Savitribai Phule Pune University,Savitribai Phule Pune University,0533119110,Civil Engineering,GSCH,180095,22.8214173,Stage I,2025-26,1,908
05331,"Sandip Foundation'S, Sandip Institute Of Engineering & Management, Nashik",Nashik,Un-Aided,Non-Autonomous,Savitribai Phule Pune University,Savitribai Phule Pune University,0533119110,Civil Engineering,GSTH,184816,19.1697794,Stage I,2025-26,1,908
05331,"Sandip Foundation'S, Sandip Institute Of Engineering & Management, Nashik",Nashik,Un-Aided,Non-Autonomous,Savitribai Phule Pune University,Savitribai Phule Pune University,0533119110,Civil Engineering,GNT1H,201185,3.4408227,Stage I,2025-26,1,908
05331,"Sandip Foundation'S, Sandip Institute Of Engineering & Management, Nashik",Nashik,Un-Aided,Non-Autonomous,Savitribai Phule Pune University,Savitribai Phule Pune University,0533119110,Civil Engineering,GNT3H,142365,47.3563218,Stage I,2025-26,1,908
05331,"Sandip Foundation'S, Sandip Institute Of Engineering & Management, Nashik",Nashik,Un-Aided,Non-Autonomous,Savitribai Phule Pune University,Savitribai Phule Pune University,0533119110,Civil Engineering,GOBCH,138481,49.6043895,Stage I,2025-26,1,908
05331,"Sandip Foundation'S, Sandip Institute Of Engineering & Management, Nashik",Nashik,Un-Aided,Non-Autonomous,Savitribai Phule Pune University,Savitribai Phule Pune University,0533119110,Civil Engineering,GSEBCH,167598,32.1650475,Stage I,2025-26,1,908
05331,"Sandip Foundation'S, Sandip Institute Of Engineering & Management, Nashik",Nashik,Un-Aided,Non-Autonomous,Savitribai Phule Pune University,Savitribai Phule Pune University,0533119110,Civil Engineering,LOPENH,129306,54.1537389,Stage I,2025-26,1,908
05331,"Sandip Foundation'S, Sandip Institute Of Engineering & Management, Nashik",Nashik,Un-Aided,Non-Autonomous,Savitribai Phule Pune University,Savitribai Phule Pune University,0533119110,Civil Engineering,LOBCH,129931,54.0903901,Stage I,2025-26,1,908
05331,"Sandip Foundation'S, Sandip Institute Of Engineering & Management, Nashik",Nashik,Un-Aided,Non-Autonomous,Savitribai Phule Pune University,Savitribai Phule Pune University,0533119110,Civil Engineering,LSCH,190399,14.0716041,Stage II,2025-26,1,908
05331,"Sandip Foundation'S, Sandip Institute Of Engineering & Management, Nashik",Nashik,Un-Aided,Non-Autonomous,Savitribai Phule Pune University,Savitribai Phule Pune University,0533119110,Civil Engineering,LVJH,136757,50.5909012,Stage II,2025-26,1,908
05331,"Sandip Foundation'S, Sandip Institute Of Engineering & Management, Nashik",Nashik,Un-Aided,Non-Autonomous,Savitribai Phule Pune University,Savitribai Phule Pune University,0533119110,Civil Engineering,LNT2H,189993,14.7567322,Stage II,2025-26,1,908
05331,"Sandip Foundation'S, Sandip Institute Of Engineering & Management, Nashik",Nashik,Un-Aided,Non-Autonomous,Savitribai Phule Pune University,Savitribai Phule Pune University,0533119110,Civil Engineering,GSEBCH,150225,43.1964993,Stage I,2025-26,1,908
05331,"Sandip Foundation'S, Sandip Institute Of Engineering & Management, Nashik",Nashik,Un-Aided,Non-Autonomous,Savitribai Phule Pune University,Savitribai Phule Pune University,0533119110,Civil Engineering,LSTH,185264,18.9335664,Stage I,2025-26,1,908
05331,"Sandip Foundation'S, Sandip Institute Of Engineering & Management, Nashik",Nashik,Un-Aided,Non-Autonomous,Savitribai Phule Pune University,Savitribai Phule Pune University,0533119110,Civil Engineering,LSEBCH,134305,51.7009371,Stage I,2025-26,1,908
05331,"Sandip Foundation'S, Sandip Institute Of Engineering & Management, Nashik",Nashik,Un-Aided,Non-Autonomous,Savitribai Phule Pune University,Savitribai Phule Pune University,0533119110,Civil Engineering,GOPENO,113794,61.5619516,Stage I,2025-26,1,908
05331,"Sandip Foundation'S, Sandip Institute Of Engineering & Management, Nashik",Nashik,Un-Aided,Non-Autonomous,Savitribai Phule Pune University,Savitribai Phule Pune University,0533119110,Civil Engineering,GSCO,140602,48.5587427,Stage I,2025-26,1,908
05331,"Sandip Foundation'S, Sandip Institute Of Engineering & Management, Nashik",Nashik,Un-Aided,Non-Autonomous,Savitribai Phule Pune University,Savitribai Phule Pune University,0533119110,Civil Engineering,GSTO,155729,39.7546871,Stage I,2025-26,1,908
05331,"Sandip Foundation'S, Sandip Institute Of Engineering & Management, Nashik",Nashik,Un-Aided,Non-Autonomous,Savitribai Phule Pune University,Savitribai Phule Pune University,0533119110,Civil Engineering,GVJO,125987,55.9381337,Stage I,2025-26,1,908
05331,"Sandip Foundation'S, Sandip Institute Of Engineering & Management, Nashik",Nashik,Un-Aided,Non-Autonomous,Savitribai Phule Pune University,Savitribai Phule Pune University,0533119110,Civil Engineering,GSEBCO,121623,57.8195751,Stage I,2025-26,1,908
05331,"Sandip Foundation'S, Sandip Institute Of Engineering & Management, Nashik",Nashik,Un-Aided,Non-Autonomous,Savitribai Phule Pune University,Savitribai Phule Pune University,0533119110,Civil Engineering,LOPENO,132521,52.8806012,Stage I,2025-26,1,908
05331,"Sandip Foundation'S, Sandip Institute Of Engineering & Management, Nashik",Nashik,Un-Aided,Non-Autonomous,Savitribai Phule Pune University,Savitribai Phule Pune University,0533119110,Civil Engineering,LSCO,187718,16.5233632,Stage I,2025-26,1,908
05331,"Sandip Foundation'S, Sandip Institute Of Engineering & Management, Nashik",Nashik,Un-Aided,Non-Autonomous,Savitribai Phule Pune University,Savitribai Phule Pune University,0533119110,Civil Engineering,LOBCO,157417,39.2328654,Stage I,2025-26,1,908
05331,"Sandip Foundation'S, Sandip Institute Of Engineering & Management, Nashik",Nashik,Un-Aided,Non-Autonomous,Savitribai Phule Pune University,Savitribai Phule Pune University,0533119110,Civil Engineering,LNT2O,160443,36.226012,Stage II,2025-26,1,908
05331,"Sandip Foundation'S, Sandip Institute Of Engineering & Management, Nashik",Nashik,Un-Aided,Non-Autonomous,Savitribai Phule Pune University,Savitribai Phule Pune University,0533119110,Civil Engineering,TFWS,102196,66.3866132,Stage I,2025-26,1,908
05331,"Sandip Foundation'S, Sandip Institute Of Engineering & Management, Nashik",Nashik,Un-Aided,Non-Autonomous,Savitribai Phule Pune University,Savitribai Phule Pune University,0533124510,Computer Engineering,GOPENH,81746,74.5404987,Stage I,2025-26,1,909
05331,"Sandip Foundation'S, Sandip Institute Of Engineering & Management, Nashik",Nashik,Un-Aided,Non-Autonomous,Savitribai Phule Pune University,Savitribai Phule Pune University,0533124510,Computer Engineering,GSCH,138353,49.7291102,Stage I,2025-26,1,909
05331,"Sandip Foundation'S, Sandip Institute Of Engineering & Management, Nashik",Nashik,Un-Aided,Non-Autonomous,Savitribai Phule Pune University,Savitribai Phule Pune University,0533124510,Computer Engineering,GSTH,195940,9.0142807,Stage I,2025-26,1,909
05331,"Sandip Foundation'S, Sandip Institute Of Engineering & Management, Nashik",Nashik,Un-Aided,Non-Autonomous,Savitribai Phule Pune University,Savitribai Phule Pune University,0533124510,Computer Engineering,GVJH,104182,65.8462319,Stage I,2025-26,1,909
05331,"Sandip Foundation'S, Sandip Institute Of Engineering & Management, Nashik",Nashik,Un-Aided,Non-Autonomous,Savitribai Phule Pune University,Savitribai Phule Pune University,0533124510,Computer Engineering,GNT1H,112765,62.0615406,Stage I,2025-26,1,909
05331,"Sandip Foundation'S, Sandip Institute Of Engineering & Management, Nashik",Nashik,Un-Aided,Non-Autonomous,Savitribai Phule Pune University,Savitribai Phule Pune University,0533124510,Computer Engineering,GNT2H,109742,63.3986014,Stage I,2025-26,1,909
05331,"Sandip Foundation'S, Sandip Institute Of Engineering & Management, Nashik",Nashik,Un-Aided,Non-Autonomous,Savitribai Phule Pune University,Savitribai Phule Pune University,0533124510,Computer Engineering,GNT3H,90171,71.4755245,Stage I,2025-26,1,909
05331,"Sandip Foundation'S, Sandip Institute Of Engineering & Management, Nashik",Nashik,Un-Aided,Non-Autonomous,Savitribai Phule Pune University,Savitribai Phule Pune University,0533124510,Computer Engineering,GOBCH,86800,72.6730266,Stage I,2025-26,1,909
05331,"Sandip Foundation'S, Sandip Institute Of Engineering & Management, Nashik",Nashik,Un-Aided,Non-Autonomous,Savitribai Phule Pune University,Savitribai Phule Pune University,0533124510,Computer Engineering,GSEBCH,140779,48.5587427,Stage I,2025-26,1,909
05331,"Sandip Foundation'S, Sandip Institute Of Engineering & Management, Nashik",Nashik,Un-Aided,Non-Autonomous,Savitribai Phule Pune University,Savitribai Phule Pune University,0533124510,Computer Engineering,LOPENH,73187,77.1631566,Stage I,2025-26,1,909
05331,"Sandip Foundation'S, Sandip Institute Of Engineering & Management, Nashik",Nashik,Un-Aided,Non-Autonomous,Savitribai Phule Pune University,Savitribai Phule Pune University,0533124510,Computer Engineering,LSCH,121771,57.8195751,Stage I,2025-26,1,909
05331,"Sandip Foundation'S, Sandip Institute Of Engineering & Management, Nashik",Nashik,Un-Aided,Non-Autonomous,Savitribai Phule Pune University,Savitribai Phule Pune University,0533124510,Computer Engineering,LSTH,179333,23.4132019,Stage I,2025-26,1,909
05331,"Sandip Foundation'S, Sandip Institute Of Engineering & Management, Nashik",Nashik,Un-Aided,Non-Autonomous,Savitribai Phule Pune University,Savitribai Phule Pune University,0533124510,Computer Engineering,LNT1H,92735,70.5005064,Stage I,2025-26,1,909
05331,"Sandip Foundation'S, Sandip Institute Of Engineering & Management, Nashik",Nashik,Un-Aided,Non-Autonomous,Savitribai Phule Pune University,Savitribai Phule Pune University,0533124510,Computer Engineering,LNT2H,94308,69.4936445,Stage I,2025-26,1,909
05331,"Sandip Foundation'S, Sandip Institute Of Engineering & Management, Nashik",Nashik,Un-Aided,Non-Autonomous,Savitribai Phule Pune University,Savitribai Phule Pune University,0533124510,Computer Engineering,LNT3H,86717,72.6730266,Stage I,2025-26,1,909
05331,"Sandip Foundation'S, Sandip Institute Of Engineering & Management, Nashik",Nashik,Un-Aided,Non-Autonomous,Savitribai Phule Pune University,Savitribai Phule Pune University,0533124510,Computer Engineering,LOBCH,81823,74.0630785,Stage I,2025-26,1,909
05331,"Sandip Foundation'S, Sandip Institute Of Engineering & Management, Nashik",Nashik,Un-Aided,Non-Autonomous,Savitribai Phule Pune University,Savitribai Phule Pune University,0533124510,Computer Engineering,LSEBCH,93697,69.8941051,Stage I,2025-26,1,909
05331,"Sandip Foundation'S, Sandip Institute Of Engineering & Management, Nashik",Nashik,Un-Aided,Non-Autonomous,Savitribai Phule Pune University,Savitribai Phule Pune University,0533124510,Computer Engineering,GSTH,189160,15.4365886,Stage I,2025-26,1,909
05331,"Sandip Foundation'S, Sandip Institute Of Engineering & Management, Nashik",Nashik,Un-Aided,Non-Autonomous,Savitribai Phule Pune University,Savitribai Phule Pune University,0533124510,Computer Engineering,LVJH,104676,65.6692751,Stage I,2025-26,1,909
05331,"Sandip Foundation'S, Sandip Institute Of Engineering & Management, Nashik",Nashik,Un-Aided,Non-Autonomous,Savitribai Phule Pune University,Savitribai Phule Pune University,0533124510,Computer Engineering,GOPENO,63139,80.9669596,Stage I,2025-26,1,909
05331,"Sandip Foundation'S, Sandip Institute Of Engineering & Management, Nashik",Nashik,Un-Aided,Non-Autonomous,Savitribai Phule Pune University,Savitribai Phule Pune University,0533124510,Computer Engineering,GSCO,99164,68.1117918,Stage I,2025-26,1,909
05331,"Sandip Foundation'S, Sandip Institute Of Engineering & Management, Nashik",Nashik,Un-Aided,Non-Autonomous,Savitribai Phule Pune University,Savitribai Phule Pune University,0533124510,Computer Engineering,GSTO,153810,40.6822054,Stage I,2025-26,1,909
05331,"Sandip Foundation'S, Sandip Institute Of Engineering & Management, Nashik",Nashik,Un-Aided,Non-Autonomous,Savitribai Phule Pune University,Savitribai Phule Pune University,0533124510,Computer Engineering,GNT1O,77697,75.652265,Stage I,2025-26,1,909
05331,"Sandip Foundation'S, Sandip Institute Of Engineering & Management, Nashik",Nashik,Un-Aided,Non-Autonomous,Savitribai Phule Pune University,Savitribai Phule Pune University,0533124510,Computer Engineering,GNT2O,64101,80.4732503,Stage I,2025-26,1,909
05331,"Sandip Foundation'S, Sandip Institute Of Engineering & Management, Nashik",Nashik,Un-Aided,Non-Autonomous,Savitribai Phule Pune University,Savitribai Phule Pune University,0533124510,Computer Engineering,GOBCO,68316,79.027972,Stage I,2025-26,1,909
05331,"Sandip Foundation'S, Sandip Institute Of Engineering & Management, Nashik",Nashik,Un-Aided,Non-Autonomous,Savitribai Phule Pune University,Savitribai Phule Pune University,0533124510,Computer Engineering,GSEBCO,70512,78.4342571,Stage I,2025-26,1,909
05331,"Sandip Foundation'S, Sandip Institute Of Engineering & Management, Nashik",Nashik,Un-Aided,Non-Autonomous,Savitribai Phule Pune University,Savitribai Phule Pune University,0533124510,Computer Engineering,LOPENO,67618,79.4832155,Stage I,2025-26,1,909
05331,"Sandip Foundation'S, Sandip Institute Of Engineering & Management, Nashik",Nashik,Un-Aided,Non-Autonomous,Savitribai Phule Pune University,Savitribai Phule Pune University,0533124510,Computer Engineering,LSCO,96408,68.9620341,Stage I,2025-26,1,909
05331,"Sandip Foundation'S, Sandip Institute Of Engineering & Management, Nashik",Nashik,Un-Aided,Non-Autonomous,Savitribai Phule Pune University,Savitribai Phule Pune University,0533124510,Computer Engineering,LVJO,104154,65.8462319,Stage I,2025-26,1,909
05331,"Sandip Foundation'S, Sandip Institute Of Engineering & Management, Nashik",Nashik,Un-Aided,Non-Autonomous,Savitribai Phule Pune University,Savitribai Phule Pune University,0533124510,Computer Engineering,LNT3O,85127,73.2612864,Stage I,2025-26,1,909
05331,"Sandip Foundation'S, Sandip Institute Of Engineering & Management, Nashik",Nashik,Un-Aided,Non-Autonomous,Savitribai Phule Pune University,Savitribai Phule Pune University,0533124510,Computer Engineering,LOBCO,68690,78.8357161,Stage I,2025-26,1,909
05331,"Sandip Foundation'S, Sandip Institute Of Engineering & Management, Nashik",Nashik,Un-Aided,Non-Autonomous,Savitribai Phule Pune University,Savitribai Phule Pune University,0533124510,Computer Engineering,LSEBCO,69005,78.6729363,Stage I,2025-26,1,909
05331,"Sandip Foundation'S, Sandip Institute Of Engineering & Management, Nashik",Nashik,Un-Aided,Non-Autonomous,Savitribai Phule Pune University,Savitribai Phule Pune University,0533124510,Computer Engineering,DEFOPENS,173589,28.3031822,Stage I,2025-26,1,909
05331,"Sandip Foundation'S, Sandip Institute Of Engineering & Management, Nashik",Nashik,Un-Aided,Non-Autonomous,Savitribai Phule Pune University,Savitribai Phule Pune University,0533124510,Computer Engineering,TFWS,64437,80.3575863,Stage I,2025-26,1,909
05331,"Sandip Foundation'S, Sandip Institute Of Engineering & Management, Nashik",Nashik,Un-Aided,Non-Autonomous,Savitribai Phule Pune University,Savitribai Phule Pune University,0533124510,Computer Engineering,EWS,199491,5.3139267,Stage I,2025-26,1,909
05331,"Sandip Foundation'S, Sandip Institute Of Engineering & Management, Nashik",Nashik,Un-Aided,Non-Autonomous,Savitribai Phule Pune University,Savitribai Phule Pune University,0533124610,Information Technology,GOPENH,83867,73.6159498,Stage I,2025-26,1,910
05331,"Sandip Foundation'S, Sandip Institute Of Engineering & Management, Nashik",Nashik,Un-Aided,Non-Autonomous,Savitribai Phule Pune University,Savitribai Phule Pune University,0533124610,Information Technology,GSCH,137101,50.4913264,Stage I,2025-26,1,910
05331,"Sandip Foundation'S, Sandip Institute Of Engineering & Management, Nashik",Nashik,Un-Aided,Non-Autonomous,Savitribai Phule Pune University,Savitribai Phule Pune University,0533124610,Information Technology,GVJH,125536,56.2929777,Stage I,2025-26,1,910
05331,"Sandip Foundation'S, Sandip Institute Of Engineering & Management, Nashik",Nashik,Un-Aided,Non-Autonomous,Savitribai Phule Pune University,Savitribai Phule Pune University,0533124610,Information Technology,GNT2H,94251,69.4936445,Stage I,2025-26,1,910
05331,"Sandip Foundation'S, Sandip Institute Of Engineering & Management, Nashik",Nashik,Un-Aided,Non-Autonomous,Savitribai Phule Pune University,Savitribai Phule Pune University,0533124610,Information Technology,GOBCH,89318,71.5830116,Stage I,2025-26,1,910
05331,"Sandip Foundation'S, Sandip Institute Of Engineering & Management, Nashik",Nashik,Un-Aided,Non-Autonomous,Savitribai Phule Pune University,Savitribai Phule Pune University,0533124610,Information Technology,GSEBCH,150502,43.1964993,Stage I,2025-26,1,910
05331,"Sandip Foundation'S, Sandip Institute Of Engineering & Management, Nashik",Nashik,Un-Aided,Non-Autonomous,Savitribai Phule Pune University,Savitribai Phule Pune University,0533124610,Information Technology,LOPENH,75371,76.8955509,Stage I,2025-26,1,910
05331,"Sandip Foundation'S, Sandip Institute Of Engineering & Management, Nashik",Nashik,Un-Aided,Non-Autonomous,Savitribai Phule Pune University,Savitribai Phule Pune University,0533124610,Information Technology,LSCH,134425,51.7009371,Stage I,2025-26,1,910
05331,"Sandip Foundation'S, Sandip Institute Of Engineering & Management, Nashik",Nashik,Un-Aided,Non-Autonomous,Savitribai Phule Pune University,Savitribai Phule Pune University,0533124610,Information Technology,LNT1H,125381,56.2929777,Stage I,2025-26,1,910
05331,"Sandip Foundation'S, Sandip Institute Of Engineering & Management, Nashik",Nashik,Un-Aided,Non-Autonomous,Savitribai Phule Pune University,Savitribai Phule Pune University,0533124610,Information Technology,LOBCH,82809,73.7482517,Stage I,2025-26,1,910
05331,"Sandip Foundation'S, Sandip Institute Of Engineering & Management, Nashik",Nashik,Un-Aided,Non-Autonomous,Savitribai Phule Pune University,Savitribai Phule Pune University,0533124610,Information Technology,LSEBCH,144766,46.6242967,Stage I,2025-26,1,910
05331,"Sandip Foundation'S, Sandip Institute Of Engineering & Management, Nashik",Nashik,Un-Aided,Non-Autonomous,Savitribai Phule Pune University,Savitribai Phule Pune University,0533124610,Information Technology,GOPENO,74487,76.9322569,Stage I,2025-26,1,910
05331,"Sandip Foundation'S, Sandip Institute Of Engineering & Management, Nashik",Nashik,Un-Aided,Non-Autonomous,Savitribai Phule Pune University,Savitribai Phule Pune University,0533124610,Information Technology,GSCO,117707,59.9607019,Stage I,2025-26,1,910
05331,"Sandip Foundation'S, Sandip Institute Of Engineering & Management, Nashik",Nashik,Un-Aided,Non-Autonomous,Savitribai Phule Pune University,Savitribai Phule Pune University,0533124610,Information Technology,GNT2O,93045,70.2628092,Stage I,2025-26,1,910
05331,"Sandip Foundation'S, Sandip Institute Of Engineering & Management, Nashik",Nashik,Un-Aided,Non-Autonomous,Savitribai Phule Pune University,Savitribai Phule Pune University,0533124610,Information Technology,GOBCO,76347,76.5279741,Stage I,2025-26,1,910
05331,"Sandip Foundation'S, Sandip Institute Of Engineering & Management, Nashik",Nashik,Un-Aided,Non-Autonomous,Savitribai Phule Pune University,Savitribai Phule Pune University,0533124610,Information Technology,LOPENO,59198,82.1319232,Stage I,2025-26,1,910
05331,"Sandip Foundation'S, Sandip Institute Of Engineering & Management, Nashik",Nashik,Un-Aided,Non-Autonomous,Savitribai Phule Pune University,Savitribai Phule Pune University,0533124610,Information Technology,LSCO,99518,67.8236662,Stage I,2025-26,1,910
05331,"Sandip Foundation'S, Sandip Institute Of Engineering & Management, Nashik",Nashik,Un-Aided,Non-Autonomous,Savitribai Phule Pune University,Savitribai Phule Pune University,0533124610,Information Technology,LOBCO,60910,81.6328671,Stage I,2025-26,1,910
05331,"Sandip Foundation'S, Sandip Institute Of Engineering & Management, Nashik",Nashik,Un-Aided,Non-Autonomous,Savitribai Phule Pune University,Savitribai Phule Pune University,0533124610,Information Technology,LSEBCO,85076,73.2612864,Stage I,2025-26,1,910
05331,"Sandip Foundation'S, Sandip Institute Of Engineering & Management, Nashik",Nashik,Un-Aided,Non-Autonomous,Savitribai Phule Pune University,Savitribai Phule Pune University,0533124610,Information Technology,TFWS,71304,78.272232,Stage I,2025-26,1,910
05331,"Sandip Foundation'S, Sandip Institute Of Engineering & Management, Nashik",Nashik,Un-Aided,Non-Autonomous,Savitribai Phule Pune University,Savitribai Phule Pune University,0533124610,Information Technology,EWS,155657,39.7546871,Stage I,2025-26,1,910
05331,"Sandip Foundation'S, Sandip Institute Of Engineering & Management, Nashik",Nashik,Un-Aided,Non-Autonomous,Savitribai Phule Pune University,Savitribai Phule Pune University,0533129310,Electrical Engineering,GOPENH,126427,55.6405756,Stage I,2025-26,1,911
05331,"Sandip Foundation'S, Sandip Institute Of Engineering & Management, Nashik",Nashik,Un-Aided,Non-Autonomous,Savitribai Phule Pune University,Savitribai Phule Pune University,0533129310,Electrical Engineering,GSCH,191719,13.2656066,Stage I,2025-26,1,911
05331,"Sandip Foundation'S, Sandip Institute Of Engineering & Management, Nashik",Nashik,Un-Aided,Non-Autonomous,Savitribai Phule Pune University,Savitribai Phule Pune University,0533129310,Electrical Engineering,GNT2H,175841,25.8355418,Stage I,2025-26,1,911
05331,"Sandip Foundation'S, Sandip Institute Of Engineering & Management, Nashik",Nashik,Un-Aided,Non-Autonomous,Savitribai Phule Pune University,Savitribai Phule Pune University,0533129310,Electrical Engineering,GNT3H,129724,54.1537389,Stage I,2025-26,1,911
05331,"Sandip Foundation'S, Sandip Institute Of Engineering & Management, Nashik",Nashik,Un-Aided,Non-Autonomous,Savitribai Phule Pune University,Savitribai Phule Pune University,0533129310,Electrical Engineering,GOBCH,132267,53.2228937,Stage I,2025-26,1,911
05331,"Sandip Foundation'S, Sandip Institute Of Engineering & Management, Nashik",Nashik,Un-Aided,Non-Autonomous,Savitribai Phule Pune University,Savitribai Phule Pune University,0533129310,Electrical Engineering,GSEBCH,159291,37.6293706,Stage I,2025-26,1,911
05331,"Sandip Foundation'S, Sandip Institute Of Engineering & Management, Nashik",Nashik,Un-Aided,Non-Autonomous,Savitribai Phule Pune University,Savitribai Phule Pune University,0533129310,Electrical Engineering,LOPENH,126618,55.6405756,Stage I,2025-26,1,911
05331,"Sandip Foundation'S, Sandip Institute Of Engineering & Management, Nashik",Nashik,Un-Aided,Non-Autonomous,Savitribai Phule Pune University,Savitribai Phule Pune University,0533129310,Electrical Engineering,LSCH,151682,42.7403863,Stage I,2025-26,1,911
05331,"Sandip Foundation'S, Sandip Institute Of Engineering & Management, Nashik",Nashik,Un-Aided,Non-Autonomous,Savitribai Phule Pune University,Savitribai Phule Pune University,0533129310,Electrical Engineering,LOBCH,127085,55.2744499,Stage I,2025-26,1,911
05331,"Sandip Foundation'S, Sandip Institute Of Engineering & Management, Nashik",Nashik,Un-Aided,Non-Autonomous,Savitribai Phule Pune University,Savitribai Phule Pune University,0533129310,Electrical Engineering,GSEBCH,132276,53.2228937,Stage I,2025-26,1,911
05331,"Sandip Foundation'S, Sandip Institute Of Engineering & Management, Nashik",Nashik,Un-Aided,Non-Autonomous,Savitribai Phule Pune University,Savitribai Phule Pune University,0533129310,Electrical Engineering,LNT2H,160932,36.1161649,Stage I,2025-26,1,911
05331,"Sandip Foundation'S, Sandip Institute Of Engineering & Management, Nashik",Nashik,Un-Aided,Non-Autonomous,Savitribai Phule Pune University,Savitribai Phule Pune University,0533129310,Electrical Engineering,LSEBCH,153248,41.4458186,Stage I,2025-26,1,911
05331,"Sandip Foundation'S, Sandip Institute Of Engineering & Management, Nashik",Nashik,Un-Aided,Non-Autonomous,Savitribai Phule Pune University,Savitribai Phule Pune University,0533129310,Electrical Engineering,GOPENO,108457,63.6512871,Stage I,2025-26,1,911
05331,"Sandip Foundation'S, Sandip Institute Of Engineering & Management, Nashik",Nashik,Un-Aided,Non-Autonomous,Savitribai Phule Pune University,Savitribai Phule Pune University,0533129310,Electrical Engineering,GSCO,158262,38.7925588,Stage I,2025-26,1,911
05331,"Sandip Foundation'S, Sandip Institute Of Engineering & Management, Nashik",Nashik,Un-Aided,Non-Autonomous,Savitribai Phule Pune University,Savitribai Phule Pune University,0533129310,Electrical Engineering,GVJO,126467,55.6405756,Stage I,2025-26,1,911
05331,"Sandip Foundation'S, Sandip Institute Of Engineering & Management, Nashik",Nashik,Un-Aided,Non-Autonomous,Savitribai Phule Pune University,Savitribai Phule Pune University,0533129310,Electrical Engineering,GNT1O,141541,47.8015007,Stage I,2025-26,1,911
05331,"Sandip Foundation'S, Sandip Institute Of Engineering & Management, Nashik",Nashik,Un-Aided,Non-Autonomous,Savitribai Phule Pune University,Savitribai Phule Pune University,0533129310,Electrical Engineering,GOBCO,120509,58.6907687,Stage I,2025-26,1,911
05331,"Sandip Foundation'S, Sandip Institute Of Engineering & Management, Nashik",Nashik,Un-Aided,Non-Autonomous,Savitribai Phule Pune University,Savitribai Phule Pune University,0533129310,Electrical Engineering,GSEBCO,123959,57.0133407,Stage I,2025-26,1,911
05331,"Sandip Foundation'S, Sandip Institute Of Engineering & Management, Nashik",Nashik,Un-Aided,Non-Autonomous,Savitribai Phule Pune University,Savitribai Phule Pune University,0533129310,Electrical Engineering,LOPENO,117441,60.2517483,Stage I,2025-26,1,911
05331,"Sandip Foundation'S, Sandip Institute Of Engineering & Management, Nashik",Nashik,Un-Aided,Non-Autonomous,Savitribai Phule Pune University,Savitribai Phule Pune University,0533129310,Electrical Engineering,DEFOPENS,136854,50.5909012,Stage I,2025-26,1,911
05331,"Sandip Foundation'S, Sandip Institute Of Engineering & Management, Nashik",Nashik,Un-Aided,Non-Autonomous,Savitribai Phule Pune University,Savitribai Phule Pune University,0533129310,Electrical Engineering,TFWS,96073,69.0979021,Stage I,2025-26,1,911
05331,"Sandip Foundation'S, Sandip Institute Of Engineering & Management, Nashik",Nashik,Un-Aided,Non-Autonomous,Savitribai Phule Pune University,Savitribai Phule Pune University,0533137210,Electronics And Telecommunication Engg,GOPENH,98005,68.3753318,Stage I,2025-26,1,912
05331,"Sandip Foundation'S, Sandip Institute Of Engineering & Management, Nashik",Nashik,Un-Aided,Non-Autonomous,Savitribai Phule Pune University,Savitribai Phule Pune University,0533137210,Electronics And Telecommunication Engg,GSCH,168774,31.9280223,Stage I,2025-26,1,912
05331,"Sandip Foundation'S, Sandip Institute Of Engineering & Management, Nashik",Nashik,Un-Aided,Non-Autonomous,Savitribai Phule Pune University,Savitribai Phule Pune University,0533137210,Electronics And Telecommunication Engg,GVJH,155046,39.902473,Stage I,2025-26,1,912
05331,"Sandip Foundation'S, Sandip Institute Of Engineering & Management, Nashik",Nashik,Un-Aided,Non-Autonomous,Savitribai Phule Pune University,Savitribai Phule Pune University,0533137210,Electronics And Telecommunication Engg,GNT1H,140712,48.5587427,Stage I,2025-26,1,912
05331,"Sandip Foundation'S, Sandip Institute Of Engineering & Management, Nashik",Nashik,Un-Aided,Non-Autonomous,Savitribai Phule Pune University,Savitribai Phule Pune University,0533137210,Electronics And Telecommunication Engg,GNT2H,118841,59.2797111,Stage I,2025-26,1,912
05331,"Sandip Foundation'S, Sandip Institute Of Engineering & Management, Nashik",Nashik,Un-Aided,Non-Autonomous,Savitribai Phule Pune University,Savitribai Phule Pune University,0533137210,Electronics And Telecommunication Engg,GNT3H,102859,66.2972028,Stage I,2025-26,1,912
05331,"Sandip Foundation'S, Sandip Institute Of Engineering & Management, Nashik",Nashik,Un-Aided,Non-Autonomous,Savitribai Phule Pune University,Savitribai Phule Pune University,0533137210,Electronics And Telecommunication Engg,GOBCH,101666,66.4263323,Stage I,2025-26,1,912
05331,"Sandip Foundation'S, Sandip Institute Of Engineering & Management, Nashik",Nashik,Un-Aided,Non-Autonomous,Savitribai Phule Pune University,Savitribai Phule Pune University,0533137210,Electronics And Telecommunication Engg,GSEBCH,179690,22.8933117,Stage I,2025-26,1,912
05331,"Sandip Foundation'S, Sandip Institute Of Engineering & Management, Nashik",Nashik,Un-Aided,Non-Autonomous,Savitribai Phule Pune University,Savitribai Phule Pune University,0533137210,Electronics And Telecommunication Engg,LOPENH,94652,69.4561708,Stage I,2025-26,1,912
05331,"Sandip Foundation'S, Sandip Institute Of Engineering & Management, Nashik",Nashik,Un-Aided,Non-Autonomous,Savitribai Phule Pune University,Savitribai Phule Pune University,0533137210,Electronics And Telecommunication Engg,LSCH,169157,31.9226076,Stage I,2025-26,1,912
05331,"Sandip Foundation'S, Sandip Institute Of Engineering & Management, Nashik",Nashik,Un-Aided,Non-Autonomous,Savitribai Phule Pune University,Savitribai Phule Pune University,0533137210,Electronics And Telecommunication Engg,LOBCH,102947,66.2972028,Stage I,2025-26,1,912
05331,"Sandip Foundation'S, Sandip Institute Of Engineering & Management, Nashik",Nashik,Un-Aided,Non-Autonomous,Savitribai Phule Pune University,Savitribai Phule Pune University,0533137210,Electronics And Telecommunication Engg,LVJH,107928,63.8244514,Stage I,2025-26,1,912
05331,"Sandip Foundation'S, Sandip Institute Of Engineering & Management, Nashik",Nashik,Un-Aided,Non-Autonomous,Savitribai Phule Pune University,Savitribai Phule Pune University,0533137210,Electronics And Telecommunication Engg,LSEBCH,105504,65.3084343,Stage I,2025-26,1,912
05331,"Sandip Foundation'S, Sandip Institute Of Engineering & Management, Nashik",Nashik,Un-Aided,Non-Autonomous,Savitribai Phule Pune University,Savitribai Phule Pune University,0533137210,Electronics And Telecommunication Engg,GOPENO,86787,72.6730266,Stage I,2025-26,1,912
05331,"Sandip Foundation'S, Sandip Institute Of Engineering & Management, Nashik",Nashik,Un-Aided,Non-Autonomous,Savitribai Phule Pune University,Savitribai Phule Pune University,0533137210,Electronics And Telecommunication Engg,GSCO,133639,52.1817116,Stage I,2025-26,1,912
05331,"Sandip Foundation'S, Sandip Institute Of Engineering & Management, Nashik",Nashik,Un-Aided,Non-Autonomous,Savitribai Phule Pune University,Savitribai Phule Pune University,0533137210,Electronics And Telecommunication Engg,GNT3O,117488,60.2517483,Stage I,2025-26,1,912
05331,"Sandip Foundation'S, Sandip Institute Of Engineering & Management, Nashik",Nashik,Un-Aided,Non-Autonomous,Savitribai Phule Pune University,Savitribai Phule Pune University,0533137210,Electronics And Telecommunication Engg,GOBCO,88322,71.8197195,Stage I,2025-26,1,912
05331,"Sandip Foundation'S, Sandip Institute Of Engineering & Management, Nashik",Nashik,Un-Aided,Non-Autonomous,Savitribai Phule Pune University,Savitribai Phule Pune University,0533137210,Electronics And Telecommunication Engg,GSEBCO,101429,66.9039004,Stage I,2025-26,1,912
05331,"Sandip Foundation'S, Sandip Institute Of Engineering & Management, Nashik",Nashik,Un-Aided,Non-Autonomous,Savitribai Phule Pune University,Savitribai Phule Pune University,0533137210,Electronics And Telecommunication Engg,LOPENO,86192,72.8948543,Stage I,2025-26,1,912
05331,"Sandip Foundation'S, Sandip Institute Of Engineering & Management, Nashik",Nashik,Un-Aided,Non-Autonomous,Savitribai Phule Pune University,Savitribai Phule Pune University,0533137210,Electronics And Telecommunication Engg,LSCO,137191,50.4913264,Stage I,2025-26,1,912
05331,"Sandip Foundation'S, Sandip Institute Of Engineering & Management, Nashik",Nashik,Un-Aided,Non-Autonomous,Savitribai Phule Pune University,Savitribai Phule Pune University,0533137210,Electronics And Telecommunication Engg,LNT2O,139278,49.3416227,Stage I,2025-26,1,912
05331,"Sandip Foundation'S, Sandip Institute Of Engineering & Management, Nashik",Nashik,Un-Aided,Non-Autonomous,Savitribai Phule Pune University,Savitribai Phule Pune University,0533137210,Electronics And Telecommunication Engg,LOBCO,87343,72.1363369,Stage I,2025-26,1,912
05331,"Sandip Foundation'S, Sandip Institute Of Engineering & Management, Nashik",Nashik,Un-Aided,Non-Autonomous,Savitribai Phule Pune University,Savitribai Phule Pune University,0533137210,Electronics And Telecommunication Engg,LSEBCO,100620,67.1459332,Stage I,2025-26,1,912
05331,"Sandip Foundation'S, Sandip Institute Of Engineering & Management, Nashik",Nashik,Un-Aided,Non-Autonomous,Savitribai Phule Pune University,Savitribai Phule Pune University,0533137210,Electronics And Telecommunication Engg,TFWS,89542,71.5562808,Stage I,2025-26,1,912
05331,"Sandip Foundation'S, Sandip Institute Of Engineering & Management, Nashik",Nashik,Un-Aided,Non-Autonomous,Savitribai Phule Pune University,Savitribai Phule Pune University,0533137210,Electronics And Telecommunication Engg,EWS,102599,66.3795642,Stage I,2025-26,1,912
05331,"Sandip Foundation'S, Sandip Institute Of Engineering & Management, Nashik",Nashik,Un-Aided,Non-Autonomous,Savitribai Phule Pune University,Savitribai Phule Pune University,0533161210,Mechanical Engineering,GOPENH,124256,56.8426573,Stage I,2025-26,1,913
05331,"Sandip Foundation'S, Sandip Institute Of Engineering & Management, Nashik",Nashik,Un-Aided,Non-Autonomous,Savitribai Phule Pune University,Savitribai Phule Pune University,0533161210,Mechanical Engineering,GSCH,194118,10.8694881,Stage I,2025-26,1,913
05331,"Sandip Foundation'S, Sandip Institute Of Engineering & Management, Nashik",Nashik,Un-Aided,Non-Autonomous,Savitribai Phule Pune University,Savitribai Phule Pune University,0533161210,Mechanical Engineering,GOBCH,130021,54.0903901,Stage I,2025-26,1,913
05331,"Sandip Foundation'S, Sandip Institute Of Engineering & Management, Nashik",Nashik,Un-Aided,Non-Autonomous,Savitribai Phule Pune University,Savitribai Phule Pune University,0533161210,Mechanical Engineering,GSEBCH,201411,3.1812183,Stage I,2025-26,1,913
05331,"Sandip Foundation'S, Sandip Institute Of Engineering & Management, Nashik",Nashik,Un-Aided,Non-Autonomous,Savitribai Phule Pune University,Savitribai Phule Pune University,0533161210,Mechanical Engineering,LOPENH,134249,51.7009371,Stage I,2025-26,1,913
05331,"Sandip Foundation'S, Sandip Institute Of Engineering & Management, Nashik",Nashik,Un-Aided,Non-Autonomous,Savitribai Phule Pune University,Savitribai Phule Pune University,0533161210,Mechanical Engineering,LNT2H,201807,2.6991623,Stage I,2025-26,1,913
05331,"Sandip Foundation'S, Sandip Institute Of Engineering & Management, Nashik",Nashik,Un-Aided,Non-Autonomous,Savitribai Phule Pune University,Savitribai Phule Pune University,0533161210,Mechanical Engineering,LNT3H,191297,13.4300699,Stage I,2025-26,1,913
05331,"Sandip Foundation'S, Sandip Institute Of Engineering & Management, Nashik",Nashik,Un-Aided,Non-Autonomous,Savitribai Phule Pune University,Savitribai Phule Pune University,0533161210,Mechanical Engineering,LOBCH,138795,49.4020979,Stage I,2025-26,1,913
05331,"Sandip Foundation'S, Sandip Institute Of Engineering & Management, Nashik",Nashik,Un-Aided,Non-Autonomous,Savitribai Phule Pune University,Savitribai Phule Pune University,0533161210,Mechanical Engineering,LSEBCH,157358,39.2328654,Stage I,2025-26,1,913
05331,"Sandip Foundation'S, Sandip Institute Of Engineering & Management, Nashik",Nashik,Un-Aided,Non-Autonomous,Savitribai Phule Pune University,Savitribai Phule Pune University,0533161210,Mechanical Engineering,LNT1H,165694,32.6791073,Stage II,2025-26,1,913
05331,"Sandip Foundation'S, Sandip Institute Of Engineering & Management, Nashik",Nashik,Un-Aided,Non-Autonomous,Savitribai Phule Pune University,Savitribai Phule Pune University,0533161210,Mechanical Engineering,GSTH,170996,29.4125763,Stage I,2025-26,1,913
05331,"Sandip Foundation'S, Sandip Institute Of Engineering & Management, Nashik",Nashik,Un-Aided,Non-Autonomous,Savitribai Phule Pune University,Savitribai Phule Pune University,0533161210,Mechanical Engineering,GVJH,168027,32.1281783,Stage I,2025-26,1,913
05331,"Sandip Foundation'S, Sandip Institute Of Engineering & Management, Nashik",Nashik,Un-Aided,Non-Autonomous,Savitribai Phule Pune University,Savitribai Phule Pune University,0533161210,Mechanical Engineering,GSEBCH,143298,47.13962,Stage I,2025-26,1,913
05331,"Sandip Foundation'S, Sandip Institute Of Engineering & Management, Nashik",Nashik,Un-Aided,Non-Autonomous,Savitribai Phule Pune University,Savitribai Phule Pune University,0533161210,Mechanical Engineering,LSCH,194684,10.4152841,Stage I,2025-26,1,913
05331,"Sandip Foundation'S, Sandip Institute Of Engineering & Management, Nashik",Nashik,Un-Aided,Non-Autonomous,Savitribai Phule Pune University,Savitribai Phule Pune University,0533161210,Mechanical Engineering,LSEBCH,162363,35.9295868,Stage II,2025-26,1,913
05331,"Sandip Foundation'S, Sandip Institute Of Engineering & Management, Nashik",Nashik,Un-Aided,Non-Autonomous,Savitribai Phule Pune University,Savitribai Phule Pune University,0533161210,Mechanical Engineering,GOPENO,133131,52.5968356,Stage I,2025-26,1,913
05331,"Sandip Foundation'S, Sandip Institute Of Engineering & Management, Nashik",Nashik,Un-Aided,Non-Autonomous,Savitribai Phule Pune University,Savitribai Phule Pune University,0533161210,Mechanical Engineering,GSCO,154700,40.0432529,Stage I,2025-26,1,913
05331,"Sandip Foundation'S, Sandip Institute Of Engineering & Management, Nashik",Nashik,Un-Aided,Non-Autonomous,Savitribai Phule Pune University,Savitribai Phule Pune University,0533161210,Mechanical Engineering,GSTO,164556,33.6209084,Stage I,2025-26,1,913
05331,"Sandip Foundation'S, Sandip Institute Of Engineering & Management, Nashik",Nashik,Un-Aided,Non-Autonomous,Savitribai Phule Pune University,Savitribai Phule Pune University,0533161210,Mechanical Engineering,GVJO,141152,47.8905633,Stage I,2025-26,1,913
05331,"Sandip Foundation'S, Sandip Institute Of Engineering & Management, Nashik",Nashik,Un-Aided,Non-Autonomous,Savitribai Phule Pune University,Savitribai Phule Pune University,0533161210,Mechanical Engineering,GNT1O,147121,45.2322221,Stage I,2025-26,1,913
05331,"Sandip Foundation'S, Sandip Institute Of Engineering & Management, Nashik",Nashik,Un-Aided,Non-Autonomous,Savitribai Phule Pune University,Savitribai Phule Pune University,0533161210,Mechanical Engineering,GNT2O,169620,31.5596589,Stage I,2025-26,1,913
05331,"Sandip Foundation'S, Sandip Institute Of Engineering & Management, Nashik",Nashik,Un-Aided,Non-Autonomous,Savitribai Phule Pune University,Savitribai Phule Pune University,0533161210,Mechanical Engineering,GOBCO,134836,51.57164,Stage I,2025-26,1,913
05331,"Sandip Foundation'S, Sandip Institute Of Engineering & Management, Nashik",Nashik,Un-Aided,Non-Autonomous,Savitribai Phule Pune University,Savitribai Phule Pune University,0533161210,Mechanical Engineering,GSEBCO,138809,49.4020979,Stage I,2025-26,1,913
05331,"Sandip Foundation'S, Sandip Institute Of Engineering & Management, Nashik",Nashik,Un-Aided,Non-Autonomous,Savitribai Phule Pune University,Savitribai Phule Pune University,0533161210,Mechanical Engineering,LOPENO,136313,50.7016833,Stage I,2025-26,1,913
05331,"Sandip Foundation'S, Sandip Institute Of Engineering & Management, Nashik",Nashik,Un-Aided,Non-Autonomous,Savitribai Phule Pune University,Savitribai Phule Pune University,0533161210,Mechanical Engineering,LSCO,160047,36.5248856,Stage I,2025-26,1,913
05331,"Sandip Foundation'S, Sandip Institute Of Engineering & Management, Nashik",Nashik,Un-Aided,Non-Autonomous,Savitribai Phule Pune University,Savitribai Phule Pune University,0533161210,Mechanical Engineering,LOBCO,145999,45.8266058,Stage I,2025-26,1,913
05331,"Sandip Foundation'S, Sandip Institute Of Engineering & Management, Nashik",Nashik,Un-Aided,Non-Autonomous,Savitribai Phule Pune University,Savitribai Phule Pune University,0533161210,Mechanical Engineering,LSEBCO,173943,28.2789485,Stage I,2025-26,1,913
05331,"Sandip Foundation'S, Sandip Institute Of Engineering & Management, Nashik",Nashik,Un-Aided,Non-Autonomous,Savitribai Phule Pune University,Savitribai Phule Pune University,0533161210,Mechanical Engineering,TFWS,113690,61.6834321,Stage I,2025-26,1,913
05331,"Sandip Foundation'S, Sandip Institute Of Engineering & Management, Nashik",Nashik,Un-Aided,Non-Autonomous,Savitribai Phule Pune University,Savitribai Phule Pune University,0533161210,Mechanical Engineering,EWS,195893,9.113484,Stage I,2025-26,1,913
05331,"Sandip Foundation'S, Sandip Institute Of Engineering & Management, Nashik",Nashik,Un-Aided,Non-Autonomous,Savitribai Phule Pune University,Savitribai Phule Pune University,0533199510,Artificial Intelligence And Data Science,GOPENH,77665,75.652265,Stage I,2025-26,1,914
05331,"Sandip Foundation'S, Sandip Institute Of Engineering & Management, Nashik",Nashik,Un-Aided,Non-Autonomous,Savitribai Phule Pune University,Savitribai Phule Pune University,0533199510,Artificial Intelligence And Data Science,GSCH,126310,55.6405756,Stage I,2025-26,1,914
05331,"Sandip Foundation'S, Sandip Institute Of Engineering & Management, Nashik",Nashik,Un-Aided,Non-Autonomous,Savitribai Phule Pune University,Savitribai Phule Pune University,0533199510,Artificial Intelligence And Data Science,GNT1H,113677,61.6834321,Stage I,2025-26,1,914
05331,"Sandip Foundation'S, Sandip Institute Of Engineering & Management, Nashik",Nashik,Un-Aided,Non-Autonomous,Savitribai Phule Pune University,Savitribai Phule Pune University,0533199510,Artificial Intelligence And Data Science,GNT2H,100629,67.1459332,Stage I,2025-26,1,914
05331,"Sandip Foundation'S, Sandip Institute Of Engineering & Management, Nashik",Nashik,Un-Aided,Non-Autonomous,Savitribai Phule Pune University,Savitribai Phule Pune University,0533199510,Artificial Intelligence And Data Science,GNT3H,84693,73.4722277,Stage I,2025-26,1,914
05331,"Sandip Foundation'S, Sandip Institute Of Engineering & Management, Nashik",Nashik,Un-Aided,Non-Autonomous,Savitribai Phule Pune University,Savitribai Phule Pune University,0533199510,Artificial Intelligence And Data Science,GOBCH,79863,75.1927485,Stage I,2025-26,1,914
05331,"Sandip Foundation'S, Sandip Institute Of Engineering & Management, Nashik",Nashik,Un-Aided,Non-Autonomous,Savitribai Phule Pune University,Savitribai Phule Pune University,0533199510,Artificial Intelligence And Data Science,GSEBCH,107391,64.3453843,Stage I,2025-26,1,914
05331,"Sandip Foundation'S, Sandip Institute Of Engineering & Management, Nashik",Nashik,Un-Aided,Non-Autonomous,Savitribai Phule Pune University,Savitribai Phule Pune University,0533199510,Artificial Intelligence And Data Science,LOPENH,73292,77.1631566,Stage I,2025-26,1,914
05331,"Sandip Foundation'S, Sandip Institute Of Engineering & Management, Nashik",Nashik,Un-Aided,Non-Autonomous,Savitribai Phule Pune University,Savitribai Phule Pune University,0533199510,Artificial Intelligence And Data Science,LSCH,123431,57.4017459,Stage I,2025-26,1,914
05331,"Sandip Foundation'S, Sandip Institute Of Engineering & Management, Nashik",Nashik,Un-Aided,Non-Autonomous,Savitribai Phule Pune University,Savitribai Phule Pune University,0533199510,Artificial Intelligence And Data Science,LOBCH,78325,75.4880541,Stage I,2025-26,1,914
05331,"Sandip Foundation'S, Sandip Institute Of Engineering & Management, Nashik",Nashik,Un-Aided,Non-Autonomous,Savitribai Phule Pune University,Savitribai Phule Pune University,0533199510,Artificial Intelligence And Data Science,LSEBCH,81600,74.5404987,Stage I,2025-26,1,914
05331,"Sandip Foundation'S, Sandip Institute Of Engineering & Management, Nashik",Nashik,Un-Aided,Non-Autonomous,Savitribai Phule Pune University,Savitribai Phule Pune University,0533199510,Artificial Intelligence And Data Science,GSTH,189942,14.9055715,Stage I,2025-26,1,914
05331,"Sandip Foundation'S, Sandip Institute Of Engineering & Management, Nashik",Nashik,Un-Aided,Non-Autonomous,Savitribai Phule Pune University,Savitribai Phule Pune University,0533199510,Artificial Intelligence And Data Science,GOPENO,54940,83.4741816,Stage I,2025-26,1,914
05331,"Sandip Foundation'S, Sandip Institute Of Engineering & Management, Nashik",Nashik,Un-Aided,Non-Autonomous,Savitribai Phule Pune University,Savitribai Phule Pune University,0533199510,Artificial Intelligence And Data Science,GSCO,98546,68.1164395,Stage I,2025-26,1,914
05331,"Sandip Foundation'S, Sandip Institute Of Engineering & Management, Nashik",Nashik,Un-Aided,Non-Autonomous,Savitribai Phule Pune University,Savitribai Phule Pune University,0533199510,Artificial Intelligence And Data Science,GSTO,187025,17.2365618,Stage I,2025-26,1,914
05331,"Sandip Foundation'S, Sandip Institute Of Engineering & Management, Nashik",Nashik,Un-Aided,Non-Autonomous,Savitribai Phule Pune University,Savitribai Phule Pune University,0533199510,Artificial Intelligence And Data Science,GOBCO,58089,82.3938224,Stage I,2025-26,1,914
05331,"Sandip Foundation'S, Sandip Institute Of Engineering & Management, Nashik",Nashik,Un-Aided,Non-Autonomous,Savitribai Phule Pune University,Savitribai Phule Pune University,0533199510,Artificial Intelligence And Data Science,GSEBCO,86112,72.8948543,Stage I,2025-26,1,914
05331,"Sandip Foundation'S, Sandip Institute Of Engineering & Management, Nashik",Nashik,Un-Aided,Non-Autonomous,Savitribai Phule Pune University,Savitribai Phule Pune University,0533199510,Artificial Intelligence And Data Science,LOPENO,65191,79.98947,Stage I,2025-26,1,914
05331,"Sandip Foundation'S, Sandip Institute Of Engineering & Management, Nashik",Nashik,Un-Aided,Non-Autonomous,Savitribai Phule Pune University,Savitribai Phule Pune University,0533199510,Artificial Intelligence And Data Science,LVJO,109471,63.4714222,Stage I,2025-26,1,914
05331,"Sandip Foundation'S, Sandip Institute Of Engineering & Management, Nashik",Nashik,Un-Aided,Non-Autonomous,Savitribai Phule Pune University,Savitribai Phule Pune University,0533199510,Artificial Intelligence And Data Science,LOBCO,68037,79.3730892,Stage I,2025-26,1,914
05331,"Sandip Foundation'S, Sandip Institute Of Engineering & Management, Nashik",Nashik,Un-Aided,Non-Autonomous,Savitribai Phule Pune University,Savitribai Phule Pune University,0533199510,Artificial Intelligence And Data Science,DEFOPENS,88874,71.6607627,Stage I,2025-26,1,914
05331,"Sandip Foundation'S, Sandip Institute Of Engineering & Management, Nashik",Nashik,Un-Aided,Non-Autonomous,Savitribai Phule Pune University,Savitribai Phule Pune University,0533199510,Artificial Intelligence And Data Science,TFWS,47071,85.9124978,Stage I,2025-26,1,914
05331,"Sandip Foundation'S, Sandip Institute Of Engineering & Management, Nashik",Nashik,Un-Aided,Non-Autonomous,Savitribai Phule Pune University,Savitribai Phule Pune University,0533199510,Artificial Intelligence And Data Science,DEFRSEBCS,116345,60.4378874,Stage I,2025-26,1,914
05331,"Sandip Foundation'S, Sandip Institute Of Engineering & Management, Nashik",Nashik,Un-Aided,Non-Autonomous,Savitribai Phule Pune University,Savitribai Phule Pune University,0533199510,Artificial Intelligence And Data Science,EWS,188670,15.8481365,Stage I,2025-26,1,914
05390,"K.V.N. Naik S. P. Sansth'S Loknete Gopinathji Munde Institute Of Engineering Education & Research, Nashik.",Nashik,Un-Aided,Non-Autonomous,Savitribai Phule Pune University,Savitribai Phule Pune University,0539019110,Civil Engineering,GOPENH,140292,49.1540892,Stage I,2025-26,1,943
05390,"K.V.N. Naik S. P. Sansth'S Loknete Gopinathji Munde Institute Of Engineering Education & Research, Nashik.",Nashik,Un-Aided,Non-Autonomous,Savitribai Phule Pune University,Savitribai Phule Pune University,0539019110,Civil Engineering,GSCH,179599,22.9939635,Stage I,2025-26,1,943
05390,"K.V.N. Naik S. P. Sansth'S Loknete Gopinathji Munde Institute Of Engineering Education & Research, Nashik.",Nashik,Un-Aided,Non-Autonomous,Savitribai Phule Pune University,Savitribai Phule Pune University,0539019110,Civil Engineering,GSTH,185253,18.9335664,Stage I,2025-26,1,943
05390,"K.V.N. Naik S. P. Sansth'S Loknete Gopinathji Munde Institute Of Engineering Education & Research, Nashik.",Nashik,Un-Aided,Non-Autonomous,Savitribai Phule Pune University,Savitribai Phule Pune University,0539019110,Civil Engineering,GNT1H,156627,39.3601986,Stage I,2025-26,1,943
05390,"K.V.N. Naik S. P. Sansth'S Loknete Gopinathji Munde Institute Of Engineering Education & Research, Nashik.",Nashik,Un-Aided,Non-Autonomous,Savitribai Phule Pune University,Savitribai Phule Pune University,0539019110,Civil Engineering,GNT3H,141336,47.8905633,Stage I,2025-26,1,943
05390,"K.V.N. Naik S. P. Sansth'S Loknete Gopinathji Munde Institute Of Engineering Education & Research, Nashik.",Nashik,Un-Aided,Non-Autonomous,Savitribai Phule Pune University,Savitribai Phule Pune University,0539019110,Civil Engineering,GOBCH,144905,46.3957696,Stage I,2025-26,1,943
05390,"K.V.N. Naik S. P. Sansth'S Loknete Gopinathji Munde Institute Of Engineering Education & Research, Nashik.",Nashik,Un-Aided,Non-Autonomous,Savitribai Phule Pune University,Savitribai Phule Pune University,0539019110,Civil Engineering,LOPENH,123421,57.4017459,Stage I,2025-26,1,943
05390,"K.V.N. Naik S. P. Sansth'S Loknete Gopinathji Munde Institute Of Engineering Education & Research, Nashik.",Nashik,Un-Aided,Non-Autonomous,Savitribai Phule Pune University,Savitribai Phule Pune University,0539019110,Civil Engineering,LSCH,184384,19.2944893,Stage I,2025-26,1,943
05390,"K.V.N. Naik S. P. Sansth'S Loknete Gopinathji Munde Institute Of Engineering Education & Research, Nashik.",Nashik,Un-Aided,Non-Autonomous,Savitribai Phule Pune University,Savitribai Phule Pune University,0539019110,Civil Engineering,LSTH,202929,1.1892861,Stage I,2025-26,1,943
05390,"K.V.N. Naik S. P. Sansth'S Loknete Gopinathji Munde Institute Of Engineering Education & Research, Nashik.",Nashik,Un-Aided,Non-Autonomous,Savitribai Phule Pune University,Savitribai Phule Pune University,0539019110,Civil Engineering,LOBCH,144520,46.6242967,Stage I,2025-26,1,943
05390,"K.V.N. Naik S. P. Sansth'S Loknete Gopinathji Munde Institute Of Engineering Education & Research, Nashik.",Nashik,Un-Aided,Non-Autonomous,Savitribai Phule Pune University,Savitribai Phule Pune University,0539019110,Civil Engineering,LVJH,195394,9.6906054,Stage II,2025-26,1,943
05390,"K.V.N. Naik S. P. Sansth'S Loknete Gopinathji Munde Institute Of Engineering Education & Research, Nashik.",Nashik,Un-Aided,Non-Autonomous,Savitribai Phule Pune University,Savitribai Phule Pune University,0539019110,Civil Engineering,LNT1H,193667,11.1969965,Stage I,2025-26,1,943
05390,"K.V.N. Naik S. P. Sansth'S Loknete Gopinathji Munde Institute Of Engineering Education & Research, Nashik.",Nashik,Un-Aided,Non-Autonomous,Savitribai Phule Pune University,Savitribai Phule Pune University,0539019110,Civil Engineering,LNT2H,168085,32.0884521,Stage II,2025-26,1,943
05390,"K.V.N. Naik S. P. Sansth'S Loknete Gopinathji Munde Institute Of Engineering Education & Research, Nashik.",Nashik,Un-Aided,Non-Autonomous,Savitribai Phule Pune University,Savitribai Phule Pune University,0539019110,Civil Engineering,GOPENO,148313,43.9154166,Stage I,2025-26,1,943
05390,"K.V.N. Naik S. P. Sansth'S Loknete Gopinathji Munde Institute Of Engineering Education & Research, Nashik.",Nashik,Un-Aided,Non-Autonomous,Savitribai Phule Pune University,Savitribai Phule Pune University,0539019110,Civil Engineering,GOBCO,151420,42.7403863,Stage I,2025-26,1,943
05390,"K.V.N. Naik S. P. Sansth'S Loknete Gopinathji Munde Institute Of Engineering Education & Research, Nashik.",Nashik,Un-Aided,Non-Autonomous,Savitribai Phule Pune University,Savitribai Phule Pune University,0539019110,Civil Engineering,LOPENO,135649,50.9683037,Stage I,2025-26,1,943
05390,"K.V.N. Naik S. P. Sansth'S Loknete Gopinathji Munde Institute Of Engineering Education & Research, Nashik.",Nashik,Un-Aided,Non-Autonomous,Savitribai Phule Pune University,Savitribai Phule Pune University,0539019110,Civil Engineering,LSCO,175022,26.6274079,Stage I,2025-26,1,943
05390,"K.V.N. Naik S. P. Sansth'S Loknete Gopinathji Munde Institute Of Engineering Education & Research, Nashik.",Nashik,Un-Aided,Non-Autonomous,Savitribai Phule Pune University,Savitribai Phule Pune University,0539019110,Civil Engineering,LOBCO,171295,29.2375397,Stage I,2025-26,1,943
05390,"K.V.N. Naik S. P. Sansth'S Loknete Gopinathji Munde Institute Of Engineering Education & Research, Nashik.",Nashik,Un-Aided,Non-Autonomous,Savitribai Phule Pune University,Savitribai Phule Pune University,0539019110,Civil Engineering,GSTO,166456,32.5451434,Stage I,2025-26,1,943
05390,"K.V.N. Naik S. P. Sansth'S Loknete Gopinathji Munde Institute Of Engineering Education & Research, Nashik.",Nashik,Un-Aided,Non-Autonomous,Savitribai Phule Pune University,Savitribai Phule Pune University,0539019110,Civil Engineering,TFWS,130902,53.6771201,Stage I,2025-26,1,943
05390,"K.V.N. Naik S. P. Sansth'S Loknete Gopinathji Munde Institute Of Engineering Education & Research, Nashik.",Nashik,Un-Aided,Non-Autonomous,Savitribai Phule Pune University,Savitribai Phule Pune University,0539024510,Computer Engineering,GOPENH,74742,76.9213781,Stage I,2025-26,1,944
05390,"K.V.N. Naik S. P. Sansth'S Loknete Gopinathji Munde Institute Of Engineering Education & Research, Nashik.",Nashik,Un-Aided,Non-Autonomous,Savitribai Phule Pune University,Savitribai Phule Pune University,0539024510,Computer Engineering,GSCH,120368,58.6907687,Stage I,2025-26,1,944
05390,"K.V.N. Naik S. P. Sansth'S Loknete Gopinathji Munde Institute Of Engineering Education & Research, Nashik.",Nashik,Un-Aided,Non-Autonomous,Savitribai Phule Pune University,Savitribai Phule Pune University,0539024510,Computer Engineering,GSTH,178921,23.4701479,Stage I,2025-26,1,944
05390,"K.V.N. Naik S. P. Sansth'S Loknete Gopinathji Munde Institute Of Engineering Education & Research, Nashik.",Nashik,Un-Aided,Non-Autonomous,Savitribai Phule Pune University,Savitribai Phule Pune University,0539024510,Computer Engineering,GVJH,111786,62.1412608,Stage I,2025-26,1,944
05390,"K.V.N. Naik S. P. Sansth'S Loknete Gopinathji Munde Institute Of Engineering Education & Research, Nashik.",Nashik,Un-Aided,Non-Autonomous,Savitribai Phule Pune University,Savitribai Phule Pune University,0539024510,Computer Engineering,GNT2H,110636,63.200058,Stage I,2025-26,1,944
05390,"K.V.N. Naik S. P. Sansth'S Loknete Gopinathji Munde Institute Of Engineering Education & Research, Nashik.",Nashik,Un-Aided,Non-Autonomous,Savitribai Phule Pune University,Savitribai Phule Pune University,0539024510,Computer Engineering,GOBCH,82497,73.8000589,Stage I,2025-26,1,944
05390,"K.V.N. Naik S. P. Sansth'S Loknete Gopinathji Munde Institute Of Engineering Education & Research, Nashik.",Nashik,Un-Aided,Non-Autonomous,Savitribai Phule Pune University,Savitribai Phule Pune University,0539024510,Computer Engineering,GSEBCH,155766,39.7546871,Stage I,2025-26,1,944
05390,"K.V.N. Naik S. P. Sansth'S Loknete Gopinathji Munde Institute Of Engineering Education & Research, Nashik.",Nashik,Un-Aided,Non-Autonomous,Savitribai Phule Pune University,Savitribai Phule Pune University,0539024510,Computer Engineering,LOPENH,71243,78.272232,Stage I,2025-26,1,944
05390,"K.V.N. Naik S. P. Sansth'S Loknete Gopinathji Munde Institute Of Engineering Education & Research, Nashik.",Nashik,Un-Aided,Non-Autonomous,Savitribai Phule Pune University,Savitribai Phule Pune University,0539024510,Computer Engineering,LSCH,111555,62.8632493,Stage I,2025-26,1,944
05390,"K.V.N. Naik S. P. Sansth'S Loknete Gopinathji Munde Institute Of Engineering Education & Research, Nashik.",Nashik,Un-Aided,Non-Autonomous,Savitribai Phule Pune University,Savitribai Phule Pune University,0539024510,Computer Engineering,LSTH,149169,43.658874,Stage I,2025-26,1,944
05390,"K.V.N. Naik S. P. Sansth'S Loknete Gopinathji Munde Institute Of Engineering Education & Research, Nashik.",Nashik,Un-Aided,Non-Autonomous,Savitribai Phule Pune University,Savitribai Phule Pune University,0539024510,Computer Engineering,LOBCH,76002,76.7635852,Stage I,2025-26,1,944
05390,"K.V.N. Naik S. P. Sansth'S Loknete Gopinathji Munde Institute Of Engineering Education & Research, Nashik.",Nashik,Un-Aided,Non-Autonomous,Savitribai Phule Pune University,Savitribai Phule Pune University,0539024510,Computer Engineering,LSEBCH,150030,43.4652257,Stage I,2025-26,1,944
05390,"K.V.N. Naik S. P. Sansth'S Loknete Gopinathji Munde Institute Of Engineering Education & Research, Nashik.",Nashik,Un-Aided,Non-Autonomous,Savitribai Phule Pune University,Savitribai Phule Pune University,0539024510,Computer Engineering,GOPENO,76994,75.8001957,Stage I,2025-26,1,944
05390,"K.V.N. Naik S. P. Sansth'S Loknete Gopinathji Munde Institute Of Engineering Education & Research, Nashik.",Nashik,Un-Aided,Non-Autonomous,Savitribai Phule Pune University,Savitribai Phule Pune University,0539024510,Computer Engineering,GSCO,129042,54.4314351,Stage I,2025-26,1,944
05390,"K.V.N. Naik S. P. Sansth'S Loknete Gopinathji Munde Institute Of Engineering Education & Research, Nashik.",Nashik,Un-Aided,Non-Autonomous,Savitribai Phule Pune University,Savitribai Phule Pune University,0539024510,Computer Engineering,GVJO,112684,62.0615406,Stage I,2025-26,1,944
05390,"K.V.N. Naik S. P. Sansth'S Loknete Gopinathji Munde Institute Of Engineering Education & Research, Nashik.",Nashik,Un-Aided,Non-Autonomous,Savitribai Phule Pune University,Savitribai Phule Pune University,0539024510,Computer Engineering,GNT1O,100900,66.9498069,Stage I,2025-26,1,944
05390,"K.V.N. Naik S. P. Sansth'S Loknete Gopinathji Munde Institute Of Engineering Education & Research, Nashik.",Nashik,Un-Aided,Non-Autonomous,Savitribai Phule Pune University,Savitribai Phule Pune University,0539024510,Computer Engineering,GNT3O,101749,66.4263323,Stage I,2025-26,1,944
05390,"K.V.N. Naik S. P. Sansth'S Loknete Gopinathji Munde Institute Of Engineering Education & Research, Nashik.",Nashik,Un-Aided,Non-Autonomous,Savitribai Phule Pune University,Savitribai Phule Pune University,0539024510,Computer Engineering,GOBCO,84016,73.6159498,Stage I,2025-26,1,944
05390,"K.V.N. Naik S. P. Sansth'S Loknete Gopinathji Munde Institute Of Engineering Education & Research, Nashik.",Nashik,Un-Aided,Non-Autonomous,Savitribai Phule Pune University,Savitribai Phule Pune University,0539024510,Computer Engineering,LOPENO,71866,78.1688442,Stage I,2025-26,1,944
05390,"K.V.N. Naik S. P. Sansth'S Loknete Gopinathji Munde Institute Of Engineering Education & Research, Nashik.",Nashik,Un-Aided,Non-Autonomous,Savitribai Phule Pune University,Savitribai Phule Pune University,0539024510,Computer Engineering,LSCO,113459,61.6834321,Stage I,2025-26,1,944
05390,"K.V.N. Naik S. P. Sansth'S Loknete Gopinathji Munde Institute Of Engineering Education & Research, Nashik.",Nashik,Un-Aided,Non-Autonomous,Savitribai Phule Pune University,Savitribai Phule Pune University,0539024510,Computer Engineering,LSEBCO,110498,63.200058,Stage I,2025-26,1,944
05390,"K.V.N. Naik S. P. Sansth'S Loknete Gopinathji Munde Institute Of Engineering Education & Research, Nashik.",Nashik,Un-Aided,Non-Autonomous,Savitribai Phule Pune University,Savitribai Phule Pune University,0539024510,Computer Engineering,DEFOPENS,179862,22.8933117,Stage I,2025-26,1,944
05390,"K.V.N. Naik S. P. Sansth'S Loknete Gopinathji Munde Institute Of Engineering Education & Research, Nashik.",Nashik,Un-Aided,Non-Autonomous,Savitribai Phule Pune University,Savitribai Phule Pune University,0539024510,Computer Engineering,TFWS,63264,80.8599071,Stage I,2025-26,1,944
05390,"K.V.N. Naik S. P. Sansth'S Loknete Gopinathji Munde Institute Of Engineering Education & Research, Nashik.",Nashik,Un-Aided,Non-Autonomous,Savitribai Phule Pune University,Savitribai Phule Pune University,0539024510,Computer Engineering,EWS,191163,13.4300699,Stage I,2025-26,1,944
05390,"K.V.N. Naik S. P. Sansth'S Loknete Gopinathji Munde Institute Of Engineering Education & Research, Nashik.",Nashik,Un-Aided,Non-Autonomous,Savitribai Phule Pune University,Savitribai Phule Pune University,0539024610,Information Technology,GOPENH,91086,71.0971787,Stage I,2025-26,1,945
05390,"K.V.N. Naik S. P. Sansth'S Loknete Gopinathji Munde Institute Of Engineering Education & Research, Nashik.",Nashik,Un-Aided,Non-Autonomous,Savitribai Phule Pune University,Savitribai Phule Pune University,0539024610,Information Technology,GSCH,141395,47.8905633,Stage I,2025-26,1,945
05390,"K.V.N. Naik S. P. Sansth'S Loknete Gopinathji Munde Institute Of Engineering Education & Research, Nashik.",Nashik,Un-Aided,Non-Autonomous,Savitribai Phule Pune University,Savitribai Phule Pune University,0539024610,Information Technology,GSTH,178053,24.8659004,Stage I,2025-26,1,945
05390,"K.V.N. Naik S. P. Sansth'S Loknete Gopinathji Munde Institute Of Engineering Education & Research, Nashik.",Nashik,Un-Aided,Non-Autonomous,Savitribai Phule Pune University,Savitribai Phule Pune University,0539024610,Information Technology,GVJH,122860,57.4376852,Stage I,2025-26,1,945
05390,"K.V.N. Naik S. P. Sansth'S Loknete Gopinathji Munde Institute Of Engineering Education & Research, Nashik.",Nashik,Un-Aided,Non-Autonomous,Savitribai Phule Pune University,Savitribai Phule Pune University,0539024610,Information Technology,GNT1H,115940,60.634478,Stage I,2025-26,1,945
05390,"K.V.N. Naik S. P. Sansth'S Loknete Gopinathji Munde Institute Of Engineering Education & Research, Nashik.",Nashik,Un-Aided,Non-Autonomous,Savitribai Phule Pune University,Savitribai Phule Pune University,0539024610,Information Technology,GNT2H,128140,54.5872518,Stage I,2025-26,1,945
05390,"K.V.N. Naik S. P. Sansth'S Loknete Gopinathji Munde Institute Of Engineering Education & Research, Nashik.",Nashik,Un-Aided,Non-Autonomous,Savitribai Phule Pune University,Savitribai Phule Pune University,0539024610,Information Technology,GOBCH,94518,69.4936445,Stage I,2025-26,1,945
05390,"K.V.N. Naik S. P. Sansth'S Loknete Gopinathji Munde Institute Of Engineering Education & Research, Nashik.",Nashik,Un-Aided,Non-Autonomous,Savitribai Phule Pune University,Savitribai Phule Pune University,0539024610,Information Technology,GSEBCH,171955,28.984931,Stage I,2025-26,1,945
05390,"K.V.N. Naik S. P. Sansth'S Loknete Gopinathji Munde Institute Of Engineering Education & Research, Nashik.",Nashik,Un-Aided,Non-Autonomous,Savitribai Phule Pune University,Savitribai Phule Pune University,0539024610,Information Technology,LOPENH,86715,72.6730266,Stage I,2025-26,1,945
05390,"K.V.N. Naik S. P. Sansth'S Loknete Gopinathji Munde Institute Of Engineering Education & Research, Nashik.",Nashik,Un-Aided,Non-Autonomous,Savitribai Phule Pune University,Savitribai Phule Pune University,0539024610,Information Technology,LSCH,136926,50.5909012,Stage I,2025-26,1,945
05390,"K.V.N. Naik S. P. Sansth'S Loknete Gopinathji Munde Institute Of Engineering Education & Research, Nashik.",Nashik,Un-Aided,Non-Autonomous,Savitribai Phule Pune University,Savitribai Phule Pune University,0539024610,Information Technology,LVJH,154663,40.0432529,Stage I,2025-26,1,945
05390,"K.V.N. Naik S. P. Sansth'S Loknete Gopinathji Munde Institute Of Engineering Education & Research, Nashik.",Nashik,Un-Aided,Non-Autonomous,Savitribai Phule Pune University,Savitribai Phule Pune University,0539024610,Information Technology,LNT3H,101531,66.9039004,Stage I,2025-26,1,945
05390,"K.V.N. Naik S. P. Sansth'S Loknete Gopinathji Munde Institute Of Engineering Education & Research, Nashik.",Nashik,Un-Aided,Non-Autonomous,Savitribai Phule Pune University,Savitribai Phule Pune University,0539024610,Information Technology,LOBCH,87216,72.3760958,Stage I,2025-26,1,945
05390,"K.V.N. Naik S. P. Sansth'S Loknete Gopinathji Munde Institute Of Engineering Education & Research, Nashik.",Nashik,Un-Aided,Non-Autonomous,Savitribai Phule Pune University,Savitribai Phule Pune University,0539024610,Information Technology,LSEBCH,83392,73.6345056,Stage I,2025-26,1,945
05390,"K.V.N. Naik S. P. Sansth'S Loknete Gopinathji Munde Institute Of Engineering Education & Research, Nashik.",Nashik,Un-Aided,Non-Autonomous,Savitribai Phule Pune University,Savitribai Phule Pune University,0539024610,Information Technology,GOPENO,85593,73.1347962,Stage I,2025-26,1,945
05390,"K.V.N. Naik S. P. Sansth'S Loknete Gopinathji Munde Institute Of Engineering Education & Research, Nashik.",Nashik,Un-Aided,Non-Autonomous,Savitribai Phule Pune University,Savitribai Phule Pune University,0539024610,Information Technology,GSCO,95699,69.2179237,Stage I,2025-26,1,945
05390,"K.V.N. Naik S. P. Sansth'S Loknete Gopinathji Munde Institute Of Engineering Education & Research, Nashik.",Nashik,Un-Aided,Non-Autonomous,Savitribai Phule Pune University,Savitribai Phule Pune University,0539024610,Information Technology,GNT2O,121050,58.2180677,Stage I,2025-26,1,945
05390,"K.V.N. Naik S. P. Sansth'S Loknete Gopinathji Munde Institute Of Engineering Education & Research, Nashik.",Nashik,Un-Aided,Non-Autonomous,Savitribai Phule Pune University,Savitribai Phule Pune University,0539024610,Information Technology,GOBCO,89608,71.5562808,Stage I,2025-26,1,945
05390,"K.V.N. Naik S. P. Sansth'S Loknete Gopinathji Munde Institute Of Engineering Education & Research, Nashik.",Nashik,Un-Aided,Non-Autonomous,Savitribai Phule Pune University,Savitribai Phule Pune University,0539024610,Information Technology,GSEBCO,103630,65.8992965,Stage I,2025-26,1,945
05390,"K.V.N. Naik S. P. Sansth'S Loknete Gopinathji Munde Institute Of Engineering Education & Research, Nashik.",Nashik,Un-Aided,Non-Autonomous,Savitribai Phule Pune University,Savitribai Phule Pune University,0539024610,Information Technology,LOPENO,70009,78.5512207,Stage I,2025-26,1,945
05390,"K.V.N. Naik S. P. Sansth'S Loknete Gopinathji Munde Institute Of Engineering Education & Research, Nashik.",Nashik,Un-Aided,Non-Autonomous,Savitribai Phule Pune University,Savitribai Phule Pune University,0539024610,Information Technology,LOBCO,85536,73.1347962,Stage I,2025-26,1,945
05390,"K.V.N. Naik S. P. Sansth'S Loknete Gopinathji Munde Institute Of Engineering Education & Research, Nashik.",Nashik,Un-Aided,Non-Autonomous,Savitribai Phule Pune University,Savitribai Phule Pune University,0539024610,Information Technology,DEFOPENS,115596,60.634478,Stage I,2025-26,1,945
05390,"K.V.N. Naik S. P. Sansth'S Loknete Gopinathji Munde Institute Of Engineering Education & Research, Nashik.",Nashik,Un-Aided,Non-Autonomous,Savitribai Phule Pune University,Savitribai Phule Pune University,0539024610,Information Technology,TFWS,83649,73.6328536,Stage I,2025-26,1,945
05390,"K.V.N. Naik S. P. Sansth'S Loknete Gopinathji Munde Institute Of Engineering Education & Research, Nashik.",Nashik,Un-Aided,Non-Autonomous,Savitribai Phule Pune University,Savitribai Phule Pune University,0539029310,Electrical Engineering,GOPENH,134011,51.7009371,Stage I,2025-26,1,946
05390,"K.V.N. Naik S. P. Sansth'S Loknete Gopinathji Munde Institute Of Engineering Education & Research, Nashik.",Nashik,Un-Aided,Non-Autonomous,Savitribai Phule Pune University,Savitribai Phule Pune University,0539029310,Electrical Engineering,GSCH,199425,5.4917171,Stage I,2025-26,1,946
05390,"K.V.N. Naik S. P. Sansth'S Loknete Gopinathji Munde Institute Of Engineering Education & Research, Nashik.",Nashik,Un-Aided,Non-Autonomous,Savitribai Phule Pune University,Savitribai Phule Pune University,0539029310,Electrical Engineering,GVJH,187041,17.2365618,Stage I,2025-26,1,946
05390,"K.V.N. Naik S. P. Sansth'S Loknete Gopinathji Munde Institute Of Engineering Education & Research, Nashik.",Nashik,Un-Aided,Non-Autonomous,Savitribai Phule Pune University,Savitribai Phule Pune University,0539029310,Electrical Engineering,GNT1H,143652,47.0502678,Stage I,2025-26,1,946
05390,"K.V.N. Naik S. P. Sansth'S Loknete Gopinathji Munde Institute Of Engineering Education & Research, Nashik.",Nashik,Un-Aided,Non-Autonomous,Savitribai Phule Pune University,Savitribai Phule Pune University,0539029310,Electrical Engineering,GNT3H,137819,50.3223138,Stage I,2025-26,1,946
05390,"K.V.N. Naik S. P. Sansth'S Loknete Gopinathji Munde Institute Of Engineering Education & Research, Nashik.",Nashik,Un-Aided,Non-Autonomous,Savitribai Phule Pune University,Savitribai Phule Pune University,0539029310,Electrical Engineering,GOBCH,141262,47.8905633,Stage I,2025-26,1,946
05390,"K.V.N. Naik S. P. Sansth'S Loknete Gopinathji Munde Institute Of Engineering Education & Research, Nashik.",Nashik,Un-Aided,Non-Autonomous,Savitribai Phule Pune University,Savitribai Phule Pune University,0539029310,Electrical Engineering,GSEBCH,195976,9.0142807,Stage I,2025-26,1,946
05390,"K.V.N. Naik S. P. Sansth'S Loknete Gopinathji Munde Institute Of Engineering Education & Research, Nashik.",Nashik,Un-Aided,Non-Autonomous,Savitribai Phule Pune University,Savitribai Phule Pune University,0539029310,Electrical Engineering,LOPENH,129773,54.0903901,Stage I,2025-26,1,946
05390,"K.V.N. Naik S. P. Sansth'S Loknete Gopinathji Munde Institute Of Engineering Education & Research, Nashik.",Nashik,Un-Aided,Non-Autonomous,Savitribai Phule Pune University,Savitribai Phule Pune University,0539029310,Electrical Engineering,LSCH,160637,36.1811489,Stage I,2025-26,1,946
05390,"K.V.N. Naik S. P. Sansth'S Loknete Gopinathji Munde Institute Of Engineering Education & Research, Nashik.",Nashik,Un-Aided,Non-Autonomous,Savitribai Phule Pune University,Savitribai Phule Pune University,0539029310,Electrical Engineering,LNT2H,178820,24.6987745,Stage I,2025-26,1,946
05390,"K.V.N. Naik S. P. Sansth'S Loknete Gopinathji Munde Institute Of Engineering Education & Research, Nashik.",Nashik,Un-Aided,Non-Autonomous,Savitribai Phule Pune University,Savitribai Phule Pune University,0539029310,Electrical Engineering,LOBCH,132651,52.8806012,Stage I,2025-26,1,946
05390,"K.V.N. Naik S. P. Sansth'S Loknete Gopinathji Munde Institute Of Engineering Education & Research, Nashik.",Nashik,Un-Aided,Non-Autonomous,Savitribai Phule Pune University,Savitribai Phule Pune University,0539029310,Electrical Engineering,GOPENO,135678,50.9683037,Stage I,2025-26,1,946
05390,"K.V.N. Naik S. P. Sansth'S Loknete Gopinathji Munde Institute Of Engineering Education & Research, Nashik.",Nashik,Un-Aided,Non-Autonomous,Savitribai Phule Pune University,Savitribai Phule Pune University,0539029310,Electrical Engineering,GVJO,196575,8.5366296,Stage I,2025-26,1,946
05390,"K.V.N. Naik S. P. Sansth'S Loknete Gopinathji Munde Institute Of Engineering Education & Research, Nashik.",Nashik,Un-Aided,Non-Autonomous,Savitribai Phule Pune University,Savitribai Phule Pune University,0539029310,Electrical Engineering,GOBCO,143832,47.0502678,Stage I,2025-26,1,946
05390,"K.V.N. Naik S. P. Sansth'S Loknete Gopinathji Munde Institute Of Engineering Education & Research, Nashik.",Nashik,Un-Aided,Non-Autonomous,Savitribai Phule Pune University,Savitribai Phule Pune University,0539029310,Electrical Engineering,LOPENO,127190,55.2744499,Stage I,2025-26,1,946
05390,"K.V.N. Naik S. P. Sansth'S Loknete Gopinathji Munde Institute Of Engineering Education & Research, Nashik.",Nashik,Un-Aided,Non-Autonomous,Savitribai Phule Pune University,Savitribai Phule Pune University,0539029310,Electrical Engineering,LOBCO,130203,53.7591782,Stage I,2025-26,1,946
05390,"K.V.N. Naik S. P. Sansth'S Loknete Gopinathji Munde Institute Of Engineering Education & Research, Nashik.",Nashik,Un-Aided,Non-Autonomous,Savitribai Phule Pune University,Savitribai Phule Pune University,0539029310,Electrical Engineering,GSCO,190925,13.9047479,Stage I,2025-26,1,946
05390,"K.V.N. Naik S. P. Sansth'S Loknete Gopinathji Munde Institute Of Engineering Education & Research, Nashik.",Nashik,Un-Aided,Non-Autonomous,Savitribai Phule Pune University,Savitribai Phule Pune University,0539029310,Electrical Engineering,TFWS,111948,62.1412608,Stage I,2025-26,1,946
05390,"K.V.N. Naik S. P. Sansth'S Loknete Gopinathji Munde Institute Of Engineering Education & Research, Nashik.",Nashik,Un-Aided,Non-Autonomous,Savitribai Phule Pune University,Savitribai Phule Pune University,0539061210,Mechanical Engineering,GOPENH,132848,52.5968356,Stage I,2025-26,1,947
05390,"K.V.N. Naik S. P. Sansth'S Loknete Gopinathji Munde Institute Of Engineering Education & Research, Nashik.",Nashik,Un-Aided,Non-Autonomous,Savitribai Phule Pune University,Savitribai Phule Pune University,0539061210,Mechanical Engineering,GSCH,187278,16.860405,Stage I,2025-26,1,947
05390,"K.V.N. Naik S. P. Sansth'S Loknete Gopinathji Munde Institute Of Engineering Education & Research, Nashik.",Nashik,Un-Aided,Non-Autonomous,Savitribai Phule Pune University,Savitribai Phule Pune University,0539061210,Mechanical Engineering,GSTH,162010,35.9909439,Stage I,2025-26,1,947
05390,"K.V.N. Naik S. P. Sansth'S Loknete Gopinathji Munde Institute Of Engineering Education & Research, Nashik.",Nashik,Un-Aided,Non-Autonomous,Savitribai Phule Pune University,Savitribai Phule Pune University,0539061210,Mechanical Engineering,GNT2H,144094,46.7613499,Stage I,2025-26,1,947
05390,"K.V.N. Naik S. P. Sansth'S Loknete Gopinathji Munde Institute Of Engineering Education & Research, Nashik.",Nashik,Un-Aided,Non-Autonomous,Savitribai Phule Pune University,Savitribai Phule Pune University,0539061210,Mechanical Engineering,GOBCH,134564,51.57164,Stage I,2025-26,1,947
05390,"K.V.N. Naik S. P. Sansth'S Loknete Gopinathji Munde Institute Of Engineering Education & Research, Nashik.",Nashik,Un-Aided,Non-Autonomous,Savitribai Phule Pune University,Savitribai Phule Pune University,0539061210,Mechanical Engineering,LOPENH,130201,53.7591782,Stage I,2025-26,1,947
05390,"K.V.N. Naik S. P. Sansth'S Loknete Gopinathji Munde Institute Of Engineering Education & Research, Nashik.",Nashik,Un-Aided,Non-Autonomous,Savitribai Phule Pune University,Savitribai Phule Pune University,0539061210,Mechanical Engineering,LSCH,172105,28.9513426,Stage I,2025-26,1,947
05390,"K.V.N. Naik S. P. Sansth'S Loknete Gopinathji Munde Institute Of Engineering Education & Research, Nashik.",Nashik,Un-Aided,Non-Autonomous,Savitribai Phule Pune University,Savitribai Phule Pune University,0539061210,Mechanical Engineering,LOBCH,141581,47.8015007,Stage I,2025-26,1,947
05390,"K.V.N. Naik S. P. Sansth'S Loknete Gopinathji Munde Institute Of Engineering Education & Research, Nashik.",Nashik,Un-Aided,Non-Autonomous,Savitribai Phule Pune University,Savitribai Phule Pune University,0539061210,Mechanical Engineering,GOPENO,143935,47.0502678,Stage I,2025-26,1,947
05390,"K.V.N. Naik S. P. Sansth'S Loknete Gopinathji Munde Institute Of Engineering Education & Research, Nashik.",Nashik,Un-Aided,Non-Autonomous,Savitribai Phule Pune University,Savitribai Phule Pune University,0539061210,Mechanical Engineering,GSCO,175588,25.968356,Stage I,2025-26,1,947
05390,"K.V.N. Naik S. P. Sansth'S Loknete Gopinathji Munde Institute Of Engineering Education & Research, Nashik.",Nashik,Un-Aided,Non-Autonomous,Savitribai Phule Pune University,Savitribai Phule Pune University,0539061210,Mechanical Engineering,GNT3O,172971,28.4151863,Stage I,2025-26,1,947
05390,"K.V.N. Naik S. P. Sansth'S Loknete Gopinathji Munde Institute Of Engineering Education & Research, Nashik.",Nashik,Un-Aided,Non-Autonomous,Savitribai Phule Pune University,Savitribai Phule Pune University,0539061210,Mechanical Engineering,GOBCO,148006,43.9154166,Stage I,2025-26,1,947
05390,"K.V.N. Naik S. P. Sansth'S Loknete Gopinathji Munde Institute Of Engineering Education & Research, Nashik.",Nashik,Un-Aided,Non-Autonomous,Savitribai Phule Pune University,Savitribai Phule Pune University,0539061210,Mechanical Engineering,GSEBCO,187259,16.860405,Stage I,2025-26,1,947
05390,"K.V.N. Naik S. P. Sansth'S Loknete Gopinathji Munde Institute Of Engineering Education & Research, Nashik.",Nashik,Un-Aided,Non-Autonomous,Savitribai Phule Pune University,Savitribai Phule Pune University,0539061210,Mechanical Engineering,LOPENO,140675,48.5587427,Stage I,2025-26,1,947
05390,"K.V.N. Naik S. P. Sansth'S Loknete Gopinathji Munde Institute Of Engineering Education & Research, Nashik.",Nashik,Un-Aided,Non-Autonomous,Savitribai Phule Pune University,Savitribai Phule Pune University,0539061210,Mechanical Engineering,LSCO,193607,11.1969965,Stage I,2025-26,1,947
05390,"K.V.N. Naik S. P. Sansth'S Loknete Gopinathji Munde Institute Of Engineering Education & Research, Nashik.",Nashik,Un-Aided,Non-Autonomous,Savitribai Phule Pune University,Savitribai Phule Pune University,0539061210,Mechanical Engineering,LNT2O,170985,29.4125763,Stage I,2025-26,1,947
05390,"K.V.N. Naik S. P. Sansth'S Loknete Gopinathji Munde Institute Of Engineering Education & Research, Nashik.",Nashik,Un-Aided,Non-Autonomous,Savitribai Phule Pune University,Savitribai Phule Pune University,0539061210,Mechanical Engineering,LNT1O,174594,26.7336064,Stage II,2025-26,1,947
05390,"K.V.N. Naik S. P. Sansth'S Loknete Gopinathji Munde Institute Of Engineering Education & Research, Nashik.",Nashik,Un-Aided,Non-Autonomous,Savitribai Phule Pune University,Savitribai Phule Pune University,0539061210,Mechanical Engineering,TFWS,136219,50.7016833,Stage I,2025-26,1,947
05390,"K.V.N. Naik S. P. Sansth'S Loknete Gopinathji Munde Institute Of Engineering Education & Research, Nashik.",Nashik,Un-Aided,Non-Autonomous,Savitribai Phule Pune University,Savitribai Phule Pune University,0539092110,Artificial Intelligence And Machine Learning,GOPENH,95198,69.3295893,Stage I,2025-26,1,948
05390,"K.V.N. Naik S. P. Sansth'S Loknete Gopinathji Munde Institute Of Engineering Education & Research, Nashik.",Nashik,Un-Aided,Non-Autonomous,Savitribai Phule Pune University,Savitribai Phule Pune University,0539092110,Artificial Intelligence And Machine Learning,GSCH,130728,53.6771201,Stage I,2025-26,1,948
05390,"K.V.N. Naik S. P. Sansth'S Loknete Gopinathji Munde Institute Of Engineering Education & Research, Nashik.",Nashik,Un-Aided,Non-Autonomous,Savitribai Phule Pune University,Savitribai Phule Pune University,0539092110,Artificial Intelligence And Machine Learning,GVJH,121722,57.8195751,Stage I,2025-26,1,948
05390,"K.V.N. Naik S. P. Sansth'S Loknete Gopinathji Munde Institute Of Engineering Education & Research, Nashik.",Nashik,Un-Aided,Non-Autonomous,Savitribai Phule Pune University,Savitribai Phule Pune University,0539092110,Artificial Intelligence And Machine Learning,GNT1H,100062,67.217709,Stage I,2025-26,1,948
05390,"K.V.N. Naik S. P. Sansth'S Loknete Gopinathji Munde Institute Of Engineering Education & Research, Nashik.",Nashik,Un-Aided,Non-Autonomous,Savitribai Phule Pune University,Savitribai Phule Pune University,0539092110,Artificial Intelligence And Machine Learning,GNT2H,105022,65.630713,Stage I,2025-26,1,948
05390,"K.V.N. Naik S. P. Sansth'S Loknete Gopinathji Munde Institute Of Engineering Education & Research, Nashik.",Nashik,Un-Aided,Non-Autonomous,Savitribai Phule Pune University,Savitribai Phule Pune University,0539092110,Artificial Intelligence And Machine Learning,GNT3H,96714,68.8687467,Stage I,2025-26,1,948
05390,"K.V.N. Naik S. P. Sansth'S Loknete Gopinathji Munde Institute Of Engineering Education & Research, Nashik.",Nashik,Un-Aided,Non-Autonomous,Savitribai Phule Pune University,Savitribai Phule Pune University,0539092110,Artificial Intelligence And Machine Learning,GOBCH,100847,66.9498069,Stage I,2025-26,1,948
05390,"K.V.N. Naik S. P. Sansth'S Loknete Gopinathji Munde Institute Of Engineering Education & Research, Nashik.",Nashik,Un-Aided,Non-Autonomous,Savitribai Phule Pune University,Savitribai Phule Pune University,0539092110,Artificial Intelligence And Machine Learning,GSEBCH,181650,22.0346747,Stage I,2025-26,1,948
05390,"K.V.N. Naik S. P. Sansth'S Loknete Gopinathji Munde Institute Of Engineering Education & Research, Nashik.",Nashik,Un-Aided,Non-Autonomous,Savitribai Phule Pune University,Savitribai Phule Pune University,0539092110,Artificial Intelligence And Machine Learning,LOPENH,72986,77.2287062,Stage I,2025-26,1,948
05390,"K.V.N. Naik S. P. Sansth'S Loknete Gopinathji Munde Institute Of Engineering Education & Research, Nashik.",Nashik,Un-Aided,Non-Autonomous,Savitribai Phule Pune University,Savitribai Phule Pune University,0539092110,Artificial Intelligence And Machine Learning,LSCH,148900,43.74434,Stage I,2025-26,1,948
05390,"K.V.N. Naik S. P. Sansth'S Loknete Gopinathji Munde Institute Of Engineering Education & Research, Nashik.",Nashik,Un-Aided,Non-Autonomous,Savitribai Phule Pune University,Savitribai Phule Pune University,0539092110,Artificial Intelligence And Machine Learning,LNT1H,74386,76.9322569,Stage I,2025-26,1,948
05390,"K.V.N. Naik S. P. Sansth'S Loknete Gopinathji Munde Institute Of Engineering Education & Research, Nashik.",Nashik,Un-Aided,Non-Autonomous,Savitribai Phule Pune University,Savitribai Phule Pune University,0539092110,Artificial Intelligence And Machine Learning,LOBCH,88632,71.6607627,Stage I,2025-26,1,948
05390,"K.V.N. Naik S. P. Sansth'S Loknete Gopinathji Munde Institute Of Engineering Education & Research, Nashik.",Nashik,Un-Aided,Non-Autonomous,Savitribai Phule Pune University,Savitribai Phule Pune University,0539092110,Artificial Intelligence And Machine Learning,LSEBCH,93491,70.2033567,Stage I,2025-26,1,948
05390,"K.V.N. Naik S. P. Sansth'S Loknete Gopinathji Munde Institute Of Engineering Education & Research, Nashik.",Nashik,Un-Aided,Non-Autonomous,Savitribai Phule Pune University,Savitribai Phule Pune University,0539092110,Artificial Intelligence And Machine Learning,GSTH,182148,21.5882968,Stage I,2025-26,1,948
05390,"K.V.N. Naik S. P. Sansth'S Loknete Gopinathji Munde Institute Of Engineering Education & Research, Nashik.",Nashik,Un-Aided,Non-Autonomous,Savitribai Phule Pune University,Savitribai Phule Pune University,0539092110,Artificial Intelligence And Machine Learning,GSEBCH,115031,60.9090909,Stage I,2025-26,1,948
05390,"K.V.N. Naik S. P. Sansth'S Loknete Gopinathji Munde Institute Of Engineering Education & Research, Nashik.",Nashik,Un-Aided,Non-Autonomous,Savitribai Phule Pune University,Savitribai Phule Pune University,0539092110,Artificial Intelligence And Machine Learning,GOPENO,90237,71.4755245,Stage I,2025-26,1,948
05390,"K.V.N. Naik S. P. Sansth'S Loknete Gopinathji Munde Institute Of Engineering Education & Research, Nashik.",Nashik,Un-Aided,Non-Autonomous,Savitribai Phule Pune University,Savitribai Phule Pune University,0539092110,Artificial Intelligence And Machine Learning,GSCO,125376,56.2929777,Stage I,2025-26,1,948
05390,"K.V.N. Naik S. P. Sansth'S Loknete Gopinathji Munde Institute Of Engineering Education & Research, Nashik.",Nashik,Un-Aided,Non-Autonomous,Savitribai Phule Pune University,Savitribai Phule Pune University,0539092110,Artificial Intelligence And Machine Learning,GNT2O,94755,69.4561708,Stage I,2025-26,1,948
05390,"K.V.N. Naik S. P. Sansth'S Loknete Gopinathji Munde Institute Of Engineering Education & Research, Nashik.",Nashik,Un-Aided,Non-Autonomous,Savitribai Phule Pune University,Savitribai Phule Pune University,0539092110,Artificial Intelligence And Machine Learning,GOBCO,95680,69.2179237,Stage I,2025-26,1,948
05390,"K.V.N. Naik S. P. Sansth'S Loknete Gopinathji Munde Institute Of Engineering Education & Research, Nashik.",Nashik,Un-Aided,Non-Autonomous,Savitribai Phule Pune University,Savitribai Phule Pune University,0539092110,Artificial Intelligence And Machine Learning,GSEBCO,106604,64.713186,Stage I,2025-26,1,948
05390,"K.V.N. Naik S. P. Sansth'S Loknete Gopinathji Munde Institute Of Engineering Education & Research, Nashik.",Nashik,Un-Aided,Non-Autonomous,Savitribai Phule Pune University,Savitribai Phule Pune University,0539092110,Artificial Intelligence And Machine Learning,LOPENO,92840,70.5005064,Stage I,2025-26,1,948
05390,"K.V.N. Naik S. P. Sansth'S Loknete Gopinathji Munde Institute Of Engineering Education & Research, Nashik.",Nashik,Un-Aided,Non-Autonomous,Savitribai Phule Pune University,Savitribai Phule Pune University,0539092110,Artificial Intelligence And Machine Learning,LSCO,127233,55.2744499,Stage I,2025-26,1,948
05390,"K.V.N. Naik S. P. Sansth'S Loknete Gopinathji Munde Institute Of Engineering Education & Research, Nashik.",Nashik,Un-Aided,Non-Autonomous,Savitribai Phule Pune University,Savitribai Phule Pune University,0539092110,Artificial Intelligence And Machine Learning,LSTO,189996,14.7567322,Stage II,2025-26,1,948
05390,"K.V.N. Naik S. P. Sansth'S Loknete Gopinathji Munde Institute Of Engineering Education & Research, Nashik.",Nashik,Un-Aided,Non-Autonomous,Savitribai Phule Pune University,Savitribai Phule Pune University,0539092110,Artificial Intelligence And Machine Learning,TFWS,85082,73.2612864,Stage I,2025-26,1,948
05390,"K.V.N. Naik S. P. Sansth'S Loknete Gopinathji Munde Institute Of Engineering Education & Research, Nashik.",Nashik,Un-Aided,Non-Autonomous,Savitribai Phule Pune University,Savitribai Phule Pune University,0539092110,Artificial Intelligence And Machine Learning,EWS,203450,0.4232921,Stage I,2025-26,1,948
05399,"Sanghavi College Of Engineering, Varvandi, Nashik.",Nashik,Un-Aided,Non-Autonomous,Savitribai Phule Pune University,Savitribai Phule Pune University,0539919110,Civil Engineering,GOPENH,162236,35.9295868,Stage I,2025-26,1,956
05399,"Sanghavi College Of Engineering, Varvandi, Nashik.",Nashik,Un-Aided,Non-Autonomous,Savitribai Phule Pune University,Savitribai Phule Pune University,0539919110,Civil Engineering,GSTH,162920,35.6771832,Stage I,2025-26,1,956
05399,"Sanghavi College Of Engineering, Varvandi, Nashik.",Nashik,Un-Aided,Non-Autonomous,Savitribai Phule Pune University,Savitribai Phule Pune University,0539919110,Civil Engineering,GOBCH,179570,22.9939635,Stage I,2025-26,1,956
05399,"Sanghavi College Of Engineering, Varvandi, Nashik.",Nashik,Un-Aided,Non-Autonomous,Savitribai Phule Pune University,Savitribai Phule Pune University,0539919110,Civil Engineering,LOPENH,155793,39.6653303,Stage I,2025-26,1,956
05399,"Sanghavi College Of Engineering, Varvandi, Nashik.",Nashik,Un-Aided,Non-Autonomous,Savitribai Phule Pune University,Savitribai Phule Pune University,0539919110,Civil Engineering,LSCH,180357,22.4248107,Stage I,2025-26,1,956
05399,"Sanghavi College Of Engineering, Varvandi, Nashik.",Nashik,Un-Aided,Non-Autonomous,Savitribai Phule Pune University,Savitribai Phule Pune University,0539919110,Civil Engineering,LOBCH,158864,38.2479385,Stage I,2025-26,1,956
05399,"Sanghavi College Of Engineering, Varvandi, Nashik.",Nashik,Un-Aided,Non-Autonomous,Savitribai Phule Pune University,Savitribai Phule Pune University,0539919110,Civil Engineering,LSTH,186660,17.7120141,Stage II,2025-26,1,956
05399,"Sanghavi College Of Engineering, Varvandi, Nashik.",Nashik,Un-Aided,Non-Autonomous,Savitribai Phule Pune University,Savitribai Phule Pune University,0539919110,Civil Engineering,LSCH,203086,1.0219184,Stage I,2025-26,1,956
05399,"Sanghavi College Of Engineering, Varvandi, Nashik.",Nashik,Un-Aided,Non-Autonomous,Savitribai Phule Pune University,Savitribai Phule Pune University,0539919110,Civil Engineering,GOPENO,175487,25.968356,Stage I,2025-26,1,956
05399,"Sanghavi College Of Engineering, Varvandi, Nashik.",Nashik,Un-Aided,Non-Autonomous,Savitribai Phule Pune University,Savitribai Phule Pune University,0539919110,Civil Engineering,GVJO,183882,19.7061157,Stage I,2025-26,1,956
05399,"Sanghavi College Of Engineering, Varvandi, Nashik.",Nashik,Un-Aided,Non-Autonomous,Savitribai Phule Pune University,Savitribai Phule Pune University,0539919110,Civil Engineering,GNT3O,193112,11.7097752,Stage I,2025-26,1,956
05399,"Sanghavi College Of Engineering, Varvandi, Nashik.",Nashik,Un-Aided,Non-Autonomous,Savitribai Phule Pune University,Savitribai Phule Pune University,0539919110,Civil Engineering,GOBCO,184090,19.4484962,Stage I,2025-26,1,956
05399,"Sanghavi College Of Engineering, Varvandi, Nashik.",Nashik,Un-Aided,Non-Autonomous,Savitribai Phule Pune University,Savitribai Phule Pune University,0539919110,Civil Engineering,LOPENO,85587,73.1347962,Stage I,2025-26,1,956
05399,"Sanghavi College Of Engineering, Varvandi, Nashik.",Nashik,Un-Aided,Non-Autonomous,Savitribai Phule Pune University,Savitribai Phule Pune University,0539919110,Civil Engineering,GSTO,186394,17.8544822,Stage I,2025-26,1,956
05399,"Sanghavi College Of Engineering, Varvandi, Nashik.",Nashik,Un-Aided,Non-Autonomous,Savitribai Phule Pune University,Savitribai Phule Pune University,0539919110,Civil Engineering,LSTO,199252,5.7122954,Stage II,2025-26,1,956
05399,"Sanghavi College Of Engineering, Varvandi, Nashik.",Nashik,Un-Aided,Non-Autonomous,Savitribai Phule Pune University,Savitribai Phule Pune University,0539924510,Computer Engineering,GOPENH,114878,60.9090909,Stage I,2025-26,1,957
05399,"Sanghavi College Of Engineering, Varvandi, Nashik.",Nashik,Un-Aided,Non-Autonomous,Savitribai Phule Pune University,Savitribai Phule Pune University,0539924510,Computer Engineering,GSCH,173132,28.4151863,Stage I,2025-26,1,957
05399,"Sanghavi College Of Engineering, Varvandi, Nashik.",Nashik,Un-Aided,Non-Autonomous,Savitribai Phule Pune University,Savitribai Phule Pune University,0539924510,Computer Engineering,GNT2H,142398,47.3563218,Stage I,2025-26,1,957
05399,"Sanghavi College Of Engineering, Varvandi, Nashik.",Nashik,Un-Aided,Non-Autonomous,Savitribai Phule Pune University,Savitribai Phule Pune University,0539924510,Computer Engineering,GOBCH,117461,60.2517483,Stage I,2025-26,1,957
05399,"Sanghavi College Of Engineering, Varvandi, Nashik.",Nashik,Un-Aided,Non-Autonomous,Savitribai Phule Pune University,Savitribai Phule Pune University,0539924510,Computer Engineering,GSEBCH,188451,15.9545455,Stage I,2025-26,1,957
05399,"Sanghavi College Of Engineering, Varvandi, Nashik.",Nashik,Un-Aided,Non-Autonomous,Savitribai Phule Pune University,Savitribai Phule Pune University,0539924510,Computer Engineering,LOPENH,114644,60.9090909,Stage I,2025-26,1,957
05399,"Sanghavi College Of Engineering, Varvandi, Nashik.",Nashik,Un-Aided,Non-Autonomous,Savitribai Phule Pune University,Savitribai Phule Pune University,0539924510,Computer Engineering,LSCH,143892,47.0502678,Stage I,2025-26,1,957
05399,"Sanghavi College Of Engineering, Varvandi, Nashik.",Nashik,Un-Aided,Non-Autonomous,Savitribai Phule Pune University,Savitribai Phule Pune University,0539924510,Computer Engineering,LNT2H,140363,49.1540892,Stage I,2025-26,1,957
05399,"Sanghavi College Of Engineering, Varvandi, Nashik.",Nashik,Un-Aided,Non-Autonomous,Savitribai Phule Pune University,Savitribai Phule Pune University,0539924510,Computer Engineering,LNT3H,150551,43.1964993,Stage I,2025-26,1,957
05399,"Sanghavi College Of Engineering, Varvandi, Nashik.",Nashik,Un-Aided,Non-Autonomous,Savitribai Phule Pune University,Savitribai Phule Pune University,0539924510,Computer Engineering,LOBCH,111419,62.8632493,Stage I,2025-26,1,957
05399,"Sanghavi College Of Engineering, Varvandi, Nashik.",Nashik,Un-Aided,Non-Autonomous,Savitribai Phule Pune University,Savitribai Phule Pune University,0539924510,Computer Engineering,GSTH,173243,28.3463753,Stage I,2025-26,1,957
05399,"Sanghavi College Of Engineering, Varvandi, Nashik.",Nashik,Un-Aided,Non-Autonomous,Savitribai Phule Pune University,Savitribai Phule Pune University,0539924510,Computer Engineering,GVJH,135053,51.1762787,Stage I,2025-26,1,957
05399,"Sanghavi College Of Engineering, Varvandi, Nashik.",Nashik,Un-Aided,Non-Autonomous,Savitribai Phule Pune University,Savitribai Phule Pune University,0539924510,Computer Engineering,GNT1H,112901,62.0615406,Stage I,2025-26,1,957
05399,"Sanghavi College Of Engineering, Varvandi, Nashik.",Nashik,Un-Aided,Non-Autonomous,Savitribai Phule Pune University,Savitribai Phule Pune University,0539924510,Computer Engineering,LVJH,114387,61.1295449,Stage I,2025-26,1,957
05399,"Sanghavi College Of Engineering, Varvandi, Nashik.",Nashik,Un-Aided,Non-Autonomous,Savitribai Phule Pune University,Savitribai Phule Pune University,0539924510,Computer Engineering,LSEBCH,89686,71.5562808,Stage I,2025-26,1,957
05399,"Sanghavi College Of Engineering, Varvandi, Nashik.",Nashik,Un-Aided,Non-Autonomous,Savitribai Phule Pune University,Savitribai Phule Pune University,0539924510,Computer Engineering,GOPENO,56201,83.0707711,Stage I,2025-26,1,957
05399,"Sanghavi College Of Engineering, Varvandi, Nashik.",Nashik,Un-Aided,Non-Autonomous,Savitribai Phule Pune University,Savitribai Phule Pune University,0539924510,Computer Engineering,GSCO,106458,64.713186,Stage I,2025-26,1,957
05399,"Sanghavi College Of Engineering, Varvandi, Nashik.",Nashik,Un-Aided,Non-Autonomous,Savitribai Phule Pune University,Savitribai Phule Pune University,0539924510,Computer Engineering,GOBCO,67705,79.4832155,Stage I,2025-26,1,957
05399,"Sanghavi College Of Engineering, Varvandi, Nashik.",Nashik,Un-Aided,Non-Autonomous,Savitribai Phule Pune University,Savitribai Phule Pune University,0539924510,Computer Engineering,GSEBCO,145926,45.9245973,Stage I,2025-26,1,957
05399,"Sanghavi College Of Engineering, Varvandi, Nashik.",Nashik,Un-Aided,Non-Autonomous,Savitribai Phule Pune University,Savitribai Phule Pune University,0539924510,Computer Engineering,LOPENO,55268,83.4378744,Stage I,2025-26,1,957
05399,"Sanghavi College Of Engineering, Varvandi, Nashik.",Nashik,Un-Aided,Non-Autonomous,Savitribai Phule Pune University,Savitribai Phule Pune University,0539924510,Computer Engineering,LSCO,98975,68.1117918,Stage I,2025-26,1,957
05399,"Sanghavi College Of Engineering, Varvandi, Nashik.",Nashik,Un-Aided,Non-Autonomous,Savitribai Phule Pune University,Savitribai Phule Pune University,0539924510,Computer Engineering,LOBCO,62492,81.0403668,Stage I,2025-26,1,957
05399,"Sanghavi College Of Engineering, Varvandi, Nashik.",Nashik,Un-Aided,Non-Autonomous,Savitribai Phule Pune University,Savitribai Phule Pune University,0539924510,Computer Engineering,TFWS,80008,75.1927485,Stage I,2025-26,1,957
05399,"Sanghavi College Of Engineering, Varvandi, Nashik.",Nashik,Un-Aided,Non-Autonomous,Savitribai Phule Pune University,Savitribai Phule Pune University,0539924510,Computer Engineering,EWS,150351,43.1964993,Stage I,2025-26,1,957
05399,"Sanghavi College Of Engineering, Varvandi, Nashik.",Nashik,Un-Aided,Non-Autonomous,Savitribai Phule Pune University,Savitribai Phule Pune University,0539924610,Information Technology,GOPENH,127742,55.1895416,Stage I,2025-26,1,958
05399,"Sanghavi College Of Engineering, Varvandi, Nashik.",Nashik,Un-Aided,Non-Autonomous,Savitribai Phule Pune University,Savitribai Phule Pune University,0539924610,Information Technology,GSCH,185377,18.9335664,Stage I,2025-26,1,958
05399,"Sanghavi College Of Engineering, Varvandi, Nashik.",Nashik,Un-Aided,Non-Autonomous,Savitribai Phule Pune University,Savitribai Phule Pune University,0539924610,Information Technology,GNT1H,145446,45.9816283,Stage I,2025-26,1,958
05399,"Sanghavi College Of Engineering, Varvandi, Nashik.",Nashik,Un-Aided,Non-Autonomous,Savitribai Phule Pune University,Savitribai Phule Pune University,0539924610,Information Technology,GNT2H,140881,48.5587427,Stage I,2025-26,1,958
05399,"Sanghavi College Of Engineering, Varvandi, Nashik.",Nashik,Un-Aided,Non-Autonomous,Savitribai Phule Pune University,Savitribai Phule Pune University,0539924610,Information Technology,GNT3H,130789,53.6771201,Stage I,2025-26,1,958
05399,"Sanghavi College Of Engineering, Varvandi, Nashik.",Nashik,Un-Aided,Non-Autonomous,Savitribai Phule Pune University,Savitribai Phule Pune University,0539924610,Information Technology,GOBCH,136331,50.7016833,Stage I,2025-26,1,958
05399,"Sanghavi College Of Engineering, Varvandi, Nashik.",Nashik,Un-Aided,Non-Autonomous,Savitribai Phule Pune University,Savitribai Phule Pune University,0539924610,Information Technology,LOPENH,123878,57.0133407,Stage I,2025-26,1,958
05399,"Sanghavi College Of Engineering, Varvandi, Nashik.",Nashik,Un-Aided,Non-Autonomous,Savitribai Phule Pune University,Savitribai Phule Pune University,0539924610,Information Technology,LSCH,169908,30.26063,Stage I,2025-26,1,958
05399,"Sanghavi College Of Engineering, Varvandi, Nashik.",Nashik,Un-Aided,Non-Autonomous,Savitribai Phule Pune University,Savitribai Phule Pune University,0539924610,Information Technology,LOBCH,121489,57.8195751,Stage I,2025-26,1,958
05399,"Sanghavi College Of Engineering, Varvandi, Nashik.",Nashik,Un-Aided,Non-Autonomous,Savitribai Phule Pune University,Savitribai Phule Pune University,0539924610,Information Technology,GSEBCH,148131,43.9154166,Stage I,2025-26,1,958
05399,"Sanghavi College Of Engineering, Varvandi, Nashik.",Nashik,Un-Aided,Non-Autonomous,Savitribai Phule Pune University,Savitribai Phule Pune University,0539924610,Information Technology,LSEBCH,150726,43.031473,Stage II,2025-26,1,958
05399,"Sanghavi College Of Engineering, Varvandi, Nashik.",Nashik,Un-Aided,Non-Autonomous,Savitribai Phule Pune University,Savitribai Phule Pune University,0539924610,Information Technology,GOPENO,97575,68.4702591,Stage I,2025-26,1,958
05399,"Sanghavi College Of Engineering, Varvandi, Nashik.",Nashik,Un-Aided,Non-Autonomous,Savitribai Phule Pune University,Savitribai Phule Pune University,0539924610,Information Technology,GSCO,157161,39.3344201,Stage I,2025-26,1,958
05399,"Sanghavi College Of Engineering, Varvandi, Nashik.",Nashik,Un-Aided,Non-Autonomous,Savitribai Phule Pune University,Savitribai Phule Pune University,0539924610,Information Technology,GNT1O,143275,47.13962,Stage I,2025-26,1,958
05399,"Sanghavi College Of Engineering, Varvandi, Nashik.",Nashik,Un-Aided,Non-Autonomous,Savitribai Phule Pune University,Savitribai Phule Pune University,0539924610,Information Technology,GNT2O,125451,56.2929777,Stage I,2025-26,1,958
05399,"Sanghavi College Of Engineering, Varvandi, Nashik.",Nashik,Un-Aided,Non-Autonomous,Savitribai Phule Pune University,Savitribai Phule Pune University,0539924610,Information Technology,GOBCO,105692,65.3084343,Stage I,2025-26,1,958
05399,"Sanghavi College Of Engineering, Varvandi, Nashik.",Nashik,Un-Aided,Non-Autonomous,Savitribai Phule Pune University,Savitribai Phule Pune University,0539924610,Information Technology,LOPENO,81364,74.6802716,Stage I,2025-26,1,958
05399,"Sanghavi College Of Engineering, Varvandi, Nashik.",Nashik,Un-Aided,Non-Autonomous,Savitribai Phule Pune University,Savitribai Phule Pune University,0539924610,Information Technology,LVJO,188534,15.9545455,Stage I,2025-26,1,958
05399,"Sanghavi College Of Engineering, Varvandi, Nashik.",Nashik,Un-Aided,Non-Autonomous,Savitribai Phule Pune University,Savitribai Phule Pune University,0539924610,Information Technology,LSEBCO,169417,31.9226076,Stage I,2025-26,1,958
05399,"Sanghavi College Of Engineering, Varvandi, Nashik.",Nashik,Un-Aided,Non-Autonomous,Savitribai Phule Pune University,Savitribai Phule Pune University,0539924610,Information Technology,TFWS,85648,73.1347962,Stage I,2025-26,1,958
05399,"Sanghavi College Of Engineering, Varvandi, Nashik.",Nashik,Un-Aided,Non-Autonomous,Savitribai Phule Pune University,Savitribai Phule Pune University,0539929310,Electrical Engineering,GOPENH,176370,25.5643537,Stage I,2025-26,1,959
05399,"Sanghavi College Of Engineering, Varvandi, Nashik.",Nashik,Un-Aided,Non-Autonomous,Savitribai Phule Pune University,Savitribai Phule Pune University,0539929310,Electrical Engineering,GSCH,202802,1.3900866,Stage I,2025-26,1,959
05399,"Sanghavi College Of Engineering, Varvandi, Nashik.",Nashik,Un-Aided,Non-Autonomous,Savitribai Phule Pune University,Savitribai Phule Pune University,0539929310,Electrical Engineering,GSTH,201169,3.4408227,Stage I,2025-26,1,959
05399,"Sanghavi College Of Engineering, Varvandi, Nashik.",Nashik,Un-Aided,Non-Autonomous,Savitribai Phule Pune University,Savitribai Phule Pune University,0539929310,Electrical Engineering,GOBCH,178625,24.6987745,Stage I,2025-26,1,959
05399,"Sanghavi College Of Engineering, Varvandi, Nashik.",Nashik,Un-Aided,Non-Autonomous,Savitribai Phule Pune University,Savitribai Phule Pune University,0539929310,Electrical Engineering,LOPENH,160381,36.226012,Stage I,2025-26,1,959
05399,"Sanghavi College Of Engineering, Varvandi, Nashik.",Nashik,Un-Aided,Non-Autonomous,Savitribai Phule Pune University,Savitribai Phule Pune University,0539929310,Electrical Engineering,LOBCH,168750,31.9280223,Stage I,2025-26,1,959
05399,"Sanghavi College Of Engineering, Varvandi, Nashik.",Nashik,Un-Aided,Non-Autonomous,Savitribai Phule Pune University,Savitribai Phule Pune University,0539929310,Electrical Engineering,GNT1H,172980,28.4151863,Stage I,2025-26,1,959
05399,"Sanghavi College Of Engineering, Varvandi, Nashik.",Nashik,Un-Aided,Non-Autonomous,Savitribai Phule Pune University,Savitribai Phule Pune University,0539929310,Electrical Engineering,LNT2H,199503,5.3139267,Stage I,2025-26,1,959
05399,"Sanghavi College Of Engineering, Varvandi, Nashik.",Nashik,Un-Aided,Non-Autonomous,Savitribai Phule Pune University,Savitribai Phule Pune University,0539929310,Electrical Engineering,GOPENO,145407,45.9816283,Stage I,2025-26,1,959
05399,"Sanghavi College Of Engineering, Varvandi, Nashik.",Nashik,Un-Aided,Non-Autonomous,Savitribai Phule Pune University,Savitribai Phule Pune University,0539929310,Electrical Engineering,GOBCO,164597,33.6209084,Stage I,2025-26,1,959
05399,"Sanghavi College Of Engineering, Varvandi, Nashik.",Nashik,Un-Aided,Non-Autonomous,Savitribai Phule Pune University,Savitribai Phule Pune University,0539929310,Electrical Engineering,LOPENO,130093,54.0903901,Stage I,2025-26,1,959
05399,"Sanghavi College Of Engineering, Varvandi, Nashik.",Nashik,Un-Aided,Non-Autonomous,Savitribai Phule Pune University,Savitribai Phule Pune University,0539929310,Electrical Engineering,LOBCO,148865,43.74434,Stage I,2025-26,1,959
05399,"Sanghavi College Of Engineering, Varvandi, Nashik.",Nashik,Un-Aided,Non-Autonomous,Savitribai Phule Pune University,Savitribai Phule Pune University,0539929310,Electrical Engineering,GNT3O,187016,17.2365618,Stage I,2025-26,1,959
05399,"Sanghavi College Of Engineering, Varvandi, Nashik.",Nashik,Un-Aided,Non-Autonomous,Savitribai Phule Pune University,Savitribai Phule Pune University,0539929310,Electrical Engineering,TFWS,142046,47.7841578,Stage I,2025-26,1,959
05399,"Sanghavi College Of Engineering, Varvandi, Nashik.",Nashik,Un-Aided,Non-Autonomous,Savitribai Phule Pune University,Savitribai Phule Pune University,0539961210,Mechanical Engineering,GOPENH,161450,36.0836122,Stage I,2025-26,1,960
05399,"Sanghavi College Of Engineering, Varvandi, Nashik.",Nashik,Un-Aided,Non-Autonomous,Savitribai Phule Pune University,Savitribai Phule Pune University,0539961210,Mechanical Engineering,GNT3H,168180,32.0884521,Stage I,2025-26,1,960
05399,"Sanghavi College Of Engineering, Varvandi, Nashik.",Nashik,Un-Aided,Non-Autonomous,Savitribai Phule Pune University,Savitribai Phule Pune University,0539961210,Mechanical Engineering,GOBCH,170157,29.8059527,Stage I,2025-26,1,960
05399,"Sanghavi College Of Engineering, Varvandi, Nashik.",Nashik,Un-Aided,Non-Autonomous,Savitribai Phule Pune University,Savitribai Phule Pune University,0539961210,Mechanical Engineering,LOPENH,160314,36.226012,Stage I,2025-26,1,960
05399,"Sanghavi College Of Engineering, Varvandi, Nashik.",Nashik,Un-Aided,Non-Autonomous,Savitribai Phule Pune University,Savitribai Phule Pune University,0539961210,Mechanical Engineering,LOBCH,171658,29.0442453,Stage I,2025-26,1,960
05399,"Sanghavi College Of Engineering, Varvandi, Nashik.",Nashik,Un-Aided,Non-Autonomous,Savitribai Phule Pune University,Savitribai Phule Pune University,0539961210,Mechanical Engineering,GSCH,198657,6.3499894,Stage I,2025-26,1,960
05399,"Sanghavi College Of Engineering, Varvandi, Nashik.",Nashik,Un-Aided,Non-Autonomous,Savitribai Phule Pune University,Savitribai Phule Pune University,0539961210,Mechanical Engineering,GOPENO,151914,42.6339209,Stage I,2025-26,1,960
05399,"Sanghavi College Of Engineering, Varvandi, Nashik.",Nashik,Un-Aided,Non-Autonomous,Savitribai Phule Pune University,Savitribai Phule Pune University,0539961210,Mechanical Engineering,GOBCO,170964,29.4125763,Stage I,2025-26,1,960
05399,"Sanghavi College Of Engineering, Varvandi, Nashik.",Nashik,Un-Aided,Non-Autonomous,Savitribai Phule Pune University,Savitribai Phule Pune University,0539961210,Mechanical Engineering,LOPENO,150472,43.1964993,Stage I,2025-26,1,960
05399,"Sanghavi College Of Engineering, Varvandi, Nashik.",Nashik,Un-Aided,Non-Autonomous,Savitribai Phule Pune University,Savitribai Phule Pune University,0539961210,Mechanical Engineering,LOBCO,176666,25.4741362,Stage I,2025-26,1,960
05399,"Sanghavi College Of Engineering, Varvandi, Nashik.",Nashik,Un-Aided,Non-Autonomous,Savitribai Phule Pune University,Savitribai Phule Pune University,0539992110,Artificial Intelligence And Machine Learning,GOPENH,123886,57.0133407,Stage I,2025-26,1,961
05399,"Sanghavi College Of Engineering, Varvandi, Nashik.",Nashik,Un-Aided,Non-Autonomous,Savitribai Phule Pune University,Savitribai Phule Pune University,0539992110,Artificial Intelligence And Machine Learning,GSCH,172541,28.6767287,Stage I,2025-26,1,961
05399,"Sanghavi College Of Engineering, Varvandi, Nashik.",Nashik,Un-Aided,Non-Autonomous,Savitribai Phule Pune University,Savitribai Phule Pune University,0539992110,Artificial Intelligence And Machine Learning,GSTH,173121,28.4151863,Stage I,2025-26,1,961
05399,"Sanghavi College Of Engineering, Varvandi, Nashik.",Nashik,Un-Aided,Non-Autonomous,Savitribai Phule Pune University,Savitribai Phule Pune University,0539992110,Artificial Intelligence And Machine Learning,GNT2H,182679,21.3037657,Stage I,2025-26,1,961
05399,"Sanghavi College Of Engineering, Varvandi, Nashik.",Nashik,Un-Aided,Non-Autonomous,Savitribai Phule Pune University,Savitribai Phule Pune University,0539992110,Artificial Intelligence And Machine Learning,GOBCH,133088,52.5968356,Stage I,2025-26,1,961
05399,"Sanghavi College Of Engineering, Varvandi, Nashik.",Nashik,Un-Aided,Non-Autonomous,Savitribai Phule Pune University,Savitribai Phule Pune University,0539992110,Artificial Intelligence And Machine Learning,LOPENH,106896,64.3871019,Stage I,2025-26,1,961
05399,"Sanghavi College Of Engineering, Varvandi, Nashik.",Nashik,Un-Aided,Non-Autonomous,Savitribai Phule Pune University,Savitribai Phule Pune University,0539992110,Artificial Intelligence And Machine Learning,LSCH,186090,18.4184219,Stage I,2025-26,1,961
05399,"Sanghavi College Of Engineering, Varvandi, Nashik.",Nashik,Un-Aided,Non-Autonomous,Savitribai Phule Pune University,Savitribai Phule Pune University,0539992110,Artificial Intelligence And Machine Learning,LNT2H,172475,28.8537986,Stage I,2025-26,1,961
05399,"Sanghavi College Of Engineering, Varvandi, Nashik.",Nashik,Un-Aided,Non-Autonomous,Savitribai Phule Pune University,Savitribai Phule Pune University,0539992110,Artificial Intelligence And Machine Learning,LNT3H,158833,38.2479385,Stage I,2025-26,1,961
05399,"Sanghavi College Of Engineering, Varvandi, Nashik.",Nashik,Un-Aided,Non-Autonomous,Savitribai Phule Pune University,Savitribai Phule Pune University,0539992110,Artificial Intelligence And Machine Learning,LOBCH,117235,60.2517483,Stage I,2025-26,1,961
05399,"Sanghavi College Of Engineering, Varvandi, Nashik.",Nashik,Un-Aided,Non-Autonomous,Savitribai Phule Pune University,Savitribai Phule Pune University,0539992110,Artificial Intelligence And Machine Learning,GVJH,152939,41.7471281,Stage I,2025-26,1,961
05399,"Sanghavi College Of Engineering, Varvandi, Nashik.",Nashik,Un-Aided,Non-Autonomous,Savitribai Phule Pune University,Savitribai Phule Pune University,0539992110,Artificial Intelligence And Machine Learning,GSEBCH,162279,35.9295868,Stage I,2025-26,1,961
05399,"Sanghavi College Of Engineering, Varvandi, Nashik.",Nashik,Un-Aided,Non-Autonomous,Savitribai Phule Pune University,Savitribai Phule Pune University,0539992110,Artificial Intelligence And Machine Learning,LVJH,181557,22.0346747,Stage I,2025-26,1,961
05399,"Sanghavi College Of Engineering, Varvandi, Nashik.",Nashik,Un-Aided,Non-Autonomous,Savitribai Phule Pune University,Savitribai Phule Pune University,0539992110,Artificial Intelligence And Machine Learning,LSEBCH,161428,36.0836122,Stage I,2025-26,1,961
05399,"Sanghavi College Of Engineering, Varvandi, Nashik.",Nashik,Un-Aided,Non-Autonomous,Savitribai Phule Pune University,Savitribai Phule Pune University,0539992110,Artificial Intelligence And Machine Learning,GOPENO,71599,78.2396759,Stage I,2025-26,1,961
05399,"Sanghavi College Of Engineering, Varvandi, Nashik.",Nashik,Un-Aided,Non-Autonomous,Savitribai Phule Pune University,Savitribai Phule Pune University,0539992110,Artificial Intelligence And Machine Learning,GSCO,145948,45.9245973,Stage I,2025-26,1,961
05399,"Sanghavi College Of Engineering, Varvandi, Nashik.",Nashik,Un-Aided,Non-Autonomous,Savitribai Phule Pune University,Savitribai Phule Pune University,0539992110,Artificial Intelligence And Machine Learning,GNT1O,124427,56.8426573,Stage I,2025-26,1,961
05399,"Sanghavi College Of Engineering, Varvandi, Nashik.",Nashik,Un-Aided,Non-Autonomous,Savitribai Phule Pune University,Savitribai Phule Pune University,0539992110,Artificial Intelligence And Machine Learning,GOBCO,87540,72.1363369,Stage I,2025-26,1,961
05399,"Sanghavi College Of Engineering, Varvandi, Nashik.",Nashik,Un-Aided,Non-Autonomous,Savitribai Phule Pune University,Savitribai Phule Pune University,0539992110,Artificial Intelligence And Machine Learning,GSEBCO,148271,43.9154166,Stage I,2025-26,1,961
05399,"Sanghavi College Of Engineering, Varvandi, Nashik.",Nashik,Un-Aided,Non-Autonomous,Savitribai Phule Pune University,Savitribai Phule Pune University,0539992110,Artificial Intelligence And Machine Learning,LOPENO,95653,69.2179237,Stage I,2025-26,1,961
05399,"Sanghavi College Of Engineering, Varvandi, Nashik.",Nashik,Un-Aided,Non-Autonomous,Savitribai Phule Pune University,Savitribai Phule Pune University,0539992110,Artificial Intelligence And Machine Learning,TFWS,90282,71.4755245,Stage I,2025-26,1,961
05399,"Sanghavi College Of Engineering, Varvandi, Nashik.",Nashik,Un-Aided,Non-Autonomous,Savitribai Phule Pune University,Savitribai Phule Pune University,0539992110,Artificial Intelligence And Machine Learning,EWS,202054,2.4063712,Stage I,2025-26,1,961
05401,"Jawahar Education Society'S Institute Of Technology, Management & Research, Nashik.",Nashik,Un-Aided,Non-Autonomous,Savitribai Phule Pune University,Savitribai Phule Pune University,0540119110,Civil Engineering,GOPENH,152909,41.7471281,Stage I,2025-26,1,962
05401,"Jawahar Education Society'S Institute Of Technology, Management & Research, Nashik.",Nashik,Un-Aided,Non-Autonomous,Savitribai Phule Pune University,Savitribai Phule Pune University,0540119110,Civil Engineering,GOBCH,154284,40.0936536,Stage I,2025-26,1,962
05401,"Jawahar Education Society'S Institute Of Technology, Management & Research, Nashik.",Nashik,Un-Aided,Non-Autonomous,Savitribai Phule Pune University,Savitribai Phule Pune University,0540119110,Civil Engineering,LOPENH,142838,47.1398578,Stage I,2025-26,1,962
05401,"Jawahar Education Society'S Institute Of Technology, Management & Research, Nashik.",Nashik,Un-Aided,Non-Autonomous,Savitribai Phule Pune University,Savitribai Phule Pune University,0540119110,Civil Engineering,LOBCH,145618,45.9245973,Stage I,2025-26,1,962
05401,"Jawahar Education Society'S Institute Of Technology, Management & Research, Nashik.",Nashik,Un-Aided,Non-Autonomous,Savitribai Phule Pune University,Savitribai Phule Pune University,0540119110,Civil Engineering,GOPENO,129053,54.4314351,Stage I,2025-26,1,962
05401,"Jawahar Education Society'S Institute Of Technology, Management & Research, Nashik.",Nashik,Un-Aided,Non-Autonomous,Savitribai Phule Pune University,Savitribai Phule Pune University,0540119110,Civil Engineering,LOPENO,170188,29.8059527,Stage I,2025-26,1,962
05401,"Jawahar Education Society'S Institute Of Technology, Management & Research, Nashik.",Nashik,Un-Aided,Non-Autonomous,Savitribai Phule Pune University,Savitribai Phule Pune University,0540119110,Civil Engineering,LOBCO,182348,21.540875,Stage I,2025-26,1,962
05401,"Jawahar Education Society'S Institute Of Technology, Management & Research, Nashik.",Nashik,Un-Aided,Non-Autonomous,Savitribai Phule Pune University,Savitribai Phule Pune University,0540124510,Computer Engineering,GOPENH,121080,58.2180677,Stage I,2025-26,1,963
05401,"Jawahar Education Society'S Institute Of Technology, Management & Research, Nashik.",Nashik,Un-Aided,Non-Autonomous,Savitribai Phule Pune University,Savitribai Phule Pune University,0540124510,Computer Engineering,GSCH,164373,34.896751,Stage I,2025-26,1,963
05401,"Jawahar Education Society'S Institute Of Technology, Management & Research, Nashik.",Nashik,Un-Aided,Non-Autonomous,Savitribai Phule Pune University,Savitribai Phule Pune University,0540124510,Computer Engineering,GSTH,147382,44.5303298,Stage I,2025-26,1,963
05401,"Jawahar Education Society'S Institute Of Technology, Management & Research, Nashik.",Nashik,Un-Aided,Non-Autonomous,Savitribai Phule Pune University,Savitribai Phule Pune University,0540124510,Computer Engineering,GVJH,193564,11.4786688,Stage I,2025-26,1,963
05401,"Jawahar Education Society'S Institute Of Technology, Management & Research, Nashik.",Nashik,Un-Aided,Non-Autonomous,Savitribai Phule Pune University,Savitribai Phule Pune University,0540124510,Computer Engineering,GNT1H,132701,52.8806012,Stage I,2025-26,1,963
05401,"Jawahar Education Society'S Institute Of Technology, Management & Research, Nashik.",Nashik,Un-Aided,Non-Autonomous,Savitribai Phule Pune University,Savitribai Phule Pune University,0540124510,Computer Engineering,GNT2H,160979,36.1161649,Stage I,2025-26,1,963
05401,"Jawahar Education Society'S Institute Of Technology, Management & Research, Nashik.",Nashik,Un-Aided,Non-Autonomous,Savitribai Phule Pune University,Savitribai Phule Pune University,0540124510,Computer Engineering,GNT3H,134050,51.7009371,Stage I,2025-26,1,963
05401,"Jawahar Education Society'S Institute Of Technology, Management & Research, Nashik.",Nashik,Un-Aided,Non-Autonomous,Savitribai Phule Pune University,Savitribai Phule Pune University,0540124510,Computer Engineering,GOBCH,125879,55.9381337,Stage I,2025-26,1,963
05401,"Jawahar Education Society'S Institute Of Technology, Management & Research, Nashik.",Nashik,Un-Aided,Non-Autonomous,Savitribai Phule Pune University,Savitribai Phule Pune University,0540124510,Computer Engineering,LOPENH,112354,62.1365556,Stage I,2025-26,1,963
05401,"Jawahar Education Society'S Institute Of Technology, Management & Research, Nashik.",Nashik,Un-Aided,Non-Autonomous,Savitribai Phule Pune University,Savitribai Phule Pune University,0540124510,Computer Engineering,LSCH,144120,46.7613499,Stage I,2025-26,1,963
05401,"Jawahar Education Society'S Institute Of Technology, Management & Research, Nashik.",Nashik,Un-Aided,Non-Autonomous,Savitribai Phule Pune University,Savitribai Phule Pune University,0540124510,Computer Engineering,LOBCH,122060,57.6249683,Stage I,2025-26,1,963
05401,"Jawahar Education Society'S Institute Of Technology, Management & Research, Nashik.",Nashik,Un-Aided,Non-Autonomous,Savitribai Phule Pune University,Savitribai Phule Pune University,0540124510,Computer Engineering,LSEBCH,154249,40.0936536,Stage I,2025-26,1,963
05401,"Jawahar Education Society'S Institute Of Technology, Management & Research, Nashik.",Nashik,Un-Aided,Non-Autonomous,Savitribai Phule Pune University,Savitribai Phule Pune University,0540124510,Computer Engineering,GVJH,135993,50.8281802,Stage I,2025-26,1,963
05401,"Jawahar Education Society'S Institute Of Technology, Management & Research, Nashik.",Nashik,Un-Aided,Non-Autonomous,Savitribai Phule Pune University,Savitribai Phule Pune University,0540124510,Computer Engineering,GSEBCH,129128,54.4314351,Stage I,2025-26,1,963
05401,"Jawahar Education Society'S Institute Of Technology, Management & Research, Nashik.",Nashik,Un-Aided,Non-Autonomous,Savitribai Phule Pune University,Savitribai Phule Pune University,0540124510,Computer Engineering,LSEBCH,147281,44.5303298,Stage I,2025-26,1,963
05401,"Jawahar Education Society'S Institute Of Technology, Management & Research, Nashik.",Nashik,Un-Aided,Non-Autonomous,Savitribai Phule Pune University,Savitribai Phule Pune University,0540124510,Computer Engineering,GOPENO,101801,66.4263323,Stage I,2025-26,1,963
05401,"Jawahar Education Society'S Institute Of Technology, Management & Research, Nashik.",Nashik,Un-Aided,Non-Autonomous,Savitribai Phule Pune University,Savitribai Phule Pune University,0540124510,Computer Engineering,GSCO,141473,47.8015007,Stage I,2025-26,1,963
05401,"Jawahar Education Society'S Institute Of Technology, Management & Research, Nashik.",Nashik,Un-Aided,Non-Autonomous,Savitribai Phule Pune University,Savitribai Phule Pune University,0540124510,Computer Engineering,GVJO,143723,47.0502678,Stage I,2025-26,1,963
05401,"Jawahar Education Society'S Institute Of Technology, Management & Research, Nashik.",Nashik,Un-Aided,Non-Autonomous,Savitribai Phule Pune University,Savitribai Phule Pune University,0540124510,Computer Engineering,GNT1O,150661,43.031473,Stage I,2025-26,1,963
05401,"Jawahar Education Society'S Institute Of Technology, Management & Research, Nashik.",Nashik,Un-Aided,Non-Autonomous,Savitribai Phule Pune University,Savitribai Phule Pune University,0540124510,Computer Engineering,GOBCO,104659,65.6692751,Stage I,2025-26,1,963
05401,"Jawahar Education Society'S Institute Of Technology, Management & Research, Nashik.",Nashik,Un-Aided,Non-Autonomous,Savitribai Phule Pune University,Savitribai Phule Pune University,0540124510,Computer Engineering,GSEBCO,133215,52.3622324,Stage I,2025-26,1,963
05401,"Jawahar Education Society'S Institute Of Technology, Management & Research, Nashik.",Nashik,Un-Aided,Non-Autonomous,Savitribai Phule Pune University,Savitribai Phule Pune University,0540124510,Computer Engineering,LOPENO,88916,71.6607627,Stage I,2025-26,1,963
05401,"Jawahar Education Society'S Institute Of Technology, Management & Research, Nashik.",Nashik,Un-Aided,Non-Autonomous,Savitribai Phule Pune University,Savitribai Phule Pune University,0540124510,Computer Engineering,LSCO,109264,63.4714222,Stage I,2025-26,1,963
05401,"Jawahar Education Society'S Institute Of Technology, Management & Research, Nashik.",Nashik,Un-Aided,Non-Autonomous,Savitribai Phule Pune University,Savitribai Phule Pune University,0540124510,Computer Engineering,LNT3O,134173,51.7009371,Stage I,2025-26,1,963
05401,"Jawahar Education Society'S Institute Of Technology, Management & Research, Nashik.",Nashik,Un-Aided,Non-Autonomous,Savitribai Phule Pune University,Savitribai Phule Pune University,0540124510,Computer Engineering,LOBCO,100882,66.9498069,Stage I,2025-26,1,963
05401,"Jawahar Education Society'S Institute Of Technology, Management & Research, Nashik.",Nashik,Un-Aided,Non-Autonomous,Savitribai Phule Pune University,Savitribai Phule Pune University,0540124510,Computer Engineering,TFWS,84911,73.4354379,Stage I,2025-26,1,963
05401,"Jawahar Education Society'S Institute Of Technology, Management & Research, Nashik.",Nashik,Un-Aided,Non-Autonomous,Savitribai Phule Pune University,Savitribai Phule Pune University,0540124510,Computer Engineering,EWS,152812,41.7471281,Stage I,2025-26,1,963
05401,"Jawahar Education Society'S Institute Of Technology, Management & Research, Nashik.",Nashik,Un-Aided,Non-Autonomous,Savitribai Phule Pune University,Savitribai Phule Pune University,0540124610,Information Technology,GOPENH,139266,49.3416227,Stage I,2025-26,1,964
05401,"Jawahar Education Society'S Institute Of Technology, Management & Research, Nashik.",Nashik,Un-Aided,Non-Autonomous,Savitribai Phule Pune University,Savitribai Phule Pune University,0540124610,Information Technology,GSCH,197400,7.6100354,Stage I,2025-26,1,964
05401,"Jawahar Education Society'S Institute Of Technology, Management & Research, Nashik.",Nashik,Un-Aided,Non-Autonomous,Savitribai Phule Pune University,Savitribai Phule Pune University,0540124610,Information Technology,GNT1H,165174,33.465035,Stage I,2025-26,1,964
05401,"Jawahar Education Society'S Institute Of Technology, Management & Research, Nashik.",Nashik,Un-Aided,Non-Autonomous,Savitribai Phule Pune University,Savitribai Phule Pune University,0540124610,Information Technology,GNT2H,156527,39.5742169,Stage I,2025-26,1,964
05401,"Jawahar Education Society'S Institute Of Technology, Management & Research, Nashik.",Nashik,Un-Aided,Non-Autonomous,Savitribai Phule Pune University,Savitribai Phule Pune University,0540124610,Information Technology,GNT3H,151302,42.9247346,Stage I,2025-26,1,964
05401,"Jawahar Education Society'S Institute Of Technology, Management & Research, Nashik.",Nashik,Un-Aided,Non-Autonomous,Savitribai Phule Pune University,Savitribai Phule Pune University,0540124610,Information Technology,GOBCH,142798,47.1398578,Stage I,2025-26,1,964
05401,"Jawahar Education Society'S Institute Of Technology, Management & Research, Nashik.",Nashik,Un-Aided,Non-Autonomous,Savitribai Phule Pune University,Savitribai Phule Pune University,0540124610,Information Technology,LOPENH,134524,51.57164,Stage I,2025-26,1,964
05401,"Jawahar Education Society'S Institute Of Technology, Management & Research, Nashik.",Nashik,Un-Aided,Non-Autonomous,Savitribai Phule Pune University,Savitribai Phule Pune University,0540124610,Information Technology,LSCH,181450,22.035802,Stage I,2025-26,1,964
05401,"Jawahar Education Society'S Institute Of Technology, Management & Research, Nashik.",Nashik,Un-Aided,Non-Autonomous,Savitribai Phule Pune University,Savitribai Phule Pune University,0540124610,Information Technology,LNT2H,129843,54.0903901,Stage I,2025-26,1,964
05401,"Jawahar Education Society'S Institute Of Technology, Management & Research, Nashik.",Nashik,Un-Aided,Non-Autonomous,Savitribai Phule Pune University,Savitribai Phule Pune University,0540124610,Information Technology,LOBCH,135967,50.8281802,Stage I,2025-26,1,964
05401,"Jawahar Education Society'S Institute Of Technology, Management & Research, Nashik.",Nashik,Un-Aided,Non-Autonomous,Savitribai Phule Pune University,Savitribai Phule Pune University,0540124610,Information Technology,LNT1H,192514,12.4732664,Stage II,2025-26,1,964
05401,"Jawahar Education Society'S Institute Of Technology, Management & Research, Nashik.",Nashik,Un-Aided,Non-Autonomous,Savitribai Phule Pune University,Savitribai Phule Pune University,0540124610,Information Technology,GVJH,119063,59.1762367,Stage I,2025-26,1,964
05401,"Jawahar Education Society'S Institute Of Technology, Management & Research, Nashik.",Nashik,Un-Aided,Non-Autonomous,Savitribai Phule Pune University,Savitribai Phule Pune University,0540124610,Information Technology,GSEBCH,203499,0.3757044,Stage I,2025-26,1,964
05401,"Jawahar Education Society'S Institute Of Technology, Management & Research, Nashik.",Nashik,Un-Aided,Non-Autonomous,Savitribai Phule Pune University,Savitribai Phule Pune University,0540124610,Information Technology,LVJH,199408,5.4917171,Stage I,2025-26,1,964
05401,"Jawahar Education Society'S Institute Of Technology, Management & Research, Nashik.",Nashik,Un-Aided,Non-Autonomous,Savitribai Phule Pune University,Savitribai Phule Pune University,0540124610,Information Technology,LSEBCH,124214,56.8426573,Stage I,2025-26,1,964
05401,"Jawahar Education Society'S Institute Of Technology, Management & Research, Nashik.",Nashik,Un-Aided,Non-Autonomous,Savitribai Phule Pune University,Savitribai Phule Pune University,0540124610,Information Technology,GOPENO,106493,64.713186,Stage I,2025-26,1,964
05401,"Jawahar Education Society'S Institute Of Technology, Management & Research, Nashik.",Nashik,Un-Aided,Non-Autonomous,Savitribai Phule Pune University,Savitribai Phule Pune University,0540124610,Information Technology,GSCO,142777,47.1398578,Stage I,2025-26,1,964
05401,"Jawahar Education Society'S Institute Of Technology, Management & Research, Nashik.",Nashik,Un-Aided,Non-Autonomous,Savitribai Phule Pune University,Savitribai Phule Pune University,0540124610,Information Technology,GNT2O,119714,58.8994542,Stage I,2025-26,1,964
05401,"Jawahar Education Society'S Institute Of Technology, Management & Research, Nashik.",Nashik,Un-Aided,Non-Autonomous,Savitribai Phule Pune University,Savitribai Phule Pune University,0540124610,Information Technology,GOBCO,108406,63.6512871,Stage I,2025-26,1,964
05401,"Jawahar Education Society'S Institute Of Technology, Management & Research, Nashik.",Nashik,Un-Aided,Non-Autonomous,Savitribai Phule Pune University,Savitribai Phule Pune University,0540124610,Information Technology,GSEBCO,189430,15.3499592,Stage I,2025-26,1,964
05401,"Jawahar Education Society'S Institute Of Technology, Management & Research, Nashik.",Nashik,Un-Aided,Non-Autonomous,Savitribai Phule Pune University,Savitribai Phule Pune University,0540124610,Information Technology,LOPENO,107345,64.3453843,Stage I,2025-26,1,964
05401,"Jawahar Education Society'S Institute Of Technology, Management & Research, Nashik.",Nashik,Un-Aided,Non-Autonomous,Savitribai Phule Pune University,Savitribai Phule Pune University,0540124610,Information Technology,LSCO,158574,38.3392226,Stage I,2025-26,1,964
05401,"Jawahar Education Society'S Institute Of Technology, Management & Research, Nashik.",Nashik,Un-Aided,Non-Autonomous,Savitribai Phule Pune University,Savitribai Phule Pune University,0540124610,Information Technology,LVJO,179264,23.4132019,Stage I,2025-26,1,964
05401,"Jawahar Education Society'S Institute Of Technology, Management & Research, Nashik.",Nashik,Un-Aided,Non-Autonomous,Savitribai Phule Pune University,Savitribai Phule Pune University,0540124610,Information Technology,LOBCO,108030,63.8244514,Stage I,2025-26,1,964
05401,"Jawahar Education Society'S Institute Of Technology, Management & Research, Nashik.",Nashik,Un-Aided,Non-Autonomous,Savitribai Phule Pune University,Savitribai Phule Pune University,0540124610,Information Technology,TFWS,115247,60.8775137,Stage I,2025-26,1,964
05401,"Jawahar Education Society'S Institute Of Technology, Management & Research, Nashik.",Nashik,Un-Aided,Non-Autonomous,Savitribai Phule Pune University,Savitribai Phule Pune University,0540126310,Artificial Intelligence (Ai) And Data Science,GOPENH,129913,54.0903901,Stage I,2025-26,1,965
05401,"Jawahar Education Society'S Institute Of Technology, Management & Research, Nashik.",Nashik,Un-Aided,Non-Autonomous,Savitribai Phule Pune University,Savitribai Phule Pune University,0540126310,Artificial Intelligence (Ai) And Data Science,GSCH,201397,3.1812183,Stage I,2025-26,1,965
05401,"Jawahar Education Society'S Institute Of Technology, Management & Research, Nashik.",Nashik,Un-Aided,Non-Autonomous,Savitribai Phule Pune University,Savitribai Phule Pune University,0540126310,Artificial Intelligence (Ai) And Data Science,GVJH,198266,6.6801689,Stage I,2025-26,1,965
05401,"Jawahar Education Society'S Institute Of Technology, Management & Research, Nashik.",Nashik,Un-Aided,Non-Autonomous,Savitribai Phule Pune University,Savitribai Phule Pune University,0540126310,Artificial Intelligence (Ai) And Data Science,GNT1H,156649,39.3601986,Stage I,2025-26,1,965
05401,"Jawahar Education Society'S Institute Of Technology, Management & Research, Nashik.",Nashik,Un-Aided,Non-Autonomous,Savitribai Phule Pune University,Savitribai Phule Pune University,0540126310,Artificial Intelligence (Ai) And Data Science,GNT2H,154014,40.6822054,Stage I,2025-26,1,965
05401,"Jawahar Education Society'S Institute Of Technology, Management & Research, Nashik.",Nashik,Un-Aided,Non-Autonomous,Savitribai Phule Pune University,Savitribai Phule Pune University,0540126310,Artificial Intelligence (Ai) And Data Science,GOBCH,136986,50.5909012,Stage I,2025-26,1,965
05401,"Jawahar Education Society'S Institute Of Technology, Management & Research, Nashik.",Nashik,Un-Aided,Non-Autonomous,Savitribai Phule Pune University,Savitribai Phule Pune University,0540126310,Artificial Intelligence (Ai) And Data Science,GSEBCH,199869,4.817857,Stage I,2025-26,1,965
05401,"Jawahar Education Society'S Institute Of Technology, Management & Research, Nashik.",Nashik,Un-Aided,Non-Autonomous,Savitribai Phule Pune University,Savitribai Phule Pune University,0540126310,Artificial Intelligence (Ai) And Data Science,LOPENH,110726,63.200058,Stage I,2025-26,1,965
05401,"Jawahar Education Society'S Institute Of Technology, Management & Research, Nashik.",Nashik,Un-Aided,Non-Autonomous,Savitribai Phule Pune University,Savitribai Phule Pune University,0540126310,Artificial Intelligence (Ai) And Data Science,LSCH,160667,36.1811489,Stage I,2025-26,1,965
05401,"Jawahar Education Society'S Institute Of Technology, Management & Research, Nashik.",Nashik,Un-Aided,Non-Autonomous,Savitribai Phule Pune University,Savitribai Phule Pune University,0540126310,Artificial Intelligence (Ai) And Data Science,LNT1H,151368,42.9247346,Stage I,2025-26,1,965
05401,"Jawahar Education Society'S Institute Of Technology, Management & Research, Nashik.",Nashik,Un-Aided,Non-Autonomous,Savitribai Phule Pune University,Savitribai Phule Pune University,0540126310,Artificial Intelligence (Ai) And Data Science,LNT2H,123489,57.4017459,Stage I,2025-26,1,965
05401,"Jawahar Education Society'S Institute Of Technology, Management & Research, Nashik.",Nashik,Un-Aided,Non-Autonomous,Savitribai Phule Pune University,Savitribai Phule Pune University,0540126310,Artificial Intelligence (Ai) And Data Science,LNT3H,144316,46.7613499,Stage I,2025-26,1,965
05401,"Jawahar Education Society'S Institute Of Technology, Management & Research, Nashik.",Nashik,Un-Aided,Non-Autonomous,Savitribai Phule Pune University,Savitribai Phule Pune University,0540126310,Artificial Intelligence (Ai) And Data Science,LOBCH,127833,55.1895416,Stage I,2025-26,1,965
05401,"Jawahar Education Society'S Institute Of Technology, Management & Research, Nashik.",Nashik,Un-Aided,Non-Autonomous,Savitribai Phule Pune University,Savitribai Phule Pune University,0540126310,Artificial Intelligence (Ai) And Data Science,LSEBCH,132967,52.5968356,Stage I,2025-26,1,965
05401,"Jawahar Education Society'S Institute Of Technology, Management & Research, Nashik.",Nashik,Un-Aided,Non-Autonomous,Savitribai Phule Pune University,Savitribai Phule Pune University,0540126310,Artificial Intelligence (Ai) And Data Science,GSCH,142412,47.3563218,Stage I,2025-26,1,965
05401,"Jawahar Education Society'S Institute Of Technology, Management & Research, Nashik.",Nashik,Un-Aided,Non-Autonomous,Savitribai Phule Pune University,Savitribai Phule Pune University,0540126310,Artificial Intelligence (Ai) And Data Science,GSEBCH,135749,50.9683037,Stage I,2025-26,1,965
05401,"Jawahar Education Society'S Institute Of Technology, Management & Research, Nashik.",Nashik,Un-Aided,Non-Autonomous,Savitribai Phule Pune University,Savitribai Phule Pune University,0540126310,Artificial Intelligence (Ai) And Data Science,LVJH,140536,48.5587427,Stage II,2025-26,1,965
05401,"Jawahar Education Society'S Institute Of Technology, Management & Research, Nashik.",Nashik,Un-Aided,Non-Autonomous,Savitribai Phule Pune University,Savitribai Phule Pune University,0540126310,Artificial Intelligence (Ai) And Data Science,GOPENO,99717,67.8210479,Stage I,2025-26,1,965
05401,"Jawahar Education Society'S Institute Of Technology, Management & Research, Nashik.",Nashik,Un-Aided,Non-Autonomous,Savitribai Phule Pune University,Savitribai Phule Pune University,0540126310,Artificial Intelligence (Ai) And Data Science,GSCO,128058,54.5872518,Stage I,2025-26,1,965
05401,"Jawahar Education Society'S Institute Of Technology, Management & Research, Nashik.",Nashik,Un-Aided,Non-Autonomous,Savitribai Phule Pune University,Savitribai Phule Pune University,0540126310,Artificial Intelligence (Ai) And Data Science,GVJO,134980,51.1762787,Stage I,2025-26,1,965
05401,"Jawahar Education Society'S Institute Of Technology, Management & Research, Nashik.",Nashik,Un-Aided,Non-Autonomous,Savitribai Phule Pune University,Savitribai Phule Pune University,0540126310,Artificial Intelligence (Ai) And Data Science,GNT2O,132686,52.8806012,Stage I,2025-26,1,965
05401,"Jawahar Education Society'S Institute Of Technology, Management & Research, Nashik.",Nashik,Un-Aided,Non-Autonomous,Savitribai Phule Pune University,Savitribai Phule Pune University,0540126310,Artificial Intelligence (Ai) And Data Science,GNT3O,138433,49.6043895,Stage I,2025-26,1,965
05401,"Jawahar Education Society'S Institute Of Technology, Management & Research, Nashik.",Nashik,Un-Aided,Non-Autonomous,Savitribai Phule Pune University,Savitribai Phule Pune University,0540126310,Artificial Intelligence (Ai) And Data Science,GOBCO,105413,65.5190641,Stage I,2025-26,1,965
05401,"Jawahar Education Society'S Institute Of Technology, Management & Research, Nashik.",Nashik,Un-Aided,Non-Autonomous,Savitribai Phule Pune University,Savitribai Phule Pune University,0540126310,Artificial Intelligence (Ai) And Data Science,GSEBCO,130860,53.6771201,Stage I,2025-26,1,965
05401,"Jawahar Education Society'S Institute Of Technology, Management & Research, Nashik.",Nashik,Un-Aided,Non-Autonomous,Savitribai Phule Pune University,Savitribai Phule Pune University,0540126310,Artificial Intelligence (Ai) And Data Science,LOPENO,85340,73.2612864,Stage I,2025-26,1,965
05401,"Jawahar Education Society'S Institute Of Technology, Management & Research, Nashik.",Nashik,Un-Aided,Non-Autonomous,Savitribai Phule Pune University,Savitribai Phule Pune University,0540126310,Artificial Intelligence (Ai) And Data Science,LSCO,146541,45.3566434,Stage I,2025-26,1,965
05401,"Jawahar Education Society'S Institute Of Technology, Management & Research, Nashik.",Nashik,Un-Aided,Non-Autonomous,Savitribai Phule Pune University,Savitribai Phule Pune University,0540126310,Artificial Intelligence (Ai) And Data Science,LNT1O,147856,44.2599775,Stage I,2025-26,1,965
05401,"Jawahar Education Society'S Institute Of Technology, Management & Research, Nashik.",Nashik,Un-Aided,Non-Autonomous,Savitribai Phule Pune University,Savitribai Phule Pune University,0540126310,Artificial Intelligence (Ai) And Data Science,LOBCO,100202,67.217709,Stage I,2025-26,1,965
05401,"Jawahar Education Society'S Institute Of Technology, Management & Research, Nashik.",Nashik,Un-Aided,Non-Autonomous,Savitribai Phule Pune University,Savitribai Phule Pune University,0540126310,Artificial Intelligence (Ai) And Data Science,LSEBCO,119857,58.8525307,Stage I,2025-26,1,965
05401,"Jawahar Education Society'S Institute Of Technology, Management & Research, Nashik.",Nashik,Un-Aided,Non-Autonomous,Savitribai Phule Pune University,Savitribai Phule Pune University,0540126310,Artificial Intelligence (Ai) And Data Science,TFWS,102185,66.3866132,Stage I,2025-26,1,965
05401,"Jawahar Education Society'S Institute Of Technology, Management & Research, Nashik.",Nashik,Un-Aided,Non-Autonomous,Savitribai Phule Pune University,Savitribai Phule Pune University,0540129310,Electrical Engineering,GOPENH,159245,37.6293706,Stage I,2025-26,1,966
05401,"Jawahar Education Society'S Institute Of Technology, Management & Research, Nashik.",Nashik,Un-Aided,Non-Autonomous,Savitribai Phule Pune University,Savitribai Phule Pune University,0540129310,Electrical Engineering,GNT1H,171195,29.2375397,Stage I,2025-26,1,966
05401,"Jawahar Education Society'S Institute Of Technology, Management & Research, Nashik.",Nashik,Un-Aided,Non-Autonomous,Savitribai Phule Pune University,Savitribai Phule Pune University,0540129310,Electrical Engineering,GNT3H,161343,36.1161649,Stage I,2025-26,1,966
05401,"Jawahar Education Society'S Institute Of Technology, Management & Research, Nashik.",Nashik,Un-Aided,Non-Autonomous,Savitribai Phule Pune University,Savitribai Phule Pune University,0540129310,Electrical Engineering,GOBCH,162738,35.7798895,Stage I,2025-26,1,966
05401,"Jawahar Education Society'S Institute Of Technology, Management & Research, Nashik.",Nashik,Un-Aided,Non-Autonomous,Savitribai Phule Pune University,Savitribai Phule Pune University,0540129310,Electrical Engineering,LOPENH,158905,38.2479385,Stage I,2025-26,1,966
05401,"Jawahar Education Society'S Institute Of Technology, Management & Research, Nashik.",Nashik,Un-Aided,Non-Autonomous,Savitribai Phule Pune University,Savitribai Phule Pune University,0540129310,Electrical Engineering,LOBCH,164891,33.465035,Stage I,2025-26,1,966
05401,"Jawahar Education Society'S Institute Of Technology, Management & Research, Nashik.",Nashik,Un-Aided,Non-Autonomous,Savitribai Phule Pune University,Savitribai Phule Pune University,0540129310,Electrical Engineering,GOPENO,166343,32.5451434,Stage I,2025-26,1,966
05401,"Jawahar Education Society'S Institute Of Technology, Management & Research, Nashik.",Nashik,Un-Aided,Non-Autonomous,Savitribai Phule Pune University,Savitribai Phule Pune University,0540129310,Electrical Engineering,GOBCO,180482,22.3617813,Stage I,2025-26,1,966
05401,"Jawahar Education Society'S Institute Of Technology, Management & Research, Nashik.",Nashik,Un-Aided,Non-Autonomous,Savitribai Phule Pune University,Savitribai Phule Pune University,0540129310,Electrical Engineering,LOPENO,191182,13.4300699,Stage I,2025-26,1,966
05401,"Jawahar Education Society'S Institute Of Technology, Management & Research, Nashik.",Nashik,Un-Aided,Non-Autonomous,Savitribai Phule Pune University,Savitribai Phule Pune University,0540129310,Electrical Engineering,LOBCO,191452,13.3124347,Stage I,2025-26,1,966
05401,"Jawahar Education Society'S Institute Of Technology, Management & Research, Nashik.",Nashik,Un-Aided,Non-Autonomous,Savitribai Phule Pune University,Savitribai Phule Pune University,0540161210,Mechanical Engineering,GOPENH,147541,44.5303298,Stage I,2025-26,1,967
05401,"Jawahar Education Society'S Institute Of Technology, Management & Research, Nashik.",Nashik,Un-Aided,Non-Autonomous,Savitribai Phule Pune University,Savitribai Phule Pune University,0540161210,Mechanical Engineering,GSCH,167987,32.1281783,Stage I,2025-26,1,967
05401,"Jawahar Education Society'S Institute Of Technology, Management & Research, Nashik.",Nashik,Un-Aided,Non-Autonomous,Savitribai Phule Pune University,Savitribai Phule Pune University,0540161210,Mechanical Engineering,GNT2H,197864,7.1701886,Stage I,2025-26,1,967
05401,"Jawahar Education Society'S Institute Of Technology, Management & Research, Nashik.",Nashik,Un-Aided,Non-Autonomous,Savitribai Phule Pune University,Savitribai Phule Pune University,0540161210,Mechanical Engineering,GOBCH,148259,43.9154166,Stage I,2025-26,1,967
05401,"Jawahar Education Society'S Institute Of Technology, Management & Research, Nashik.",Nashik,Un-Aided,Non-Autonomous,Savitribai Phule Pune University,Savitribai Phule Pune University,0540161210,Mechanical Engineering,LOPENH,161545,36.0836122,Stage I,2025-26,1,967
05401,"Jawahar Education Society'S Institute Of Technology, Management & Research, Nashik.",Nashik,Un-Aided,Non-Autonomous,Savitribai Phule Pune University,Savitribai Phule Pune University,0540161210,Mechanical Engineering,LOBCH,162221,35.9295868,Stage I,2025-26,1,967
05401,"Jawahar Education Society'S Institute Of Technology, Management & Research, Nashik.",Nashik,Un-Aided,Non-Autonomous,Savitribai Phule Pune University,Savitribai Phule Pune University,0540161210,Mechanical Engineering,GSEBCH,189886,14.9055715,Stage I,2025-26,1,967
05401,"Jawahar Education Society'S Institute Of Technology, Management & Research, Nashik.",Nashik,Un-Aided,Non-Autonomous,Savitribai Phule Pune University,Savitribai Phule Pune University,0540161210,Mechanical Engineering,GOPENO,145325,45.9816283,Stage I,2025-26,1,967
05401,"Jawahar Education Society'S Institute Of Technology, Management & Research, Nashik.",Nashik,Un-Aided,Non-Autonomous,Savitribai Phule Pune University,Savitribai Phule Pune University,0540161210,Mechanical Engineering,GOBCO,147940,44.2599775,Stage I,2025-26,1,967
05401,"Jawahar Education Society'S Institute Of Technology, Management & Research, Nashik.",Nashik,Un-Aided,Non-Autonomous,Savitribai Phule Pune University,Savitribai Phule Pune University,0540161210,Mechanical Engineering,LSCO,139866,49.2256217,Stage II,2025-26,1,967
05401,"Jawahar Education Society'S Institute Of Technology, Management & Research, Nashik.",Nashik,Un-Aided,Non-Autonomous,Savitribai Phule Pune University,Savitribai Phule Pune University,0540161210,Mechanical Engineering,TFWS,113110,61.796967,Stage I,2025-26,1,967
05401,"Jawahar Education Society'S Institute Of Technology, Management & Research, Nashik.",Nashik,Un-Aided,Non-Autonomous,Savitribai Phule Pune University,Savitribai Phule Pune University,0540184410,Electronics And Computer Engineering,GOPENH,158591,38.3392226,Stage I,2025-26,1,968
05401,"Jawahar Education Society'S Institute Of Technology, Management & Research, Nashik.",Nashik,Un-Aided,Non-Autonomous,Savitribai Phule Pune University,Savitribai Phule Pune University,0540184410,Electronics And Computer Engineering,GSCH,188292,16.1743072,Stage I,2025-26,1,968
05401,"Jawahar Education Society'S Institute Of Technology, Management & Research, Nashik.",Nashik,Un-Aided,Non-Autonomous,Savitribai Phule Pune University,Savitribai Phule Pune University,0540184410,Electronics And Computer Engineering,GOBCH,167484,32.1650475,Stage I,2025-26,1,968
05401,"Jawahar Education Society'S Institute Of Technology, Management & Research, Nashik.",Nashik,Un-Aided,Non-Autonomous,Savitribai Phule Pune University,Savitribai Phule Pune University,0540184410,Electronics And Computer Engineering,LOPENH,146719,45.3566434,Stage I,2025-26,1,968
05401,"Jawahar Education Society'S Institute Of Technology, Management & Research, Nashik.",Nashik,Un-Aided,Non-Autonomous,Savitribai Phule Pune University,Savitribai Phule Pune University,0540184410,Electronics And Computer Engineering,LOBCH,153798,40.6822054,Stage I,2025-26,1,968
05401,"Jawahar Education Society'S Institute Of Technology, Management & Research, Nashik.",Nashik,Un-Aided,Non-Autonomous,Savitribai Phule Pune University,Savitribai Phule Pune University,0540184410,Electronics And Computer Engineering,GNT1H,168080,32.0884521,Stage I,2025-26,1,968
05401,"Jawahar Education Society'S Institute Of Technology, Management & Research, Nashik.",Nashik,Un-Aided,Non-Autonomous,Savitribai Phule Pune University,Savitribai Phule Pune University,0540184410,Electronics And Computer Engineering,LSCH,188867,15.820115,Stage I,2025-26,1,968
05401,"Jawahar Education Society'S Institute Of Technology, Management & Research, Nashik.",Nashik,Un-Aided,Non-Autonomous,Savitribai Phule Pune University,Savitribai Phule Pune University,0540184410,Electronics And Computer Engineering,LNT2H,180849,22.1740686,Stage II,2025-26,1,968
05401,"Jawahar Education Society'S Institute Of Technology, Management & Research, Nashik.",Nashik,Un-Aided,Non-Autonomous,Savitribai Phule Pune University,Savitribai Phule Pune University,0540184410,Electronics And Computer Engineering,GOPENO,118114,59.9607019,Stage I,2025-26,1,968
05401,"Jawahar Education Society'S Institute Of Technology, Management & Research, Nashik.",Nashik,Un-Aided,Non-Autonomous,Savitribai Phule Pune University,Savitribai Phule Pune University,0540184410,Electronics And Computer Engineering,GSCO,193174,11.6988417,Stage I,2025-26,1,968
05401,"Jawahar Education Society'S Institute Of Technology, Management & Research, Nashik.",Nashik,Un-Aided,Non-Autonomous,Savitribai Phule Pune University,Savitribai Phule Pune University,0540184410,Electronics And Computer Engineering,GVJO,181540,22.0346747,Stage I,2025-26,1,968
05401,"Jawahar Education Society'S Institute Of Technology, Management & Research, Nashik.",Nashik,Un-Aided,Non-Autonomous,Savitribai Phule Pune University,Savitribai Phule Pune University,0540184410,Electronics And Computer Engineering,GNT1O,189911,14.9055715,Stage I,2025-26,1,968
05401,"Jawahar Education Society'S Institute Of Technology, Management & Research, Nashik.",Nashik,Un-Aided,Non-Autonomous,Savitribai Phule Pune University,Savitribai Phule Pune University,0540184410,Electronics And Computer Engineering,GNT3O,179768,22.8933117,Stage I,2025-26,1,968
05401,"Jawahar Education Society'S Institute Of Technology, Management & Research, Nashik.",Nashik,Un-Aided,Non-Autonomous,Savitribai Phule Pune University,Savitribai Phule Pune University,0540184410,Electronics And Computer Engineering,GOBCO,139701,49.2256217,Stage I,2025-26,1,968
05401,"Jawahar Education Society'S Institute Of Technology, Management & Research, Nashik.",Nashik,Un-Aided,Non-Autonomous,Savitribai Phule Pune University,Savitribai Phule Pune University,0540184410,Electronics And Computer Engineering,LOPENO,123761,57.0133407,Stage I,2025-26,1,968
05401,"Jawahar Education Society'S Institute Of Technology, Management & Research, Nashik.",Nashik,Un-Aided,Non-Autonomous,Savitribai Phule Pune University,Savitribai Phule Pune University,0540184410,Electronics And Computer Engineering,LOBCO,137676,50.3223138,Stage I,2025-26,1,968
05401,"Jawahar Education Society'S Institute Of Technology, Management & Research, Nashik.",Nashik,Un-Aided,Non-Autonomous,Savitribai Phule Pune University,Savitribai Phule Pune University,0540184410,Electronics And Computer Engineering,TFWS,130192,53.7591782,Stage I,2025-26,1,968
05401,"Jawahar Education Society'S Institute Of Technology, Management & Research, Nashik.",Nashik,Un-Aided,Non-Autonomous,Savitribai Phule Pune University,Savitribai Phule Pune University,0540191610,Automation And Robotics,GOPENH,147545,44.5303298,Stage I,2025-26,1,969
05401,"Jawahar Education Society'S Institute Of Technology, Management & Research, Nashik.",Nashik,Un-Aided,Non-Autonomous,Savitribai Phule Pune University,Savitribai Phule Pune University,0540191610,Automation And Robotics,GSCH,184906,19.1697794,Stage I,2025-26,1,969
05401,"Jawahar Education Society'S Institute Of Technology, Management & Research, Nashik.",Nashik,Un-Aided,Non-Autonomous,Savitribai Phule Pune University,Savitribai Phule Pune University,0540191610,Automation And Robotics,GNT1H,166844,32.4837011,Stage I,2025-26,1,969
05401,"Jawahar Education Society'S Institute Of Technology, Management & Research, Nashik.",Nashik,Un-Aided,Non-Autonomous,Savitribai Phule Pune University,Savitribai Phule Pune University,0540191610,Automation And Robotics,GNT2H,164155,35.1590106,Stage I,2025-26,1,969
05401,"Jawahar Education Society'S Institute Of Technology, Management & Research, Nashik.",Nashik,Un-Aided,Non-Autonomous,Savitribai Phule Pune University,Savitribai Phule Pune University,0540191610,Automation And Robotics,GNT3H,184094,19.4484962,Stage I,2025-26,1,969
05401,"Jawahar Education Society'S Institute Of Technology, Management & Research, Nashik.",Nashik,Un-Aided,Non-Autonomous,Savitribai Phule Pune University,Savitribai Phule Pune University,0540191610,Automation And Robotics,GOBCH,157639,39.2328654,Stage I,2025-26,1,969
05401,"Jawahar Education Society'S Institute Of Technology, Management & Research, Nashik.",Nashik,Un-Aided,Non-Autonomous,Savitribai Phule Pune University,Savitribai Phule Pune University,0540191610,Automation And Robotics,LOPENH,141840,47.8015007,Stage I,2025-26,1,969
05401,"Jawahar Education Society'S Institute Of Technology, Management & Research, Nashik.",Nashik,Un-Aided,Non-Autonomous,Savitribai Phule Pune University,Savitribai Phule Pune University,0540191610,Automation And Robotics,LOBCH,158667,38.3392226,Stage I,2025-26,1,969
05401,"Jawahar Education Society'S Institute Of Technology, Management & Research, Nashik.",Nashik,Un-Aided,Non-Autonomous,Savitribai Phule Pune University,Savitribai Phule Pune University,0540191610,Automation And Robotics,GVJH,184821,19.1697794,Stage I,2025-26,1,969
05401,"Jawahar Education Society'S Institute Of Technology, Management & Research, Nashik.",Nashik,Un-Aided,Non-Autonomous,Savitribai Phule Pune University,Savitribai Phule Pune University,0540191610,Automation And Robotics,GSEBCH,191025,13.6137728,Stage I,2025-26,1,969
05401,"Jawahar Education Society'S Institute Of Technology, Management & Research, Nashik.",Nashik,Un-Aided,Non-Autonomous,Savitribai Phule Pune University,Savitribai Phule Pune University,0540191610,Automation And Robotics,GOPENO,143082,47.13962,Stage I,2025-26,1,969
05401,"Jawahar Education Society'S Institute Of Technology, Management & Research, Nashik.",Nashik,Un-Aided,Non-Autonomous,Savitribai Phule Pune University,Savitribai Phule Pune University,0540191610,Automation And Robotics,GSCO,194029,11.0553814,Stage I,2025-26,1,969
05401,"Jawahar Education Society'S Institute Of Technology, Management & Research, Nashik.",Nashik,Un-Aided,Non-Autonomous,Savitribai Phule Pune University,Savitribai Phule Pune University,0540191610,Automation And Robotics,GOBCO,149797,43.4652257,Stage I,2025-26,1,969
05401,"Jawahar Education Society'S Institute Of Technology, Management & Research, Nashik.",Nashik,Un-Aided,Non-Autonomous,Savitribai Phule Pune University,Savitribai Phule Pune University,0540191610,Automation And Robotics,LOPENO,101176,66.9498069,Stage I,2025-26,1,969
05401,"Jawahar Education Society'S Institute Of Technology, Management & Research, Nashik.",Nashik,Un-Aided,Non-Autonomous,Savitribai Phule Pune University,Savitribai Phule Pune University,0540191610,Automation And Robotics,LSCO,159503,37.1950556,Stage I,2025-26,1,969
05401,"Jawahar Education Society'S Institute Of Technology, Management & Research, Nashik.",Nashik,Un-Aided,Non-Autonomous,Savitribai Phule Pune University,Savitribai Phule Pune University,0540191610,Automation And Robotics,LOBCO,113075,61.796967,Stage I,2025-26,1,969
05401,"Jawahar Education Society'S Institute Of Technology, Management & Research, Nashik.",Nashik,Un-Aided,Non-Autonomous,Savitribai Phule Pune University,Savitribai Phule Pune University,0540191610,Automation And Robotics,GNT2O,170898,29.4125763,Stage I,2025-26,1,969
05401,"Jawahar Education Society'S Institute Of Technology, Management & Research, Nashik.",Nashik,Un-Aided,Non-Autonomous,Savitribai Phule Pune University,Savitribai Phule Pune University,0540191610,Automation And Robotics,TFWS,139748,49.2256217,Stage I,2025-26,1,969
05418,"Guru Gobind Singh College Of Engineering & Research Centre, Nashik.",Nashik,Un-Aided,Non-Autonomous,Savitribai Phule Pune University,Savitribai Phule Pune University,0541819110,Civil Engineering,GOPENH,123007,57.4376852,Stage I,2025-26,1,984
05418,"Guru Gobind Singh College Of Engineering & Research Centre, Nashik.",Nashik,Un-Aided,Non-Autonomous,Savitribai Phule Pune University,Savitribai Phule Pune University,0541819110,Civil Engineering,GSCH,154274,40.0936536,Stage I,2025-26,1,984
05418,"Guru Gobind Singh College Of Engineering & Research Centre, Nashik.",Nashik,Un-Aided,Non-Autonomous,Savitribai Phule Pune University,Savitribai Phule Pune University,0541819110,Civil Engineering,GSTH,135974,50.8281802,Stage I,2025-26,1,984
05418,"Guru Gobind Singh College Of Engineering & Research Centre, Nashik.",Nashik,Un-Aided,Non-Autonomous,Savitribai Phule Pune University,Savitribai Phule Pune University,0541819110,Civil Engineering,GVJH,191944,13.01665,Stage I,2025-26,1,984
05418,"Guru Gobind Singh College Of Engineering & Research Centre, Nashik.",Nashik,Un-Aided,Non-Autonomous,Savitribai Phule Pune University,Savitribai Phule Pune University,0541819110,Civil Engineering,GNT1H,152130,42.6339209,Stage I,2025-26,1,984
05418,"Guru Gobind Singh College Of Engineering & Research Centre, Nashik.",Nashik,Un-Aided,Non-Autonomous,Savitribai Phule Pune University,Savitribai Phule Pune University,0541819110,Civil Engineering,GNT2H,184128,19.4484962,Stage I,2025-26,1,984
05418,"Guru Gobind Singh College Of Engineering & Research Centre, Nashik.",Nashik,Un-Aided,Non-Autonomous,Savitribai Phule Pune University,Savitribai Phule Pune University,0541819110,Civil Engineering,GOBCH,127034,55.2744499,Stage I,2025-26,1,984
05418,"Guru Gobind Singh College Of Engineering & Research Centre, Nashik.",Nashik,Un-Aided,Non-Autonomous,Savitribai Phule Pune University,Savitribai Phule Pune University,0541819110,Civil Engineering,GSEBCH,173142,28.4151863,Stage I,2025-26,1,984
05418,"Guru Gobind Singh College Of Engineering & Research Centre, Nashik.",Nashik,Un-Aided,Non-Autonomous,Savitribai Phule Pune University,Savitribai Phule Pune University,0541819110,Civil Engineering,LOPENH,102301,66.3866132,Stage I,2025-26,1,984
05418,"Guru Gobind Singh College Of Engineering & Research Centre, Nashik.",Nashik,Un-Aided,Non-Autonomous,Savitribai Phule Pune University,Savitribai Phule Pune University,0541819110,Civil Engineering,LSCH,118793,59.2797111,Stage I,2025-26,1,984
05418,"Guru Gobind Singh College Of Engineering & Research Centre, Nashik.",Nashik,Un-Aided,Non-Autonomous,Savitribai Phule Pune University,Savitribai Phule Pune University,0541819110,Civil Engineering,LVJH,189194,15.4365886,Stage I,2025-26,1,984
05418,"Guru Gobind Singh College Of Engineering & Research Centre, Nashik.",Nashik,Un-Aided,Non-Autonomous,Savitribai Phule Pune University,Savitribai Phule Pune University,0541819110,Civil Engineering,LNT3H,105949,65.3084343,Stage I,2025-26,1,984
05418,"Guru Gobind Singh College Of Engineering & Research Centre, Nashik.",Nashik,Un-Aided,Non-Autonomous,Savitribai Phule Pune University,Savitribai Phule Pune University,0541819110,Civil Engineering,LOBCH,117720,59.9607019,Stage I,2025-26,1,984
05418,"Guru Gobind Singh College Of Engineering & Research Centre, Nashik.",Nashik,Un-Aided,Non-Autonomous,Savitribai Phule Pune University,Savitribai Phule Pune University,0541819110,Civil Engineering,LSEBCH,188829,15.820115,Stage I,2025-26,1,984
05418,"Guru Gobind Singh College Of Engineering & Research Centre, Nashik.",Nashik,Un-Aided,Non-Autonomous,Savitribai Phule Pune University,Savitribai Phule Pune University,0541819110,Civil Engineering,LSTH,181535,22.0346747,Stage II,2025-26,1,984
05418,"Guru Gobind Singh College Of Engineering & Research Centre, Nashik.",Nashik,Un-Aided,Non-Autonomous,Savitribai Phule Pune University,Savitribai Phule Pune University,0541819110,Civil Engineering,GSEBCH,203133,0.8721431,Stage I,2025-26,1,984
05418,"Guru Gobind Singh College Of Engineering & Research Centre, Nashik.",Nashik,Un-Aided,Non-Autonomous,Savitribai Phule Pune University,Savitribai Phule Pune University,0541819110,Civil Engineering,GOPENO,113129,61.796967,Stage I,2025-26,1,984
05418,"Guru Gobind Singh College Of Engineering & Research Centre, Nashik.",Nashik,Un-Aided,Non-Autonomous,Savitribai Phule Pune University,Savitribai Phule Pune University,0541819110,Civil Engineering,GSCO,167850,32.1281783,Stage I,2025-26,1,984
05418,"Guru Gobind Singh College Of Engineering & Research Centre, Nashik.",Nashik,Un-Aided,Non-Autonomous,Savitribai Phule Pune University,Savitribai Phule Pune University,0541819110,Civil Engineering,GSTO,181754,22.0346747,Stage I,2025-26,1,984
05418,"Guru Gobind Singh College Of Engineering & Research Centre, Nashik.",Nashik,Un-Aided,Non-Autonomous,Savitribai Phule Pune University,Savitribai Phule Pune University,0541819110,Civil Engineering,GOBCO,115493,60.634478,Stage I,2025-26,1,984
05418,"Guru Gobind Singh College Of Engineering & Research Centre, Nashik.",Nashik,Un-Aided,Non-Autonomous,Savitribai Phule Pune University,Savitribai Phule Pune University,0541819110,Civil Engineering,GSEBCO,160752,36.1811489,Stage I,2025-26,1,984
05418,"Guru Gobind Singh College Of Engineering & Research Centre, Nashik.",Nashik,Un-Aided,Non-Autonomous,Savitribai Phule Pune University,Savitribai Phule Pune University,0541819110,Civil Engineering,LOPENO,71544,78.2396759,Stage I,2025-26,1,984
05418,"Guru Gobind Singh College Of Engineering & Research Centre, Nashik.",Nashik,Un-Aided,Non-Autonomous,Savitribai Phule Pune University,Savitribai Phule Pune University,0541819110,Civil Engineering,TFWS,103697,65.8992965,Stage I,2025-26,1,984
05418,"Guru Gobind Singh College Of Engineering & Research Centre, Nashik.",Nashik,Un-Aided,Non-Autonomous,Savitribai Phule Pune University,Savitribai Phule Pune University,0541819110,Civil Engineering,EWS,201965,2.4831562,Stage I,2025-26,1,984
05418,"Guru Gobind Singh College Of Engineering & Research Centre, Nashik.",Nashik,Un-Aided,Non-Autonomous,Savitribai Phule Pune University,Savitribai Phule Pune University,0541824510,Computer Engineering,GOPENH,58789,82.2162613,Stage I,2025-26,1,985
05418,"Guru Gobind Singh College Of Engineering & Research Centre, Nashik.",Nashik,Un-Aided,Non-Autonomous,Savitribai Phule Pune University,Savitribai Phule Pune University,0541824510,Computer Engineering,GSCH,107128,64.3453843,Stage I,2025-26,1,985
05418,"Guru Gobind Singh College Of Engineering & Research Centre, Nashik.",Nashik,Un-Aided,Non-Autonomous,Savitribai Phule Pune University,Savitribai Phule Pune University,0541824510,Computer Engineering,GSTH,180520,22.3617813,Stage I,2025-26,1,985
05418,"Guru Gobind Singh College Of Engineering & Research Centre, Nashik.",Nashik,Un-Aided,Non-Autonomous,Savitribai Phule Pune University,Savitribai Phule Pune University,0541824510,Computer Engineering,GVJH,70902,78.3357644,Stage I,2025-26,1,985
05418,"Guru Gobind Singh College Of Engineering & Research Centre, Nashik.",Nashik,Un-Aided,Non-Autonomous,Savitribai Phule Pune University,Savitribai Phule Pune University,0541824510,Computer Engineering,GNT1H,69811,78.5819586,Stage I,2025-26,1,985
05418,"Guru Gobind Singh College Of Engineering & Research Centre, Nashik.",Nashik,Un-Aided,Non-Autonomous,Savitribai Phule Pune University,Savitribai Phule Pune University,0541824510,Computer Engineering,GNT3H,69029,78.6729363,Stage I,2025-26,1,985
05418,"Guru Gobind Singh College Of Engineering & Research Centre, Nashik.",Nashik,Un-Aided,Non-Autonomous,Savitribai Phule Pune University,Savitribai Phule Pune University,0541824510,Computer Engineering,GOBCH,63321,80.8599071,Stage I,2025-26,1,985
05418,"Guru Gobind Singh College Of Engineering & Research Centre, Nashik.",Nashik,Un-Aided,Non-Autonomous,Savitribai Phule Pune University,Savitribai Phule Pune University,0541824510,Computer Engineering,GSEBCH,100345,67.217709,Stage I,2025-26,1,985
05418,"Guru Gobind Singh College Of Engineering & Research Centre, Nashik.",Nashik,Un-Aided,Non-Autonomous,Savitribai Phule Pune University,Savitribai Phule Pune University,0541824510,Computer Engineering,LOPENH,52137,84.4752545,Stage I,2025-26,1,985
05418,"Guru Gobind Singh College Of Engineering & Research Centre, Nashik.",Nashik,Un-Aided,Non-Autonomous,Savitribai Phule Pune University,Savitribai Phule Pune University,0541824510,Computer Engineering,LSCH,72761,77.5384615,Stage I,2025-26,1,985
05418,"Guru Gobind Singh College Of Engineering & Research Centre, Nashik.",Nashik,Un-Aided,Non-Autonomous,Savitribai Phule Pune University,Savitribai Phule Pune University,0541824510,Computer Engineering,LSTH,194663,10.4152841,Stage I,2025-26,1,985
05418,"Guru Gobind Singh College Of Engineering & Research Centre, Nashik.",Nashik,Un-Aided,Non-Autonomous,Savitribai Phule Pune University,Savitribai Phule Pune University,0541824510,Computer Engineering,LNT2H,89054,71.5830116,Stage I,2025-26,1,985
05418,"Guru Gobind Singh College Of Engineering & Research Centre, Nashik.",Nashik,Un-Aided,Non-Autonomous,Savitribai Phule Pune University,Savitribai Phule Pune University,0541824510,Computer Engineering,LOBCH,58147,82.3938224,Stage I,2025-26,1,985
05418,"Guru Gobind Singh College Of Engineering & Research Centre, Nashik.",Nashik,Un-Aided,Non-Autonomous,Savitribai Phule Pune University,Savitribai Phule Pune University,0541824510,Computer Engineering,LSEBCH,82763,73.7482517,Stage I,2025-26,1,985
05418,"Guru Gobind Singh College Of Engineering & Research Centre, Nashik.",Nashik,Un-Aided,Non-Autonomous,Savitribai Phule Pune University,Savitribai Phule Pune University,0541824510,Computer Engineering,PWDOPENH,137572,50.3223138,Stage I,2025-26,1,985
05418,"Guru Gobind Singh College Of Engineering & Research Centre, Nashik.",Nashik,Un-Aided,Non-Autonomous,Savitribai Phule Pune University,Savitribai Phule Pune University,0541824510,Computer Engineering,GOPENO,53594,83.9020979,Stage I,2025-26,1,985
05418,"Guru Gobind Singh College Of Engineering & Research Centre, Nashik.",Nashik,Un-Aided,Non-Autonomous,Savitribai Phule Pune University,Savitribai Phule Pune University,0541824510,Computer Engineering,GSCO,69324,78.6167398,Stage I,2025-26,1,985
05418,"Guru Gobind Singh College Of Engineering & Research Centre, Nashik.",Nashik,Un-Aided,Non-Autonomous,Savitribai Phule Pune University,Savitribai Phule Pune University,0541824510,Computer Engineering,GNT1O,76787,76.2716859,Stage I,2025-26,1,985
05418,"Guru Gobind Singh College Of Engineering & Research Centre, Nashik.",Nashik,Un-Aided,Non-Autonomous,Savitribai Phule Pune University,Savitribai Phule Pune University,0541824510,Computer Engineering,GNT2O,63602,80.7807182,Stage I,2025-26,1,985
05418,"Guru Gobind Singh College Of Engineering & Research Centre, Nashik.",Nashik,Un-Aided,Non-Autonomous,Savitribai Phule Pune University,Savitribai Phule Pune University,0541824510,Computer Engineering,GOBCO,56524,82.8811189,Stage I,2025-26,1,985
05418,"Guru Gobind Singh College Of Engineering & Research Centre, Nashik.",Nashik,Un-Aided,Non-Autonomous,Savitribai Phule Pune University,Savitribai Phule Pune University,0541824510,Computer Engineering,GSEBCO,61695,81.2846613,Stage I,2025-26,1,985
05418,"Guru Gobind Singh College Of Engineering & Research Centre, Nashik.",Nashik,Un-Aided,Non-Autonomous,Savitribai Phule Pune University,Savitribai Phule Pune University,0541824510,Computer Engineering,LOPENO,49234,85.2215842,Stage I,2025-26,1,985
05418,"Guru Gobind Singh College Of Engineering & Research Centre, Nashik.",Nashik,Un-Aided,Non-Autonomous,Savitribai Phule Pune University,Savitribai Phule Pune University,0541824510,Computer Engineering,LSCO,57126,82.837277,Stage I,2025-26,1,985
05418,"Guru Gobind Singh College Of Engineering & Research Centre, Nashik.",Nashik,Un-Aided,Non-Autonomous,Savitribai Phule Pune University,Savitribai Phule Pune University,0541824510,Computer Engineering,LVJO,103565,65.8992965,Stage I,2025-26,1,985
05418,"Guru Gobind Singh College Of Engineering & Research Centre, Nashik.",Nashik,Un-Aided,Non-Autonomous,Savitribai Phule Pune University,Savitribai Phule Pune University,0541824510,Computer Engineering,LNT3O,89425,71.5562808,Stage I,2025-26,1,985
05418,"Guru Gobind Singh College Of Engineering & Research Centre, Nashik.",Nashik,Un-Aided,Non-Autonomous,Savitribai Phule Pune University,Savitribai Phule Pune University,0541824510,Computer Engineering,LOBCO,55225,83.4378744,Stage I,2025-26,1,985
05418,"Guru Gobind Singh College Of Engineering & Research Centre, Nashik.",Nashik,Un-Aided,Non-Autonomous,Savitribai Phule Pune University,Savitribai Phule Pune University,0541824510,Computer Engineering,LSTO,198902,5.9918095,Stage I,2025-26,1,985
05418,"Guru Gobind Singh College Of Engineering & Research Centre, Nashik.",Nashik,Un-Aided,Non-Autonomous,Savitribai Phule Pune University,Savitribai Phule Pune University,0541824510,Computer Engineering,DEFOPENS,103661,65.8992965,Stage I,2025-26,1,985
05418,"Guru Gobind Singh College Of Engineering & Research Centre, Nashik.",Nashik,Un-Aided,Non-Autonomous,Savitribai Phule Pune University,Savitribai Phule Pune University,0541824510,Computer Engineering,DEFOBCS,135822,50.8281802,Stage I,2025-26,1,985
05418,"Guru Gobind Singh College Of Engineering & Research Centre, Nashik.",Nashik,Un-Aided,Non-Autonomous,Savitribai Phule Pune University,Savitribai Phule Pune University,0541824510,Computer Engineering,TFWS,45308,86.552754,Stage I,2025-26,1,985
05418,"Guru Gobind Singh College Of Engineering & Research Centre, Nashik.",Nashik,Un-Aided,Non-Autonomous,Savitribai Phule Pune University,Savitribai Phule Pune University,0541824510,Computer Engineering,EWS,111461,62.8632493,Stage I,2025-26,1,985
05418,"Guru Gobind Singh College Of Engineering & Research Centre, Nashik.",Nashik,Un-Aided,Non-Autonomous,Savitribai Phule Pune University,Savitribai Phule Pune University,0541826310,Artificial Intelligence (Ai) And Data Science,GOPENH,66643,79.7185003,Stage I,2025-26,1,986
05418,"Guru Gobind Singh College Of Engineering & Research Centre, Nashik.",Nashik,Un-Aided,Non-Autonomous,Savitribai Phule Pune University,Savitribai Phule Pune University,0541826310,Artificial Intelligence (Ai) And Data Science,GSCH,106608,64.713186,Stage I,2025-26,1,986
05418,"Guru Gobind Singh College Of Engineering & Research Centre, Nashik.",Nashik,Un-Aided,Non-Autonomous,Savitribai Phule Pune University,Savitribai Phule Pune University,0541826310,Artificial Intelligence (Ai) And Data Science,GVJH,129798,54.0903901,Stage I,2025-26,1,986
05418,"Guru Gobind Singh College Of Engineering & Research Centre, Nashik.",Nashik,Un-Aided,Non-Autonomous,Savitribai Phule Pune University,Savitribai Phule Pune University,0541826310,Artificial Intelligence (Ai) And Data Science,GNT1H,73798,77.1296846,Stage I,2025-26,1,986
05418,"Guru Gobind Singh College Of Engineering & Research Centre, Nashik.",Nashik,Un-Aided,Non-Autonomous,Savitribai Phule Pune University,Savitribai Phule Pune University,0541826310,Artificial Intelligence (Ai) And Data Science,GNT2H,96118,69.0979021,Stage I,2025-26,1,986
05418,"Guru Gobind Singh College Of Engineering & Research Centre, Nashik.",Nashik,Un-Aided,Non-Autonomous,Savitribai Phule Pune University,Savitribai Phule Pune University,0541826310,Artificial Intelligence (Ai) And Data Science,GNT3H,71091,78.3357644,Stage I,2025-26,1,986
05418,"Guru Gobind Singh College Of Engineering & Research Centre, Nashik.",Nashik,Un-Aided,Non-Autonomous,Savitribai Phule Pune University,Savitribai Phule Pune University,0541826310,Artificial Intelligence (Ai) And Data Science,GOBCH,70364,78.4342571,Stage I,2025-26,1,986
05418,"Guru Gobind Singh College Of Engineering & Research Centre, Nashik.",Nashik,Un-Aided,Non-Autonomous,Savitribai Phule Pune University,Savitribai Phule Pune University,0541826310,Artificial Intelligence (Ai) And Data Science,GSEBCH,112296,62.1365556,Stage I,2025-26,1,986
05418,"Guru Gobind Singh College Of Engineering & Research Centre, Nashik.",Nashik,Un-Aided,Non-Autonomous,Savitribai Phule Pune University,Savitribai Phule Pune University,0541826310,Artificial Intelligence (Ai) And Data Science,LOPENH,62088,81.1324174,Stage I,2025-26,1,986
05418,"Guru Gobind Singh College Of Engineering & Research Centre, Nashik.",Nashik,Un-Aided,Non-Autonomous,Savitribai Phule Pune University,Savitribai Phule Pune University,0541826310,Artificial Intelligence (Ai) And Data Science,LSCH,100166,67.217709,Stage I,2025-26,1,986
05418,"Guru Gobind Singh College Of Engineering & Research Centre, Nashik.",Nashik,Un-Aided,Non-Autonomous,Savitribai Phule Pune University,Savitribai Phule Pune University,0541826310,Artificial Intelligence (Ai) And Data Science,LNT1H,111073,62.918458,Stage I,2025-26,1,986
05418,"Guru Gobind Singh College Of Engineering & Research Centre, Nashik.",Nashik,Un-Aided,Non-Autonomous,Savitribai Phule Pune University,Savitribai Phule Pune University,0541826310,Artificial Intelligence (Ai) And Data Science,LOBCH,65559,79.9809712,Stage I,2025-26,1,986
05418,"Guru Gobind Singh College Of Engineering & Research Centre, Nashik.",Nashik,Un-Aided,Non-Autonomous,Savitribai Phule Pune University,Savitribai Phule Pune University,0541826310,Artificial Intelligence (Ai) And Data Science,LSEBCH,93273,70.2033567,Stage I,2025-26,1,986
05418,"Guru Gobind Singh College Of Engineering & Research Centre, Nashik.",Nashik,Un-Aided,Non-Autonomous,Savitribai Phule Pune University,Savitribai Phule Pune University,0541826310,Artificial Intelligence (Ai) And Data Science,PWDOPENH,95626,69.2179237,Stage I,2025-26,1,986
05418,"Guru Gobind Singh College Of Engineering & Research Centre, Nashik.",Nashik,Un-Aided,Non-Autonomous,Savitribai Phule Pune University,Savitribai Phule Pune University,0541826310,Artificial Intelligence (Ai) And Data Science,GOPENO,46174,86.2351996,Stage I,2025-26,1,986
05418,"Guru Gobind Singh College Of Engineering & Research Centre, Nashik.",Nashik,Un-Aided,Non-Autonomous,Savitribai Phule Pune University,Savitribai Phule Pune University,0541826310,Artificial Intelligence (Ai) And Data Science,GSCO,83691,73.6328536,Stage I,2025-26,1,986
05418,"Guru Gobind Singh College Of Engineering & Research Centre, Nashik.",Nashik,Un-Aided,Non-Autonomous,Savitribai Phule Pune University,Savitribai Phule Pune University,0541826310,Artificial Intelligence (Ai) And Data Science,GVJO,87160,72.3760958,Stage I,2025-26,1,986
05418,"Guru Gobind Singh College Of Engineering & Research Centre, Nashik.",Nashik,Un-Aided,Non-Autonomous,Savitribai Phule Pune University,Savitribai Phule Pune University,0541826310,Artificial Intelligence (Ai) And Data Science,GNT2O,62633,81.0403668,Stage I,2025-26,1,986
05418,"Guru Gobind Singh College Of Engineering & Research Centre, Nashik.",Nashik,Un-Aided,Non-Autonomous,Savitribai Phule Pune University,Savitribai Phule Pune University,0541826310,Artificial Intelligence (Ai) And Data Science,GOBCO,57309,82.8332926,Stage I,2025-26,1,986
05418,"Guru Gobind Singh College Of Engineering & Research Centre, Nashik.",Nashik,Un-Aided,Non-Autonomous,Savitribai Phule Pune University,Savitribai Phule Pune University,0541826310,Artificial Intelligence (Ai) And Data Science,GSEBCO,71448,78.2396759,Stage I,2025-26,1,986
05418,"Guru Gobind Singh College Of Engineering & Research Centre, Nashik.",Nashik,Un-Aided,Non-Autonomous,Savitribai Phule Pune University,Savitribai Phule Pune University,0541826310,Artificial Intelligence (Ai) And Data Science,LOPENO,46240,86.2326458,Stage I,2025-26,1,986
05418,"Guru Gobind Singh College Of Engineering & Research Centre, Nashik.",Nashik,Un-Aided,Non-Autonomous,Savitribai Phule Pune University,Savitribai Phule Pune University,0541826310,Artificial Intelligence (Ai) And Data Science,LOBCO,47846,85.8461538,Stage I,2025-26,1,986
05418,"Guru Gobind Singh College Of Engineering & Research Centre, Nashik.",Nashik,Un-Aided,Non-Autonomous,Savitribai Phule Pune University,Savitribai Phule Pune University,0541826310,Artificial Intelligence (Ai) And Data Science,LSEBCO,75932,76.7635852,Stage I,2025-26,1,986
05418,"Guru Gobind Singh College Of Engineering & Research Centre, Nashik.",Nashik,Un-Aided,Non-Autonomous,Savitribai Phule Pune University,Savitribai Phule Pune University,0541826310,Artificial Intelligence (Ai) And Data Science,GSTO,183008,20.6428039,Stage I,2025-26,1,986
05418,"Guru Gobind Singh College Of Engineering & Research Centre, Nashik.",Nashik,Un-Aided,Non-Autonomous,Savitribai Phule Pune University,Savitribai Phule Pune University,0541826310,Artificial Intelligence (Ai) And Data Science,DEFOPENS,141662,47.8015007,Stage I,2025-26,1,986
05418,"Guru Gobind Singh College Of Engineering & Research Centre, Nashik.",Nashik,Un-Aided,Non-Autonomous,Savitribai Phule Pune University,Savitribai Phule Pune University,0541826310,Artificial Intelligence (Ai) And Data Science,DEFOBCS,169817,30.26063,Stage I,2025-26,1,986
05418,"Guru Gobind Singh College Of Engineering & Research Centre, Nashik.",Nashik,Un-Aided,Non-Autonomous,Savitribai Phule Pune University,Savitribai Phule Pune University,0541826310,Artificial Intelligence (Ai) And Data Science,TFWS,50205,84.9728618,Stage I,2025-26,1,986
05418,"Guru Gobind Singh College Of Engineering & Research Centre, Nashik.",Nashik,Un-Aided,Non-Autonomous,Savitribai Phule Pune University,Savitribai Phule Pune University,0541826310,Artificial Intelligence (Ai) And Data Science,EWS,117444,60.2517483,Stage I,2025-26,1,986
05418,"Guru Gobind Singh College Of Engineering & Research Centre, Nashik.",Nashik,Un-Aided,Non-Autonomous,Savitribai Phule Pune University,Savitribai Phule Pune University,0541829310,Electrical Engineering,GOPENH,97340,68.4887011,Stage I,2025-26,1,987
05418,"Guru Gobind Singh College Of Engineering & Research Centre, Nashik.",Nashik,Un-Aided,Non-Autonomous,Savitribai Phule Pune University,Savitribai Phule Pune University,0541829310,Electrical Engineering,GSCH,146733,45.3566434,Stage I,2025-26,1,987
05418,"Guru Gobind Singh College Of Engineering & Research Centre, Nashik.",Nashik,Un-Aided,Non-Autonomous,Savitribai Phule Pune University,Savitribai Phule Pune University,0541829310,Electrical Engineering,GNT1H,127613,55.1895416,Stage I,2025-26,1,987
05418,"Guru Gobind Singh College Of Engineering & Research Centre, Nashik.",Nashik,Un-Aided,Non-Autonomous,Savitribai Phule Pune University,Savitribai Phule Pune University,0541829310,Electrical Engineering,GNT2H,129214,54.4314351,Stage I,2025-26,1,987
05418,"Guru Gobind Singh College Of Engineering & Research Centre, Nashik.",Nashik,Un-Aided,Non-Autonomous,Savitribai Phule Pune University,Savitribai Phule Pune University,0541829310,Electrical Engineering,GOBCH,102487,66.3795642,Stage I,2025-26,1,987
05418,"Guru Gobind Singh College Of Engineering & Research Centre, Nashik.",Nashik,Un-Aided,Non-Autonomous,Savitribai Phule Pune University,Savitribai Phule Pune University,0541829310,Electrical Engineering,GSEBCH,177070,25.2088452,Stage I,2025-26,1,987
05418,"Guru Gobind Singh College Of Engineering & Research Centre, Nashik.",Nashik,Un-Aided,Non-Autonomous,Savitribai Phule Pune University,Savitribai Phule Pune University,0541829310,Electrical Engineering,LOPENH,95036,69.3295893,Stage I,2025-26,1,987
05418,"Guru Gobind Singh College Of Engineering & Research Centre, Nashik.",Nashik,Un-Aided,Non-Autonomous,Savitribai Phule Pune University,Savitribai Phule Pune University,0541829310,Electrical Engineering,LSCH,111256,62.8632493,Stage I,2025-26,1,987
05418,"Guru Gobind Singh College Of Engineering & Research Centre, Nashik.",Nashik,Un-Aided,Non-Autonomous,Savitribai Phule Pune University,Savitribai Phule Pune University,0541829310,Electrical Engineering,LNT2H,158508,38.3392226,Stage I,2025-26,1,987
05418,"Guru Gobind Singh College Of Engineering & Research Centre, Nashik.",Nashik,Un-Aided,Non-Autonomous,Savitribai Phule Pune University,Savitribai Phule Pune University,0541829310,Electrical Engineering,LNT3H,120123,58.8525307,Stage I,2025-26,1,987
05418,"Guru Gobind Singh College Of Engineering & Research Centre, Nashik.",Nashik,Un-Aided,Non-Autonomous,Savitribai Phule Pune University,Savitribai Phule Pune University,0541829310,Electrical Engineering,LOBCH,96367,68.9620341,Stage I,2025-26,1,987
05418,"Guru Gobind Singh College Of Engineering & Research Centre, Nashik.",Nashik,Un-Aided,Non-Autonomous,Savitribai Phule Pune University,Savitribai Phule Pune University,0541829310,Electrical Engineering,LVJH,140876,48.5587427,Stage II,2025-26,1,987
05418,"Guru Gobind Singh College Of Engineering & Research Centre, Nashik.",Nashik,Un-Aided,Non-Autonomous,Savitribai Phule Pune University,Savitribai Phule Pune University,0541829310,Electrical Engineering,GSEBCH,123011,57.4376852,Stage I,2025-26,1,987
05418,"Guru Gobind Singh College Of Engineering & Research Centre, Nashik.",Nashik,Un-Aided,Non-Autonomous,Savitribai Phule Pune University,Savitribai Phule Pune University,0541829310,Electrical Engineering,LSEBCH,179370,23.4132019,Stage I,2025-26,1,987
05418,"Guru Gobind Singh College Of Engineering & Research Centre, Nashik.",Nashik,Un-Aided,Non-Autonomous,Savitribai Phule Pune University,Savitribai Phule Pune University,0541829310,Electrical Engineering,GOPENO,96591,68.9620341,Stage I,2025-26,1,987
05418,"Guru Gobind Singh College Of Engineering & Research Centre, Nashik.",Nashik,Un-Aided,Non-Autonomous,Savitribai Phule Pune University,Savitribai Phule Pune University,0541829310,Electrical Engineering,GSCO,101072,66.9498069,Stage I,2025-26,1,987
05418,"Guru Gobind Singh College Of Engineering & Research Centre, Nashik.",Nashik,Un-Aided,Non-Autonomous,Savitribai Phule Pune University,Savitribai Phule Pune University,0541829310,Electrical Engineering,GNT3O,123819,57.0133407,Stage I,2025-26,1,987
05418,"Guru Gobind Singh College Of Engineering & Research Centre, Nashik.",Nashik,Un-Aided,Non-Autonomous,Savitribai Phule Pune University,Savitribai Phule Pune University,0541829310,Electrical Engineering,GOBCO,97214,68.4887011,Stage I,2025-26,1,987
05418,"Guru Gobind Singh College Of Engineering & Research Centre, Nashik.",Nashik,Un-Aided,Non-Autonomous,Savitribai Phule Pune University,Savitribai Phule Pune University,0541829310,Electrical Engineering,LOPENO,97270,68.4887011,Stage I,2025-26,1,987
05418,"Guru Gobind Singh College Of Engineering & Research Centre, Nashik.",Nashik,Un-Aided,Non-Autonomous,Savitribai Phule Pune University,Savitribai Phule Pune University,0541829310,Electrical Engineering,LSCO,172939,28.4151863,Stage I,2025-26,1,987
05418,"Guru Gobind Singh College Of Engineering & Research Centre, Nashik.",Nashik,Un-Aided,Non-Autonomous,Savitribai Phule Pune University,Savitribai Phule Pune University,0541829310,Electrical Engineering,LOBCO,99009,68.1117918,Stage I,2025-26,1,987
05418,"Guru Gobind Singh College Of Engineering & Research Centre, Nashik.",Nashik,Un-Aided,Non-Autonomous,Savitribai Phule Pune University,Savitribai Phule Pune University,0541829310,Electrical Engineering,LSEBCO,124261,56.8426573,Stage I,2025-26,1,987
05418,"Guru Gobind Singh College Of Engineering & Research Centre, Nashik.",Nashik,Un-Aided,Non-Autonomous,Savitribai Phule Pune University,Savitribai Phule Pune University,0541829310,Electrical Engineering,TFWS,84064,73.5570613,Stage I,2025-26,1,987
05418,"Guru Gobind Singh College Of Engineering & Research Centre, Nashik.",Nashik,Un-Aided,Non-Autonomous,Savitribai Phule Pune University,Savitribai Phule Pune University,0541829310,Electrical Engineering,EWS,203296,0.6678322,Stage I,2025-26,1,987
05418,"Guru Gobind Singh College Of Engineering & Research Centre, Nashik.",Nashik,Un-Aided,Non-Autonomous,Savitribai Phule Pune University,Savitribai Phule Pune University,0541861210,Mechanical Engineering,GOPENH,106144,64.7148712,Stage I,2025-26,1,988
05418,"Guru Gobind Singh College Of Engineering & Research Centre, Nashik.",Nashik,Un-Aided,Non-Autonomous,Savitribai Phule Pune University,Savitribai Phule Pune University,0541861210,Mechanical Engineering,GSCH,143861,47.0502678,Stage I,2025-26,1,988
05418,"Guru Gobind Singh College Of Engineering & Research Centre, Nashik.",Nashik,Un-Aided,Non-Autonomous,Savitribai Phule Pune University,Savitribai Phule Pune University,0541861210,Mechanical Engineering,GVJH,196939,7.9877752,Stage I,2025-26,1,988
05418,"Guru Gobind Singh College Of Engineering & Research Centre, Nashik.",Nashik,Un-Aided,Non-Autonomous,Savitribai Phule Pune University,Savitribai Phule Pune University,0541861210,Mechanical Engineering,GNT2H,156870,39.3601986,Stage I,2025-26,1,988
05418,"Guru Gobind Singh College Of Engineering & Research Centre, Nashik.",Nashik,Un-Aided,Non-Autonomous,Savitribai Phule Pune University,Savitribai Phule Pune University,0541861210,Mechanical Engineering,GOBCH,115188,60.8775137,Stage I,2025-26,1,988
05418,"Guru Gobind Singh College Of Engineering & Research Centre, Nashik.",Nashik,Un-Aided,Non-Autonomous,Savitribai Phule Pune University,Savitribai Phule Pune University,0541861210,Mechanical Engineering,GSEBCH,177992,24.8659004,Stage I,2025-26,1,988
05418,"Guru Gobind Singh College Of Engineering & Research Centre, Nashik.",Nashik,Un-Aided,Non-Autonomous,Savitribai Phule Pune University,Savitribai Phule Pune University,0541861210,Mechanical Engineering,LOPENH,111369,62.8632493,Stage I,2025-26,1,988
05418,"Guru Gobind Singh College Of Engineering & Research Centre, Nashik.",Nashik,Un-Aided,Non-Autonomous,Savitribai Phule Pune University,Savitribai Phule Pune University,0541861210,Mechanical Engineering,LSCH,175624,25.8355418,Stage I,2025-26,1,988
05418,"Guru Gobind Singh College Of Engineering & Research Centre, Nashik.",Nashik,Un-Aided,Non-Autonomous,Savitribai Phule Pune University,Savitribai Phule Pune University,0541861210,Mechanical Engineering,LOBCH,112602,62.0615406,Stage I,2025-26,1,988
05418,"Guru Gobind Singh College Of Engineering & Research Centre, Nashik.",Nashik,Un-Aided,Non-Autonomous,Savitribai Phule Pune University,Savitribai Phule Pune University,0541861210,Mechanical Engineering,LSEBCH,190264,14.3147873,Stage I,2025-26,1,988
05418,"Guru Gobind Singh College Of Engineering & Research Centre, Nashik.",Nashik,Un-Aided,Non-Autonomous,Savitribai Phule Pune University,Savitribai Phule Pune University,0541861210,Mechanical Engineering,GSTH,173022,28.4151863,Stage I,2025-26,1,988
05418,"Guru Gobind Singh College Of Engineering & Research Centre, Nashik.",Nashik,Un-Aided,Non-Autonomous,Savitribai Phule Pune University,Savitribai Phule Pune University,0541861210,Mechanical Engineering,GOPENO,84509,73.4722277,Stage I,2025-26,1,988
05418,"Guru Gobind Singh College Of Engineering & Research Centre, Nashik.",Nashik,Un-Aided,Non-Autonomous,Savitribai Phule Pune University,Savitribai Phule Pune University,0541861210,Mechanical Engineering,GSCO,142414,47.3563218,Stage I,2025-26,1,988
05418,"Guru Gobind Singh College Of Engineering & Research Centre, Nashik.",Nashik,Un-Aided,Non-Autonomous,Savitribai Phule Pune University,Savitribai Phule Pune University,0541861210,Mechanical Engineering,GVJO,178470,24.7167509,Stage I,2025-26,1,988
05418,"Guru Gobind Singh College Of Engineering & Research Centre, Nashik.",Nashik,Un-Aided,Non-Autonomous,Savitribai Phule Pune University,Savitribai Phule Pune University,0541861210,Mechanical Engineering,GOBCO,105432,65.5190641,Stage I,2025-26,1,988
05418,"Guru Gobind Singh College Of Engineering & Research Centre, Nashik.",Nashik,Un-Aided,Non-Autonomous,Savitribai Phule Pune University,Savitribai Phule Pune University,0541861210,Mechanical Engineering,GSEBCO,167394,32.1650475,Stage I,2025-26,1,988
05418,"Guru Gobind Singh College Of Engineering & Research Centre, Nashik.",Nashik,Un-Aided,Non-Autonomous,Savitribai Phule Pune University,Savitribai Phule Pune University,0541861210,Mechanical Engineering,LOPENO,130904,53.6771201,Stage I,2025-26,1,988
05418,"Guru Gobind Singh College Of Engineering & Research Centre, Nashik.",Nashik,Un-Aided,Non-Autonomous,Savitribai Phule Pune University,Savitribai Phule Pune University,0541861210,Mechanical Engineering,LSCO,131156,53.6060165,Stage I,2025-26,1,988
05418,"Guru Gobind Singh College Of Engineering & Research Centre, Nashik.",Nashik,Un-Aided,Non-Autonomous,Savitribai Phule Pune University,Savitribai Phule Pune University,0541861210,Mechanical Engineering,LNT1O,147144,45.2322221,Stage I,2025-26,1,988
05418,"Guru Gobind Singh College Of Engineering & Research Centre, Nashik.",Nashik,Un-Aided,Non-Autonomous,Savitribai Phule Pune University,Savitribai Phule Pune University,0541861210,Mechanical Engineering,LNT2O,173484,28.3463753,Stage I,2025-26,1,988
05418,"Guru Gobind Singh College Of Engineering & Research Centre, Nashik.",Nashik,Un-Aided,Non-Autonomous,Savitribai Phule Pune University,Savitribai Phule Pune University,0541861210,Mechanical Engineering,DEFOPENS,145592,45.9245973,Stage I,2025-26,1,988
05418,"Guru Gobind Singh College Of Engineering & Research Centre, Nashik.",Nashik,Un-Aided,Non-Autonomous,Savitribai Phule Pune University,Savitribai Phule Pune University,0541861210,Mechanical Engineering,TFWS,98099,68.3753318,Stage I,2025-26,1,988
05418,"Guru Gobind Singh College Of Engineering & Research Centre, Nashik.",Nashik,Un-Aided,Non-Autonomous,Savitribai Phule Pune University,Savitribai Phule Pune University,0541861210,Mechanical Engineering,EWS,153018,41.4458186,Stage I,2025-26,1,988
05418,"Guru Gobind Singh College Of Engineering & Research Centre, Nashik.",Nashik,Un-Aided,Non-Autonomous,Savitribai Phule Pune University,Savitribai Phule Pune University,0541891610,Automation And Robotics,GOPENH,91107,71.0971787,Stage I,2025-26,1,989
05418,"Guru Gobind Singh College Of Engineering & Research Centre, Nashik.",Nashik,Un-Aided,Non-Autonomous,Savitribai Phule Pune University,Savitribai Phule Pune University,0541891610,Automation And Robotics,GSCH,137196,50.4913264,Stage I,2025-26,1,989
05418,"Guru Gobind Singh College Of Engineering & Research Centre, Nashik.",Nashik,Un-Aided,Non-Autonomous,Savitribai Phule Pune University,Savitribai Phule Pune University,0541891610,Automation And Robotics,GNT1H,135625,50.9683037,Stage I,2025-26,1,989
05418,"Guru Gobind Singh College Of Engineering & Research Centre, Nashik.",Nashik,Un-Aided,Non-Autonomous,Savitribai Phule Pune University,Savitribai Phule Pune University,0541891610,Automation And Robotics,GNT3H,94616,69.4936445,Stage I,2025-26,1,989
05418,"Guru Gobind Singh College Of Engineering & Research Centre, Nashik.",Nashik,Un-Aided,Non-Autonomous,Savitribai Phule Pune University,Savitribai Phule Pune University,0541891610,Automation And Robotics,GOBCH,103428,66.1695365,Stage I,2025-26,1,989
05418,"Guru Gobind Singh College Of Engineering & Research Centre, Nashik.",Nashik,Un-Aided,Non-Autonomous,Savitribai Phule Pune University,Savitribai Phule Pune University,0541891610,Automation And Robotics,GSEBCH,153659,41.4020979,Stage I,2025-26,1,989
05418,"Guru Gobind Singh College Of Engineering & Research Centre, Nashik.",Nashik,Un-Aided,Non-Autonomous,Savitribai Phule Pune University,Savitribai Phule Pune University,0541891610,Automation And Robotics,LOPENH,87619,72.102802,Stage I,2025-26,1,989
05418,"Guru Gobind Singh College Of Engineering & Research Centre, Nashik.",Nashik,Un-Aided,Non-Autonomous,Savitribai Phule Pune University,Savitribai Phule Pune University,0541891610,Automation And Robotics,LSCH,102826,66.2972028,Stage I,2025-26,1,989
05418,"Guru Gobind Singh College Of Engineering & Research Centre, Nashik.",Nashik,Un-Aided,Non-Autonomous,Savitribai Phule Pune University,Savitribai Phule Pune University,0541891610,Automation And Robotics,LNT1H,178204,24.7167509,Stage I,2025-26,1,989
05418,"Guru Gobind Singh College Of Engineering & Research Centre, Nashik.",Nashik,Un-Aided,Non-Autonomous,Savitribai Phule Pune University,Savitribai Phule Pune University,0541891610,Automation And Robotics,LNT2H,134712,51.57164,Stage I,2025-26,1,989
05418,"Guru Gobind Singh College Of Engineering & Research Centre, Nashik.",Nashik,Un-Aided,Non-Autonomous,Savitribai Phule Pune University,Savitribai Phule Pune University,0541891610,Automation And Robotics,LOBCH,91903,70.6189283,Stage I,2025-26,1,989
05418,"Guru Gobind Singh College Of Engineering & Research Centre, Nashik.",Nashik,Un-Aided,Non-Autonomous,Savitribai Phule Pune University,Savitribai Phule Pune University,0541891610,Automation And Robotics,LSEBCH,127103,55.2744499,Stage I,2025-26,1,989
05418,"Guru Gobind Singh College Of Engineering & Research Centre, Nashik.",Nashik,Un-Aided,Non-Autonomous,Savitribai Phule Pune University,Savitribai Phule Pune University,0541891610,Automation And Robotics,GVJH,150839,43.031473,Stage I,2025-26,1,989
05418,"Guru Gobind Singh College Of Engineering & Research Centre, Nashik.",Nashik,Un-Aided,Non-Autonomous,Savitribai Phule Pune University,Savitribai Phule Pune University,0541891610,Automation And Robotics,GSEBCH,149597,43.5338318,Stage I,2025-26,1,989
05418,"Guru Gobind Singh College Of Engineering & Research Centre, Nashik.",Nashik,Un-Aided,Non-Autonomous,Savitribai Phule Pune University,Savitribai Phule Pune University,0541891610,Automation And Robotics,GOPENO,83960,73.6159498,Stage I,2025-26,1,989
05418,"Guru Gobind Singh College Of Engineering & Research Centre, Nashik.",Nashik,Un-Aided,Non-Autonomous,Savitribai Phule Pune University,Savitribai Phule Pune University,0541891610,Automation And Robotics,GSCO,126655,55.4922986,Stage I,2025-26,1,989
05418,"Guru Gobind Singh College Of Engineering & Research Centre, Nashik.",Nashik,Un-Aided,Non-Autonomous,Savitribai Phule Pune University,Savitribai Phule Pune University,0541891610,Automation And Robotics,GOBCO,90341,71.4755245,Stage I,2025-26,1,989
05418,"Guru Gobind Singh College Of Engineering & Research Centre, Nashik.",Nashik,Un-Aided,Non-Autonomous,Savitribai Phule Pune University,Savitribai Phule Pune University,0541891610,Automation And Robotics,LOPENO,97688,68.4702591,Stage I,2025-26,1,989
05418,"Guru Gobind Singh College Of Engineering & Research Centre, Nashik.",Nashik,Un-Aided,Non-Autonomous,Savitribai Phule Pune University,Savitribai Phule Pune University,0541891610,Automation And Robotics,LOBCO,103758,65.8992965,Stage I,2025-26,1,989
05418,"Guru Gobind Singh College Of Engineering & Research Centre, Nashik.",Nashik,Un-Aided,Non-Autonomous,Savitribai Phule Pune University,Savitribai Phule Pune University,0541891610,Automation And Robotics,LSEBCO,156805,39.3601986,Stage II,2025-26,1,989
05418,"Guru Gobind Singh College Of Engineering & Research Centre, Nashik.",Nashik,Un-Aided,Non-Autonomous,Savitribai Phule Pune University,Savitribai Phule Pune University,0541891610,Automation And Robotics,TFWS,76903,76.2716859,Stage I,2025-26,1,989
05418,"Guru Gobind Singh College Of Engineering & Research Centre, Nashik.",Nashik,Un-Aided,Non-Autonomous,Savitribai Phule Pune University,Savitribai Phule Pune University,0541891610,Automation And Robotics,EWS,173894,28.2789485,Stage I,2025-26,1,989
